[32m[01:08:44.979731] [I] [Not A Worker] [unnamed] [] [SingleNodeWorker.cpp:63] [SingleNodeWorker] Starting SingleNodeWorker SingleNodeWorker with configuration:
worker.query_engine.number_of_worker_threads: 32
worker.query_engine.admission_queue_size: 1000 (default)
worker.default_query_execution.execution_mode: COMPILER (default)
worker.default_query_execution.page_size: 1024 (default)
worker.default_query_execution.number_of_partitions: 100 (default)
worker.default_query_execution.number_of_records_per_key: 10 (default)
worker.default_query_execution.max_number_of_buckets: 10000 (default)
worker.default_query_execution.operator_buffer_size: 262144
worker.default_query_optimization.join_strategy: OPTIMIZER_CHOOSES (default)
worker.number_of_buffers_in_global_buffer_manager: 32768 (default)
worker.default_max_inflight_buffers: 64 (default)
worker.dump_compilation_result: NONE (default)
worker.dump_graph: 0 (default)
grpc: [::]:8080 (default)
enable_event_trace: 0 (default)
[m
[36m[01:08:44.981170] [D] [Not A Worker] [unnamed] [] [BufferManager.cpp:110] [initialize] NES memory allocation requires 8589934592 out of 540577120256 (so 1.5890303659045137%) available bytes[m
[36m[01:08:45.072310] [D] [Not A Worker] [unnamed] [] [BufferManager.cpp:160] [initialize] BufferManager configuration bufferSize=262144 numOfBuffers=32768[m
[32m[01:08:45.083778] [I] [Not A Worker] [unnamed] [] [SingleNodeWorkerStarter.cpp:93] [main] Server listening on [::]:8080[m
[36m[01:08:47.499912] [D] [Not A Worker] [unnamed] [queryId:440190390] [BufferManager.cpp:110] [initialize] NES memory allocation requires 1 out of 540577120256 (so 1.8498748143954595e-10%) available bytes[m
[36m[01:08:47.499968] [D] [Not A Worker] [unnamed] [queryId:440190390] [BufferManager.cpp:160] [initialize] BufferManager configuration bufferSize=1 numOfBuffers=1[m
[36m[01:08:47.500176] [D] [Not A Worker] [unnamed] [queryId:440190390] [PipeliningPhase.cpp:365] [apply] Constructed pipeline plan with 1 root pipelines.
PipelinedQueryPlan for Query: 440190390
Number of root pipelines: 1
------------------
Root Pipeline 0:
  Pipeline(ID(1), Provider(COMPILER))
  Operator chain:
    PhysicalOperator(NES::SourcePhysicalOperator)
  Successor Pipeline:
    Pipeline(ID(2), Provider(None))
      Operator chain:
        PhysicalOperator(NES::ScanPhysicalOperator)
          PhysicalOperator(NES::SelectionPhysicalOperator)
            PhysicalOperator(NES::MapPhysicalOperator)
              PhysicalOperator(NES::EmitPhysicalOperator)
      Successor Pipeline:
        Pipeline(ID(3), Provider(None))
          Operator chain:
            PhysicalOperator(NES::SinkPhysicalOperator)

[m
[36m[01:08:47.503844] [D] [Not A Worker] [unnamed] [] [SinkProvider.cpp:30] [lower] The sinkDescriptor is: SinkDescriptor: (name: variant("PERSON_ID_SINK"), type: Void, Config: )[m
[36m[01:08:47.504662] [D] [SingleNodeWorker] [WorkerThread-31] [Task:440190390-3] [VoidSink.cpp:37] [start] Setting up void sink: VoidSink[m
[36m[01:08:47.584721] [D] [SingleNodeWorker] [WorkerThread-31] [] [SourceThread.cpp:184] [start] Starting source with originId: 2[m
[36m[01:08:47.586244] [D] [SingleNodeWorker] [WorkerThread-11] [Task:440190390-2] [BufferManager.cpp:65] [~BufferManager] Calling BufferManager::destroy()[m
[36m[01:08:47.586284] [D] [SingleNodeWorker] [WorkerThread-11] [Task:440190390-2] [BufferManager.cpp:93] [~BufferManager] Shutting down Buffer Manager completed[m
[36m[01:08:48.905428] [D] [SingleNodeWorker] [WorkerThread-2] [Task:440190390] [SourceThread.cpp:230] [tryStop] SourceThread 2: attempting to stop source[m
[36m[01:08:48.905583] [D] [SingleNodeWorker] [WorkerThread-2] [Task:440190390] [SourceThread.cpp:248] [tryStop] SourceThread 2: stopped[m
[32m[01:08:48.931718] [I] [SingleNodeWorker] [WorkerThread-31] [Task:440190390-3] [VoidSink.cpp:42] [stop] Void Sink completed.[m
[32m[01:08:48.931783] [I] [SingleNodeWorker] [WorkerThread-22] [] [SequenceShredder.cpp:55] [~SequenceShredder] Successfully validated SequenceShredder[m
[36m[01:08:48.931850] [D] [SingleNodeWorker] [WorkerThread-31] [] [SourceThread.cpp:226] [tryStop] SourceThread 2: thread is not running[m
[36m[01:08:52.622957] [D] [Not A Worker] [unnamed] [queryId:940645594] [BufferManager.cpp:110] [initialize] NES memory allocation requires 1 out of 540577120256 (so 1.8498748143954595e-10%) available bytes[m
[36m[01:08:52.623011] [D] [Not A Worker] [unnamed] [queryId:940645594] [BufferManager.cpp:160] [initialize] BufferManager configuration bufferSize=1 numOfBuffers=1[m
[36m[01:08:52.623205] [D] [Not A Worker] [unnamed] [queryId:940645594] [PipeliningPhase.cpp:365] [apply] Constructed pipeline plan with 1 root pipelines.
PipelinedQueryPlan for Query: 940645594
Number of root pipelines: 1
------------------
Root Pipeline 0:
  Pipeline(ID(4), Provider(COMPILER))
  Operator chain:
    PhysicalOperator(NES::SourcePhysicalOperator)
  Successor Pipeline:
    Pipeline(ID(5), Provider(None))
      Operator chain:
        PhysicalOperator(NES::ScanPhysicalOperator)
          PhysicalOperator(NES::SelectionPhysicalOperator)
            PhysicalOperator(NES::MapPhysicalOperator)
              PhysicalOperator(NES::EmitPhysicalOperator)
      Successor Pipeline:
        Pipeline(ID(6), Provider(None))
          Operator chain:
            PhysicalOperator(NES::SinkPhysicalOperator)

[m
[36m[01:08:52.626144] [D] [Not A Worker] [unnamed] [] [SinkProvider.cpp:30] [lower] The sinkDescriptor is: SinkDescriptor: (name: variant("PERSON_ID_SINK"), type: Void, Config: )[m
[36m[01:08:52.626957] [D] [SingleNodeWorker] [WorkerThread-1] [Task:940645594-6] [VoidSink.cpp:37] [start] Setting up void sink: VoidSink[m
[36m[01:08:52.703790] [D] [SingleNodeWorker] [WorkerThread-11] [] [SourceThread.cpp:184] [start] Starting source with originId: 2[m
[36m[01:08:52.706384] [D] [SingleNodeWorker] [WorkerThread-13] [Task:940645594-5] [BufferManager.cpp:65] [~BufferManager] Calling BufferManager::destroy()[m
[36m[01:08:52.706489] [D] [SingleNodeWorker] [WorkerThread-13] [Task:940645594-5] [BufferManager.cpp:93] [~BufferManager] Shutting down Buffer Manager completed[m
[36m[01:08:53.794664] [D] [SingleNodeWorker] [WorkerThread-11] [Task:940645594] [SourceThread.cpp:230] [tryStop] SourceThread 2: attempting to stop source[m
[36m[01:08:53.794722] [D] [SingleNodeWorker] [WorkerThread-11] [Task:940645594] [SourceThread.cpp:248] [tryStop] SourceThread 2: stopped[m
[32m[01:08:53.820491] [I] [SingleNodeWorker] [WorkerThread-0] [Task:940645594-6] [VoidSink.cpp:42] [stop] Void Sink completed.[m
[36m[01:08:53.820616] [D] [SingleNodeWorker] [WorkerThread-0] [] [SourceThread.cpp:226] [tryStop] SourceThread 2: thread is not running[m
[32m[01:08:53.820616] [I] [SingleNodeWorker] [WorkerThread-22] [] [SequenceShredder.cpp:55] [~SequenceShredder] Successfully validated SequenceShredder[m
[36m[01:08:57.787962] [D] [Not A Worker] [unnamed] [queryId:688120501] [BufferManager.cpp:110] [initialize] NES memory allocation requires 1 out of 540577120256 (so 1.8498748143954595e-10%) available bytes[m
[36m[01:08:57.788018] [D] [Not A Worker] [unnamed] [queryId:688120501] [BufferManager.cpp:160] [initialize] BufferManager configuration bufferSize=1 numOfBuffers=1[m
[36m[01:08:57.788214] [D] [Not A Worker] [unnamed] [queryId:688120501] [PipeliningPhase.cpp:365] [apply] Constructed pipeline plan with 1 root pipelines.
PipelinedQueryPlan for Query: 688120501
Number of root pipelines: 1
------------------
Root Pipeline 0:
  Pipeline(ID(7), Provider(COMPILER))
  Operator chain:
    PhysicalOperator(NES::SourcePhysicalOperator)
  Successor Pipeline:
    Pipeline(ID(8), Provider(None))
      Operator chain:
        PhysicalOperator(NES::ScanPhysicalOperator)
          PhysicalOperator(NES::SelectionPhysicalOperator)
            PhysicalOperator(NES::MapPhysicalOperator)
              PhysicalOperator(NES::EmitPhysicalOperator)
      Successor Pipeline:
        Pipeline(ID(9), Provider(None))
          Operator chain:
            PhysicalOperator(NES::SinkPhysicalOperator)

[m
[36m[01:08:57.791724] [D] [Not A Worker] [unnamed] [] [SinkProvider.cpp:30] [lower] The sinkDescriptor is: SinkDescriptor: (name: variant("PERSON_ID_SINK"), type: Void, Config: )[m
[36m[01:08:57.793973] [D] [SingleNodeWorker] [WorkerThread-17] [Task:688120501-9] [VoidSink.cpp:37] [start] Setting up void sink: VoidSink[m
[36m[01:08:57.873104] [D] [SingleNodeWorker] [WorkerThread-17] [] [SourceThread.cpp:184] [start] Starting source with originId: 2[m
[36m[01:08:57.874680] [D] [SingleNodeWorker] [WorkerThread-17] [Task:688120501-8] [BufferManager.cpp:65] [~BufferManager] Calling BufferManager::destroy()[m
[36m[01:08:57.874706] [D] [SingleNodeWorker] [WorkerThread-17] [Task:688120501-8] [BufferManager.cpp:93] [~BufferManager] Shutting down Buffer Manager completed[m
[36m[01:08:59.340371] [D] [SingleNodeWorker] [WorkerThread-31] [Task:688120501-8] [InputFormatter.hpp:348] [indexTrailingSpanningTupleProxy] last offset: 262143, first offset: 99[m
[36m[01:08:59.480415] [D] [SingleNodeWorker] [WorkerThread-9] [Task:688120501] [SourceThread.cpp:230] [tryStop] SourceThread 2: attempting to stop source[m
[36m[01:08:59.480469] [D] [SingleNodeWorker] [WorkerThread-9] [Task:688120501] [SourceThread.cpp:248] [tryStop] SourceThread 2: stopped[m
[32m[01:08:59.506065] [I] [SingleNodeWorker] [WorkerThread-13] [Task:688120501-9] [VoidSink.cpp:42] [stop] Void Sink completed.[m
[36m[01:08:59.506186] [D] [SingleNodeWorker] [WorkerThread-13] [] [SourceThread.cpp:226] [tryStop] SourceThread 2: thread is not running[m
[32m[01:08:59.506319] [I] [SingleNodeWorker] [WorkerThread-27] [] [SequenceShredder.cpp:55] [~SequenceShredder] Successfully validated SequenceShredder[m
[36m[01:09:03.144216] [D] [Not A Worker] [unnamed] [queryId:314400918] [BufferManager.cpp:110] [initialize] NES memory allocation requires 1 out of 540577120256 (so 1.8498748143954595e-10%) available bytes[m
[36m[01:09:03.144266] [D] [Not A Worker] [unnamed] [queryId:314400918] [BufferManager.cpp:160] [initialize] BufferManager configuration bufferSize=1 numOfBuffers=1[m
[36m[01:09:03.144445] [D] [Not A Worker] [unnamed] [queryId:314400918] [PipeliningPhase.cpp:365] [apply] Constructed pipeline plan with 1 root pipelines.
PipelinedQueryPlan for Query: 314400918
Number of root pipelines: 1
------------------
Root Pipeline 0:
  Pipeline(ID(10), Provider(COMPILER))
  Operator chain:
    PhysicalOperator(NES::SourcePhysicalOperator)
  Successor Pipeline:
    Pipeline(ID(11), Provider(None))
      Operator chain:
        PhysicalOperator(NES::ScanPhysicalOperator)
          PhysicalOperator(NES::SelectionPhysicalOperator)
            PhysicalOperator(NES::MapPhysicalOperator)
              PhysicalOperator(NES::EmitPhysicalOperator)
      Successor Pipeline:
        Pipeline(ID(12), Provider(None))
          Operator chain:
            PhysicalOperator(NES::SinkPhysicalOperator)

[m
[36m[01:09:03.148012] [D] [Not A Worker] [unnamed] [] [SinkProvider.cpp:30] [lower] The sinkDescriptor is: SinkDescriptor: (name: variant("PERSON_ID_SINK"), type: Void, Config: )[m
[36m[01:09:03.148966] [D] [SingleNodeWorker] [WorkerThread-26] [Task:314400918-12] [VoidSink.cpp:37] [start] Setting up void sink: VoidSink[m
[36m[01:09:03.228517] [D] [SingleNodeWorker] [WorkerThread-26] [] [SourceThread.cpp:184] [start] Starting source with originId: 2[m
[36m[01:09:03.230254] [D] [SingleNodeWorker] [WorkerThread-30] [Task:314400918-11] [BufferManager.cpp:65] [~BufferManager] Calling BufferManager::destroy()[m
[36m[01:09:03.230333] [D] [SingleNodeWorker] [WorkerThread-30] [Task:314400918-11] [BufferManager.cpp:93] [~BufferManager] Shutting down Buffer Manager completed[m
[36m[01:09:04.234071] [D] [SingleNodeWorker] [WorkerThread-6] [Task:314400918] [SourceThread.cpp:230] [tryStop] SourceThread 2: attempting to stop source[m
[36m[01:09:04.234118] [D] [SingleNodeWorker] [WorkerThread-6] [Task:314400918] [SourceThread.cpp:248] [tryStop] SourceThread 2: stopped[m
[32m[01:09:04.259788] [I] [SingleNodeWorker] [WorkerThread-31] [Task:314400918-12] [VoidSink.cpp:42] [stop] Void Sink completed.[m
[32m[01:09:04.259882] [I] [SingleNodeWorker] [WorkerThread-20] [] [SequenceShredder.cpp:55] [~SequenceShredder] Successfully validated SequenceShredder[m
[36m[01:09:04.259919] [D] [SingleNodeWorker] [WorkerThread-31] [] [SourceThread.cpp:226] [tryStop] SourceThread 2: thread is not running[m
[36m[01:09:08.198311] [D] [Not A Worker] [unnamed] [queryId:702858918] [BufferManager.cpp:110] [initialize] NES memory allocation requires 1 out of 540577120256 (so 1.8498748143954595e-10%) available bytes[m
[36m[01:09:08.198381] [D] [Not A Worker] [unnamed] [queryId:702858918] [BufferManager.cpp:160] [initialize] BufferManager configuration bufferSize=1 numOfBuffers=1[m
[36m[01:09:08.198554] [D] [Not A Worker] [unnamed] [queryId:702858918] [PipeliningPhase.cpp:365] [apply] Constructed pipeline plan with 1 root pipelines.
PipelinedQueryPlan for Query: 702858918
Number of root pipelines: 1
------------------
Root Pipeline 0:
  Pipeline(ID(13), Provider(COMPILER))
  Operator chain:
    PhysicalOperator(NES::SourcePhysicalOperator)
  Successor Pipeline:
    Pipeline(ID(14), Provider(None))
      Operator chain:
        PhysicalOperator(NES::ScanPhysicalOperator)
          PhysicalOperator(NES::SelectionPhysicalOperator)
            PhysicalOperator(NES::MapPhysicalOperator)
              PhysicalOperator(NES::EmitPhysicalOperator)
      Successor Pipeline:
        Pipeline(ID(15), Provider(None))
          Operator chain:
            PhysicalOperator(NES::SinkPhysicalOperator)

[m
[36m[01:09:08.201977] [D] [Not A Worker] [unnamed] [] [SinkProvider.cpp:30] [lower] The sinkDescriptor is: SinkDescriptor: (name: variant("PERSON_ID_SINK"), type: Void, Config: )[m
[36m[01:09:08.202565] [D] [SingleNodeWorker] [WorkerThread-6] [Task:702858918-15] [VoidSink.cpp:37] [start] Setting up void sink: VoidSink[m
[36m[01:09:08.281547] [D] [SingleNodeWorker] [WorkerThread-9] [] [SourceThread.cpp:184] [start] Starting source with originId: 2[m
[36m[01:09:08.283097] [D] [SingleNodeWorker] [WorkerThread-10] [Task:702858918-14] [BufferManager.cpp:65] [~BufferManager] Calling BufferManager::destroy()[m
[36m[01:09:08.283190] [D] [SingleNodeWorker] [WorkerThread-10] [Task:702858918-14] [BufferManager.cpp:93] [~BufferManager] Shutting down Buffer Manager completed[m
[36m[01:09:09.583907] [D] [SingleNodeWorker] [WorkerThread-25] [Task:702858918] [SourceThread.cpp:230] [tryStop] SourceThread 2: attempting to stop source[m
[36m[01:09:09.583954] [D] [SingleNodeWorker] [WorkerThread-25] [Task:702858918] [SourceThread.cpp:248] [tryStop] SourceThread 2: stopped[m
[32m[01:09:09.609727] [I] [SingleNodeWorker] [WorkerThread-13] [] [SequenceShredder.cpp:55] [~SequenceShredder] Successfully validated SequenceShredder[m
[32m[01:09:09.609983] [I] [SingleNodeWorker] [WorkerThread-21] [Task:702858918-15] [VoidSink.cpp:42] [stop] Void Sink completed.[m
[36m[01:09:09.610109] [D] [SingleNodeWorker] [WorkerThread-21] [] [SourceThread.cpp:226] [tryStop] SourceThread 2: thread is not running[m
[36m[01:09:13.316848] [D] [Not A Worker] [unnamed] [queryId:1306300935] [BufferManager.cpp:110] [initialize] NES memory allocation requires 1 out of 540577120256 (so 1.8498748143954595e-10%) available bytes[m
[36m[01:09:13.316914] [D] [Not A Worker] [unnamed] [queryId:1306300935] [BufferManager.cpp:160] [initialize] BufferManager configuration bufferSize=1 numOfBuffers=1[m
[36m[01:09:13.317078] [D] [Not A Worker] [unnamed] [queryId:1306300935] [PipeliningPhase.cpp:365] [apply] Constructed pipeline plan with 1 root pipelines.
PipelinedQueryPlan for Query: 1306300935
Number of root pipelines: 1
------------------
Root Pipeline 0:
  Pipeline(ID(16), Provider(COMPILER))
  Operator chain:
    PhysicalOperator(NES::SourcePhysicalOperator)
  Successor Pipeline:
    Pipeline(ID(17), Provider(None))
      Operator chain:
        PhysicalOperator(NES::ScanPhysicalOperator)
          PhysicalOperator(NES::SelectionPhysicalOperator)
            PhysicalOperator(NES::MapPhysicalOperator)
              PhysicalOperator(NES::EmitPhysicalOperator)
      Successor Pipeline:
        Pipeline(ID(18), Provider(None))
          Operator chain:
            PhysicalOperator(NES::SinkPhysicalOperator)

[m
[36m[01:09:13.320802] [D] [Not A Worker] [unnamed] [] [SinkProvider.cpp:30] [lower] The sinkDescriptor is: SinkDescriptor: (name: variant("PERSON_ID_SINK"), type: Void, Config: )[m
[36m[01:09:13.321744] [D] [SingleNodeWorker] [WorkerThread-19] [Task:1306300935-18] [VoidSink.cpp:37] [start] Setting up void sink: VoidSink[m
[36m[01:09:13.400244] [D] [SingleNodeWorker] [WorkerThread-19] [] [SourceThread.cpp:184] [start] Starting source with originId: 2[m
[36m[01:09:13.402518] [D] [SingleNodeWorker] [WorkerThread-5] [Task:1306300935-17] [BufferManager.cpp:65] [~BufferManager] Calling BufferManager::destroy()[m
[36m[01:09:13.402611] [D] [SingleNodeWorker] [WorkerThread-5] [Task:1306300935-17] [BufferManager.cpp:93] [~BufferManager] Shutting down Buffer Manager completed[m
[36m[01:09:14.674282] [D] [SingleNodeWorker] [WorkerThread-7] [Task:1306300935-17] [InputFormatter.hpp:348] [indexTrailingSpanningTupleProxy] last offset: 262143, first offset: 149[m
[36m[01:09:14.929966] [D] [SingleNodeWorker] [WorkerThread-0] [Task:1306300935-17] [InputFormatter.hpp:348] [indexTrailingSpanningTupleProxy] last offset: 262143, first offset: 238[m
[36m[01:09:15.086978] [D] [SingleNodeWorker] [WorkerThread-10] [Task:1306300935] [SourceThread.cpp:230] [tryStop] SourceThread 2: attempting to stop source[m
[36m[01:09:15.087026] [D] [SingleNodeWorker] [WorkerThread-10] [Task:1306300935] [SourceThread.cpp:248] [tryStop] SourceThread 2: stopped[m
[32m[01:09:15.112682] [I] [SingleNodeWorker] [WorkerThread-19] [Task:1306300935-18] [VoidSink.cpp:42] [stop] Void Sink completed.[m
[36m[01:09:15.112822] [D] [SingleNodeWorker] [WorkerThread-19] [] [SourceThread.cpp:226] [tryStop] SourceThread 2: thread is not running[m
[32m[01:09:15.113003] [I] [SingleNodeWorker] [WorkerThread-26] [] [SequenceShredder.cpp:55] [~SequenceShredder] Successfully validated SequenceShredder[m
[36m[01:09:18.205637] [D] [Not A Worker] [unnamed] [queryId:1312785602] [BufferManager.cpp:110] [initialize] NES memory allocation requires 1 out of 540577120256 (so 1.8498748143954595e-10%) available bytes[m
[36m[01:09:18.205688] [D] [Not A Worker] [unnamed] [queryId:1312785602] [BufferManager.cpp:160] [initialize] BufferManager configuration bufferSize=1 numOfBuffers=1[m
[36m[01:09:18.205862] [D] [Not A Worker] [unnamed] [queryId:1312785602] [PipeliningPhase.cpp:365] [apply] Constructed pipeline plan with 1 root pipelines.
PipelinedQueryPlan for Query: 1312785602
Number of root pipelines: 1
------------------
Root Pipeline 0:
  Pipeline(ID(19), Provider(COMPILER))
  Operator chain:
    PhysicalOperator(NES::SourcePhysicalOperator)
  Successor Pipeline:
    Pipeline(ID(20), Provider(None))
      Operator chain:
        PhysicalOperator(NES::ScanPhysicalOperator)
          PhysicalOperator(NES::SelectionPhysicalOperator)
            PhysicalOperator(NES::MapPhysicalOperator)
              PhysicalOperator(NES::EmitPhysicalOperator)
      Successor Pipeline:
        Pipeline(ID(21), Provider(None))
          Operator chain:
            PhysicalOperator(NES::SinkPhysicalOperator)

[m
[36m[01:09:18.209866] [D] [Not A Worker] [unnamed] [] [SinkProvider.cpp:30] [lower] The sinkDescriptor is: SinkDescriptor: (name: variant("PERSON_ID_SINK"), type: Void, Config: )[m
[36m[01:09:18.210932] [D] [SingleNodeWorker] [WorkerThread-23] [Task:1312785602-21] [VoidSink.cpp:37] [start] Setting up void sink: VoidSink[m
[36m[01:09:18.287900] [D] [SingleNodeWorker] [WorkerThread-23] [] [SourceThread.cpp:184] [start] Starting source with originId: 2[m
[36m[01:09:18.290166] [D] [SingleNodeWorker] [WorkerThread-9] [Task:1312785602-20] [BufferManager.cpp:65] [~BufferManager] Calling BufferManager::destroy()[m
[36m[01:09:18.290235] [D] [SingleNodeWorker] [WorkerThread-9] [Task:1312785602-20] [BufferManager.cpp:93] [~BufferManager] Shutting down Buffer Manager completed[m
[36m[01:09:19.819369] [D] [SingleNodeWorker] [WorkerThread-19] [Task:1312785602] [SourceThread.cpp:230] [tryStop] SourceThread 2: attempting to stop source[m
[36m[01:09:19.819425] [D] [SingleNodeWorker] [WorkerThread-19] [Task:1312785602] [SourceThread.cpp:248] [tryStop] SourceThread 2: stopped[m
[32m[01:09:19.845897] [I] [SingleNodeWorker] [WorkerThread-15] [Task:1312785602-21] [VoidSink.cpp:42] [stop] Void Sink completed.[m
[36m[01:09:19.846045] [D] [SingleNodeWorker] [WorkerThread-15] [] [SourceThread.cpp:226] [tryStop] SourceThread 2: thread is not running[m
[32m[01:09:19.846132] [I] [SingleNodeWorker] [WorkerThread-21] [] [SequenceShredder.cpp:55] [~SequenceShredder] Successfully validated SequenceShredder[m
[36m[01:09:23.484549] [D] [Not A Worker] [unnamed] [queryId:461936172] [BufferManager.cpp:110] [initialize] NES memory allocation requires 1 out of 540577120256 (so 1.8498748143954595e-10%) available bytes[m
[36m[01:09:23.484596] [D] [Not A Worker] [unnamed] [queryId:461936172] [BufferManager.cpp:160] [initialize] BufferManager configuration bufferSize=1 numOfBuffers=1[m
[36m[01:09:23.484788] [D] [Not A Worker] [unnamed] [queryId:461936172] [PipeliningPhase.cpp:365] [apply] Constructed pipeline plan with 1 root pipelines.
PipelinedQueryPlan for Query: 461936172
Number of root pipelines: 1
------------------
Root Pipeline 0:
  Pipeline(ID(22), Provider(COMPILER))
  Operator chain:
    PhysicalOperator(NES::SourcePhysicalOperator)
  Successor Pipeline:
    Pipeline(ID(23), Provider(None))
      Operator chain:
        PhysicalOperator(NES::ScanPhysicalOperator)
          PhysicalOperator(NES::SelectionPhysicalOperator)
            PhysicalOperator(NES::MapPhysicalOperator)
              PhysicalOperator(NES::EmitPhysicalOperator)
      Successor Pipeline:
        Pipeline(ID(24), Provider(None))
          Operator chain:
            PhysicalOperator(NES::SinkPhysicalOperator)

[m
[36m[01:09:23.488829] [D] [Not A Worker] [unnamed] [] [SinkProvider.cpp:30] [lower] The sinkDescriptor is: SinkDescriptor: (name: variant("PERSON_ID_SINK"), type: Void, Config: )[m
[36m[01:09:23.489644] [D] [SingleNodeWorker] [WorkerThread-17] [Task:461936172-24] [VoidSink.cpp:37] [start] Setting up void sink: VoidSink[m
[36m[01:09:23.565387] [D] [SingleNodeWorker] [WorkerThread-26] [] [SourceThread.cpp:184] [start] Starting source with originId: 2[m
[36m[01:09:23.567625] [D] [SingleNodeWorker] [WorkerThread-26] [Task:461936172-23] [BufferManager.cpp:65] [~BufferManager] Calling BufferManager::destroy()[m
[36m[01:09:23.567648] [D] [SingleNodeWorker] [WorkerThread-26] [Task:461936172-23] [BufferManager.cpp:93] [~BufferManager] Shutting down Buffer Manager completed[m
[36m[01:09:25.225551] [D] [SingleNodeWorker] [WorkerThread-16] [Task:461936172] [SourceThread.cpp:230] [tryStop] SourceThread 2: attempting to stop source[m
[36m[01:09:25.225597] [D] [SingleNodeWorker] [WorkerThread-16] [Task:461936172] [SourceThread.cpp:248] [tryStop] SourceThread 2: stopped[m
[32m[01:09:25.252202] [I] [SingleNodeWorker] [WorkerThread-23] [Task:461936172-24] [VoidSink.cpp:42] [stop] Void Sink completed.[m
[36m[01:09:25.252337] [D] [SingleNodeWorker] [WorkerThread-23] [] [SourceThread.cpp:226] [tryStop] SourceThread 2: thread is not running[m
[32m[01:09:25.252373] [I] [SingleNodeWorker] [WorkerThread-0] [] [SequenceShredder.cpp:55] [~SequenceShredder] Successfully validated SequenceShredder[m
[36m[01:09:28.698239] [D] [Not A Worker] [unnamed] [queryId:1383192767] [BufferManager.cpp:110] [initialize] NES memory allocation requires 1 out of 540577120256 (so 1.8498748143954595e-10%) available bytes[m
[36m[01:09:28.698288] [D] [Not A Worker] [unnamed] [queryId:1383192767] [BufferManager.cpp:160] [initialize] BufferManager configuration bufferSize=1 numOfBuffers=1[m
[36m[01:09:28.698462] [D] [Not A Worker] [unnamed] [queryId:1383192767] [PipeliningPhase.cpp:365] [apply] Constructed pipeline plan with 1 root pipelines.
PipelinedQueryPlan for Query: 1383192767
Number of root pipelines: 1
------------------
Root Pipeline 0:
  Pipeline(ID(25), Provider(COMPILER))
  Operator chain:
    PhysicalOperator(NES::SourcePhysicalOperator)
  Successor Pipeline:
    Pipeline(ID(26), Provider(None))
      Operator chain:
        PhysicalOperator(NES::ScanPhysicalOperator)
          PhysicalOperator(NES::SelectionPhysicalOperator)
            PhysicalOperator(NES::MapPhysicalOperator)
              PhysicalOperator(NES::EmitPhysicalOperator)
      Successor Pipeline:
        Pipeline(ID(27), Provider(None))
          Operator chain:
            PhysicalOperator(NES::SinkPhysicalOperator)

[m
[36m[01:09:28.701854] [D] [Not A Worker] [unnamed] [] [SinkProvider.cpp:30] [lower] The sinkDescriptor is: SinkDescriptor: (name: variant("PERSON_ID_SINK"), type: Void, Config: )[m
[36m[01:09:28.702587] [D] [SingleNodeWorker] [WorkerThread-23] [Task:1383192767-27] [VoidSink.cpp:37] [start] Setting up void sink: VoidSink[m
[36m[01:09:28.781525] [D] [SingleNodeWorker] [WorkerThread-23] [] [SourceThread.cpp:184] [start] Starting source with originId: 2[m
[36m[01:09:28.783063] [D] [SingleNodeWorker] [WorkerThread-23] [Task:1383192767-26] [BufferManager.cpp:65] [~BufferManager] Calling BufferManager::destroy()[m
[36m[01:09:28.783089] [D] [SingleNodeWorker] [WorkerThread-23] [Task:1383192767-26] [BufferManager.cpp:93] [~BufferManager] Shutting down Buffer Manager completed[m
[36m[01:09:30.284879] [D] [SingleNodeWorker] [WorkerThread-23] [Task:1383192767] [SourceThread.cpp:230] [tryStop] SourceThread 2: attempting to stop source[m
[36m[01:09:30.284939] [D] [SingleNodeWorker] [WorkerThread-23] [Task:1383192767] [SourceThread.cpp:248] [tryStop] SourceThread 2: stopped[m
[32m[01:09:30.310674] [I] [SingleNodeWorker] [WorkerThread-14] [Task:1383192767-27] [VoidSink.cpp:42] [stop] Void Sink completed.[m
[32m[01:09:30.310788] [I] [SingleNodeWorker] [WorkerThread-2] [] [SequenceShredder.cpp:55] [~SequenceShredder] Successfully validated SequenceShredder[m
[36m[01:09:30.310817] [D] [SingleNodeWorker] [WorkerThread-14] [] [SourceThread.cpp:226] [tryStop] SourceThread 2: thread is not running[m
[36m[01:09:33.943032] [D] [Not A Worker] [unnamed] [queryId:972359109] [BufferManager.cpp:110] [initialize] NES memory allocation requires 1 out of 540577120256 (so 1.8498748143954595e-10%) available bytes[m
[36m[01:09:33.943085] [D] [Not A Worker] [unnamed] [queryId:972359109] [BufferManager.cpp:160] [initialize] BufferManager configuration bufferSize=1 numOfBuffers=1[m
[36m[01:09:33.943285] [D] [Not A Worker] [unnamed] [queryId:972359109] [PipeliningPhase.cpp:365] [apply] Constructed pipeline plan with 1 root pipelines.
PipelinedQueryPlan for Query: 972359109
Number of root pipelines: 1
------------------
Root Pipeline 0:
  Pipeline(ID(28), Provider(COMPILER))
  Operator chain:
    PhysicalOperator(NES::SourcePhysicalOperator)
  Successor Pipeline:
    Pipeline(ID(29), Provider(None))
      Operator chain:
        PhysicalOperator(NES::ScanPhysicalOperator)
          PhysicalOperator(NES::SelectionPhysicalOperator)
            PhysicalOperator(NES::MapPhysicalOperator)
              PhysicalOperator(NES::EmitPhysicalOperator)
      Successor Pipeline:
        Pipeline(ID(30), Provider(None))
          Operator chain:
            PhysicalOperator(NES::SinkPhysicalOperator)

[m
[36m[01:09:33.946837] [D] [Not A Worker] [unnamed] [] [SinkProvider.cpp:30] [lower] The sinkDescriptor is: SinkDescriptor: (name: variant("PERSON_ID_SINK"), type: Void, Config: )[m
[36m[01:09:33.947722] [D] [SingleNodeWorker] [WorkerThread-4] [Task:972359109-30] [VoidSink.cpp:37] [start] Setting up void sink: VoidSink[m
[36m[01:09:34.025875] [D] [SingleNodeWorker] [WorkerThread-8] [] [SourceThread.cpp:184] [start] Starting source with originId: 2[m
[36m[01:09:34.027879] [D] [SingleNodeWorker] [WorkerThread-16] [Task:972359109-29] [BufferManager.cpp:65] [~BufferManager] Calling BufferManager::destroy()[m
[36m[01:09:34.027967] [D] [SingleNodeWorker] [WorkerThread-16] [Task:972359109-29] [BufferManager.cpp:93] [~BufferManager] Shutting down Buffer Manager completed[m
[36m[01:09:35.068450] [D] [SingleNodeWorker] [WorkerThread-22] [Task:972359109-29] [InputFormatter.hpp:348] [indexTrailingSpanningTupleProxy] last offset: 262143, first offset: 154[m
[36m[01:09:35.649850] [D] [SingleNodeWorker] [WorkerThread-1] [Task:972359109] [SourceThread.cpp:230] [tryStop] SourceThread 2: attempting to stop source[m
[36m[01:09:35.649904] [D] [SingleNodeWorker] [WorkerThread-1] [Task:972359109] [SourceThread.cpp:248] [tryStop] SourceThread 2: stopped[m
[32m[01:09:35.675826] [I] [SingleNodeWorker] [WorkerThread-13] [Task:972359109-30] [VoidSink.cpp:42] [stop] Void Sink completed.[m
[36m[01:09:35.675960] [D] [SingleNodeWorker] [WorkerThread-13] [] [SourceThread.cpp:226] [tryStop] SourceThread 2: thread is not running[m
[32m[01:09:35.675977] [I] [SingleNodeWorker] [WorkerThread-18] [] [SequenceShredder.cpp:55] [~SequenceShredder] Successfully validated SequenceShredder[m
[36m[01:09:39.013130] [D] [Not A Worker] [unnamed] [queryId:98253869] [BufferManager.cpp:110] [initialize] NES memory allocation requires 1 out of 540577120256 (so 1.8498748143954595e-10%) available bytes[m
[36m[01:09:39.013177] [D] [Not A Worker] [unnamed] [queryId:98253869] [BufferManager.cpp:160] [initialize] BufferManager configuration bufferSize=1 numOfBuffers=1[m
[36m[01:09:39.013353] [D] [Not A Worker] [unnamed] [queryId:98253869] [PipeliningPhase.cpp:365] [apply] Constructed pipeline plan with 1 root pipelines.
PipelinedQueryPlan for Query: 98253869
Number of root pipelines: 1
------------------
Root Pipeline 0:
  Pipeline(ID(31), Provider(COMPILER))
  Operator chain:
    PhysicalOperator(NES::SourcePhysicalOperator)
  Successor Pipeline:
    Pipeline(ID(32), Provider(None))
      Operator chain:
        PhysicalOperator(NES::ScanPhysicalOperator)
          PhysicalOperator(NES::SelectionPhysicalOperator)
            PhysicalOperator(NES::MapPhysicalOperator)
              PhysicalOperator(NES::EmitPhysicalOperator)
      Successor Pipeline:
        Pipeline(ID(33), Provider(None))
          Operator chain:
            PhysicalOperator(NES::SinkPhysicalOperator)

[m
[36m[01:09:39.016712] [D] [Not A Worker] [unnamed] [] [SinkProvider.cpp:30] [lower] The sinkDescriptor is: SinkDescriptor: (name: variant("PERSON_ID_SINK"), type: Void, Config: )[m
[36m[01:09:39.017361] [D] [SingleNodeWorker] [WorkerThread-0] [Task:98253869-33] [VoidSink.cpp:37] [start] Setting up void sink: VoidSink[m
[36m[01:09:39.094787] [D] [SingleNodeWorker] [WorkerThread-0] [] [SourceThread.cpp:184] [start] Starting source with originId: 2[m
[36m[01:09:39.096521] [D] [SingleNodeWorker] [WorkerThread-7] [Task:98253869-32] [BufferManager.cpp:65] [~BufferManager] Calling BufferManager::destroy()[m
[36m[01:09:39.096564] [D] [SingleNodeWorker] [WorkerThread-7] [Task:98253869-32] [BufferManager.cpp:93] [~BufferManager] Shutting down Buffer Manager completed[m
[36m[01:09:40.576333] [D] [SingleNodeWorker] [WorkerThread-13] [Task:98253869] [SourceThread.cpp:230] [tryStop] SourceThread 2: attempting to stop source[m
[36m[01:09:40.576388] [D] [SingleNodeWorker] [WorkerThread-13] [Task:98253869] [SourceThread.cpp:248] [tryStop] SourceThread 2: stopped[m
[32m[01:09:40.602277] [I] [SingleNodeWorker] [WorkerThread-31] [Task:98253869-33] [VoidSink.cpp:42] [stop] Void Sink completed.[m
[32m[01:09:40.602350] [I] [SingleNodeWorker] [WorkerThread-14] [] [SequenceShredder.cpp:55] [~SequenceShredder] Successfully validated SequenceShredder[m
[36m[01:09:40.602395] [D] [SingleNodeWorker] [WorkerThread-31] [] [SourceThread.cpp:226] [tryStop] SourceThread 2: thread is not running[m
[36m[01:09:44.114988] [D] [Not A Worker] [unnamed] [queryId:428751413] [BufferManager.cpp:110] [initialize] NES memory allocation requires 1 out of 540577120256 (so 1.8498748143954595e-10%) available bytes[m
[36m[01:09:44.115036] [D] [Not A Worker] [unnamed] [queryId:428751413] [BufferManager.cpp:160] [initialize] BufferManager configuration bufferSize=1 numOfBuffers=1[m
[36m[01:09:44.115199] [D] [Not A Worker] [unnamed] [queryId:428751413] [PipeliningPhase.cpp:365] [apply] Constructed pipeline plan with 1 root pipelines.
PipelinedQueryPlan for Query: 428751413
Number of root pipelines: 1
------------------
Root Pipeline 0:
  Pipeline(ID(34), Provider(COMPILER))
  Operator chain:
    PhysicalOperator(NES::SourcePhysicalOperator)
  Successor Pipeline:
    Pipeline(ID(35), Provider(None))
      Operator chain:
        PhysicalOperator(NES::ScanPhysicalOperator)
          PhysicalOperator(NES::SelectionPhysicalOperator)
            PhysicalOperator(NES::MapPhysicalOperator)
              PhysicalOperator(NES::EmitPhysicalOperator)
      Successor Pipeline:
        Pipeline(ID(36), Provider(None))
          Operator chain:
            PhysicalOperator(NES::SinkPhysicalOperator)

[m
[36m[01:09:44.118738] [D] [Not A Worker] [unnamed] [] [SinkProvider.cpp:30] [lower] The sinkDescriptor is: SinkDescriptor: (name: variant("PERSON_ID_SINK"), type: Void, Config: )[m
[36m[01:09:44.119223] [D] [SingleNodeWorker] [WorkerThread-17] [Task:428751413-36] [VoidSink.cpp:37] [start] Setting up void sink: VoidSink[m
[36m[01:09:44.195648] [D] [SingleNodeWorker] [WorkerThread-10] [] [SourceThread.cpp:184] [start] Starting source with originId: 2[m
[36m[01:09:44.198023] [D] [SingleNodeWorker] [WorkerThread-20] [Task:428751413-35] [BufferManager.cpp:65] [~BufferManager] Calling BufferManager::destroy()[m
[36m[01:09:44.198102] [D] [SingleNodeWorker] [WorkerThread-20] [Task:428751413-35] [BufferManager.cpp:93] [~BufferManager] Shutting down Buffer Manager completed[m
[36m[01:09:45.514933] [D] [SingleNodeWorker] [WorkerThread-0] [Task:428751413] [SourceThread.cpp:230] [tryStop] SourceThread 2: attempting to stop source[m
[36m[01:09:45.514984] [D] [SingleNodeWorker] [WorkerThread-0] [Task:428751413] [SourceThread.cpp:248] [tryStop] SourceThread 2: stopped[m
[32m[01:09:45.541134] [I] [SingleNodeWorker] [WorkerThread-27] [] [SequenceShredder.cpp:55] [~SequenceShredder] Successfully validated SequenceShredder[m
[32m[01:09:45.541478] [I] [SingleNodeWorker] [WorkerThread-13] [Task:428751413-36] [VoidSink.cpp:42] [stop] Void Sink completed.[m
[36m[01:09:45.541623] [D] [SingleNodeWorker] [WorkerThread-13] [] [SourceThread.cpp:226] [tryStop] SourceThread 2: thread is not running[m
[36m[01:09:49.153422] [D] [Not A Worker] [unnamed] [queryId:1273647929] [BufferManager.cpp:110] [initialize] NES memory allocation requires 1 out of 540577120256 (so 1.8498748143954595e-10%) available bytes[m
[36m[01:09:49.153473] [D] [Not A Worker] [unnamed] [queryId:1273647929] [BufferManager.cpp:160] [initialize] BufferManager configuration bufferSize=1 numOfBuffers=1[m
[36m[01:09:49.153655] [D] [Not A Worker] [unnamed] [queryId:1273647929] [PipeliningPhase.cpp:365] [apply] Constructed pipeline plan with 1 root pipelines.
PipelinedQueryPlan for Query: 1273647929
Number of root pipelines: 1
------------------
Root Pipeline 0:
  Pipeline(ID(37), Provider(COMPILER))
  Operator chain:
    PhysicalOperator(NES::SourcePhysicalOperator)
  Successor Pipeline:
    Pipeline(ID(38), Provider(None))
      Operator chain:
        PhysicalOperator(NES::ScanPhysicalOperator)
          PhysicalOperator(NES::SelectionPhysicalOperator)
            PhysicalOperator(NES::MapPhysicalOperator)
              PhysicalOperator(NES::EmitPhysicalOperator)
      Successor Pipeline:
        Pipeline(ID(39), Provider(None))
          Operator chain:
            PhysicalOperator(NES::SinkPhysicalOperator)

[m
[36m[01:09:49.157114] [D] [Not A Worker] [unnamed] [] [SinkProvider.cpp:30] [lower] The sinkDescriptor is: SinkDescriptor: (name: variant("PERSON_ID_SINK"), type: Void, Config: )[m
[36m[01:09:49.158256] [D] [SingleNodeWorker] [WorkerThread-4] [Task:1273647929-39] [VoidSink.cpp:37] [start] Setting up void sink: VoidSink[m
[36m[01:09:49.235010] [D] [SingleNodeWorker] [WorkerThread-15] [] [SourceThread.cpp:184] [start] Starting source with originId: 2[m
[36m[01:09:49.237276] [D] [SingleNodeWorker] [WorkerThread-15] [Task:1273647929-38] [BufferManager.cpp:65] [~BufferManager] Calling BufferManager::destroy()[m
[36m[01:09:49.237299] [D] [SingleNodeWorker] [WorkerThread-15] [Task:1273647929-38] [BufferManager.cpp:93] [~BufferManager] Shutting down Buffer Manager completed[m
[36m[01:09:50.785186] [D] [SingleNodeWorker] [WorkerThread-14] [Task:1273647929] [SourceThread.cpp:230] [tryStop] SourceThread 2: attempting to stop source[m
[36m[01:09:50.785233] [D] [SingleNodeWorker] [WorkerThread-14] [Task:1273647929] [SourceThread.cpp:248] [tryStop] SourceThread 2: stopped[m
[32m[01:09:50.811092] [I] [SingleNodeWorker] [WorkerThread-6] [] [SequenceShredder.cpp:55] [~SequenceShredder] Successfully validated SequenceShredder[m
[32m[01:09:50.811179] [I] [SingleNodeWorker] [WorkerThread-30] [Task:1273647929-39] [VoidSink.cpp:42] [stop] Void Sink completed.[m
[36m[01:09:50.811315] [D] [SingleNodeWorker] [WorkerThread-30] [] [SourceThread.cpp:226] [tryStop] SourceThread 2: thread is not running[m
[36m[01:09:54.218238] [D] [Not A Worker] [unnamed] [queryId:531268228] [BufferManager.cpp:110] [initialize] NES memory allocation requires 1 out of 540577120256 (so 1.8498748143954595e-10%) available bytes[m
[36m[01:09:54.218289] [D] [Not A Worker] [unnamed] [queryId:531268228] [BufferManager.cpp:160] [initialize] BufferManager configuration bufferSize=1 numOfBuffers=1[m
[36m[01:09:54.218453] [D] [Not A Worker] [unnamed] [queryId:531268228] [PipeliningPhase.cpp:365] [apply] Constructed pipeline plan with 1 root pipelines.
PipelinedQueryPlan for Query: 531268228
Number of root pipelines: 1
------------------
Root Pipeline 0:
  Pipeline(ID(40), Provider(COMPILER))
  Operator chain:
    PhysicalOperator(NES::SourcePhysicalOperator)
  Successor Pipeline:
    Pipeline(ID(41), Provider(None))
      Operator chain:
        PhysicalOperator(NES::ScanPhysicalOperator)
          PhysicalOperator(NES::SelectionPhysicalOperator)
            PhysicalOperator(NES::MapPhysicalOperator)
              PhysicalOperator(NES::EmitPhysicalOperator)
      Successor Pipeline:
        Pipeline(ID(42), Provider(None))
          Operator chain:
            PhysicalOperator(NES::SinkPhysicalOperator)

[m
[36m[01:09:54.221864] [D] [Not A Worker] [unnamed] [] [SinkProvider.cpp:30] [lower] The sinkDescriptor is: SinkDescriptor: (name: variant("PERSON_ID_SINK"), type: Void, Config: )[m
[36m[01:09:54.222078] [D] [SingleNodeWorker] [WorkerThread-29] [Task:531268228-42] [VoidSink.cpp:37] [start] Setting up void sink: VoidSink[m
[36m[01:09:54.290536] [D] [SingleNodeWorker] [WorkerThread-29] [] [SourceThread.cpp:184] [start] Starting source with originId: 2[m
[36m[01:09:54.292349] [D] [SingleNodeWorker] [WorkerThread-31] [Task:531268228-41] [BufferManager.cpp:65] [~BufferManager] Calling BufferManager::destroy()[m
[36m[01:09:54.292424] [D] [SingleNodeWorker] [WorkerThread-31] [Task:531268228-41] [BufferManager.cpp:93] [~BufferManager] Shutting down Buffer Manager completed[m
[36m[01:09:55.997621] [D] [SingleNodeWorker] [WorkerThread-9] [Task:531268228] [SourceThread.cpp:230] [tryStop] SourceThread 2: attempting to stop source[m
[36m[01:09:55.997671] [D] [SingleNodeWorker] [WorkerThread-9] [Task:531268228] [SourceThread.cpp:248] [tryStop] SourceThread 2: stopped[m
[32m[01:09:56.023323] [I] [SingleNodeWorker] [WorkerThread-23] [Task:531268228-42] [VoidSink.cpp:42] [stop] Void Sink completed.[m
[36m[01:09:56.023450] [D] [SingleNodeWorker] [WorkerThread-23] [] [SourceThread.cpp:226] [tryStop] SourceThread 2: thread is not running[m
[32m[01:09:56.023601] [I] [SingleNodeWorker] [WorkerThread-31] [] [SequenceShredder.cpp:55] [~SequenceShredder] Successfully validated SequenceShredder[m
[36m[01:09:59.566466] [D] [Not A Worker] [unnamed] [queryId:446103551] [BufferManager.cpp:110] [initialize] NES memory allocation requires 1 out of 540577120256 (so 1.8498748143954595e-10%) available bytes[m
[36m[01:09:59.566514] [D] [Not A Worker] [unnamed] [queryId:446103551] [BufferManager.cpp:160] [initialize] BufferManager configuration bufferSize=1 numOfBuffers=1[m
[36m[01:09:59.566677] [D] [Not A Worker] [unnamed] [queryId:446103551] [PipeliningPhase.cpp:365] [apply] Constructed pipeline plan with 1 root pipelines.
PipelinedQueryPlan for Query: 446103551
Number of root pipelines: 1
------------------
Root Pipeline 0:
  Pipeline(ID(43), Provider(COMPILER))
  Operator chain:
    PhysicalOperator(NES::SourcePhysicalOperator)
  Successor Pipeline:
    Pipeline(ID(44), Provider(None))
      Operator chain:
        PhysicalOperator(NES::ScanPhysicalOperator)
          PhysicalOperator(NES::SelectionPhysicalOperator)
            PhysicalOperator(NES::MapPhysicalOperator)
              PhysicalOperator(NES::EmitPhysicalOperator)
      Successor Pipeline:
        Pipeline(ID(45), Provider(None))
          Operator chain:
            PhysicalOperator(NES::SinkPhysicalOperator)

[m
[36m[01:09:59.570066] [D] [Not A Worker] [unnamed] [] [SinkProvider.cpp:30] [lower] The sinkDescriptor is: SinkDescriptor: (name: variant("PERSON_ID_SINK"), type: Void, Config: )[m
[36m[01:09:59.570667] [D] [SingleNodeWorker] [WorkerThread-22] [Task:446103551-45] [VoidSink.cpp:37] [start] Setting up void sink: VoidSink[m
[36m[01:09:59.648572] [D] [SingleNodeWorker] [WorkerThread-13] [] [SourceThread.cpp:184] [start] Starting source with originId: 2[m
[36m[01:09:59.650560] [D] [SingleNodeWorker] [WorkerThread-30] [Task:446103551-44] [BufferManager.cpp:65] [~BufferManager] Calling BufferManager::destroy()[m
[36m[01:09:59.650634] [D] [SingleNodeWorker] [WorkerThread-30] [Task:446103551-44] [BufferManager.cpp:93] [~BufferManager] Shutting down Buffer Manager completed[m
[36m[01:10:01.030531] [D] [SingleNodeWorker] [WorkerThread-9] [Task:446103551] [SourceThread.cpp:230] [tryStop] SourceThread 2: attempting to stop source[m
[36m[01:10:01.030656] [D] [SingleNodeWorker] [WorkerThread-9] [Task:446103551] [SourceThread.cpp:248] [tryStop] SourceThread 2: stopped[m
[32m[01:10:01.056688] [I] [SingleNodeWorker] [WorkerThread-28] [Task:446103551-45] [VoidSink.cpp:42] [stop] Void Sink completed.[m
[32m[01:10:01.056802] [I] [SingleNodeWorker] [WorkerThread-29] [] [SequenceShredder.cpp:55] [~SequenceShredder] Successfully validated SequenceShredder[m
[36m[01:10:01.056825] [D] [SingleNodeWorker] [WorkerThread-28] [] [SourceThread.cpp:226] [tryStop] SourceThread 2: thread is not running[m
[36m[01:10:04.702718] [D] [Not A Worker] [unnamed] [queryId:1420801179] [BufferManager.cpp:110] [initialize] NES memory allocation requires 1 out of 540577120256 (so 1.8498748143954595e-10%) available bytes[m
[36m[01:10:04.702768] [D] [Not A Worker] [unnamed] [queryId:1420801179] [BufferManager.cpp:160] [initialize] BufferManager configuration bufferSize=1 numOfBuffers=1[m
[36m[01:10:04.702942] [D] [Not A Worker] [unnamed] [queryId:1420801179] [PipeliningPhase.cpp:365] [apply] Constructed pipeline plan with 1 root pipelines.
PipelinedQueryPlan for Query: 1420801179
Number of root pipelines: 1
------------------
Root Pipeline 0:
  Pipeline(ID(46), Provider(COMPILER))
  Operator chain:
    PhysicalOperator(NES::SourcePhysicalOperator)
  Successor Pipeline:
    Pipeline(ID(47), Provider(None))
      Operator chain:
        PhysicalOperator(NES::ScanPhysicalOperator)
          PhysicalOperator(NES::SelectionPhysicalOperator)
            PhysicalOperator(NES::MapPhysicalOperator)
              PhysicalOperator(NES::EmitPhysicalOperator)
      Successor Pipeline:
        Pipeline(ID(48), Provider(None))
          Operator chain:
            PhysicalOperator(NES::SinkPhysicalOperator)

[m
[36m[01:10:04.706261] [D] [Not A Worker] [unnamed] [] [SinkProvider.cpp:30] [lower] The sinkDescriptor is: SinkDescriptor: (name: variant("PERSON_ID_SINK"), type: Void, Config: )[m
[36m[01:10:04.706652] [D] [SingleNodeWorker] [WorkerThread-6] [Task:1420801179-48] [VoidSink.cpp:37] [start] Setting up void sink: VoidSink[m
[36m[01:10:04.783501] [D] [SingleNodeWorker] [WorkerThread-22] [] [SourceThread.cpp:184] [start] Starting source with originId: 2[m
[36m[01:10:04.785308] [D] [SingleNodeWorker] [WorkerThread-22] [Task:1420801179-47] [BufferManager.cpp:65] [~BufferManager] Calling BufferManager::destroy()[m
[36m[01:10:04.785335] [D] [SingleNodeWorker] [WorkerThread-22] [Task:1420801179-47] [BufferManager.cpp:93] [~BufferManager] Shutting down Buffer Manager completed[m
[36m[01:10:06.328264] [D] [SingleNodeWorker] [WorkerThread-15] [Task:1420801179] [SourceThread.cpp:230] [tryStop] SourceThread 2: attempting to stop source[m
[36m[01:10:06.328317] [D] [SingleNodeWorker] [WorkerThread-15] [Task:1420801179] [SourceThread.cpp:248] [tryStop] SourceThread 2: stopped[m
[32m[01:10:06.354465] [I] [SingleNodeWorker] [WorkerThread-23] [Task:1420801179-48] [VoidSink.cpp:42] [stop] Void Sink completed.[m
[36m[01:10:06.354587] [D] [SingleNodeWorker] [WorkerThread-23] [] [SourceThread.cpp:226] [tryStop] SourceThread 2: thread is not running[m
[32m[01:10:06.354587] [I] [SingleNodeWorker] [WorkerThread-21] [] [SequenceShredder.cpp:55] [~SequenceShredder] Successfully validated SequenceShredder[m
[36m[01:10:09.686291] [D] [Not A Worker] [unnamed] [queryId:1028014042] [BufferManager.cpp:110] [initialize] NES memory allocation requires 1 out of 540577120256 (so 1.8498748143954595e-10%) available bytes[m
[36m[01:10:09.686337] [D] [Not A Worker] [unnamed] [queryId:1028014042] [BufferManager.cpp:160] [initialize] BufferManager configuration bufferSize=1 numOfBuffers=1[m
[36m[01:10:09.686541] [D] [Not A Worker] [unnamed] [queryId:1028014042] [PipeliningPhase.cpp:365] [apply] Constructed pipeline plan with 1 root pipelines.
PipelinedQueryPlan for Query: 1028014042
Number of root pipelines: 1
------------------
Root Pipeline 0:
  Pipeline(ID(49), Provider(COMPILER))
  Operator chain:
    PhysicalOperator(NES::SourcePhysicalOperator)
  Successor Pipeline:
    Pipeline(ID(50), Provider(None))
      Operator chain:
        PhysicalOperator(NES::ScanPhysicalOperator)
          PhysicalOperator(NES::SelectionPhysicalOperator)
            PhysicalOperator(NES::MapPhysicalOperator)
              PhysicalOperator(NES::EmitPhysicalOperator)
      Successor Pipeline:
        Pipeline(ID(51), Provider(None))
          Operator chain:
            PhysicalOperator(NES::SinkPhysicalOperator)

[m
[36m[01:10:09.690189] [D] [Not A Worker] [unnamed] [] [SinkProvider.cpp:30] [lower] The sinkDescriptor is: SinkDescriptor: (name: variant("PERSON_ID_SINK"), type: Void, Config: )[m
[36m[01:10:09.690968] [D] [SingleNodeWorker] [WorkerThread-24] [Task:1028014042-51] [VoidSink.cpp:37] [start] Setting up void sink: VoidSink[m
[36m[01:10:09.769091] [D] [SingleNodeWorker] [WorkerThread-24] [] [SourceThread.cpp:184] [start] Starting source with originId: 2[m
[36m[01:10:09.770971] [D] [SingleNodeWorker] [WorkerThread-31] [Task:1028014042-50] [BufferManager.cpp:65] [~BufferManager] Calling BufferManager::destroy()[m
[36m[01:10:09.771048] [D] [SingleNodeWorker] [WorkerThread-31] [Task:1028014042-50] [BufferManager.cpp:93] [~BufferManager] Shutting down Buffer Manager completed[m
[36m[01:10:10.958305] [D] [SingleNodeWorker] [WorkerThread-8] [Task:1028014042] [SourceThread.cpp:230] [tryStop] SourceThread 2: attempting to stop source[m
[36m[01:10:10.958355] [D] [SingleNodeWorker] [WorkerThread-8] [Task:1028014042] [SourceThread.cpp:248] [tryStop] SourceThread 2: stopped[m
[32m[01:10:10.984022] [I] [SingleNodeWorker] [WorkerThread-19] [Task:1028014042-51] [VoidSink.cpp:42] [stop] Void Sink completed.[m
[36m[01:10:10.984162] [D] [SingleNodeWorker] [WorkerThread-19] [] [SourceThread.cpp:226] [tryStop] SourceThread 2: thread is not running[m
[32m[01:10:10.984296] [I] [SingleNodeWorker] [WorkerThread-14] [] [SequenceShredder.cpp:55] [~SequenceShredder] Successfully validated SequenceShredder[m
[36m[01:10:14.632299] [D] [Not A Worker] [unnamed] [queryId:285942411] [BufferManager.cpp:110] [initialize] NES memory allocation requires 1 out of 540577120256 (so 1.8498748143954595e-10%) available bytes[m
[36m[01:10:14.632347] [D] [Not A Worker] [unnamed] [queryId:285942411] [BufferManager.cpp:160] [initialize] BufferManager configuration bufferSize=1 numOfBuffers=1[m
[36m[01:10:14.632526] [D] [Not A Worker] [unnamed] [queryId:285942411] [PipeliningPhase.cpp:365] [apply] Constructed pipeline plan with 1 root pipelines.
PipelinedQueryPlan for Query: 285942411
Number of root pipelines: 1
------------------
Root Pipeline 0:
  Pipeline(ID(52), Provider(COMPILER))
  Operator chain:
    PhysicalOperator(NES::SourcePhysicalOperator)
  Successor Pipeline:
    Pipeline(ID(53), Provider(None))
      Operator chain:
        PhysicalOperator(NES::ScanPhysicalOperator)
          PhysicalOperator(NES::SelectionPhysicalOperator)
            PhysicalOperator(NES::MapPhysicalOperator)
              PhysicalOperator(NES::EmitPhysicalOperator)
      Successor Pipeline:
        Pipeline(ID(54), Provider(None))
          Operator chain:
            PhysicalOperator(NES::SinkPhysicalOperator)

[m
[36m[01:10:14.636293] [D] [Not A Worker] [unnamed] [] [SinkProvider.cpp:30] [lower] The sinkDescriptor is: SinkDescriptor: (name: variant("PERSON_ID_SINK"), type: Void, Config: )[m
[36m[01:10:14.636754] [D] [SingleNodeWorker] [WorkerThread-29] [Task:285942411-54] [VoidSink.cpp:37] [start] Setting up void sink: VoidSink[m
[36m[01:10:14.714085] [D] [SingleNodeWorker] [WorkerThread-29] [] [SourceThread.cpp:184] [start] Starting source with originId: 2[m
[36m[01:10:14.716252] [D] [SingleNodeWorker] [WorkerThread-29] [Task:285942411-53] [BufferManager.cpp:65] [~BufferManager] Calling BufferManager::destroy()[m
[36m[01:10:14.716274] [D] [SingleNodeWorker] [WorkerThread-29] [Task:285942411-53] [BufferManager.cpp:93] [~BufferManager] Shutting down Buffer Manager completed[m
[36m[01:10:16.009042] [D] [SingleNodeWorker] [WorkerThread-7] [Task:285942411] [SourceThread.cpp:230] [tryStop] SourceThread 2: attempting to stop source[m
[36m[01:10:16.009088] [D] [SingleNodeWorker] [WorkerThread-7] [Task:285942411] [SourceThread.cpp:248] [tryStop] SourceThread 2: stopped[m
[32m[01:10:16.034842] [I] [SingleNodeWorker] [WorkerThread-17] [Task:285942411-54] [VoidSink.cpp:42] [stop] Void Sink completed.[m
[36m[01:10:16.034993] [D] [SingleNodeWorker] [WorkerThread-17] [] [SourceThread.cpp:226] [tryStop] SourceThread 2: thread is not running[m
[32m[01:10:16.035098] [I] [SingleNodeWorker] [WorkerThread-22] [] [SequenceShredder.cpp:55] [~SequenceShredder] Successfully validated SequenceShredder[m
[36m[01:10:19.679559] [D] [Not A Worker] [unnamed] [queryId:579714625] [BufferManager.cpp:110] [initialize] NES memory allocation requires 1 out of 540577120256 (so 1.8498748143954595e-10%) available bytes[m
[36m[01:10:19.679611] [D] [Not A Worker] [unnamed] [queryId:579714625] [BufferManager.cpp:160] [initialize] BufferManager configuration bufferSize=1 numOfBuffers=1[m
[36m[01:10:19.679785] [D] [Not A Worker] [unnamed] [queryId:579714625] [PipeliningPhase.cpp:365] [apply] Constructed pipeline plan with 1 root pipelines.
PipelinedQueryPlan for Query: 579714625
Number of root pipelines: 1
------------------
Root Pipeline 0:
  Pipeline(ID(55), Provider(COMPILER))
  Operator chain:
    PhysicalOperator(NES::SourcePhysicalOperator)
  Successor Pipeline:
    Pipeline(ID(56), Provider(None))
      Operator chain:
        PhysicalOperator(NES::ScanPhysicalOperator)
          PhysicalOperator(NES::SelectionPhysicalOperator)
            PhysicalOperator(NES::MapPhysicalOperator)
              PhysicalOperator(NES::EmitPhysicalOperator)
      Successor Pipeline:
        Pipeline(ID(57), Provider(None))
          Operator chain:
            PhysicalOperator(NES::SinkPhysicalOperator)

[m
[36m[01:10:19.683692] [D] [Not A Worker] [unnamed] [] [SinkProvider.cpp:30] [lower] The sinkDescriptor is: SinkDescriptor: (name: variant("PERSON_ID_SINK"), type: Void, Config: )[m
[36m[01:10:19.684470] [D] [SingleNodeWorker] [WorkerThread-28] [Task:579714625-57] [VoidSink.cpp:37] [start] Setting up void sink: VoidSink[m
[36m[01:10:19.765011] [D] [SingleNodeWorker] [WorkerThread-3] [] [SourceThread.cpp:184] [start] Starting source with originId: 2[m
[36m[01:10:19.766598] [D] [SingleNodeWorker] [WorkerThread-3] [Task:579714625-56] [BufferManager.cpp:65] [~BufferManager] Calling BufferManager::destroy()[m
[36m[01:10:19.766623] [D] [SingleNodeWorker] [WorkerThread-3] [Task:579714625-56] [BufferManager.cpp:93] [~BufferManager] Shutting down Buffer Manager completed[m
[36m[01:10:21.215075] [D] [SingleNodeWorker] [WorkerThread-20] [Task:579714625] [SourceThread.cpp:230] [tryStop] SourceThread 2: attempting to stop source[m
[36m[01:10:21.215125] [D] [SingleNodeWorker] [WorkerThread-20] [Task:579714625] [SourceThread.cpp:248] [tryStop] SourceThread 2: stopped[m
[32m[01:10:21.240875] [I] [SingleNodeWorker] [WorkerThread-30] [Task:579714625-57] [VoidSink.cpp:42] [stop] Void Sink completed.[m
[36m[01:10:21.241014] [D] [SingleNodeWorker] [WorkerThread-30] [] [SourceThread.cpp:226] [tryStop] SourceThread 2: thread is not running[m
[32m[01:10:21.241085] [I] [SingleNodeWorker] [WorkerThread-21] [] [SequenceShredder.cpp:55] [~SequenceShredder] Successfully validated SequenceShredder[m
[36m[01:10:24.785299] [D] [Not A Worker] [unnamed] [queryId:1144615120] [BufferManager.cpp:110] [initialize] NES memory allocation requires 1 out of 540577120256 (so 1.8498748143954595e-10%) available bytes[m
[36m[01:10:24.785348] [D] [Not A Worker] [unnamed] [queryId:1144615120] [BufferManager.cpp:160] [initialize] BufferManager configuration bufferSize=1 numOfBuffers=1[m
[36m[01:10:24.785509] [D] [Not A Worker] [unnamed] [queryId:1144615120] [PipeliningPhase.cpp:365] [apply] Constructed pipeline plan with 1 root pipelines.
PipelinedQueryPlan for Query: 1144615120
Number of root pipelines: 1
------------------
Root Pipeline 0:
  Pipeline(ID(58), Provider(COMPILER))
  Operator chain:
    PhysicalOperator(NES::SourcePhysicalOperator)
  Successor Pipeline:
    Pipeline(ID(59), Provider(None))
      Operator chain:
        PhysicalOperator(NES::ScanPhysicalOperator)
          PhysicalOperator(NES::SelectionPhysicalOperator)
            PhysicalOperator(NES::MapPhysicalOperator)
              PhysicalOperator(NES::EmitPhysicalOperator)
      Successor Pipeline:
        Pipeline(ID(60), Provider(None))
          Operator chain:
            PhysicalOperator(NES::SinkPhysicalOperator)

[m
[36m[01:10:24.789140] [D] [Not A Worker] [unnamed] [] [SinkProvider.cpp:30] [lower] The sinkDescriptor is: SinkDescriptor: (name: variant("PERSON_ID_SINK"), type: Void, Config: )[m
[36m[01:10:24.789846] [D] [SingleNodeWorker] [WorkerThread-3] [Task:1144615120-60] [VoidSink.cpp:37] [start] Setting up void sink: VoidSink[m
[36m[01:10:24.865365] [D] [SingleNodeWorker] [WorkerThread-3] [] [SourceThread.cpp:184] [start] Starting source with originId: 2[m
[36m[01:10:24.867559] [D] [SingleNodeWorker] [WorkerThread-3] [Task:1144615120-59] [BufferManager.cpp:65] [~BufferManager] Calling BufferManager::destroy()[m
[36m[01:10:24.867582] [D] [SingleNodeWorker] [WorkerThread-3] [Task:1144615120-59] [BufferManager.cpp:93] [~BufferManager] Shutting down Buffer Manager completed[m
[36m[01:10:26.429830] [D] [SingleNodeWorker] [WorkerThread-9] [Task:1144615120] [SourceThread.cpp:230] [tryStop] SourceThread 2: attempting to stop source[m
[36m[01:10:26.429884] [D] [SingleNodeWorker] [WorkerThread-9] [Task:1144615120] [SourceThread.cpp:248] [tryStop] SourceThread 2: stopped[m
[32m[01:10:26.455632] [I] [SingleNodeWorker] [WorkerThread-15] [Task:1144615120-60] [VoidSink.cpp:42] [stop] Void Sink completed.[m
[36m[01:10:26.455776] [D] [SingleNodeWorker] [WorkerThread-15] [] [SourceThread.cpp:226] [tryStop] SourceThread 2: thread is not running[m
[32m[01:10:26.455954] [I] [SingleNodeWorker] [WorkerThread-28] [] [SequenceShredder.cpp:55] [~SequenceShredder] Successfully validated SequenceShredder[m
[36m[01:10:29.999514] [D] [Not A Worker] [unnamed] [queryId:2016673729] [BufferManager.cpp:110] [initialize] NES memory allocation requires 1 out of 540577120256 (so 1.8498748143954595e-10%) available bytes[m
[36m[01:10:29.999563] [D] [Not A Worker] [unnamed] [queryId:2016673729] [BufferManager.cpp:160] [initialize] BufferManager configuration bufferSize=1 numOfBuffers=1[m
[36m[01:10:29.999739] [D] [Not A Worker] [unnamed] [queryId:2016673729] [PipeliningPhase.cpp:365] [apply] Constructed pipeline plan with 1 root pipelines.
PipelinedQueryPlan for Query: 2016673729
Number of root pipelines: 1
------------------
Root Pipeline 0:
  Pipeline(ID(61), Provider(COMPILER))
  Operator chain:
    PhysicalOperator(NES::SourcePhysicalOperator)
  Successor Pipeline:
    Pipeline(ID(62), Provider(None))
      Operator chain:
        PhysicalOperator(NES::ScanPhysicalOperator)
          PhysicalOperator(NES::SelectionPhysicalOperator)
            PhysicalOperator(NES::MapPhysicalOperator)
              PhysicalOperator(NES::EmitPhysicalOperator)
      Successor Pipeline:
        Pipeline(ID(63), Provider(None))
          Operator chain:
            PhysicalOperator(NES::SinkPhysicalOperator)

[m
[36m[01:10:30.003079] [D] [Not A Worker] [unnamed] [] [SinkProvider.cpp:30] [lower] The sinkDescriptor is: SinkDescriptor: (name: variant("PERSON_ID_SINK"), type: Void, Config: )[m
[36m[01:10:30.004090] [D] [SingleNodeWorker] [WorkerThread-25] [Task:2016673729-63] [VoidSink.cpp:37] [start] Setting up void sink: VoidSink[m
[36m[01:10:30.093484] [D] [SingleNodeWorker] [WorkerThread-25] [] [SourceThread.cpp:184] [start] Starting source with originId: 2[m
[36m[01:10:30.094674] [D] [SingleNodeWorker] [WorkerThread-25] [Task:2016673729-62] [BufferManager.cpp:65] [~BufferManager] Calling BufferManager::destroy()[m
[36m[01:10:30.094698] [D] [SingleNodeWorker] [WorkerThread-25] [Task:2016673729-62] [BufferManager.cpp:93] [~BufferManager] Shutting down Buffer Manager completed[m
[36m[01:10:31.171799] [D] [SingleNodeWorker] [WorkerThread-8] [Task:2016673729] [SourceThread.cpp:230] [tryStop] SourceThread 2: attempting to stop source[m
[36m[01:10:31.171856] [D] [SingleNodeWorker] [WorkerThread-8] [Task:2016673729] [SourceThread.cpp:248] [tryStop] SourceThread 2: stopped[m
[32m[01:10:31.197517] [I] [SingleNodeWorker] [WorkerThread-10] [Task:2016673729-63] [VoidSink.cpp:42] [stop] Void Sink completed.[m
[36m[01:10:31.197653] [D] [SingleNodeWorker] [WorkerThread-10] [] [SourceThread.cpp:226] [tryStop] SourceThread 2: thread is not running[m
[32m[01:10:31.197677] [I] [SingleNodeWorker] [WorkerThread-23] [] [SequenceShredder.cpp:55] [~SequenceShredder] Successfully validated SequenceShredder[m
[36m[01:10:35.024249] [D] [Not A Worker] [unnamed] [queryId:1621000337] [BufferManager.cpp:110] [initialize] NES memory allocation requires 1 out of 540577120256 (so 1.8498748143954595e-10%) available bytes[m
[36m[01:10:35.024295] [D] [Not A Worker] [unnamed] [queryId:1621000337] [BufferManager.cpp:160] [initialize] BufferManager configuration bufferSize=1 numOfBuffers=1[m
[36m[01:10:35.024501] [D] [Not A Worker] [unnamed] [queryId:1621000337] [PipeliningPhase.cpp:365] [apply] Constructed pipeline plan with 1 root pipelines.
PipelinedQueryPlan for Query: 1621000337
Number of root pipelines: 1
------------------
Root Pipeline 0:
  Pipeline(ID(64), Provider(COMPILER))
  Operator chain:
    PhysicalOperator(NES::SourcePhysicalOperator)
  Successor Pipeline:
    Pipeline(ID(65), Provider(None))
      Operator chain:
        PhysicalOperator(NES::ScanPhysicalOperator)
          PhysicalOperator(NES::SelectionPhysicalOperator)
            PhysicalOperator(NES::MapPhysicalOperator)
              PhysicalOperator(NES::EmitPhysicalOperator)
      Successor Pipeline:
        Pipeline(ID(66), Provider(None))
          Operator chain:
            PhysicalOperator(NES::SinkPhysicalOperator)

[m
[36m[01:10:35.028301] [D] [Not A Worker] [unnamed] [] [SinkProvider.cpp:30] [lower] The sinkDescriptor is: SinkDescriptor: (name: variant("PERSON_ID_SINK"), type: Void, Config: )[m
[36m[01:10:35.029093] [D] [SingleNodeWorker] [WorkerThread-9] [Task:1621000337-66] [VoidSink.cpp:37] [start] Setting up void sink: VoidSink[m
[36m[01:10:35.117174] [D] [SingleNodeWorker] [WorkerThread-9] [] [SourceThread.cpp:184] [start] Starting source with originId: 2[m
[36m[01:10:35.118671] [D] [SingleNodeWorker] [WorkerThread-9] [Task:1621000337-65] [BufferManager.cpp:65] [~BufferManager] Calling BufferManager::destroy()[m
[36m[01:10:35.118694] [D] [SingleNodeWorker] [WorkerThread-9] [Task:1621000337-65] [BufferManager.cpp:93] [~BufferManager] Shutting down Buffer Manager completed[m
[36m[01:10:36.462036] [D] [SingleNodeWorker] [WorkerThread-17] [Task:1621000337] [SourceThread.cpp:230] [tryStop] SourceThread 2: attempting to stop source[m
[36m[01:10:36.462091] [D] [SingleNodeWorker] [WorkerThread-17] [Task:1621000337] [SourceThread.cpp:248] [tryStop] SourceThread 2: stopped[m
[32m[01:10:36.487884] [I] [SingleNodeWorker] [WorkerThread-27] [Task:1621000337-66] [VoidSink.cpp:42] [stop] Void Sink completed.[m
[36m[01:10:36.488021] [D] [SingleNodeWorker] [WorkerThread-27] [] [SourceThread.cpp:226] [tryStop] SourceThread 2: thread is not running[m
[32m[01:10:36.488117] [I] [SingleNodeWorker] [WorkerThread-31] [] [SequenceShredder.cpp:55] [~SequenceShredder] Successfully validated SequenceShredder[m
[36m[01:10:40.140265] [D] [Not A Worker] [unnamed] [queryId:2074506300] [BufferManager.cpp:110] [initialize] NES memory allocation requires 1 out of 540577120256 (so 1.8498748143954595e-10%) available bytes[m
[36m[01:10:40.140312] [D] [Not A Worker] [unnamed] [queryId:2074506300] [BufferManager.cpp:160] [initialize] BufferManager configuration bufferSize=1 numOfBuffers=1[m
[36m[01:10:40.140477] [D] [Not A Worker] [unnamed] [queryId:2074506300] [PipeliningPhase.cpp:365] [apply] Constructed pipeline plan with 1 root pipelines.
PipelinedQueryPlan for Query: 2074506300
Number of root pipelines: 1
------------------
Root Pipeline 0:
  Pipeline(ID(67), Provider(COMPILER))
  Operator chain:
    PhysicalOperator(NES::SourcePhysicalOperator)
  Successor Pipeline:
    Pipeline(ID(68), Provider(None))
      Operator chain:
        PhysicalOperator(NES::ScanPhysicalOperator)
          PhysicalOperator(NES::SelectionPhysicalOperator)
            PhysicalOperator(NES::MapPhysicalOperator)
              PhysicalOperator(NES::EmitPhysicalOperator)
      Successor Pipeline:
        Pipeline(ID(69), Provider(None))
          Operator chain:
            PhysicalOperator(NES::SinkPhysicalOperator)

[m
[36m[01:10:40.144026] [D] [Not A Worker] [unnamed] [] [SinkProvider.cpp:30] [lower] The sinkDescriptor is: SinkDescriptor: (name: variant("PERSON_ID_SINK"), type: Void, Config: )[m
[36m[01:10:40.144520] [D] [SingleNodeWorker] [WorkerThread-8] [Task:2074506300-69] [VoidSink.cpp:37] [start] Setting up void sink: VoidSink[m
[36m[01:10:40.234266] [D] [SingleNodeWorker] [WorkerThread-8] [] [SourceThread.cpp:184] [start] Starting source with originId: 2[m
[36m[01:10:40.235778] [D] [SingleNodeWorker] [WorkerThread-28] [Task:2074506300-68] [BufferManager.cpp:65] [~BufferManager] Calling BufferManager::destroy()[m
[36m[01:10:40.235864] [D] [SingleNodeWorker] [WorkerThread-28] [Task:2074506300-68] [BufferManager.cpp:93] [~BufferManager] Shutting down Buffer Manager completed[m
[36m[01:10:40.955156] [D] [SingleNodeWorker] [WorkerThread-8] [Task:2074506300-68] [InputFormatter.hpp:348] [indexTrailingSpanningTupleProxy] last offset: 262143, first offset: 29[m
[36m[01:10:41.417430] [D] [SingleNodeWorker] [WorkerThread-17] [Task:2074506300-68] [InputFormatter.hpp:348] [indexTrailingSpanningTupleProxy] last offset: 262143, first offset: 198[m
[36m[01:10:41.427692] [D] [SingleNodeWorker] [WorkerThread-3] [Task:2074506300] [SourceThread.cpp:230] [tryStop] SourceThread 2: attempting to stop source[m
[36m[01:10:41.427742] [D] [SingleNodeWorker] [WorkerThread-3] [Task:2074506300] [SourceThread.cpp:248] [tryStop] SourceThread 2: stopped[m
[32m[01:10:41.453383] [I] [SingleNodeWorker] [WorkerThread-13] [Task:2074506300-69] [VoidSink.cpp:42] [stop] Void Sink completed.[m
[36m[01:10:41.453506] [D] [SingleNodeWorker] [WorkerThread-13] [] [SourceThread.cpp:226] [tryStop] SourceThread 2: thread is not running[m
[32m[01:10:41.453688] [I] [SingleNodeWorker] [WorkerThread-6] [] [SequenceShredder.cpp:55] [~SequenceShredder] Successfully validated SequenceShredder[m
[36m[01:10:45.051982] [D] [Not A Worker] [unnamed] [queryId:812107623] [BufferManager.cpp:110] [initialize] NES memory allocation requires 1 out of 540577120256 (so 1.8498748143954595e-10%) available bytes[m
[36m[01:10:45.052028] [D] [Not A Worker] [unnamed] [queryId:812107623] [BufferManager.cpp:160] [initialize] BufferManager configuration bufferSize=1 numOfBuffers=1[m
[36m[01:10:45.052190] [D] [Not A Worker] [unnamed] [queryId:812107623] [PipeliningPhase.cpp:365] [apply] Constructed pipeline plan with 1 root pipelines.
PipelinedQueryPlan for Query: 812107623
Number of root pipelines: 1
------------------
Root Pipeline 0:
  Pipeline(ID(70), Provider(COMPILER))
  Operator chain:
    PhysicalOperator(NES::SourcePhysicalOperator)
  Successor Pipeline:
    Pipeline(ID(71), Provider(None))
      Operator chain:
        PhysicalOperator(NES::ScanPhysicalOperator)
          PhysicalOperator(NES::SelectionPhysicalOperator)
            PhysicalOperator(NES::MapPhysicalOperator)
              PhysicalOperator(NES::EmitPhysicalOperator)
      Successor Pipeline:
        Pipeline(ID(72), Provider(None))
          Operator chain:
            PhysicalOperator(NES::SinkPhysicalOperator)

[m
[36m[01:10:45.055968] [D] [Not A Worker] [unnamed] [] [SinkProvider.cpp:30] [lower] The sinkDescriptor is: SinkDescriptor: (name: variant("PERSON_ID_SINK"), type: Void, Config: )[m
[36m[01:10:45.056481] [D] [SingleNodeWorker] [WorkerThread-5] [Task:812107623-72] [VoidSink.cpp:37] [start] Setting up void sink: VoidSink[m
[36m[01:10:45.144923] [D] [SingleNodeWorker] [WorkerThread-5] [] [SourceThread.cpp:184] [start] Starting source with originId: 2[m
[36m[01:10:45.146532] [D] [SingleNodeWorker] [WorkerThread-5] [Task:812107623-71] [BufferManager.cpp:65] [~BufferManager] Calling BufferManager::destroy()[m
[36m[01:10:45.146558] [D] [SingleNodeWorker] [WorkerThread-5] [Task:812107623-71] [BufferManager.cpp:93] [~BufferManager] Shutting down Buffer Manager completed[m
[36m[01:10:45.508981] [D] [SingleNodeWorker] [WorkerThread-31] [Task:812107623-71] [InputFormatter.hpp:348] [indexTrailingSpanningTupleProxy] last offset: 262143, first offset: 235[m
[36m[01:10:46.142860] [D] [SingleNodeWorker] [WorkerThread-8] [Task:812107623] [SourceThread.cpp:230] [tryStop] SourceThread 2: attempting to stop source[m
[36m[01:10:46.142924] [D] [SingleNodeWorker] [WorkerThread-8] [Task:812107623] [SourceThread.cpp:248] [tryStop] SourceThread 2: stopped[m
[32m[01:10:46.168483] [I] [SingleNodeWorker] [WorkerThread-1] [Task:812107623-72] [VoidSink.cpp:42] [stop] Void Sink completed.[m
[36m[01:10:46.168605] [D] [SingleNodeWorker] [WorkerThread-1] [] [SourceThread.cpp:226] [tryStop] SourceThread 2: thread is not running[m
[32m[01:10:46.168725] [I] [SingleNodeWorker] [WorkerThread-25] [] [SequenceShredder.cpp:55] [~SequenceShredder] Successfully validated SequenceShredder[m
[36m[01:10:49.971694] [D] [Not A Worker] [unnamed] [queryId:555546456] [BufferManager.cpp:110] [initialize] NES memory allocation requires 1 out of 540577120256 (so 1.8498748143954595e-10%) available bytes[m
[36m[01:10:49.971750] [D] [Not A Worker] [unnamed] [queryId:555546456] [BufferManager.cpp:160] [initialize] BufferManager configuration bufferSize=1 numOfBuffers=1[m
[36m[01:10:49.971927] [D] [Not A Worker] [unnamed] [queryId:555546456] [PipeliningPhase.cpp:365] [apply] Constructed pipeline plan with 1 root pipelines.
PipelinedQueryPlan for Query: 555546456
Number of root pipelines: 1
------------------
Root Pipeline 0:
  Pipeline(ID(73), Provider(COMPILER))
  Operator chain:
    PhysicalOperator(NES::SourcePhysicalOperator)
  Successor Pipeline:
    Pipeline(ID(74), Provider(None))
      Operator chain:
        PhysicalOperator(NES::ScanPhysicalOperator)
          PhysicalOperator(NES::SelectionPhysicalOperator)
            PhysicalOperator(NES::MapPhysicalOperator)
              PhysicalOperator(NES::EmitPhysicalOperator)
      Successor Pipeline:
        Pipeline(ID(75), Provider(None))
          Operator chain:
            PhysicalOperator(NES::SinkPhysicalOperator)

[m
[36m[01:10:49.975487] [D] [Not A Worker] [unnamed] [] [SinkProvider.cpp:30] [lower] The sinkDescriptor is: SinkDescriptor: (name: variant("PERSON_ID_SINK"), type: Void, Config: )[m
[36m[01:10:49.976083] [D] [SingleNodeWorker] [WorkerThread-26] [Task:555546456-75] [VoidSink.cpp:37] [start] Setting up void sink: VoidSink[m
[36m[01:10:50.067408] [D] [SingleNodeWorker] [WorkerThread-6] [] [SourceThread.cpp:184] [start] Starting source with originId: 2[m
[36m[01:10:50.069051] [D] [SingleNodeWorker] [WorkerThread-1] [Task:555546456-74] [BufferManager.cpp:65] [~BufferManager] Calling BufferManager::destroy()[m
[36m[01:10:50.069127] [D] [SingleNodeWorker] [WorkerThread-1] [Task:555546456-74] [BufferManager.cpp:93] [~BufferManager] Shutting down Buffer Manager completed[m
[36m[01:10:51.145689] [D] [SingleNodeWorker] [WorkerThread-2] [Task:555546456] [SourceThread.cpp:230] [tryStop] SourceThread 2: attempting to stop source[m
[36m[01:10:51.145739] [D] [SingleNodeWorker] [WorkerThread-2] [Task:555546456] [SourceThread.cpp:248] [tryStop] SourceThread 2: stopped[m
[32m[01:10:51.171864] [I] [SingleNodeWorker] [WorkerThread-4] [Task:555546456-75] [VoidSink.cpp:42] [stop] Void Sink completed.[m
[36m[01:10:51.172022] [D] [SingleNodeWorker] [WorkerThread-4] [] [SourceThread.cpp:226] [tryStop] SourceThread 2: thread is not running[m
[32m[01:10:51.172290] [I] [SingleNodeWorker] [WorkerThread-15] [] [SequenceShredder.cpp:55] [~SequenceShredder] Successfully validated SequenceShredder[m
[36m[01:10:54.940883] [D] [Not A Worker] [unnamed] [queryId:1567426629] [BufferManager.cpp:110] [initialize] NES memory allocation requires 1 out of 540577120256 (so 1.8498748143954595e-10%) available bytes[m
[36m[01:10:54.940931] [D] [Not A Worker] [unnamed] [queryId:1567426629] [BufferManager.cpp:160] [initialize] BufferManager configuration bufferSize=1 numOfBuffers=1[m
[36m[01:10:54.941096] [D] [Not A Worker] [unnamed] [queryId:1567426629] [PipeliningPhase.cpp:365] [apply] Constructed pipeline plan with 1 root pipelines.
PipelinedQueryPlan for Query: 1567426629
Number of root pipelines: 1
------------------
Root Pipeline 0:
  Pipeline(ID(76), Provider(COMPILER))
  Operator chain:
    PhysicalOperator(NES::SourcePhysicalOperator)
  Successor Pipeline:
    Pipeline(ID(77), Provider(None))
      Operator chain:
        PhysicalOperator(NES::ScanPhysicalOperator)
          PhysicalOperator(NES::SelectionPhysicalOperator)
            PhysicalOperator(NES::MapPhysicalOperator)
              PhysicalOperator(NES::EmitPhysicalOperator)
      Successor Pipeline:
        Pipeline(ID(78), Provider(None))
          Operator chain:
            PhysicalOperator(NES::SinkPhysicalOperator)

[m
[36m[01:10:54.944703] [D] [Not A Worker] [unnamed] [] [SinkProvider.cpp:30] [lower] The sinkDescriptor is: SinkDescriptor: (name: variant("PERSON_ID_SINK"), type: Void, Config: )[m
[36m[01:10:54.945127] [D] [SingleNodeWorker] [WorkerThread-30] [Task:1567426629-78] [VoidSink.cpp:37] [start] Setting up void sink: VoidSink[m
[36m[01:10:55.031817] [D] [SingleNodeWorker] [WorkerThread-3] [] [SourceThread.cpp:184] [start] Starting source with originId: 2[m
[36m[01:10:55.033315] [D] [SingleNodeWorker] [WorkerThread-3] [Task:1567426629-77] [BufferManager.cpp:65] [~BufferManager] Calling BufferManager::destroy()[m
[36m[01:10:55.033340] [D] [SingleNodeWorker] [WorkerThread-3] [Task:1567426629-77] [BufferManager.cpp:93] [~BufferManager] Shutting down Buffer Manager completed[m
[36m[01:10:55.127724] [D] [SingleNodeWorker] [WorkerThread-21] [Task:1567426629-77] [InputFormatter.hpp:348] [indexTrailingSpanningTupleProxy] last offset: 262143, first offset: 31[m
[36m[01:10:56.013448] [D] [SingleNodeWorker] [WorkerThread-2] [Task:1567426629] [SourceThread.cpp:230] [tryStop] SourceThread 2: attempting to stop source[m
[36m[01:10:56.013495] [D] [SingleNodeWorker] [WorkerThread-2] [Task:1567426629] [SourceThread.cpp:248] [tryStop] SourceThread 2: stopped[m
[32m[01:10:56.039264] [I] [SingleNodeWorker] [WorkerThread-1] [Task:1567426629-78] [VoidSink.cpp:42] [stop] Void Sink completed.[m
[32m[01:10:56.039325] [I] [SingleNodeWorker] [WorkerThread-20] [] [SequenceShredder.cpp:55] [~SequenceShredder] Successfully validated SequenceShredder[m
[36m[01:10:56.039395] [D] [SingleNodeWorker] [WorkerThread-1] [] [SourceThread.cpp:226] [tryStop] SourceThread 2: thread is not running[m
[36m[01:10:59.978196] [D] [Not A Worker] [unnamed] [queryId:182139593] [BufferManager.cpp:110] [initialize] NES memory allocation requires 1 out of 540577120256 (so 1.8498748143954595e-10%) available bytes[m
[36m[01:10:59.978260] [D] [Not A Worker] [unnamed] [queryId:182139593] [BufferManager.cpp:160] [initialize] BufferManager configuration bufferSize=1 numOfBuffers=1[m
[36m[01:10:59.978441] [D] [Not A Worker] [unnamed] [queryId:182139593] [PipeliningPhase.cpp:365] [apply] Constructed pipeline plan with 1 root pipelines.
PipelinedQueryPlan for Query: 182139593
Number of root pipelines: 1
------------------
Root Pipeline 0:
  Pipeline(ID(79), Provider(COMPILER))
  Operator chain:
    PhysicalOperator(NES::SourcePhysicalOperator)
  Successor Pipeline:
    Pipeline(ID(80), Provider(None))
      Operator chain:
        PhysicalOperator(NES::ScanPhysicalOperator)
          PhysicalOperator(NES::SelectionPhysicalOperator)
            PhysicalOperator(NES::MapPhysicalOperator)
              PhysicalOperator(NES::EmitPhysicalOperator)
      Successor Pipeline:
        Pipeline(ID(81), Provider(None))
          Operator chain:
            PhysicalOperator(NES::SinkPhysicalOperator)

[m
[36m[01:10:59.982248] [D] [Not A Worker] [unnamed] [] [SinkProvider.cpp:30] [lower] The sinkDescriptor is: SinkDescriptor: (name: variant("PERSON_ID_SINK"), type: Void, Config: )[m
[36m[01:10:59.982685] [D] [SingleNodeWorker] [WorkerThread-11] [Task:182139593-81] [VoidSink.cpp:37] [start] Setting up void sink: VoidSink[m
[36m[01:11:00.069882] [D] [SingleNodeWorker] [WorkerThread-11] [] [SourceThread.cpp:184] [start] Starting source with originId: 2[m
[36m[01:11:00.071792] [D] [SingleNodeWorker] [WorkerThread-25] [Task:182139593-80] [BufferManager.cpp:65] [~BufferManager] Calling BufferManager::destroy()[m
[36m[01:11:00.071878] [D] [SingleNodeWorker] [WorkerThread-25] [Task:182139593-80] [BufferManager.cpp:93] [~BufferManager] Shutting down Buffer Manager completed[m
[36m[01:11:00.359158] [D] [SingleNodeWorker] [WorkerThread-21] [Task:182139593-80] [InputFormatter.hpp:348] [indexTrailingSpanningTupleProxy] last offset: 262143, first offset: 319[m
[36m[01:11:00.406959] [D] [SingleNodeWorker] [WorkerThread-1] [Task:182139593-80] [InputFormatter.hpp:348] [indexTrailingSpanningTupleProxy] last offset: 262143, first offset: 235[m
[36m[01:11:00.580882] [D] [SingleNodeWorker] [WorkerThread-26] [Task:182139593-80] [InputFormatter.hpp:348] [indexTrailingSpanningTupleProxy] last offset: 262143, first offset: 327[m
[36m[01:11:00.686298] [D] [SingleNodeWorker] [WorkerThread-14] [Task:182139593-80] [InputFormatter.hpp:348] [indexTrailingSpanningTupleProxy] last offset: 262143, first offset: 154[m
[36m[01:11:00.969990] [D] [SingleNodeWorker] [WorkerThread-0] [Task:182139593] [SourceThread.cpp:230] [tryStop] SourceThread 2: attempting to stop source[m
[36m[01:11:00.970037] [D] [SingleNodeWorker] [WorkerThread-0] [Task:182139593] [SourceThread.cpp:248] [tryStop] SourceThread 2: stopped[m
[32m[01:11:00.995723] [I] [SingleNodeWorker] [WorkerThread-27] [Task:182139593-81] [VoidSink.cpp:42] [stop] Void Sink completed.[m
[32m[01:11:00.995765] [I] [SingleNodeWorker] [WorkerThread-14] [] [SequenceShredder.cpp:55] [~SequenceShredder] Successfully validated SequenceShredder[m
[36m[01:11:00.995848] [D] [SingleNodeWorker] [WorkerThread-27] [] [SourceThread.cpp:226] [tryStop] SourceThread 2: thread is not running[m
[36m[01:11:04.871195] [D] [Not A Worker] [unnamed] [queryId:1356842179] [BufferManager.cpp:110] [initialize] NES memory allocation requires 1 out of 540577120256 (so 1.8498748143954595e-10%) available bytes[m
[36m[01:11:04.871248] [D] [Not A Worker] [unnamed] [queryId:1356842179] [BufferManager.cpp:160] [initialize] BufferManager configuration bufferSize=1 numOfBuffers=1[m
[36m[01:11:04.871412] [D] [Not A Worker] [unnamed] [queryId:1356842179] [PipeliningPhase.cpp:365] [apply] Constructed pipeline plan with 1 root pipelines.
PipelinedQueryPlan for Query: 1356842179
Number of root pipelines: 1
------------------
Root Pipeline 0:
  Pipeline(ID(82), Provider(COMPILER))
  Operator chain:
    PhysicalOperator(NES::SourcePhysicalOperator)
  Successor Pipeline:
    Pipeline(ID(83), Provider(None))
      Operator chain:
        PhysicalOperator(NES::ScanPhysicalOperator)
          PhysicalOperator(NES::SelectionPhysicalOperator)
            PhysicalOperator(NES::MapPhysicalOperator)
              PhysicalOperator(NES::EmitPhysicalOperator)
      Successor Pipeline:
        Pipeline(ID(84), Provider(None))
          Operator chain:
            PhysicalOperator(NES::SinkPhysicalOperator)

[m
[36m[01:11:04.875313] [D] [Not A Worker] [unnamed] [] [SinkProvider.cpp:30] [lower] The sinkDescriptor is: SinkDescriptor: (name: variant("PERSON_ID_SINK"), type: Void, Config: )[m
[36m[01:11:04.876015] [D] [SingleNodeWorker] [WorkerThread-2] [Task:1356842179-84] [VoidSink.cpp:37] [start] Setting up void sink: VoidSink[m
[36m[01:11:04.966144] [D] [SingleNodeWorker] [WorkerThread-2] [] [SourceThread.cpp:184] [start] Starting source with originId: 2[m
[36m[01:11:04.968677] [D] [SingleNodeWorker] [WorkerThread-14] [Task:1356842179-83] [BufferManager.cpp:65] [~BufferManager] Calling BufferManager::destroy()[m
[36m[01:11:04.968784] [D] [SingleNodeWorker] [WorkerThread-14] [Task:1356842179-83] [BufferManager.cpp:93] [~BufferManager] Shutting down Buffer Manager completed[m
[36m[01:11:05.995506] [D] [SingleNodeWorker] [WorkerThread-8] [Task:1356842179] [SourceThread.cpp:230] [tryStop] SourceThread 2: attempting to stop source[m
[36m[01:11:05.995568] [D] [SingleNodeWorker] [WorkerThread-8] [Task:1356842179] [SourceThread.cpp:248] [tryStop] SourceThread 2: stopped[m
[32m[01:11:06.021913] [I] [SingleNodeWorker] [WorkerThread-26] [Task:1356842179-84] [VoidSink.cpp:42] [stop] Void Sink completed.[m
[32m[01:11:06.021937] [I] [SingleNodeWorker] [WorkerThread-1] [] [SequenceShredder.cpp:55] [~SequenceShredder] Successfully validated SequenceShredder[m
[36m[01:11:06.022046] [D] [SingleNodeWorker] [WorkerThread-26] [] [SourceThread.cpp:226] [tryStop] SourceThread 2: thread is not running[m
[36m[01:11:09.832312] [D] [Not A Worker] [unnamed] [queryId:843411455] [BufferManager.cpp:110] [initialize] NES memory allocation requires 1 out of 540577120256 (so 1.8498748143954595e-10%) available bytes[m
[36m[01:11:09.832361] [D] [Not A Worker] [unnamed] [queryId:843411455] [BufferManager.cpp:160] [initialize] BufferManager configuration bufferSize=1 numOfBuffers=1[m
[36m[01:11:09.832525] [D] [Not A Worker] [unnamed] [queryId:843411455] [PipeliningPhase.cpp:365] [apply] Constructed pipeline plan with 1 root pipelines.
PipelinedQueryPlan for Query: 843411455
Number of root pipelines: 1
------------------
Root Pipeline 0:
  Pipeline(ID(85), Provider(COMPILER))
  Operator chain:
    PhysicalOperator(NES::SourcePhysicalOperator)
  Successor Pipeline:
    Pipeline(ID(86), Provider(None))
      Operator chain:
        PhysicalOperator(NES::ScanPhysicalOperator)
          PhysicalOperator(NES::SelectionPhysicalOperator)
            PhysicalOperator(NES::MapPhysicalOperator)
              PhysicalOperator(NES::EmitPhysicalOperator)
      Successor Pipeline:
        Pipeline(ID(87), Provider(None))
          Operator chain:
            PhysicalOperator(NES::SinkPhysicalOperator)

[m
[36m[01:11:09.836477] [D] [Not A Worker] [unnamed] [] [SinkProvider.cpp:30] [lower] The sinkDescriptor is: SinkDescriptor: (name: variant("PERSON_ID_SINK"), type: Void, Config: )[m
[36m[01:11:09.836922] [D] [SingleNodeWorker] [WorkerThread-1] [Task:843411455-87] [VoidSink.cpp:37] [start] Setting up void sink: VoidSink[m
[36m[01:11:09.925094] [D] [SingleNodeWorker] [WorkerThread-1] [] [SourceThread.cpp:184] [start] Starting source with originId: 2[m
[36m[01:11:09.927106] [D] [SingleNodeWorker] [WorkerThread-14] [Task:843411455-86] [BufferManager.cpp:65] [~BufferManager] Calling BufferManager::destroy()[m
[36m[01:11:09.927188] [D] [SingleNodeWorker] [WorkerThread-14] [Task:843411455-86] [BufferManager.cpp:93] [~BufferManager] Shutting down Buffer Manager completed[m
[36m[01:11:10.883791] [D] [SingleNodeWorker] [WorkerThread-5] [Task:843411455] [SourceThread.cpp:230] [tryStop] SourceThread 2: attempting to stop source[m
[36m[01:11:10.883849] [D] [SingleNodeWorker] [WorkerThread-5] [Task:843411455] [SourceThread.cpp:248] [tryStop] SourceThread 2: stopped[m
[32m[01:11:10.909525] [I] [SingleNodeWorker] [WorkerThread-28] [Task:843411455-87] [VoidSink.cpp:42] [stop] Void Sink completed.[m
[36m[01:11:10.909672] [D] [SingleNodeWorker] [WorkerThread-28] [] [SourceThread.cpp:226] [tryStop] SourceThread 2: thread is not running[m
[32m[01:11:10.909863] [I] [SingleNodeWorker] [WorkerThread-4] [] [SequenceShredder.cpp:55] [~SequenceShredder] Successfully validated SequenceShredder[m
[36m[01:11:14.738650] [D] [Not A Worker] [unnamed] [queryId:1264945434] [BufferManager.cpp:110] [initialize] NES memory allocation requires 1 out of 540577120256 (so 1.8498748143954595e-10%) available bytes[m
[36m[01:11:14.738699] [D] [Not A Worker] [unnamed] [queryId:1264945434] [BufferManager.cpp:160] [initialize] BufferManager configuration bufferSize=1 numOfBuffers=1[m
[36m[01:11:14.738875] [D] [Not A Worker] [unnamed] [queryId:1264945434] [PipeliningPhase.cpp:365] [apply] Constructed pipeline plan with 1 root pipelines.
PipelinedQueryPlan for Query: 1264945434
Number of root pipelines: 1
------------------
Root Pipeline 0:
  Pipeline(ID(88), Provider(COMPILER))
  Operator chain:
    PhysicalOperator(NES::SourcePhysicalOperator)
  Successor Pipeline:
    Pipeline(ID(89), Provider(None))
      Operator chain:
        PhysicalOperator(NES::ScanPhysicalOperator)
          PhysicalOperator(NES::SelectionPhysicalOperator)
            PhysicalOperator(NES::MapPhysicalOperator)
              PhysicalOperator(NES::EmitPhysicalOperator)
      Successor Pipeline:
        Pipeline(ID(90), Provider(None))
          Operator chain:
            PhysicalOperator(NES::SinkPhysicalOperator)

[m
[36m[01:11:14.742602] [D] [Not A Worker] [unnamed] [] [SinkProvider.cpp:30] [lower] The sinkDescriptor is: SinkDescriptor: (name: variant("PERSON_ID_SINK"), type: Void, Config: )[m
[36m[01:11:14.743440] [D] [SingleNodeWorker] [WorkerThread-11] [Task:1264945434-90] [VoidSink.cpp:37] [start] Setting up void sink: VoidSink[m
[36m[01:11:14.828498] [D] [SingleNodeWorker] [WorkerThread-11] [] [SourceThread.cpp:184] [start] Starting source with originId: 2[m
[36m[01:11:14.830039] [D] [SingleNodeWorker] [WorkerThread-11] [Task:1264945434-89] [BufferManager.cpp:65] [~BufferManager] Calling BufferManager::destroy()[m
[36m[01:11:14.830063] [D] [SingleNodeWorker] [WorkerThread-11] [Task:1264945434-89] [BufferManager.cpp:93] [~BufferManager] Shutting down Buffer Manager completed[m
[36m[01:11:15.738277] [D] [SingleNodeWorker] [WorkerThread-8] [Task:1264945434] [SourceThread.cpp:230] [tryStop] SourceThread 2: attempting to stop source[m
[36m[01:11:15.738333] [D] [SingleNodeWorker] [WorkerThread-8] [Task:1264945434] [SourceThread.cpp:248] [tryStop] SourceThread 2: stopped[m
[32m[01:11:15.763910] [I] [SingleNodeWorker] [WorkerThread-13] [Task:1264945434-90] [VoidSink.cpp:42] [stop] Void Sink completed.[m
[36m[01:11:15.764033] [D] [SingleNodeWorker] [WorkerThread-13] [] [SourceThread.cpp:226] [tryStop] SourceThread 2: thread is not running[m
[32m[01:11:15.764120] [I] [SingleNodeWorker] [WorkerThread-11] [] [SequenceShredder.cpp:55] [~SequenceShredder] Successfully validated SequenceShredder[m
[36m[01:11:19.642022] [D] [Not A Worker] [unnamed] [queryId:1593202606] [BufferManager.cpp:110] [initialize] NES memory allocation requires 1 out of 540577120256 (so 1.8498748143954595e-10%) available bytes[m
[36m[01:11:19.642072] [D] [Not A Worker] [unnamed] [queryId:1593202606] [BufferManager.cpp:160] [initialize] BufferManager configuration bufferSize=1 numOfBuffers=1[m
[36m[01:11:19.642418] [D] [Not A Worker] [unnamed] [queryId:1593202606] [PipeliningPhase.cpp:365] [apply] Constructed pipeline plan with 1 root pipelines.
PipelinedQueryPlan for Query: 1593202606
Number of root pipelines: 1
------------------
Root Pipeline 0:
  Pipeline(ID(91), Provider(COMPILER))
  Operator chain:
    PhysicalOperator(NES::SourcePhysicalOperator)
  Successor Pipeline:
    Pipeline(ID(92), Provider(None))
      Operator chain:
        PhysicalOperator(NES::ScanPhysicalOperator)
          PhysicalOperator(NES::MapPhysicalOperator)
            PhysicalOperator(NES::EmitPhysicalOperator)
      Successor Pipeline:
        Pipeline(ID(93), Provider(None))
          Operator chain:
            PhysicalOperator(NES::SinkPhysicalOperator)

[m
[36m[01:11:19.645655] [D] [Not A Worker] [unnamed] [] [SinkProvider.cpp:30] [lower] The sinkDescriptor is: SinkDescriptor: (name: variant("EXTRA_SINK"), type: Void, Config: )[m
[36m[01:11:19.646154] [D] [SingleNodeWorker] [WorkerThread-30] [Task:1593202606-93] [VoidSink.cpp:37] [start] Setting up void sink: VoidSink[m
[36m[01:11:19.706341] [D] [SingleNodeWorker] [WorkerThread-29] [] [SourceThread.cpp:184] [start] Starting source with originId: 2[m
[36m[01:11:19.708207] [D] [SingleNodeWorker] [WorkerThread-14] [Task:1593202606-92] [BufferManager.cpp:65] [~BufferManager] Calling BufferManager::destroy()[m
[36m[01:11:19.708293] [D] [SingleNodeWorker] [WorkerThread-14] [Task:1593202606-92] [BufferManager.cpp:93] [~BufferManager] Shutting down Buffer Manager completed[m
[36m[01:11:20.027822] [D] [SingleNodeWorker] [WorkerThread-8] [Task:1593202606-92] [InputFormatter.hpp:348] [indexTrailingSpanningTupleProxy] last offset: 262143, first offset: 206[m
[36m[01:11:20.874692] [D] [SingleNodeWorker] [WorkerThread-15] [Task:1593202606] [SourceThread.cpp:230] [tryStop] SourceThread 2: attempting to stop source[m
[36m[01:11:20.874742] [D] [SingleNodeWorker] [WorkerThread-15] [Task:1593202606] [SourceThread.cpp:248] [tryStop] SourceThread 2: stopped[m
[32m[01:11:20.900407] [I] [SingleNodeWorker] [WorkerThread-12] [Task:1593202606-93] [VoidSink.cpp:42] [stop] Void Sink completed.[m
[36m[01:11:20.900535] [D] [SingleNodeWorker] [WorkerThread-12] [] [SourceThread.cpp:226] [tryStop] SourceThread 2: thread is not running[m
[32m[01:11:20.900566] [I] [SingleNodeWorker] [WorkerThread-25] [] [SequenceShredder.cpp:55] [~SequenceShredder] Successfully validated SequenceShredder[m
[36m[01:11:24.596700] [D] [Not A Worker] [unnamed] [queryId:2072669189] [BufferManager.cpp:110] [initialize] NES memory allocation requires 1 out of 540577120256 (so 1.8498748143954595e-10%) available bytes[m
[36m[01:11:24.596755] [D] [Not A Worker] [unnamed] [queryId:2072669189] [BufferManager.cpp:160] [initialize] BufferManager configuration bufferSize=1 numOfBuffers=1[m
[36m[01:11:24.597092] [D] [Not A Worker] [unnamed] [queryId:2072669189] [PipeliningPhase.cpp:365] [apply] Constructed pipeline plan with 1 root pipelines.
PipelinedQueryPlan for Query: 2072669189
Number of root pipelines: 1
------------------
Root Pipeline 0:
  Pipeline(ID(94), Provider(COMPILER))
  Operator chain:
    PhysicalOperator(NES::SourcePhysicalOperator)
  Successor Pipeline:
    Pipeline(ID(95), Provider(None))
      Operator chain:
        PhysicalOperator(NES::ScanPhysicalOperator)
          PhysicalOperator(NES::MapPhysicalOperator)
            PhysicalOperator(NES::EmitPhysicalOperator)
      Successor Pipeline:
        Pipeline(ID(96), Provider(None))
          Operator chain:
            PhysicalOperator(NES::SinkPhysicalOperator)

[m
[36m[01:11:24.600911] [D] [Not A Worker] [unnamed] [] [SinkProvider.cpp:30] [lower] The sinkDescriptor is: SinkDescriptor: (name: variant("EXTRA_SINK"), type: Void, Config: )[m
[36m[01:11:24.601760] [D] [SingleNodeWorker] [WorkerThread-29] [Task:2072669189-96] [VoidSink.cpp:37] [start] Setting up void sink: VoidSink[m
[36m[01:11:24.662453] [D] [SingleNodeWorker] [WorkerThread-29] [] [SourceThread.cpp:184] [start] Starting source with originId: 2[m
[36m[01:11:24.664541] [D] [SingleNodeWorker] [WorkerThread-5] [Task:2072669189-95] [BufferManager.cpp:65] [~BufferManager] Calling BufferManager::destroy()[m
[36m[01:11:24.664644] [D] [SingleNodeWorker] [WorkerThread-5] [Task:2072669189-95] [BufferManager.cpp:93] [~BufferManager] Shutting down Buffer Manager completed[m
[36m[01:11:25.985478] [D] [SingleNodeWorker] [WorkerThread-26] [Task:2072669189] [SourceThread.cpp:230] [tryStop] SourceThread 2: attempting to stop source[m
[36m[01:11:25.985528] [D] [SingleNodeWorker] [WorkerThread-26] [Task:2072669189] [SourceThread.cpp:248] [tryStop] SourceThread 2: stopped[m
[32m[01:11:26.012291] [I] [SingleNodeWorker] [WorkerThread-22] [Task:2072669189-96] [VoidSink.cpp:42] [stop] Void Sink completed.[m
[36m[01:11:26.012415] [D] [SingleNodeWorker] [WorkerThread-22] [] [SourceThread.cpp:226] [tryStop] SourceThread 2: thread is not running[m
[32m[01:11:26.012513] [I] [SingleNodeWorker] [WorkerThread-20] [] [SequenceShredder.cpp:55] [~SequenceShredder] Successfully validated SequenceShredder[m
[36m[01:11:29.691309] [D] [Not A Worker] [unnamed] [queryId:456989099] [BufferManager.cpp:110] [initialize] NES memory allocation requires 1 out of 540577120256 (so 1.8498748143954595e-10%) available bytes[m
[36m[01:11:29.691366] [D] [Not A Worker] [unnamed] [queryId:456989099] [BufferManager.cpp:160] [initialize] BufferManager configuration bufferSize=1 numOfBuffers=1[m
[36m[01:11:29.691750] [D] [Not A Worker] [unnamed] [queryId:456989099] [PipeliningPhase.cpp:365] [apply] Constructed pipeline plan with 1 root pipelines.
PipelinedQueryPlan for Query: 456989099
Number of root pipelines: 1
------------------
Root Pipeline 0:
  Pipeline(ID(97), Provider(COMPILER))
  Operator chain:
    PhysicalOperator(NES::SourcePhysicalOperator)
  Successor Pipeline:
    Pipeline(ID(98), Provider(None))
      Operator chain:
        PhysicalOperator(NES::ScanPhysicalOperator)
          PhysicalOperator(NES::MapPhysicalOperator)
            PhysicalOperator(NES::EmitPhysicalOperator)
      Successor Pipeline:
        Pipeline(ID(99), Provider(None))
          Operator chain:
            PhysicalOperator(NES::SinkPhysicalOperator)

[m
[36m[01:11:29.695530] [D] [Not A Worker] [unnamed] [] [SinkProvider.cpp:30] [lower] The sinkDescriptor is: SinkDescriptor: (name: variant("EXTRA_SINK"), type: Void, Config: )[m
[36m[01:11:29.696252] [D] [SingleNodeWorker] [WorkerThread-22] [Task:456989099-99] [VoidSink.cpp:37] [start] Setting up void sink: VoidSink[m
[36m[01:11:29.755190] [D] [SingleNodeWorker] [WorkerThread-22] [] [SourceThread.cpp:184] [start] Starting source with originId: 2[m
[36m[01:11:29.756679] [D] [SingleNodeWorker] [WorkerThread-22] [Task:456989099-98] [BufferManager.cpp:65] [~BufferManager] Calling BufferManager::destroy()[m
[36m[01:11:29.756704] [D] [SingleNodeWorker] [WorkerThread-22] [Task:456989099-98] [BufferManager.cpp:93] [~BufferManager] Shutting down Buffer Manager completed[m
[36m[01:11:31.043738] [D] [SingleNodeWorker] [WorkerThread-4] [Task:456989099] [SourceThread.cpp:230] [tryStop] SourceThread 2: attempting to stop source[m
[36m[01:11:31.043795] [D] [SingleNodeWorker] [WorkerThread-4] [Task:456989099] [SourceThread.cpp:248] [tryStop] SourceThread 2: stopped[m
[32m[01:11:31.069736] [I] [SingleNodeWorker] [WorkerThread-6] [Task:456989099-99] [VoidSink.cpp:42] [stop] Void Sink completed.[m
[36m[01:11:31.069863] [D] [SingleNodeWorker] [WorkerThread-6] [] [SourceThread.cpp:226] [tryStop] SourceThread 2: thread is not running[m
[32m[01:11:31.070037] [I] [SingleNodeWorker] [WorkerThread-22] [] [SequenceShredder.cpp:55] [~SequenceShredder] Successfully validated SequenceShredder[m
[36m[01:11:34.736149] [D] [Not A Worker] [unnamed] [queryId:1003767357] [BufferManager.cpp:110] [initialize] NES memory allocation requires 1 out of 540577120256 (so 1.8498748143954595e-10%) available bytes[m
[36m[01:11:34.736210] [D] [Not A Worker] [unnamed] [queryId:1003767357] [BufferManager.cpp:160] [initialize] BufferManager configuration bufferSize=1 numOfBuffers=1[m
[36m[01:11:34.736556] [D] [Not A Worker] [unnamed] [queryId:1003767357] [PipeliningPhase.cpp:365] [apply] Constructed pipeline plan with 1 root pipelines.
PipelinedQueryPlan for Query: 1003767357
Number of root pipelines: 1
------------------
Root Pipeline 0:
  Pipeline(ID(100), Provider(COMPILER))
  Operator chain:
    PhysicalOperator(NES::SourcePhysicalOperator)
  Successor Pipeline:
    Pipeline(ID(101), Provider(None))
      Operator chain:
        PhysicalOperator(NES::ScanPhysicalOperator)
          PhysicalOperator(NES::MapPhysicalOperator)
            PhysicalOperator(NES::EmitPhysicalOperator)
      Successor Pipeline:
        Pipeline(ID(102), Provider(None))
          Operator chain:
            PhysicalOperator(NES::SinkPhysicalOperator)

[m
[36m[01:11:34.739892] [D] [Not A Worker] [unnamed] [] [SinkProvider.cpp:30] [lower] The sinkDescriptor is: SinkDescriptor: (name: variant("EXTRA_SINK"), type: Void, Config: )[m
[36m[01:11:34.740367] [D] [SingleNodeWorker] [WorkerThread-25] [Task:1003767357-102] [VoidSink.cpp:37] [start] Setting up void sink: VoidSink[m
[36m[01:11:34.800222] [D] [SingleNodeWorker] [WorkerThread-4] [] [SourceThread.cpp:184] [start] Starting source with originId: 2[m
[36m[01:11:34.801801] [D] [SingleNodeWorker] [WorkerThread-11] [Task:1003767357-101] [BufferManager.cpp:65] [~BufferManager] Calling BufferManager::destroy()[m
[36m[01:11:34.801880] [D] [SingleNodeWorker] [WorkerThread-11] [Task:1003767357-101] [BufferManager.cpp:93] [~BufferManager] Shutting down Buffer Manager completed[m
[36m[01:11:35.139930] [D] [SingleNodeWorker] [WorkerThread-25] [Task:1003767357-101] [InputFormatter.hpp:348] [indexTrailingSpanningTupleProxy] last offset: 262143, first offset: 319[m
[36m[01:11:35.191255] [D] [SingleNodeWorker] [WorkerThread-14] [Task:1003767357-101] [InputFormatter.hpp:348] [indexTrailingSpanningTupleProxy] last offset: 262143, first offset: 152[m
[36m[01:11:35.612109] [D] [SingleNodeWorker] [WorkerThread-27] [Task:1003767357-101] [InputFormatter.hpp:348] [indexTrailingSpanningTupleProxy] last offset: 262143, first offset: 214[m
[36m[01:11:35.970126] [D] [SingleNodeWorker] [WorkerThread-1] [Task:1003767357] [SourceThread.cpp:230] [tryStop] SourceThread 2: attempting to stop source[m
[36m[01:11:35.970182] [D] [SingleNodeWorker] [WorkerThread-1] [Task:1003767357] [SourceThread.cpp:248] [tryStop] SourceThread 2: stopped[m
[32m[01:11:35.995912] [I] [SingleNodeWorker] [WorkerThread-24] [Task:1003767357-102] [VoidSink.cpp:42] [stop] Void Sink completed.[m
[36m[01:11:35.996046] [D] [SingleNodeWorker] [WorkerThread-24] [] [SourceThread.cpp:226] [tryStop] SourceThread 2: thread is not running[m
[32m[01:11:35.996102] [I] [SingleNodeWorker] [WorkerThread-25] [] [SequenceShredder.cpp:55] [~SequenceShredder] Successfully validated SequenceShredder[m
[36m[01:11:39.787278] [D] [Not A Worker] [unnamed] [queryId:790464152] [BufferManager.cpp:110] [initialize] NES memory allocation requires 1 out of 540577120256 (so 1.8498748143954595e-10%) available bytes[m
[36m[01:11:39.787345] [D] [Not A Worker] [unnamed] [queryId:790464152] [BufferManager.cpp:160] [initialize] BufferManager configuration bufferSize=1 numOfBuffers=1[m
[36m[01:11:39.787670] [D] [Not A Worker] [unnamed] [queryId:790464152] [PipeliningPhase.cpp:365] [apply] Constructed pipeline plan with 1 root pipelines.
PipelinedQueryPlan for Query: 790464152
Number of root pipelines: 1
------------------
Root Pipeline 0:
  Pipeline(ID(103), Provider(COMPILER))
  Operator chain:
    PhysicalOperator(NES::SourcePhysicalOperator)
  Successor Pipeline:
    Pipeline(ID(104), Provider(None))
      Operator chain:
        PhysicalOperator(NES::ScanPhysicalOperator)
          PhysicalOperator(NES::MapPhysicalOperator)
            PhysicalOperator(NES::EmitPhysicalOperator)
      Successor Pipeline:
        Pipeline(ID(105), Provider(None))
          Operator chain:
            PhysicalOperator(NES::SinkPhysicalOperator)

[m
[36m[01:11:39.791153] [D] [Not A Worker] [unnamed] [] [SinkProvider.cpp:30] [lower] The sinkDescriptor is: SinkDescriptor: (name: variant("EXTRA_SINK"), type: Void, Config: )[m
[36m[01:11:39.792995] [D] [SingleNodeWorker] [WorkerThread-28] [Task:790464152-105] [VoidSink.cpp:37] [start] Setting up void sink: VoidSink[m
[36m[01:11:39.852360] [D] [SingleNodeWorker] [WorkerThread-19] [] [SourceThread.cpp:184] [start] Starting source with originId: 2[m
[36m[01:11:39.853897] [D] [SingleNodeWorker] [WorkerThread-19] [Task:790464152-104] [BufferManager.cpp:65] [~BufferManager] Calling BufferManager::destroy()[m
[36m[01:11:39.853922] [D] [SingleNodeWorker] [WorkerThread-19] [Task:790464152-104] [BufferManager.cpp:93] [~BufferManager] Shutting down Buffer Manager completed[m
[36m[01:11:40.915103] [D] [SingleNodeWorker] [WorkerThread-24] [Task:790464152-104] [InputFormatter.hpp:348] [indexTrailingSpanningTupleProxy] last offset: 262143, first offset: 198[m
[36m[01:11:40.922979] [D] [SingleNodeWorker] [WorkerThread-3] [Task:790464152] [SourceThread.cpp:230] [tryStop] SourceThread 2: attempting to stop source[m
[36m[01:11:40.923011] [D] [SingleNodeWorker] [WorkerThread-3] [Task:790464152] [SourceThread.cpp:248] [tryStop] SourceThread 2: stopped[m
[32m[01:11:40.948781] [I] [SingleNodeWorker] [WorkerThread-30] [Task:790464152-105] [VoidSink.cpp:42] [stop] Void Sink completed.[m
[36m[01:11:40.948901] [D] [SingleNodeWorker] [WorkerThread-30] [] [SourceThread.cpp:226] [tryStop] SourceThread 2: thread is not running[m
[32m[01:11:40.949027] [I] [SingleNodeWorker] [WorkerThread-21] [] [SequenceShredder.cpp:55] [~SequenceShredder] Successfully validated SequenceShredder[m
[36m[01:11:44.734142] [D] [Not A Worker] [unnamed] [queryId:1823244417] [BufferManager.cpp:110] [initialize] NES memory allocation requires 1 out of 540577120256 (so 1.8498748143954595e-10%) available bytes[m
[36m[01:11:44.734209] [D] [Not A Worker] [unnamed] [queryId:1823244417] [BufferManager.cpp:160] [initialize] BufferManager configuration bufferSize=1 numOfBuffers=1[m
[36m[01:11:44.734538] [D] [Not A Worker] [unnamed] [queryId:1823244417] [PipeliningPhase.cpp:365] [apply] Constructed pipeline plan with 1 root pipelines.
PipelinedQueryPlan for Query: 1823244417
Number of root pipelines: 1
------------------
Root Pipeline 0:
  Pipeline(ID(106), Provider(COMPILER))
  Operator chain:
    PhysicalOperator(NES::SourcePhysicalOperator)
  Successor Pipeline:
    Pipeline(ID(107), Provider(None))
      Operator chain:
        PhysicalOperator(NES::ScanPhysicalOperator)
          PhysicalOperator(NES::MapPhysicalOperator)
            PhysicalOperator(NES::EmitPhysicalOperator)
      Successor Pipeline:
        Pipeline(ID(108), Provider(None))
          Operator chain:
            PhysicalOperator(NES::SinkPhysicalOperator)

[m
[36m[01:11:44.737857] [D] [Not A Worker] [unnamed] [] [SinkProvider.cpp:30] [lower] The sinkDescriptor is: SinkDescriptor: (name: variant("EXTRA_SINK"), type: Void, Config: )[m
[36m[01:11:44.738386] [D] [SingleNodeWorker] [WorkerThread-1] [Task:1823244417-108] [VoidSink.cpp:37] [start] Setting up void sink: VoidSink[m
[36m[01:11:44.796825] [D] [SingleNodeWorker] [WorkerThread-15] [] [SourceThread.cpp:184] [start] Starting source with originId: 2[m
[36m[01:11:44.798350] [D] [SingleNodeWorker] [WorkerThread-15] [Task:1823244417-107] [BufferManager.cpp:65] [~BufferManager] Calling BufferManager::destroy()[m
[36m[01:11:44.798375] [D] [SingleNodeWorker] [WorkerThread-15] [Task:1823244417-107] [BufferManager.cpp:93] [~BufferManager] Shutting down Buffer Manager completed[m
[36m[01:11:45.874635] [D] [SingleNodeWorker] [WorkerThread-11] [Task:1823244417] [SourceThread.cpp:230] [tryStop] SourceThread 2: attempting to stop source[m
[36m[01:11:45.874678] [D] [SingleNodeWorker] [WorkerThread-11] [Task:1823244417] [SourceThread.cpp:248] [tryStop] SourceThread 2: stopped[m
[32m[01:11:45.900155] [I] [SingleNodeWorker] [WorkerThread-16] [] [SequenceShredder.cpp:55] [~SequenceShredder] Successfully validated SequenceShredder[m
[32m[01:11:45.900349] [I] [SingleNodeWorker] [WorkerThread-6] [Task:1823244417-108] [VoidSink.cpp:42] [stop] Void Sink completed.[m
[36m[01:11:45.900476] [D] [SingleNodeWorker] [WorkerThread-6] [] [SourceThread.cpp:226] [tryStop] SourceThread 2: thread is not running[m
[36m[01:11:49.674948] [D] [Not A Worker] [unnamed] [queryId:895800601] [BufferManager.cpp:110] [initialize] NES memory allocation requires 1 out of 540577120256 (so 1.8498748143954595e-10%) available bytes[m
[36m[01:11:49.674995] [D] [Not A Worker] [unnamed] [queryId:895800601] [BufferManager.cpp:160] [initialize] BufferManager configuration bufferSize=1 numOfBuffers=1[m
[36m[01:11:49.675330] [D] [Not A Worker] [unnamed] [queryId:895800601] [PipeliningPhase.cpp:365] [apply] Constructed pipeline plan with 1 root pipelines.
PipelinedQueryPlan for Query: 895800601
Number of root pipelines: 1
------------------
Root Pipeline 0:
  Pipeline(ID(109), Provider(COMPILER))
  Operator chain:
    PhysicalOperator(NES::SourcePhysicalOperator)
  Successor Pipeline:
    Pipeline(ID(110), Provider(None))
      Operator chain:
        PhysicalOperator(NES::ScanPhysicalOperator)
          PhysicalOperator(NES::MapPhysicalOperator)
            PhysicalOperator(NES::EmitPhysicalOperator)
      Successor Pipeline:
        Pipeline(ID(111), Provider(None))
          Operator chain:
            PhysicalOperator(NES::SinkPhysicalOperator)

[m
[36m[01:11:49.678359] [D] [Not A Worker] [unnamed] [] [SinkProvider.cpp:30] [lower] The sinkDescriptor is: SinkDescriptor: (name: variant("EXTRA_SINK"), type: Void, Config: )[m
[36m[01:11:49.678945] [D] [SingleNodeWorker] [WorkerThread-24] [Task:895800601-111] [VoidSink.cpp:37] [start] Setting up void sink: VoidSink[m
[36m[01:11:49.737885] [D] [SingleNodeWorker] [WorkerThread-19] [] [SourceThread.cpp:184] [start] Starting source with originId: 2[m
[36m[01:11:49.740037] [D] [SingleNodeWorker] [WorkerThread-30] [Task:895800601-110] [BufferManager.cpp:65] [~BufferManager] Calling BufferManager::destroy()[m
[36m[01:11:49.740115] [D] [SingleNodeWorker] [WorkerThread-30] [Task:895800601-110] [BufferManager.cpp:93] [~BufferManager] Shutting down Buffer Manager completed[m
[36m[01:11:50.128706] [D] [SingleNodeWorker] [WorkerThread-6] [Task:895800601-110] [InputFormatter.hpp:348] [indexTrailingSpanningTupleProxy] last offset: 262143, first offset: 235[m
[36m[01:11:50.815385] [D] [SingleNodeWorker] [WorkerThread-24] [Task:895800601] [SourceThread.cpp:230] [tryStop] SourceThread 2: attempting to stop source[m
[36m[01:11:50.815431] [D] [SingleNodeWorker] [WorkerThread-24] [Task:895800601] [SourceThread.cpp:248] [tryStop] SourceThread 2: stopped[m
[32m[01:11:50.841102] [I] [SingleNodeWorker] [WorkerThread-27] [Task:895800601-111] [VoidSink.cpp:42] [stop] Void Sink completed.[m
[32m[01:11:50.841180] [I] [SingleNodeWorker] [WorkerThread-2] [] [SequenceShredder.cpp:55] [~SequenceShredder] Successfully validated SequenceShredder[m
[36m[01:11:50.841231] [D] [SingleNodeWorker] [WorkerThread-27] [] [SourceThread.cpp:226] [tryStop] SourceThread 2: thread is not running[m
[36m[01:11:54.583858] [D] [Not A Worker] [unnamed] [queryId:251566045] [BufferManager.cpp:110] [initialize] NES memory allocation requires 1 out of 540577120256 (so 1.8498748143954595e-10%) available bytes[m
[36m[01:11:54.583937] [D] [Not A Worker] [unnamed] [queryId:251566045] [BufferManager.cpp:160] [initialize] BufferManager configuration bufferSize=1 numOfBuffers=1[m
[36m[01:11:54.584379] [D] [Not A Worker] [unnamed] [queryId:251566045] [PipeliningPhase.cpp:365] [apply] Constructed pipeline plan with 1 root pipelines.
PipelinedQueryPlan for Query: 251566045
Number of root pipelines: 1
------------------
Root Pipeline 0:
  Pipeline(ID(112), Provider(COMPILER))
  Operator chain:
    PhysicalOperator(NES::SourcePhysicalOperator)
  Successor Pipeline:
    Pipeline(ID(113), Provider(None))
      Operator chain:
        PhysicalOperator(NES::ScanPhysicalOperator)
          PhysicalOperator(NES::MapPhysicalOperator)
            PhysicalOperator(NES::EmitPhysicalOperator)
      Successor Pipeline:
        Pipeline(ID(114), Provider(None))
          Operator chain:
            PhysicalOperator(NES::SinkPhysicalOperator)

[m
[36m[01:11:54.587438] [D] [Not A Worker] [unnamed] [] [SinkProvider.cpp:30] [lower] The sinkDescriptor is: SinkDescriptor: (name: variant("EXTRA_SINK"), type: Void, Config: )[m
[36m[01:11:54.588092] [D] [SingleNodeWorker] [WorkerThread-17] [Task:251566045-114] [VoidSink.cpp:37] [start] Setting up void sink: VoidSink[m
[36m[01:11:54.648129] [D] [SingleNodeWorker] [WorkerThread-17] [] [SourceThread.cpp:184] [start] Starting source with originId: 2[m
[36m[01:11:54.649704] [D] [SingleNodeWorker] [WorkerThread-17] [Task:251566045-113] [BufferManager.cpp:65] [~BufferManager] Calling BufferManager::destroy()[m
[36m[01:11:54.649731] [D] [SingleNodeWorker] [WorkerThread-17] [Task:251566045-113] [BufferManager.cpp:93] [~BufferManager] Shutting down Buffer Manager completed[m
[36m[01:11:55.712985] [D] [SingleNodeWorker] [WorkerThread-30] [Task:251566045] [SourceThread.cpp:230] [tryStop] SourceThread 2: attempting to stop source[m
[36m[01:11:55.713042] [D] [SingleNodeWorker] [WorkerThread-30] [Task:251566045] [SourceThread.cpp:248] [tryStop] SourceThread 2: stopped[m
[32m[01:11:55.738826] [I] [SingleNodeWorker] [WorkerThread-7] [Task:251566045-114] [VoidSink.cpp:42] [stop] Void Sink completed.[m
[36m[01:11:55.738969] [D] [SingleNodeWorker] [WorkerThread-7] [] [SourceThread.cpp:226] [tryStop] SourceThread 2: thread is not running[m
[32m[01:11:55.739080] [I] [SingleNodeWorker] [WorkerThread-2] [] [SequenceShredder.cpp:55] [~SequenceShredder] Successfully validated SequenceShredder[m
[36m[01:11:59.400329] [D] [Not A Worker] [unnamed] [queryId:143337162] [BufferManager.cpp:110] [initialize] NES memory allocation requires 1 out of 540577120256 (so 1.8498748143954595e-10%) available bytes[m
[36m[01:11:59.400400] [D] [Not A Worker] [unnamed] [queryId:143337162] [BufferManager.cpp:160] [initialize] BufferManager configuration bufferSize=1 numOfBuffers=1[m
[36m[01:11:59.400727] [D] [Not A Worker] [unnamed] [queryId:143337162] [PipeliningPhase.cpp:365] [apply] Constructed pipeline plan with 1 root pipelines.
PipelinedQueryPlan for Query: 143337162
Number of root pipelines: 1
------------------
Root Pipeline 0:
  Pipeline(ID(115), Provider(COMPILER))
  Operator chain:
    PhysicalOperator(NES::SourcePhysicalOperator)
  Successor Pipeline:
    Pipeline(ID(116), Provider(None))
      Operator chain:
        PhysicalOperator(NES::ScanPhysicalOperator)
          PhysicalOperator(NES::MapPhysicalOperator)
            PhysicalOperator(NES::EmitPhysicalOperator)
      Successor Pipeline:
        Pipeline(ID(117), Provider(None))
          Operator chain:
            PhysicalOperator(NES::SinkPhysicalOperator)

[m
[36m[01:11:59.404810] [D] [Not A Worker] [unnamed] [] [SinkProvider.cpp:30] [lower] The sinkDescriptor is: SinkDescriptor: (name: variant("EXTRA_SINK"), type: Void, Config: )[m
[36m[01:11:59.406085] [D] [SingleNodeWorker] [WorkerThread-20] [Task:143337162-117] [VoidSink.cpp:37] [start] Setting up void sink: VoidSink[m
[36m[01:11:59.464749] [D] [SingleNodeWorker] [WorkerThread-29] [] [SourceThread.cpp:184] [start] Starting source with originId: 2[m
[36m[01:11:59.466532] [D] [SingleNodeWorker] [WorkerThread-12] [Task:143337162-116] [BufferManager.cpp:65] [~BufferManager] Calling BufferManager::destroy()[m
[36m[01:11:59.466613] [D] [SingleNodeWorker] [WorkerThread-12] [Task:143337162-116] [BufferManager.cpp:93] [~BufferManager] Shutting down Buffer Manager completed[m
[36m[01:12:00.205711] [D] [SingleNodeWorker] [WorkerThread-23] [Task:143337162-116] [InputFormatter.hpp:348] [indexTrailingSpanningTupleProxy] last offset: 262143, first offset: 327[m
[36m[01:12:00.668453] [D] [SingleNodeWorker] [WorkerThread-30] [Task:143337162] [SourceThread.cpp:230] [tryStop] SourceThread 2: attempting to stop source[m
[36m[01:12:00.668495] [D] [SingleNodeWorker] [WorkerThread-30] [Task:143337162] [SourceThread.cpp:248] [tryStop] SourceThread 2: stopped[m
[32m[01:12:00.694093] [I] [SingleNodeWorker] [WorkerThread-26] [Task:143337162-117] [VoidSink.cpp:42] [stop] Void Sink completed.[m
[36m[01:12:00.694225] [D] [SingleNodeWorker] [WorkerThread-26] [] [SourceThread.cpp:226] [tryStop] SourceThread 2: thread is not running[m
[32m[01:12:00.694372] [I] [SingleNodeWorker] [WorkerThread-20] [] [SequenceShredder.cpp:55] [~SequenceShredder] Successfully validated SequenceShredder[m
[36m[01:12:04.389885] [D] [Not A Worker] [unnamed] [queryId:353938770] [BufferManager.cpp:110] [initialize] NES memory allocation requires 1 out of 540577120256 (so 1.8498748143954595e-10%) available bytes[m
[36m[01:12:04.389947] [D] [Not A Worker] [unnamed] [queryId:353938770] [BufferManager.cpp:160] [initialize] BufferManager configuration bufferSize=1 numOfBuffers=1[m
[36m[01:12:04.390325] [D] [Not A Worker] [unnamed] [queryId:353938770] [PipeliningPhase.cpp:365] [apply] Constructed pipeline plan with 1 root pipelines.
PipelinedQueryPlan for Query: 353938770
Number of root pipelines: 1
------------------
Root Pipeline 0:
  Pipeline(ID(118), Provider(COMPILER))
  Operator chain:
    PhysicalOperator(NES::SourcePhysicalOperator)
  Successor Pipeline:
    Pipeline(ID(119), Provider(None))
      Operator chain:
        PhysicalOperator(NES::ScanPhysicalOperator)
          PhysicalOperator(NES::MapPhysicalOperator)
            PhysicalOperator(NES::EmitPhysicalOperator)
      Successor Pipeline:
        Pipeline(ID(120), Provider(None))
          Operator chain:
            PhysicalOperator(NES::SinkPhysicalOperator)

[m
[36m[01:12:04.393481] [D] [Not A Worker] [unnamed] [] [SinkProvider.cpp:30] [lower] The sinkDescriptor is: SinkDescriptor: (name: variant("EXTRA_SINK"), type: Void, Config: )[m
[36m[01:12:04.393917] [D] [SingleNodeWorker] [WorkerThread-17] [Task:353938770-120] [VoidSink.cpp:37] [start] Setting up void sink: VoidSink[m
[36m[01:12:04.453369] [D] [SingleNodeWorker] [WorkerThread-17] [] [SourceThread.cpp:184] [start] Starting source with originId: 2[m
[36m[01:12:04.454951] [D] [SingleNodeWorker] [WorkerThread-17] [Task:353938770-119] [BufferManager.cpp:65] [~BufferManager] Calling BufferManager::destroy()[m
[36m[01:12:04.454980] [D] [SingleNodeWorker] [WorkerThread-17] [Task:353938770-119] [BufferManager.cpp:93] [~BufferManager] Shutting down Buffer Manager completed[m
[36m[01:12:04.520786] [D] [SingleNodeWorker] [WorkerThread-31] [Task:353938770-119] [InputFormatter.hpp:348] [indexTrailingSpanningTupleProxy] last offset: 262143, first offset: 151[m
[36m[01:12:05.500997] [D] [SingleNodeWorker] [WorkerThread-1] [Task:353938770] [SourceThread.cpp:230] [tryStop] SourceThread 2: attempting to stop source[m
[36m[01:12:05.501054] [D] [SingleNodeWorker] [WorkerThread-1] [Task:353938770] [SourceThread.cpp:248] [tryStop] SourceThread 2: stopped[m
[32m[01:12:05.526796] [I] [SingleNodeWorker] [WorkerThread-18] [Task:353938770-120] [VoidSink.cpp:42] [stop] Void Sink completed.[m
[32m[01:12:05.526872] [I] [SingleNodeWorker] [WorkerThread-16] [] [SequenceShredder.cpp:55] [~SequenceShredder] Successfully validated SequenceShredder[m
[36m[01:12:05.526971] [D] [SingleNodeWorker] [WorkerThread-18] [] [SourceThread.cpp:226] [tryStop] SourceThread 2: thread is not running[m
[36m[01:12:09.363445] [D] [Not A Worker] [unnamed] [queryId:1779375897] [BufferManager.cpp:110] [initialize] NES memory allocation requires 1 out of 540577120256 (so 1.8498748143954595e-10%) available bytes[m
[36m[01:12:09.363492] [D] [Not A Worker] [unnamed] [queryId:1779375897] [BufferManager.cpp:160] [initialize] BufferManager configuration bufferSize=1 numOfBuffers=1[m
[36m[01:12:09.363662] [D] [Not A Worker] [unnamed] [queryId:1779375897] [PipeliningPhase.cpp:365] [apply] Constructed pipeline plan with 1 root pipelines.
PipelinedQueryPlan for Query: 1779375897
Number of root pipelines: 1
------------------
Root Pipeline 0:
  Pipeline(ID(121), Provider(COMPILER))
  Operator chain:
    PhysicalOperator(NES::SourcePhysicalOperator)
  Successor Pipeline:
    Pipeline(ID(122), Provider(None))
      Operator chain:
        PhysicalOperator(NES::ScanPhysicalOperator)
          PhysicalOperator(NES::SelectionPhysicalOperator)
            PhysicalOperator(NES::MapPhysicalOperator)
              PhysicalOperator(NES::EmitPhysicalOperator)
      Successor Pipeline:
        Pipeline(ID(123), Provider(None))
          Operator chain:
            PhysicalOperator(NES::SinkPhysicalOperator)

[m
[36m[01:12:09.367086] [D] [Not A Worker] [unnamed] [] [SinkProvider.cpp:30] [lower] The sinkDescriptor is: SinkDescriptor: (name: variant("PERSON_ID_SINK"), type: Void, Config: )[m
[36m[01:12:09.367811] [D] [SingleNodeWorker] [WorkerThread-17] [Task:1779375897-123] [VoidSink.cpp:37] [start] Setting up void sink: VoidSink[m
[36m[01:12:09.434218] [D] [SingleNodeWorker] [WorkerThread-0] [] [SourceThread.cpp:184] [start] Starting source with originId: 2[m
[36m[01:12:09.435802] [D] [SingleNodeWorker] [WorkerThread-0] [Task:1779375897-122] [BufferManager.cpp:65] [~BufferManager] Calling BufferManager::destroy()[m
[36m[01:12:09.435835] [D] [SingleNodeWorker] [WorkerThread-0] [Task:1779375897-122] [BufferManager.cpp:93] [~BufferManager] Shutting down Buffer Manager completed[m
[36m[01:12:09.523704] [D] [SingleNodeWorker] [WorkerThread-29] [Task:1779375897-122] [InputFormatter.hpp:348] [indexTrailingSpanningTupleProxy] last offset: 262143, first offset: 31[m
[36m[01:12:09.612502] [D] [SingleNodeWorker] [WorkerThread-4] [Task:1779375897-122] [InputFormatter.hpp:348] [indexTrailingSpanningTupleProxy] last offset: 262143, first offset: 264[m
[36m[01:12:10.357515] [D] [SingleNodeWorker] [WorkerThread-20] [Task:1779375897] [SourceThread.cpp:230] [tryStop] SourceThread 2: attempting to stop source[m
[36m[01:12:10.357570] [D] [SingleNodeWorker] [WorkerThread-20] [Task:1779375897] [SourceThread.cpp:248] [tryStop] SourceThread 2: stopped[m
[32m[01:12:10.383171] [I] [SingleNodeWorker] [WorkerThread-13] [] [SequenceShredder.cpp:55] [~SequenceShredder] Successfully validated SequenceShredder[m
[32m[01:12:10.383210] [I] [SingleNodeWorker] [WorkerThread-21] [Task:1779375897-123] [VoidSink.cpp:42] [stop] Void Sink completed.[m
[36m[01:12:10.383342] [D] [SingleNodeWorker] [WorkerThread-21] [] [SourceThread.cpp:226] [tryStop] SourceThread 2: thread is not running[m
[36m[01:12:14.287263] [D] [Not A Worker] [unnamed] [queryId:91813998] [BufferManager.cpp:110] [initialize] NES memory allocation requires 1 out of 540577120256 (so 1.8498748143954595e-10%) available bytes[m
[36m[01:12:14.287333] [D] [Not A Worker] [unnamed] [queryId:91813998] [BufferManager.cpp:160] [initialize] BufferManager configuration bufferSize=1 numOfBuffers=1[m
[36m[01:12:14.287546] [D] [Not A Worker] [unnamed] [queryId:91813998] [PipeliningPhase.cpp:365] [apply] Constructed pipeline plan with 1 root pipelines.
PipelinedQueryPlan for Query: 91813998
Number of root pipelines: 1
------------------
Root Pipeline 0:
  Pipeline(ID(124), Provider(COMPILER))
  Operator chain:
    PhysicalOperator(NES::SourcePhysicalOperator)
  Successor Pipeline:
    Pipeline(ID(125), Provider(None))
      Operator chain:
        PhysicalOperator(NES::ScanPhysicalOperator)
          PhysicalOperator(NES::SelectionPhysicalOperator)
            PhysicalOperator(NES::MapPhysicalOperator)
              PhysicalOperator(NES::EmitPhysicalOperator)
      Successor Pipeline:
        Pipeline(ID(126), Provider(None))
          Operator chain:
            PhysicalOperator(NES::SinkPhysicalOperator)

[m
[36m[01:12:14.291483] [D] [Not A Worker] [unnamed] [] [SinkProvider.cpp:30] [lower] The sinkDescriptor is: SinkDescriptor: (name: variant("PERSON_ID_SINK"), type: Void, Config: )[m
[36m[01:12:14.292135] [D] [SingleNodeWorker] [WorkerThread-22] [Task:91813998-126] [VoidSink.cpp:37] [start] Setting up void sink: VoidSink[m
[36m[01:12:14.365137] [D] [SingleNodeWorker] [WorkerThread-9] [] [SourceThread.cpp:184] [start] Starting source with originId: 2[m
[36m[01:12:14.366950] [D] [SingleNodeWorker] [WorkerThread-17] [Task:91813998-125] [BufferManager.cpp:65] [~BufferManager] Calling BufferManager::destroy()[m
[36m[01:12:14.367037] [D] [SingleNodeWorker] [WorkerThread-17] [Task:91813998-125] [BufferManager.cpp:93] [~BufferManager] Shutting down Buffer Manager completed[m
[36m[01:12:14.604191] [D] [SingleNodeWorker] [WorkerThread-20] [Task:91813998-125] [InputFormatter.hpp:348] [indexTrailingSpanningTupleProxy] last offset: 262143, first offset: 206[m
[36m[01:12:15.351813] [D] [SingleNodeWorker] [WorkerThread-8] [Task:91813998] [SourceThread.cpp:230] [tryStop] SourceThread 2: attempting to stop source[m
[36m[01:12:15.351868] [D] [SingleNodeWorker] [WorkerThread-8] [Task:91813998] [SourceThread.cpp:248] [tryStop] SourceThread 2: stopped[m
[32m[01:12:15.377924] [I] [SingleNodeWorker] [WorkerThread-4] [Task:91813998-126] [VoidSink.cpp:42] [stop] Void Sink completed.[m
[36m[01:12:15.378044] [D] [SingleNodeWorker] [WorkerThread-4] [] [SourceThread.cpp:226] [tryStop] SourceThread 2: thread is not running[m
[32m[01:12:15.378054] [I] [SingleNodeWorker] [WorkerThread-15] [] [SequenceShredder.cpp:55] [~SequenceShredder] Successfully validated SequenceShredder[m
[36m[01:12:19.275320] [D] [Not A Worker] [unnamed] [queryId:727349116] [BufferManager.cpp:110] [initialize] NES memory allocation requires 1 out of 540577120256 (so 1.8498748143954595e-10%) available bytes[m
[36m[01:12:19.275370] [D] [Not A Worker] [unnamed] [queryId:727349116] [BufferManager.cpp:160] [initialize] BufferManager configuration bufferSize=1 numOfBuffers=1[m
[36m[01:12:19.275547] [D] [Not A Worker] [unnamed] [queryId:727349116] [PipeliningPhase.cpp:365] [apply] Constructed pipeline plan with 1 root pipelines.
PipelinedQueryPlan for Query: 727349116
Number of root pipelines: 1
------------------
Root Pipeline 0:
  Pipeline(ID(127), Provider(COMPILER))
  Operator chain:
    PhysicalOperator(NES::SourcePhysicalOperator)
  Successor Pipeline:
    Pipeline(ID(128), Provider(None))
      Operator chain:
        PhysicalOperator(NES::ScanPhysicalOperator)
          PhysicalOperator(NES::SelectionPhysicalOperator)
            PhysicalOperator(NES::MapPhysicalOperator)
              PhysicalOperator(NES::EmitPhysicalOperator)
      Successor Pipeline:
        Pipeline(ID(129), Provider(None))
          Operator chain:
            PhysicalOperator(NES::SinkPhysicalOperator)

[m
[36m[01:12:19.279027] [D] [Not A Worker] [unnamed] [] [SinkProvider.cpp:30] [lower] The sinkDescriptor is: SinkDescriptor: (name: variant("PERSON_ID_SINK"), type: Void, Config: )[m
[36m[01:12:19.280619] [D] [SingleNodeWorker] [WorkerThread-18] [Task:727349116-129] [VoidSink.cpp:37] [start] Setting up void sink: VoidSink[m
[36m[01:12:19.351616] [D] [SingleNodeWorker] [WorkerThread-23] [] [SourceThread.cpp:184] [start] Starting source with originId: 2[m
[36m[01:12:19.353320] [D] [SingleNodeWorker] [WorkerThread-4] [Task:727349116-128] [BufferManager.cpp:65] [~BufferManager] Calling BufferManager::destroy()[m
[36m[01:12:19.353397] [D] [SingleNodeWorker] [WorkerThread-4] [Task:727349116-128] [BufferManager.cpp:93] [~BufferManager] Shutting down Buffer Manager completed[m
[36m[01:12:20.518256] [D] [SingleNodeWorker] [WorkerThread-19] [Task:727349116] [SourceThread.cpp:230] [tryStop] SourceThread 2: attempting to stop source[m
[36m[01:12:20.518309] [D] [SingleNodeWorker] [WorkerThread-19] [Task:727349116] [SourceThread.cpp:248] [tryStop] SourceThread 2: stopped[m
[32m[01:12:20.543783] [I] [SingleNodeWorker] [WorkerThread-0] [] [SequenceShredder.cpp:55] [~SequenceShredder] Successfully validated SequenceShredder[m
[32m[01:12:20.544040] [I] [SingleNodeWorker] [WorkerThread-1] [Task:727349116-129] [VoidSink.cpp:42] [stop] Void Sink completed.[m
[36m[01:12:20.544105] [D] [SingleNodeWorker] [WorkerThread-1] [] [SourceThread.cpp:226] [tryStop] SourceThread 2: thread is not running[m
[36m[01:12:24.292898] [D] [Not A Worker] [unnamed] [queryId:790706868] [BufferManager.cpp:110] [initialize] NES memory allocation requires 1 out of 540577120256 (so 1.8498748143954595e-10%) available bytes[m
[36m[01:12:24.292972] [D] [Not A Worker] [unnamed] [queryId:790706868] [BufferManager.cpp:160] [initialize] BufferManager configuration bufferSize=1 numOfBuffers=1[m
[36m[01:12:24.293158] [D] [Not A Worker] [unnamed] [queryId:790706868] [PipeliningPhase.cpp:365] [apply] Constructed pipeline plan with 1 root pipelines.
PipelinedQueryPlan for Query: 790706868
Number of root pipelines: 1
------------------
Root Pipeline 0:
  Pipeline(ID(130), Provider(COMPILER))
  Operator chain:
    PhysicalOperator(NES::SourcePhysicalOperator)
  Successor Pipeline:
    Pipeline(ID(131), Provider(None))
      Operator chain:
        PhysicalOperator(NES::ScanPhysicalOperator)
          PhysicalOperator(NES::SelectionPhysicalOperator)
            PhysicalOperator(NES::MapPhysicalOperator)
              PhysicalOperator(NES::EmitPhysicalOperator)
      Successor Pipeline:
        Pipeline(ID(132), Provider(None))
          Operator chain:
            PhysicalOperator(NES::SinkPhysicalOperator)

[m
[36m[01:12:24.296142] [D] [Not A Worker] [unnamed] [] [SinkProvider.cpp:30] [lower] The sinkDescriptor is: SinkDescriptor: (name: variant("PERSON_ID_SINK"), type: Void, Config: )[m
[36m[01:12:24.296663] [D] [SingleNodeWorker] [WorkerThread-21] [Task:790706868-132] [VoidSink.cpp:37] [start] Setting up void sink: VoidSink[m
[36m[01:12:24.368048] [D] [SingleNodeWorker] [WorkerThread-18] [] [SourceThread.cpp:184] [start] Starting source with originId: 2[m
[36m[01:12:24.369567] [D] [SingleNodeWorker] [WorkerThread-18] [Task:790706868-131] [BufferManager.cpp:65] [~BufferManager] Calling BufferManager::destroy()[m
[36m[01:12:24.369591] [D] [SingleNodeWorker] [WorkerThread-18] [Task:790706868-131] [BufferManager.cpp:93] [~BufferManager] Shutting down Buffer Manager completed[m
[36m[01:12:25.446638] [D] [SingleNodeWorker] [WorkerThread-23] [Task:790706868] [SourceThread.cpp:230] [tryStop] SourceThread 2: attempting to stop source[m
[36m[01:12:25.446690] [D] [SingleNodeWorker] [WorkerThread-23] [Task:790706868] [SourceThread.cpp:248] [tryStop] SourceThread 2: stopped[m
[32m[01:12:25.472379] [I] [SingleNodeWorker] [WorkerThread-14] [Task:790706868-132] [VoidSink.cpp:42] [stop] Void Sink completed.[m
[32m[01:12:25.472498] [I] [SingleNodeWorker] [WorkerThread-19] [] [SequenceShredder.cpp:55] [~SequenceShredder] Successfully validated SequenceShredder[m
[36m[01:12:25.472503] [D] [SingleNodeWorker] [WorkerThread-14] [] [SourceThread.cpp:226] [tryStop] SourceThread 2: thread is not running[m
[36m[01:12:29.311668] [D] [Not A Worker] [unnamed] [queryId:55124258] [BufferManager.cpp:110] [initialize] NES memory allocation requires 1 out of 540577120256 (so 1.8498748143954595e-10%) available bytes[m
[36m[01:12:29.311717] [D] [Not A Worker] [unnamed] [queryId:55124258] [BufferManager.cpp:160] [initialize] BufferManager configuration bufferSize=1 numOfBuffers=1[m
[36m[01:12:29.311907] [D] [Not A Worker] [unnamed] [queryId:55124258] [PipeliningPhase.cpp:365] [apply] Constructed pipeline plan with 1 root pipelines.
PipelinedQueryPlan for Query: 55124258
Number of root pipelines: 1
------------------
Root Pipeline 0:
  Pipeline(ID(133), Provider(COMPILER))
  Operator chain:
    PhysicalOperator(NES::SourcePhysicalOperator)
  Successor Pipeline:
    Pipeline(ID(134), Provider(None))
      Operator chain:
        PhysicalOperator(NES::ScanPhysicalOperator)
          PhysicalOperator(NES::SelectionPhysicalOperator)
            PhysicalOperator(NES::MapPhysicalOperator)
              PhysicalOperator(NES::EmitPhysicalOperator)
      Successor Pipeline:
        Pipeline(ID(135), Provider(None))
          Operator chain:
            PhysicalOperator(NES::SinkPhysicalOperator)

[m
[36m[01:12:29.315864] [D] [Not A Worker] [unnamed] [] [SinkProvider.cpp:30] [lower] The sinkDescriptor is: SinkDescriptor: (name: variant("PERSON_ID_SINK"), type: Void, Config: )[m
[36m[01:12:29.316542] [D] [SingleNodeWorker] [WorkerThread-14] [Task:55124258-135] [VoidSink.cpp:37] [start] Setting up void sink: VoidSink[m
[36m[01:12:29.386803] [D] [SingleNodeWorker] [WorkerThread-14] [] [SourceThread.cpp:184] [start] Starting source with originId: 2[m
[36m[01:12:29.388714] [D] [SingleNodeWorker] [WorkerThread-18] [Task:55124258-134] [BufferManager.cpp:65] [~BufferManager] Calling BufferManager::destroy()[m
[36m[01:12:29.388788] [D] [SingleNodeWorker] [WorkerThread-18] [Task:55124258-134] [BufferManager.cpp:93] [~BufferManager] Shutting down Buffer Manager completed[m
[36m[01:12:29.480545] [D] [SingleNodeWorker] [WorkerThread-4] [Task:55124258-134] [InputFormatter.hpp:348] [indexTrailingSpanningTupleProxy] last offset: 262143, first offset: 31[m
[36m[01:12:30.396490] [D] [SingleNodeWorker] [WorkerThread-31] [Task:55124258] [SourceThread.cpp:230] [tryStop] SourceThread 2: attempting to stop source[m
[36m[01:12:30.396552] [D] [SingleNodeWorker] [WorkerThread-31] [Task:55124258] [SourceThread.cpp:248] [tryStop] SourceThread 2: stopped[m
[32m[01:12:30.422121] [I] [SingleNodeWorker] [WorkerThread-28] [Task:55124258-135] [VoidSink.cpp:42] [stop] Void Sink completed.[m
[36m[01:12:30.422267] [D] [SingleNodeWorker] [WorkerThread-28] [] [SourceThread.cpp:226] [tryStop] SourceThread 2: thread is not running[m
[32m[01:12:30.422356] [I] [SingleNodeWorker] [WorkerThread-19] [] [SequenceShredder.cpp:55] [~SequenceShredder] Successfully validated SequenceShredder[m
[36m[01:12:34.330319] [D] [Not A Worker] [unnamed] [queryId:1620448422] [BufferManager.cpp:110] [initialize] NES memory allocation requires 1 out of 540577120256 (so 1.8498748143954595e-10%) available bytes[m
[36m[01:12:34.330372] [D] [Not A Worker] [unnamed] [queryId:1620448422] [BufferManager.cpp:160] [initialize] BufferManager configuration bufferSize=1 numOfBuffers=1[m
[36m[01:12:34.330536] [D] [Not A Worker] [unnamed] [queryId:1620448422] [PipeliningPhase.cpp:365] [apply] Constructed pipeline plan with 1 root pipelines.
PipelinedQueryPlan for Query: 1620448422
Number of root pipelines: 1
------------------
Root Pipeline 0:
  Pipeline(ID(136), Provider(COMPILER))
  Operator chain:
    PhysicalOperator(NES::SourcePhysicalOperator)
  Successor Pipeline:
    Pipeline(ID(137), Provider(None))
      Operator chain:
        PhysicalOperator(NES::ScanPhysicalOperator)
          PhysicalOperator(NES::SelectionPhysicalOperator)
            PhysicalOperator(NES::MapPhysicalOperator)
              PhysicalOperator(NES::EmitPhysicalOperator)
      Successor Pipeline:
        Pipeline(ID(138), Provider(None))
          Operator chain:
            PhysicalOperator(NES::SinkPhysicalOperator)

[m
[36m[01:12:34.334426] [D] [Not A Worker] [unnamed] [] [SinkProvider.cpp:30] [lower] The sinkDescriptor is: SinkDescriptor: (name: variant("PERSON_ID_SINK"), type: Void, Config: )[m
[36m[01:12:34.334652] [D] [SingleNodeWorker] [WorkerThread-10] [Task:1620448422-138] [VoidSink.cpp:37] [start] Setting up void sink: VoidSink[m
[36m[01:12:34.409020] [D] [SingleNodeWorker] [WorkerThread-28] [] [SourceThread.cpp:184] [start] Starting source with originId: 2[m
[36m[01:12:34.410628] [D] [SingleNodeWorker] [WorkerThread-28] [Task:1620448422-137] [BufferManager.cpp:65] [~BufferManager] Calling BufferManager::destroy()[m
[36m[01:12:34.410653] [D] [SingleNodeWorker] [WorkerThread-28] [Task:1620448422-137] [BufferManager.cpp:93] [~BufferManager] Shutting down Buffer Manager completed[m
[36m[01:12:34.721679] [D] [SingleNodeWorker] [WorkerThread-31] [Task:1620448422-137] [InputFormatter.hpp:348] [indexTrailingSpanningTupleProxy] last offset: 262143, first offset: 319[m
[36m[01:12:35.262056] [D] [SingleNodeWorker] [WorkerThread-2] [Task:1620448422-137] [InputFormatter.hpp:348] [indexTrailingSpanningTupleProxy] last offset: 262143, first offset: 238[m
[36m[01:12:35.406829] [D] [SingleNodeWorker] [WorkerThread-23] [Task:1620448422] [SourceThread.cpp:230] [tryStop] SourceThread 2: attempting to stop source[m
[36m[01:12:35.406881] [D] [SingleNodeWorker] [WorkerThread-23] [Task:1620448422] [SourceThread.cpp:248] [tryStop] SourceThread 2: stopped[m
[32m[01:12:35.432417] [I] [SingleNodeWorker] [WorkerThread-24] [Task:1620448422-138] [VoidSink.cpp:42] [stop] Void Sink completed.[m
[36m[01:12:35.432558] [D] [SingleNodeWorker] [WorkerThread-24] [] [SourceThread.cpp:226] [tryStop] SourceThread 2: thread is not running[m
[32m[01:12:35.432709] [I] [SingleNodeWorker] [WorkerThread-19] [] [SequenceShredder.cpp:55] [~SequenceShredder] Successfully validated SequenceShredder[m
[36m[01:12:39.308482] [D] [Not A Worker] [unnamed] [queryId:1605590967] [BufferManager.cpp:110] [initialize] NES memory allocation requires 1 out of 540577120256 (so 1.8498748143954595e-10%) available bytes[m
[36m[01:12:39.308531] [D] [Not A Worker] [unnamed] [queryId:1605590967] [BufferManager.cpp:160] [initialize] BufferManager configuration bufferSize=1 numOfBuffers=1[m
[36m[01:12:39.308698] [D] [Not A Worker] [unnamed] [queryId:1605590967] [PipeliningPhase.cpp:365] [apply] Constructed pipeline plan with 1 root pipelines.
PipelinedQueryPlan for Query: 1605590967
Number of root pipelines: 1
------------------
Root Pipeline 0:
  Pipeline(ID(139), Provider(COMPILER))
  Operator chain:
    PhysicalOperator(NES::SourcePhysicalOperator)
  Successor Pipeline:
    Pipeline(ID(140), Provider(None))
      Operator chain:
        PhysicalOperator(NES::ScanPhysicalOperator)
          PhysicalOperator(NES::SelectionPhysicalOperator)
            PhysicalOperator(NES::MapPhysicalOperator)
              PhysicalOperator(NES::EmitPhysicalOperator)
      Successor Pipeline:
        Pipeline(ID(141), Provider(None))
          Operator chain:
            PhysicalOperator(NES::SinkPhysicalOperator)

[m
[36m[01:12:39.311946] [D] [Not A Worker] [unnamed] [] [SinkProvider.cpp:30] [lower] The sinkDescriptor is: SinkDescriptor: (name: variant("PERSON_ID_SINK"), type: Void, Config: )[m
[36m[01:12:39.312397] [D] [SingleNodeWorker] [WorkerThread-21] [Task:1605590967-141] [VoidSink.cpp:37] [start] Setting up void sink: VoidSink[m
[36m[01:12:39.385800] [D] [SingleNodeWorker] [WorkerThread-21] [] [SourceThread.cpp:184] [start] Starting source with originId: 2[m
[36m[01:12:39.387335] [D] [SingleNodeWorker] [WorkerThread-21] [Task:1605590967-140] [BufferManager.cpp:65] [~BufferManager] Calling BufferManager::destroy()[m
[36m[01:12:39.387360] [D] [SingleNodeWorker] [WorkerThread-21] [Task:1605590967-140] [BufferManager.cpp:93] [~BufferManager] Shutting down Buffer Manager completed[m
[36m[01:12:39.758361] [D] [SingleNodeWorker] [WorkerThread-0] [Task:1605590967-140] [InputFormatter.hpp:348] [indexTrailingSpanningTupleProxy] last offset: 262143, first offset: 39[m
[36m[01:12:40.343048] [D] [SingleNodeWorker] [WorkerThread-8] [Task:1605590967] [SourceThread.cpp:230] [tryStop] SourceThread 2: attempting to stop source[m
[36m[01:12:40.343107] [D] [SingleNodeWorker] [WorkerThread-8] [Task:1605590967] [SourceThread.cpp:248] [tryStop] SourceThread 2: stopped[m
[32m[01:12:40.368641] [I] [SingleNodeWorker] [WorkerThread-27] [Task:1605590967-141] [VoidSink.cpp:42] [stop] Void Sink completed.[m
[36m[01:12:40.368769] [D] [SingleNodeWorker] [WorkerThread-27] [] [SourceThread.cpp:226] [tryStop] SourceThread 2: thread is not running[m
[32m[01:12:40.368922] [I] [SingleNodeWorker] [WorkerThread-19] [] [SequenceShredder.cpp:55] [~SequenceShredder] Successfully validated SequenceShredder[m
[36m[01:12:44.333476] [D] [Not A Worker] [unnamed] [queryId:1004135335] [BufferManager.cpp:110] [initialize] NES memory allocation requires 1 out of 540577120256 (so 1.8498748143954595e-10%) available bytes[m
[36m[01:12:44.333526] [D] [Not A Worker] [unnamed] [queryId:1004135335] [BufferManager.cpp:160] [initialize] BufferManager configuration bufferSize=1 numOfBuffers=1[m
[36m[01:12:44.333677] [D] [Not A Worker] [unnamed] [queryId:1004135335] [PipeliningPhase.cpp:365] [apply] Constructed pipeline plan with 1 root pipelines.
PipelinedQueryPlan for Query: 1004135335
Number of root pipelines: 1
------------------
Root Pipeline 0:
  Pipeline(ID(142), Provider(COMPILER))
  Operator chain:
    PhysicalOperator(NES::SourcePhysicalOperator)
  Successor Pipeline:
    Pipeline(ID(143), Provider(None))
      Operator chain:
        PhysicalOperator(NES::ScanPhysicalOperator)
          PhysicalOperator(NES::SelectionPhysicalOperator)
            PhysicalOperator(NES::MapPhysicalOperator)
              PhysicalOperator(NES::EmitPhysicalOperator)
      Successor Pipeline:
        Pipeline(ID(144), Provider(None))
          Operator chain:
            PhysicalOperator(NES::SinkPhysicalOperator)

[m
[36m[01:12:44.337591] [D] [Not A Worker] [unnamed] [] [SinkProvider.cpp:30] [lower] The sinkDescriptor is: SinkDescriptor: (name: variant("PERSON_ID_SINK"), type: Void, Config: )[m
[36m[01:12:44.338158] [D] [SingleNodeWorker] [WorkerThread-29] [Task:1004135335-144] [VoidSink.cpp:37] [start] Setting up void sink: VoidSink[m
[36m[01:12:44.413499] [D] [SingleNodeWorker] [WorkerThread-10] [] [SourceThread.cpp:184] [start] Starting source with originId: 2[m
[36m[01:12:44.415201] [D] [SingleNodeWorker] [WorkerThread-21] [Task:1004135335-143] [BufferManager.cpp:65] [~BufferManager] Calling BufferManager::destroy()[m
[36m[01:12:44.415275] [D] [SingleNodeWorker] [WorkerThread-21] [Task:1004135335-143] [BufferManager.cpp:93] [~BufferManager] Shutting down Buffer Manager completed[m
[36m[01:12:45.023895] [D] [SingleNodeWorker] [WorkerThread-12] [Task:1004135335-143] [InputFormatter.hpp:348] [indexTrailingSpanningTupleProxy] last offset: 262143, first offset: 149[m
[36m[01:12:45.388008] [D] [SingleNodeWorker] [WorkerThread-18] [Task:1004135335] [SourceThread.cpp:230] [tryStop] SourceThread 2: attempting to stop source[m
[36m[01:12:45.388049] [D] [SingleNodeWorker] [WorkerThread-18] [Task:1004135335] [SourceThread.cpp:248] [tryStop] SourceThread 2: stopped[m
[32m[01:12:45.414010] [I] [SingleNodeWorker] [WorkerThread-9] [Task:1004135335-144] [VoidSink.cpp:42] [stop] Void Sink completed.[m
[32m[01:12:45.414030] [I] [SingleNodeWorker] [WorkerThread-3] [] [SequenceShredder.cpp:55] [~SequenceShredder] Successfully validated SequenceShredder[m
[36m[01:12:45.414139] [D] [SingleNodeWorker] [WorkerThread-9] [] [SourceThread.cpp:226] [tryStop] SourceThread 2: thread is not running[m
[36m[01:12:49.286012] [D] [Not A Worker] [unnamed] [queryId:424533624] [BufferManager.cpp:110] [initialize] NES memory allocation requires 1 out of 540577120256 (so 1.8498748143954595e-10%) available bytes[m
[36m[01:12:49.286057] [D] [Not A Worker] [unnamed] [queryId:424533624] [BufferManager.cpp:160] [initialize] BufferManager configuration bufferSize=1 numOfBuffers=1[m
[36m[01:12:49.286221] [D] [Not A Worker] [unnamed] [queryId:424533624] [PipeliningPhase.cpp:365] [apply] Constructed pipeline plan with 1 root pipelines.
PipelinedQueryPlan for Query: 424533624
Number of root pipelines: 1
------------------
Root Pipeline 0:
  Pipeline(ID(145), Provider(COMPILER))
  Operator chain:
    PhysicalOperator(NES::SourcePhysicalOperator)
  Successor Pipeline:
    Pipeline(ID(146), Provider(None))
      Operator chain:
        PhysicalOperator(NES::ScanPhysicalOperator)
          PhysicalOperator(NES::SelectionPhysicalOperator)
            PhysicalOperator(NES::MapPhysicalOperator)
              PhysicalOperator(NES::EmitPhysicalOperator)
      Successor Pipeline:
        Pipeline(ID(147), Provider(None))
          Operator chain:
            PhysicalOperator(NES::SinkPhysicalOperator)

[m
[36m[01:12:49.288771] [D] [Not A Worker] [unnamed] [] [SinkProvider.cpp:30] [lower] The sinkDescriptor is: SinkDescriptor: (name: variant("PERSON_ID_SINK"), type: Void, Config: )[m
[36m[01:12:49.290649] [D] [SingleNodeWorker] [WorkerThread-17] [Task:424533624-147] [VoidSink.cpp:37] [start] Setting up void sink: VoidSink[m
[36m[01:12:49.363525] [D] [SingleNodeWorker] [WorkerThread-17] [] [SourceThread.cpp:184] [start] Starting source with originId: 2[m
[36m[01:12:49.365741] [D] [SingleNodeWorker] [WorkerThread-17] [Task:424533624-146] [BufferManager.cpp:65] [~BufferManager] Calling BufferManager::destroy()[m
[36m[01:12:49.365766] [D] [SingleNodeWorker] [WorkerThread-17] [Task:424533624-146] [BufferManager.cpp:93] [~BufferManager] Shutting down Buffer Manager completed[m
[36m[01:12:50.049569] [D] [SingleNodeWorker] [WorkerThread-23] [Task:424533624-146] [InputFormatter.hpp:348] [indexTrailingSpanningTupleProxy] last offset: 262143, first offset: 214[m
[36m[01:12:50.330770] [D] [SingleNodeWorker] [WorkerThread-3] [Task:424533624] [SourceThread.cpp:230] [tryStop] SourceThread 2: attempting to stop source[m
[36m[01:12:50.330824] [D] [SingleNodeWorker] [WorkerThread-3] [Task:424533624] [SourceThread.cpp:248] [tryStop] SourceThread 2: stopped[m
[32m[01:12:50.356696] [I] [SingleNodeWorker] [WorkerThread-9] [] [SequenceShredder.cpp:55] [~SequenceShredder] Successfully validated SequenceShredder[m
[32m[01:12:50.357999] [I] [SingleNodeWorker] [WorkerThread-13] [Task:424533624-147] [VoidSink.cpp:42] [stop] Void Sink completed.[m
[36m[01:12:50.358118] [D] [SingleNodeWorker] [WorkerThread-13] [] [SourceThread.cpp:226] [tryStop] SourceThread 2: thread is not running[m
[36m[01:12:54.169194] [D] [Not A Worker] [unnamed] [queryId:731706425] [BufferManager.cpp:110] [initialize] NES memory allocation requires 1 out of 540577120256 (so 1.8498748143954595e-10%) available bytes[m
[36m[01:12:54.169242] [D] [Not A Worker] [unnamed] [queryId:731706425] [BufferManager.cpp:160] [initialize] BufferManager configuration bufferSize=1 numOfBuffers=1[m
[36m[01:12:54.169405] [D] [Not A Worker] [unnamed] [queryId:731706425] [PipeliningPhase.cpp:365] [apply] Constructed pipeline plan with 1 root pipelines.
PipelinedQueryPlan for Query: 731706425
Number of root pipelines: 1
------------------
Root Pipeline 0:
  Pipeline(ID(148), Provider(COMPILER))
  Operator chain:
    PhysicalOperator(NES::SourcePhysicalOperator)
  Successor Pipeline:
    Pipeline(ID(149), Provider(None))
      Operator chain:
        PhysicalOperator(NES::ScanPhysicalOperator)
          PhysicalOperator(NES::SelectionPhysicalOperator)
            PhysicalOperator(NES::MapPhysicalOperator)
              PhysicalOperator(NES::EmitPhysicalOperator)
      Successor Pipeline:
        Pipeline(ID(150), Provider(None))
          Operator chain:
            PhysicalOperator(NES::SinkPhysicalOperator)

[m
[36m[01:12:54.172090] [D] [Not A Worker] [unnamed] [] [SinkProvider.cpp:30] [lower] The sinkDescriptor is: SinkDescriptor: (name: variant("PERSON_ID_SINK"), type: Void, Config: )[m
[36m[01:12:54.172908] [D] [SingleNodeWorker] [WorkerThread-16] [Task:731706425-150] [VoidSink.cpp:37] [start] Setting up void sink: VoidSink[m
[36m[01:12:54.244033] [D] [SingleNodeWorker] [WorkerThread-16] [] [SourceThread.cpp:184] [start] Starting source with originId: 2[m
[36m[01:12:54.245912] [D] [SingleNodeWorker] [WorkerThread-1] [Task:731706425-149] [BufferManager.cpp:65] [~BufferManager] Calling BufferManager::destroy()[m
[36m[01:12:54.246008] [D] [SingleNodeWorker] [WorkerThread-1] [Task:731706425-149] [BufferManager.cpp:93] [~BufferManager] Shutting down Buffer Manager completed[m
[36m[01:12:55.248628] [D] [SingleNodeWorker] [WorkerThread-9] [Task:731706425] [SourceThread.cpp:230] [tryStop] SourceThread 2: attempting to stop source[m
[36m[01:12:55.248670] [D] [SingleNodeWorker] [WorkerThread-9] [Task:731706425] [SourceThread.cpp:248] [tryStop] SourceThread 2: stopped[m
[32m[01:12:55.274595] [I] [SingleNodeWorker] [WorkerThread-23] [Task:731706425-150] [VoidSink.cpp:42] [stop] Void Sink completed.[m
[32m[01:12:55.274608] [I] [SingleNodeWorker] [WorkerThread-24] [] [SequenceShredder.cpp:55] [~SequenceShredder] Successfully validated SequenceShredder[m
[36m[01:12:55.274684] [D] [SingleNodeWorker] [WorkerThread-23] [] [SourceThread.cpp:226] [tryStop] SourceThread 2: thread is not running[m
