[36m[01:43:40.974378] [D] [Not A Worker] [unnamed] [] [BufferManager.cpp:110] [initialize] NES memory allocation requires 8589934592 out of 540577120256 (so 1.5890303659045137%) available bytes[m
[36m[01:43:41.066358] [D] [Not A Worker] [unnamed] [] [BufferManager.cpp:160] [initialize] BufferManager configuration bufferSize=262144 numOfBuffers=32768[m
[32m[01:43:41.090387] [I] [Not A Worker] [unnamed] [] [SingleNodeWorkerStarter.cpp:85] [main] Server listening on worker-max:8080[m
[36m[01:43:43.488157] [D] [Not A Worker] [unnamed] [] [BufferManager.cpp:110] [initialize] NES memory allocation requires 1 out of 540577120256 (so 1.8498748143954595e-10%) available bytes[m
[36m[01:43:43.488259] [D] [Not A Worker] [unnamed] [] [BufferManager.cpp:160] [initialize] BufferManager configuration bufferSize=1 numOfBuffers=1[m
[36m[01:43:43.489785] [D] [Not A Worker] [unnamed] [] [PipeliningPhase.cpp:365] [apply] Constructed pipeline plan with 1 root pipelines.
PipelinedQueryPlan for Query: 1
Number of root pipelines: 1
------------------
Root Pipeline 0:
  Pipeline(ID(1), Provider(COMPILER))
  Operator chain:
    PhysicalOperator(NES::SourcePhysicalOperator)
  Successor Pipeline:
    Pipeline(ID(2), Provider(None))
      Operator chain:
        PhysicalOperator(NES::ScanPhysicalOperator)
          PhysicalOperator(NES::MapPhysicalOperator)
            PhysicalOperator(NES::EmitPhysicalOperator)
      Successor Pipeline:
        Pipeline(ID(3), Provider(None))
          Operator chain:
            PhysicalOperator(NES::SinkPhysicalOperator)

[m
[32m[01:43:43.490351] [I] [Not A Worker] [unnamed] [] [NodeEngine.cpp:55] [registerQuery] Register 1[m
[36m[01:43:43.494046] [D] [Not A Worker] [unnamed] [] [SinkProvider.cpp:30] [lower] The sinkDescriptor is: SinkDescriptor: (name: variant("EXTRA_SINK"), type: Void, Config: )[m
[36m[01:43:43.495089] [D] [SingleNodeWorker] [WorkerThread-54] [Task:1-3] [VoidSink.cpp:37] [start] Setting up void sink: VoidSink[m
[36m[01:43:43.593060] [D] [SingleNodeWorker] [WorkerThread-37] [] [SourceThread.cpp:184] [start] Starting source with originId: 2[m
[36m[01:43:43.596779] [D] [SingleNodeWorker] [WorkerThread-23] [Task:1-2] [BufferManager.cpp:65] [~BufferManager] Calling BufferManager::destroy()[m
[36m[01:43:43.596866] [D] [SingleNodeWorker] [WorkerThread-23] [Task:1-2] [BufferManager.cpp:93] [~BufferManager] Shutting down Buffer Manager completed[m
[31m[1m[01:43:43.597027] [E] [SingleNodeWorker] [WorkerThread-37] [] [Task.cpp:67] [callOnFailure] TaskCallback::callOnFailure[m
[36m[01:43:43.597087] [D] [SingleNodeWorker] [WorkerThread-37] [] [SourceThread.cpp:230] [tryStop] SourceThread 2: attempting to stop source[m
[36m[01:43:43.597102] [D] [SingleNodeWorker] [WorkerThread-37] [] [SourceThread.cpp:238] [tryStop] SourceThread 2: source was not stopped during timeout[m
[31m[1m[01:43:43.597355] [E] [SingleNodeWorker] [WorkerThread-23] [] [Task.cpp:67] [callOnFailure] TaskCallback::callOnFailure[m
[31m[1m[01:43:43.597450] [E] [SingleNodeWorker] [WorkerThread-23] [] [QueryEngine.cpp:874] [onFailure] Query Failed: cannot format malformed string value; Value '{"ID": 1000', is not a valid value of type: int.
 in Query 1.[m
[31m[1m[01:43:43.597726] [E] [SingleNodeWorker] [WorkerThread-37] [] [QueryEngine.cpp:874] [onFailure] Query Failed: cannot format malformed string value; Value '{"ID": 3435', is not a valid value of type: int.
 in Query 1.[m
[31m[1m[01:43:43.597757] [E] [SingleNodeWorker] [WorkerThread-15] [] [Task.cpp:67] [callOnFailure] TaskCallback::callOnFailure[m
[31m[1m[01:43:43.597871] [E] [SingleNodeWorker] [WorkerThread-15] [] [QueryEngine.cpp:874] [onFailure] Query Failed: cannot format malformed string value; Value '{"ID": 1812', is not a valid value of type: int.
 in Query 1.[m
[31m[1m[01:43:43.598635] [E] [SingleNodeWorker] [WorkerThread-3] [] [Task.cpp:67] [callOnFailure] TaskCallback::callOnFailure[m
[31m[1m[01:43:43.598751] [E] [SingleNodeWorker] [WorkerThread-3] [] [QueryEngine.cpp:874] [onFailure] Query Failed: cannot format malformed string value; Value '{"ID": 2623', is not a valid value of type: int.
 in Query 1.[m
[31m[1m[01:43:43.599568] [E] [SingleNodeWorker] [WorkerThread-26] [] [Task.cpp:67] [callOnFailure] TaskCallback::callOnFailure[m
[31m[1m[01:43:43.599688] [E] [SingleNodeWorker] [WorkerThread-26] [] [QueryEngine.cpp:874] [onFailure] Query Failed: cannot format malformed string value; Value '{"ID": 4246', is not a valid value of type: int.
 in Query 1.[m
[31m[1m[01:43:43.600004] [E] [SingleNodeWorker] [WorkerThread-31] [] [Task.cpp:67] [callOnFailure] TaskCallback::callOnFailure[m
[31m[1m[01:43:43.600070] [E] [SingleNodeWorker] [WorkerThread-26] [] [SpanningTupleBufferState.cpp:201] [validateFinalState] Buffer at index 3 does still claim to own leading buffer[m
[31m[1m[01:43:43.600102] [E] [SingleNodeWorker] [WorkerThread-31] [] [QueryEngine.cpp:93] [operator()] Query Failure could not be reported as query has already been terminated. Original Error: cannot format malformed string value; Value '{"ID": 5061', is not a valid value of type: int.
[m
[31m[1m[01:43:43.600187] [E] [SingleNodeWorker] [WorkerThread-26] [] [SpanningTupleBufferState.cpp:206] [validateFinalState] Buffer at index 3 still owns a trailing buffer reference[m
[31m[1m[01:43:43.600242] [E] [SingleNodeWorker] [WorkerThread-26] [] [SpanningTupleBufferState.cpp:186] [validateFinalState] Buffer at index 4 does still claim to own leading buffer[m
[31m[1m[01:43:43.600286] [E] [SingleNodeWorker] [WorkerThread-26] [] [SpanningTupleBufferState.cpp:191] [validateFinalState] Buffer at index 4 still owns a leading buffer reference[m
[31m[1m[01:43:43.600685] [E] [SingleNodeWorker] [WorkerThread-26] [] [SequenceShredder.cpp:59] [~SequenceShredder] Failed to validate SequenceShredder[m
[36m[01:43:49.157384] [D] [Not A Worker] [unnamed] [] [BufferManager.cpp:110] [initialize] NES memory allocation requires 1 out of 540577120256 (so 1.8498748143954595e-10%) available bytes[m
[36m[01:43:49.157497] [D] [Not A Worker] [unnamed] [] [BufferManager.cpp:160] [initialize] BufferManager configuration bufferSize=1 numOfBuffers=1[m
[36m[01:43:49.158975] [D] [Not A Worker] [unnamed] [] [PipeliningPhase.cpp:365] [apply] Constructed pipeline plan with 1 root pipelines.
PipelinedQueryPlan for Query: 2
Number of root pipelines: 1
------------------
Root Pipeline 0:
  Pipeline(ID(4), Provider(COMPILER))
  Operator chain:
    PhysicalOperator(NES::SourcePhysicalOperator)
  Successor Pipeline:
    Pipeline(ID(5), Provider(None))
      Operator chain:
        PhysicalOperator(NES::ScanPhysicalOperator)
          PhysicalOperator(NES::MapPhysicalOperator)
            PhysicalOperator(NES::EmitPhysicalOperator)
      Successor Pipeline:
        Pipeline(ID(6), Provider(None))
          Operator chain:
            PhysicalOperator(NES::SinkPhysicalOperator)

[m
[32m[01:43:49.159287] [I] [Not A Worker] [unnamed] [] [NodeEngine.cpp:55] [registerQuery] Register 2[m
[36m[01:43:49.163605] [D] [Not A Worker] [unnamed] [] [SinkProvider.cpp:30] [lower] The sinkDescriptor is: SinkDescriptor: (name: variant("EXTRA_SINK"), type: Void, Config: )[m
[36m[01:43:49.164839] [D] [SingleNodeWorker] [WorkerThread-30] [Task:2-6] [VoidSink.cpp:37] [start] Setting up void sink: VoidSink[m
[36m[01:43:49.261115] [D] [SingleNodeWorker] [WorkerThread-58] [] [SourceThread.cpp:184] [start] Starting source with originId: 2[m
[36m[01:43:49.264810] [D] [SingleNodeWorker] [WorkerThread-15] [Task:2-5] [BufferManager.cpp:65] [~BufferManager] Calling BufferManager::destroy()[m
[36m[01:43:49.264892] [D] [SingleNodeWorker] [WorkerThread-15] [Task:2-5] [BufferManager.cpp:93] [~BufferManager] Shutting down Buffer Manager completed[m
[31m[1m[01:43:49.265420] [E] [SingleNodeWorker] [WorkerThread-15] [] [Task.cpp:67] [callOnFailure] TaskCallback::callOnFailure[m
[36m[01:43:49.265552] [D] [SingleNodeWorker] [WorkerThread-15] [] [SourceThread.cpp:230] [tryStop] SourceThread 2: attempting to stop source[m
[36m[01:43:49.265615] [D] [SingleNodeWorker] [WorkerThread-15] [] [SourceThread.cpp:238] [tryStop] SourceThread 2: source was not stopped during timeout[m
[31m[1m[01:43:49.265763] [E] [SingleNodeWorker] [WorkerThread-15] [] [QueryEngine.cpp:874] [onFailure] Query Failed: cannot format malformed string value; Value '{"ID": 1000', is not a valid value of type: int.
 in Query 2.[m
[31m[1m[01:43:49.266258] [E] [SingleNodeWorker] [WorkerThread-37] [] [Task.cpp:67] [callOnFailure] TaskCallback::callOnFailure[m
[31m[1m[01:43:49.266400] [E] [SingleNodeWorker] [WorkerThread-37] [] [QueryEngine.cpp:874] [onFailure] Query Failed: cannot format malformed string value; Value '{"ID": 1812', is not a valid value of type: int.
 in Query 2.[m
[31m[1m[01:43:49.266595] [E] [SingleNodeWorker] [WorkerThread-6] [] [Task.cpp:67] [callOnFailure] TaskCallback::callOnFailure[m
[31m[1m[01:43:49.266720] [E] [SingleNodeWorker] [WorkerThread-6] [] [QueryEngine.cpp:874] [onFailure] Query Failed: cannot format malformed string value; Value '{"ID": 2623', is not a valid value of type: int.
 in Query 2.[m
[31m[1m[01:43:49.266750] [E] [SingleNodeWorker] [WorkerThread-24] [] [Task.cpp:67] [callOnFailure] TaskCallback::callOnFailure[m
[31m[1m[01:43:49.266890] [E] [SingleNodeWorker] [WorkerThread-24] [] [QueryEngine.cpp:874] [onFailure] Query Failed: cannot format malformed string value; Value '{"ID": 3434', is not a valid value of type: int.
 in Query 2.[m
[31m[1m[01:43:49.267113] [E] [SingleNodeWorker] [WorkerThread-2] [] [Task.cpp:67] [callOnFailure] TaskCallback::callOnFailure[m
[31m[1m[01:43:49.267227] [E] [SingleNodeWorker] [WorkerThread-2] [] [QueryEngine.cpp:874] [onFailure] Query Failed: cannot format malformed string value; Value '{"ID": 4246', is not a valid value of type: int.
 in Query 2.[m
[32m[01:43:49.268433] [I] [SingleNodeWorker] [WorkerThread-53] [Task:2-5] [SequenceShredder.cpp:55] [~SequenceShredder] Successfully validated SequenceShredder[m
[31m[1m[01:43:49.278331] [E] [SingleNodeWorker] [WorkerThread-53] [] [Task.cpp:67] [callOnFailure] TaskCallback::callOnFailure[m
[31m[1m[01:43:49.278370] [E] [SingleNodeWorker] [WorkerThread-53] [] [QueryEngine.cpp:93] [operator()] Query Failure could not be reported as query has already been terminated. Original Error: cannot format malformed string value; Value '{"ID": 5061', is not a valid value of type: int.
[m
[36m[01:43:51.073927] [D] [Not A Worker] [unnamed] [] [BufferManager.cpp:110] [initialize] NES memory allocation requires 1 out of 540577120256 (so 1.8498748143954595e-10%) available bytes[m
[36m[01:43:51.074025] [D] [Not A Worker] [unnamed] [] [BufferManager.cpp:160] [initialize] BufferManager configuration bufferSize=1 numOfBuffers=1[m
[36m[01:43:51.075454] [D] [Not A Worker] [unnamed] [] [PipeliningPhase.cpp:365] [apply] Constructed pipeline plan with 1 root pipelines.
PipelinedQueryPlan for Query: 3
Number of root pipelines: 1
------------------
Root Pipeline 0:
  Pipeline(ID(7), Provider(COMPILER))
  Operator chain:
    PhysicalOperator(NES::SourcePhysicalOperator)
  Successor Pipeline:
    Pipeline(ID(8), Provider(None))
      Operator chain:
        PhysicalOperator(NES::ScanPhysicalOperator)
          PhysicalOperator(NES::MapPhysicalOperator)
            PhysicalOperator(NES::EmitPhysicalOperator)
      Successor Pipeline:
        Pipeline(ID(9), Provider(None))
          Operator chain:
            PhysicalOperator(NES::SinkPhysicalOperator)

[m
[32m[01:43:51.075763] [I] [Not A Worker] [unnamed] [] [NodeEngine.cpp:55] [registerQuery] Register 3[m
[36m[01:43:51.078643] [D] [Not A Worker] [unnamed] [] [SinkProvider.cpp:30] [lower] The sinkDescriptor is: SinkDescriptor: (name: variant("EXTRA_SINK"), type: Void, Config: )[m
[36m[01:43:51.079454] [D] [SingleNodeWorker] [WorkerThread-28] [Task:3-9] [VoidSink.cpp:37] [start] Setting up void sink: VoidSink[m
[36m[01:43:51.177518] [D] [SingleNodeWorker] [WorkerThread-3] [] [SourceThread.cpp:184] [start] Starting source with originId: 2[m
[36m[01:43:51.179234] [D] [SingleNodeWorker] [WorkerThread-3] [Task:3-8] [BufferManager.cpp:65] [~BufferManager] Calling BufferManager::destroy()[m
[36m[01:43:51.179261] [D] [SingleNodeWorker] [WorkerThread-3] [Task:3-8] [BufferManager.cpp:93] [~BufferManager] Shutting down Buffer Manager completed[m
[31m[1m[01:43:51.179436] [E] [SingleNodeWorker] [WorkerThread-3] [] [Task.cpp:67] [callOnFailure] TaskCallback::callOnFailure[m
[36m[01:43:51.179490] [D] [SingleNodeWorker] [WorkerThread-3] [] [SourceThread.cpp:230] [tryStop] SourceThread 2: attempting to stop source[m
[36m[01:43:51.179502] [D] [SingleNodeWorker] [WorkerThread-3] [] [SourceThread.cpp:238] [tryStop] SourceThread 2: source was not stopped during timeout[m
[31m[1m[01:43:51.179624] [E] [SingleNodeWorker] [WorkerThread-3] [] [QueryEngine.cpp:874] [onFailure] Query Failed: cannot format malformed string value; Value '{"ID": 1000', is not a valid value of type: int.
 in Query 3.[m
[32m[01:43:51.182578] [I] [SingleNodeWorker] [WorkerThread-1] [Task:3-8] [SequenceShredder.cpp:55] [~SequenceShredder] Successfully validated SequenceShredder[m
[31m[1m[01:43:51.192878] [E] [SingleNodeWorker] [WorkerThread-1] [] [Task.cpp:67] [callOnFailure] TaskCallback::callOnFailure[m
[31m[1m[01:43:51.192949] [E] [SingleNodeWorker] [WorkerThread-1] [] [QueryEngine.cpp:93] [operator()] Query Failure could not be reported as query has already been terminated. Original Error: cannot format malformed string value; Value '{"ID": 1812', is not a valid value of type: int.
[m
[36m[01:43:53.116215] [D] [Not A Worker] [unnamed] [] [BufferManager.cpp:110] [initialize] NES memory allocation requires 1 out of 540577120256 (so 1.8498748143954595e-10%) available bytes[m
[36m[01:43:53.116318] [D] [Not A Worker] [unnamed] [] [BufferManager.cpp:160] [initialize] BufferManager configuration bufferSize=1 numOfBuffers=1[m
[36m[01:43:53.117721] [D] [Not A Worker] [unnamed] [] [PipeliningPhase.cpp:365] [apply] Constructed pipeline plan with 1 root pipelines.
PipelinedQueryPlan for Query: 4
Number of root pipelines: 1
------------------
Root Pipeline 0:
  Pipeline(ID(10), Provider(COMPILER))
  Operator chain:
    PhysicalOperator(NES::SourcePhysicalOperator)
  Successor Pipeline:
    Pipeline(ID(11), Provider(None))
      Operator chain:
        PhysicalOperator(NES::ScanPhysicalOperator)
          PhysicalOperator(NES::MapPhysicalOperator)
            PhysicalOperator(NES::EmitPhysicalOperator)
      Successor Pipeline:
        Pipeline(ID(12), Provider(None))
          Operator chain:
            PhysicalOperator(NES::SinkPhysicalOperator)

[m
[32m[01:43:53.118051] [I] [Not A Worker] [unnamed] [] [NodeEngine.cpp:55] [registerQuery] Register 4[m
[36m[01:43:53.121279] [D] [Not A Worker] [unnamed] [] [SinkProvider.cpp:30] [lower] The sinkDescriptor is: SinkDescriptor: (name: variant("EXTRA_SINK"), type: Void, Config: )[m
[36m[01:43:53.122097] [D] [SingleNodeWorker] [WorkerThread-27] [Task:4-12] [VoidSink.cpp:37] [start] Setting up void sink: VoidSink[m
[36m[01:43:53.214324] [D] [SingleNodeWorker] [WorkerThread-50] [] [SourceThread.cpp:184] [start] Starting source with originId: 2[m
[36m[01:43:53.218506] [D] [SingleNodeWorker] [WorkerThread-34] [Task:4-11] [BufferManager.cpp:65] [~BufferManager] Calling BufferManager::destroy()[m
[36m[01:43:53.218608] [D] [SingleNodeWorker] [WorkerThread-34] [Task:4-11] [BufferManager.cpp:93] [~BufferManager] Shutting down Buffer Manager completed[m
[31m[1m[01:43:53.218839] [E] [SingleNodeWorker] [WorkerThread-32] [] [Task.cpp:67] [callOnFailure] TaskCallback::callOnFailure[m
[36m[01:43:53.219027] [D] [SingleNodeWorker] [WorkerThread-32] [] [SourceThread.cpp:230] [tryStop] SourceThread 2: attempting to stop source[m
[36m[01:43:53.219073] [D] [SingleNodeWorker] [WorkerThread-32] [] [SourceThread.cpp:238] [tryStop] SourceThread 2: source was not stopped during timeout[m
[31m[1m[01:43:53.219426] [E] [SingleNodeWorker] [WorkerThread-32] [] [QueryEngine.cpp:874] [onFailure] Query Failed: cannot format malformed string value; Value '{"ID": 1813', is not a valid value of type: int.
 in Query 4.[m
[31m[1m[01:43:53.219459] [E] [SingleNodeWorker] [WorkerThread-34] [] [Task.cpp:67] [callOnFailure] TaskCallback::callOnFailure[m
[31m[1m[01:43:53.219611] [E] [SingleNodeWorker] [WorkerThread-34] [] [QueryEngine.cpp:874] [onFailure] Query Failed: cannot format malformed string value; Value '{"ID": 1000', is not a valid value of type: int.
 in Query 4.[m
[31m[1m[01:43:53.219772] [E] [SingleNodeWorker] [WorkerThread-50] [] [Task.cpp:67] [callOnFailure] TaskCallback::callOnFailure[m
[31m[1m[01:43:53.219823] [E] [SingleNodeWorker] [WorkerThread-50] [] [QueryEngine.cpp:874] [onFailure] Query Failed: cannot format malformed string value; Value '{"ID": 5877', is not a valid value of type: int.
 in Query 4.[m
[31m[1m[01:43:53.220050] [E] [SingleNodeWorker] [WorkerThread-23] [] [Task.cpp:67] [callOnFailure] TaskCallback::callOnFailure[m
[31m[1m[01:43:53.220167] [E] [SingleNodeWorker] [WorkerThread-23] [] [QueryEngine.cpp:874] [onFailure] Query Failed: cannot format malformed string value; Value '{"ID": 3435', is not a valid value of type: int.
 in Query 4.[m
[31m[1m[01:43:53.220273] [E] [SingleNodeWorker] [WorkerThread-43] [] [Task.cpp:67] [callOnFailure] TaskCallback::callOnFailure[m
[31m[1m[01:43:53.220373] [E] [SingleNodeWorker] [WorkerThread-43] [] [QueryEngine.cpp:874] [onFailure] Query Failed: cannot format malformed string value; Value '{"ID": 2623', is not a valid value of type: int.
 in Query 4.[m
[31m[1m[01:43:53.220662] [E] [SingleNodeWorker] [WorkerThread-14] [] [Task.cpp:67] [callOnFailure] TaskCallback::callOnFailure[m
[31m[1m[01:43:53.220782] [E] [SingleNodeWorker] [WorkerThread-14] [] [QueryEngine.cpp:874] [onFailure] Query Failed: cannot format malformed string value; Value '{"ID": 4246', is not a valid value of type: int.
 in Query 4.[m
[31m[1m[01:43:53.221218] [E] [SingleNodeWorker] [WorkerThread-12] [Task:4-11] [SpanningTupleBufferState.cpp:201] [validateFinalState] Buffer at index 1 does still claim to own leading buffer[m
[31m[1m[01:43:53.221318] [E] [SingleNodeWorker] [WorkerThread-12] [Task:4-11] [SpanningTupleBufferState.cpp:206] [validateFinalState] Buffer at index 1 still owns a trailing buffer reference[m
[31m[1m[01:43:53.221367] [E] [SingleNodeWorker] [WorkerThread-12] [Task:4-11] [SpanningTupleBufferState.cpp:186] [validateFinalState] Buffer at index 2 does still claim to own leading buffer[m
[31m[1m[01:43:53.221413] [E] [SingleNodeWorker] [WorkerThread-12] [Task:4-11] [SpanningTupleBufferState.cpp:191] [validateFinalState] Buffer at index 2 still owns a leading buffer reference[m
[31m[1m[01:43:53.221455] [E] [SingleNodeWorker] [WorkerThread-12] [Task:4-11] [SpanningTupleBufferState.cpp:201] [validateFinalState] Buffer at index 3 does still claim to own leading buffer[m
[31m[1m[01:43:53.221502] [E] [SingleNodeWorker] [WorkerThread-12] [Task:4-11] [SpanningTupleBufferState.cpp:206] [validateFinalState] Buffer at index 3 still owns a trailing buffer reference[m
[31m[1m[01:43:53.221548] [E] [SingleNodeWorker] [WorkerThread-12] [Task:4-11] [SpanningTupleBufferState.cpp:186] [validateFinalState] Buffer at index 4 does still claim to own leading buffer[m
[31m[1m[01:43:53.221592] [E] [SingleNodeWorker] [WorkerThread-12] [Task:4-11] [SpanningTupleBufferState.cpp:191] [validateFinalState] Buffer at index 4 still owns a leading buffer reference[m
[31m[1m[01:43:53.221634] [E] [SingleNodeWorker] [WorkerThread-12] [Task:4-11] [SpanningTupleBufferState.cpp:201] [validateFinalState] Buffer at index 6 does still claim to own leading buffer[m
[31m[1m[01:43:53.221680] [E] [SingleNodeWorker] [WorkerThread-12] [Task:4-11] [SpanningTupleBufferState.cpp:206] [validateFinalState] Buffer at index 6 still owns a trailing buffer reference[m
[31m[1m[01:43:53.221729] [E] [SingleNodeWorker] [WorkerThread-12] [Task:4-11] [SpanningTupleBufferState.cpp:186] [validateFinalState] Buffer at index 7 does still claim to own leading buffer[m
[31m[1m[01:43:53.221775] [E] [SingleNodeWorker] [WorkerThread-12] [Task:4-11] [SpanningTupleBufferState.cpp:191] [validateFinalState] Buffer at index 7 still owns a leading buffer reference[m
[31m[1m[01:43:53.222170] [E] [SingleNodeWorker] [WorkerThread-12] [Task:4-11] [SequenceShredder.cpp:59] [~SequenceShredder] Failed to validate SequenceShredder[m
[31m[1m[01:43:53.233645] [E] [SingleNodeWorker] [WorkerThread-12] [] [Task.cpp:67] [callOnFailure] TaskCallback::callOnFailure[m
[31m[1m[01:43:53.233724] [E] [SingleNodeWorker] [WorkerThread-12] [] [QueryEngine.cpp:93] [operator()] Query Failure could not be reported as query has already been terminated. Original Error: cannot format malformed string value; Value '{"ID": 5061', is not a valid value of type: int.
[m
[36m[01:43:55.099335] [D] [Not A Worker] [unnamed] [] [BufferManager.cpp:110] [initialize] NES memory allocation requires 1 out of 540577120256 (so 1.8498748143954595e-10%) available bytes[m
[36m[01:43:55.099444] [D] [Not A Worker] [unnamed] [] [BufferManager.cpp:160] [initialize] BufferManager configuration bufferSize=1 numOfBuffers=1[m
[36m[01:43:55.100844] [D] [Not A Worker] [unnamed] [] [PipeliningPhase.cpp:365] [apply] Constructed pipeline plan with 1 root pipelines.
PipelinedQueryPlan for Query: 5
Number of root pipelines: 1
------------------
Root Pipeline 0:
  Pipeline(ID(13), Provider(COMPILER))
  Operator chain:
    PhysicalOperator(NES::SourcePhysicalOperator)
  Successor Pipeline:
    Pipeline(ID(14), Provider(None))
      Operator chain:
        PhysicalOperator(NES::ScanPhysicalOperator)
          PhysicalOperator(NES::MapPhysicalOperator)
            PhysicalOperator(NES::EmitPhysicalOperator)
      Successor Pipeline:
        Pipeline(ID(15), Provider(None))
          Operator chain:
            PhysicalOperator(NES::SinkPhysicalOperator)

[m
[32m[01:43:55.101118] [I] [Not A Worker] [unnamed] [] [NodeEngine.cpp:55] [registerQuery] Register 5[m
[36m[01:43:55.105388] [D] [Not A Worker] [unnamed] [] [SinkProvider.cpp:30] [lower] The sinkDescriptor is: SinkDescriptor: (name: variant("EXTRA_SINK"), type: Void, Config: )[m
[36m[01:43:55.105911] [D] [SingleNodeWorker] [WorkerThread-7] [Task:5-15] [VoidSink.cpp:37] [start] Setting up void sink: VoidSink[m
[36m[01:43:55.203535] [D] [SingleNodeWorker] [WorkerThread-39] [] [SourceThread.cpp:184] [start] Starting source with originId: 2[m
[31m[1m[01:43:55.206376] [E] [SingleNodeWorker] [WorkerThread-39] [] [Task.cpp:67] [callOnFailure] TaskCallback::callOnFailure[m
[36m[01:43:55.206442] [D] [SingleNodeWorker] [WorkerThread-39] [] [SourceThread.cpp:230] [tryStop] SourceThread 2: attempting to stop source[m
[36m[01:43:55.206453] [D] [SingleNodeWorker] [WorkerThread-39] [] [SourceThread.cpp:238] [tryStop] SourceThread 2: source was not stopped during timeout[m
[31m[1m[01:43:55.206779] [E] [SingleNodeWorker] [WorkerThread-39] [] [QueryEngine.cpp:874] [onFailure] Query Failed: cannot format malformed string value; Value '{"ID": 2624', is not a valid value of type: int.
 in Query 5.[m
[36m[01:43:55.207017] [D] [SingleNodeWorker] [WorkerThread-47] [Task:5-14] [BufferManager.cpp:65] [~BufferManager] Calling BufferManager::destroy()[m
[36m[01:43:55.207097] [D] [SingleNodeWorker] [WorkerThread-47] [Task:5-14] [BufferManager.cpp:93] [~BufferManager] Shutting down Buffer Manager completed[m
[31m[1m[01:43:55.207568] [E] [SingleNodeWorker] [WorkerThread-47] [] [Task.cpp:67] [callOnFailure] TaskCallback::callOnFailure[m
[31m[1m[01:43:55.207664] [E] [SingleNodeWorker] [WorkerThread-47] [] [QueryEngine.cpp:874] [onFailure] Query Failed: cannot format malformed string value; Value '{"ID": 1000', is not a valid value of type: int.
 in Query 5.[m
[31m[1m[01:43:55.208497] [E] [SingleNodeWorker] [WorkerThread-1] [] [Task.cpp:67] [callOnFailure] TaskCallback::callOnFailure[m
[31m[1m[01:43:55.208614] [E] [SingleNodeWorker] [WorkerThread-1] [] [QueryEngine.cpp:874] [onFailure] Query Failed: cannot format malformed string value; Value '{"ID": 1812', is not a valid value of type: int.
 in Query 5.[m
[31m[1m[01:43:55.209509] [E] [SingleNodeWorker] [WorkerThread-32] [Task:5-14] [SpanningTupleBufferState.cpp:201] [validateFinalState] Buffer at index 2 does still claim to own leading buffer[m
[31m[1m[01:43:55.209612] [E] [SingleNodeWorker] [WorkerThread-32] [Task:5-14] [SpanningTupleBufferState.cpp:206] [validateFinalState] Buffer at index 2 still owns a trailing buffer reference[m
[31m[1m[01:43:55.209680] [E] [SingleNodeWorker] [WorkerThread-32] [Task:5-14] [SpanningTupleBufferState.cpp:186] [validateFinalState] Buffer at index 3 does still claim to own leading buffer[m
[31m[1m[01:43:55.209747] [E] [SingleNodeWorker] [WorkerThread-32] [Task:5-14] [SpanningTupleBufferState.cpp:191] [validateFinalState] Buffer at index 3 still owns a leading buffer reference[m
[31m[1m[01:43:55.210170] [E] [SingleNodeWorker] [WorkerThread-32] [Task:5-14] [SequenceShredder.cpp:59] [~SequenceShredder] Failed to validate SequenceShredder[m
[31m[1m[01:43:55.221743] [E] [SingleNodeWorker] [WorkerThread-32] [] [Task.cpp:67] [callOnFailure] TaskCallback::callOnFailure[m
[31m[1m[01:43:55.221785] [E] [SingleNodeWorker] [WorkerThread-32] [] [QueryEngine.cpp:93] [operator()] Query Failure could not be reported as query has already been terminated. Original Error: cannot format malformed string value; Value '{"ID": 3434', is not a valid value of type: int.
[m
[36m[01:43:57.100736] [D] [Not A Worker] [unnamed] [] [BufferManager.cpp:110] [initialize] NES memory allocation requires 1 out of 540577120256 (so 1.8498748143954595e-10%) available bytes[m
[36m[01:43:57.100833] [D] [Not A Worker] [unnamed] [] [BufferManager.cpp:160] [initialize] BufferManager configuration bufferSize=1 numOfBuffers=1[m
[36m[01:43:57.102241] [D] [Not A Worker] [unnamed] [] [PipeliningPhase.cpp:365] [apply] Constructed pipeline plan with 1 root pipelines.
PipelinedQueryPlan for Query: 6
Number of root pipelines: 1
------------------
Root Pipeline 0:
  Pipeline(ID(16), Provider(COMPILER))
  Operator chain:
    PhysicalOperator(NES::SourcePhysicalOperator)
  Successor Pipeline:
    Pipeline(ID(17), Provider(None))
      Operator chain:
        PhysicalOperator(NES::ScanPhysicalOperator)
          PhysicalOperator(NES::MapPhysicalOperator)
            PhysicalOperator(NES::EmitPhysicalOperator)
      Successor Pipeline:
        Pipeline(ID(18), Provider(None))
          Operator chain:
            PhysicalOperator(NES::SinkPhysicalOperator)

[m
[32m[01:43:57.102546] [I] [Not A Worker] [unnamed] [] [NodeEngine.cpp:55] [registerQuery] Register 6[m
[36m[01:43:57.105714] [D] [Not A Worker] [unnamed] [] [SinkProvider.cpp:30] [lower] The sinkDescriptor is: SinkDescriptor: (name: variant("EXTRA_SINK"), type: Void, Config: )[m
[36m[01:43:57.106343] [D] [SingleNodeWorker] [WorkerThread-41] [Task:6-18] [VoidSink.cpp:37] [start] Setting up void sink: VoidSink[m
[36m[01:43:57.203689] [D] [SingleNodeWorker] [WorkerThread-26] [] [SourceThread.cpp:184] [start] Starting source with originId: 2[m
[36m[01:43:57.205337] [D] [SingleNodeWorker] [WorkerThread-26] [Task:6-17] [BufferManager.cpp:65] [~BufferManager] Calling BufferManager::destroy()[m
[36m[01:43:57.205359] [D] [SingleNodeWorker] [WorkerThread-26] [Task:6-17] [BufferManager.cpp:93] [~BufferManager] Shutting down Buffer Manager completed[m
[31m[1m[01:43:57.205518] [E] [SingleNodeWorker] [WorkerThread-26] [] [Task.cpp:67] [callOnFailure] TaskCallback::callOnFailure[m
[36m[01:43:57.205588] [D] [SingleNodeWorker] [WorkerThread-26] [] [SourceThread.cpp:230] [tryStop] SourceThread 2: attempting to stop source[m
[36m[01:43:57.205601] [D] [SingleNodeWorker] [WorkerThread-26] [] [SourceThread.cpp:238] [tryStop] SourceThread 2: source was not stopped during timeout[m
[31m[1m[01:43:57.205764] [E] [SingleNodeWorker] [WorkerThread-26] [] [QueryEngine.cpp:874] [onFailure] Query Failed: cannot format malformed string value; Value '{"ID": 1000', is not a valid value of type: int.
 in Query 6.[m
[32m[01:43:57.208653] [I] [SingleNodeWorker] [WorkerThread-20] [Task:6-17] [SequenceShredder.cpp:55] [~SequenceShredder] Successfully validated SequenceShredder[m
[31m[1m[01:43:57.220613] [E] [SingleNodeWorker] [WorkerThread-20] [] [Task.cpp:67] [callOnFailure] TaskCallback::callOnFailure[m
[31m[1m[01:43:57.220653] [E] [SingleNodeWorker] [WorkerThread-20] [] [QueryEngine.cpp:93] [operator()] Query Failure could not be reported as query has already been terminated. Original Error: cannot format malformed string value; Value '{"ID": 1812', is not a valid value of type: int.
[m
[36m[01:43:59.183149] [D] [Not A Worker] [unnamed] [] [BufferManager.cpp:110] [initialize] NES memory allocation requires 1 out of 540577120256 (so 1.8498748143954595e-10%) available bytes[m
[36m[01:43:59.183247] [D] [Not A Worker] [unnamed] [] [BufferManager.cpp:160] [initialize] BufferManager configuration bufferSize=1 numOfBuffers=1[m
[36m[01:43:59.184640] [D] [Not A Worker] [unnamed] [] [PipeliningPhase.cpp:365] [apply] Constructed pipeline plan with 1 root pipelines.
PipelinedQueryPlan for Query: 7
Number of root pipelines: 1
------------------
Root Pipeline 0:
  Pipeline(ID(19), Provider(COMPILER))
  Operator chain:
    PhysicalOperator(NES::SourcePhysicalOperator)
  Successor Pipeline:
    Pipeline(ID(20), Provider(None))
      Operator chain:
        PhysicalOperator(NES::ScanPhysicalOperator)
          PhysicalOperator(NES::MapPhysicalOperator)
            PhysicalOperator(NES::EmitPhysicalOperator)
      Successor Pipeline:
        Pipeline(ID(21), Provider(None))
          Operator chain:
            PhysicalOperator(NES::SinkPhysicalOperator)

[m
[32m[01:43:59.184944] [I] [Not A Worker] [unnamed] [] [NodeEngine.cpp:55] [registerQuery] Register 7[m
[36m[01:43:59.188323] [D] [Not A Worker] [unnamed] [] [SinkProvider.cpp:30] [lower] The sinkDescriptor is: SinkDescriptor: (name: variant("EXTRA_SINK"), type: Void, Config: )[m
[36m[01:43:59.188891] [D] [SingleNodeWorker] [WorkerThread-17] [Task:7-21] [VoidSink.cpp:37] [start] Setting up void sink: VoidSink[m
[36m[01:43:59.280319] [D] [SingleNodeWorker] [WorkerThread-57] [] [SourceThread.cpp:184] [start] Starting source with originId: 2[m
[36m[01:43:59.281909] [D] [SingleNodeWorker] [WorkerThread-57] [Task:7-20] [BufferManager.cpp:65] [~BufferManager] Calling BufferManager::destroy()[m
[36m[01:43:59.281931] [D] [SingleNodeWorker] [WorkerThread-57] [Task:7-20] [BufferManager.cpp:93] [~BufferManager] Shutting down Buffer Manager completed[m
[31m[1m[01:43:59.282126] [E] [SingleNodeWorker] [WorkerThread-57] [] [Task.cpp:67] [callOnFailure] TaskCallback::callOnFailure[m
[36m[01:43:59.282196] [D] [SingleNodeWorker] [WorkerThread-57] [] [SourceThread.cpp:230] [tryStop] SourceThread 2: attempting to stop source[m
[36m[01:43:59.282211] [D] [SingleNodeWorker] [WorkerThread-57] [] [SourceThread.cpp:238] [tryStop] SourceThread 2: source was not stopped during timeout[m
[31m[1m[01:43:59.282375] [E] [SingleNodeWorker] [WorkerThread-57] [] [QueryEngine.cpp:874] [onFailure] Query Failed: cannot format malformed string value; Value '{"ID": 1000', is not a valid value of type: int.
 in Query 7.[m
[32m[01:43:59.285230] [I] [SingleNodeWorker] [WorkerThread-34] [Task:7-20] [SequenceShredder.cpp:55] [~SequenceShredder] Successfully validated SequenceShredder[m
[31m[1m[01:43:59.295102] [E] [SingleNodeWorker] [WorkerThread-34] [] [Task.cpp:67] [callOnFailure] TaskCallback::callOnFailure[m
[31m[1m[01:43:59.295160] [E] [SingleNodeWorker] [WorkerThread-34] [] [QueryEngine.cpp:93] [operator()] Query Failure could not be reported as query has already been terminated. Original Error: cannot format malformed string value; Value '{"ID": 1812', is not a valid value of type: int.
[m
[36m[01:44:01.205907] [D] [Not A Worker] [unnamed] [] [BufferManager.cpp:110] [initialize] NES memory allocation requires 1 out of 540577120256 (so 1.8498748143954595e-10%) available bytes[m
[36m[01:44:01.206004] [D] [Not A Worker] [unnamed] [] [BufferManager.cpp:160] [initialize] BufferManager configuration bufferSize=1 numOfBuffers=1[m
[36m[01:44:01.207439] [D] [Not A Worker] [unnamed] [] [PipeliningPhase.cpp:365] [apply] Constructed pipeline plan with 1 root pipelines.
PipelinedQueryPlan for Query: 8
Number of root pipelines: 1
------------------
Root Pipeline 0:
  Pipeline(ID(22), Provider(COMPILER))
  Operator chain:
    PhysicalOperator(NES::SourcePhysicalOperator)
  Successor Pipeline:
    Pipeline(ID(23), Provider(None))
      Operator chain:
        PhysicalOperator(NES::ScanPhysicalOperator)
          PhysicalOperator(NES::MapPhysicalOperator)
            PhysicalOperator(NES::EmitPhysicalOperator)
      Successor Pipeline:
        Pipeline(ID(24), Provider(None))
          Operator chain:
            PhysicalOperator(NES::SinkPhysicalOperator)

[m
[32m[01:44:01.207744] [I] [Not A Worker] [unnamed] [] [NodeEngine.cpp:55] [registerQuery] Register 8[m
[36m[01:44:01.211251] [D] [Not A Worker] [unnamed] [] [SinkProvider.cpp:30] [lower] The sinkDescriptor is: SinkDescriptor: (name: variant("EXTRA_SINK"), type: Void, Config: )[m
[36m[01:44:01.211741] [D] [SingleNodeWorker] [WorkerThread-17] [Task:8-24] [VoidSink.cpp:37] [start] Setting up void sink: VoidSink[m
[36m[01:44:01.307507] [D] [SingleNodeWorker] [WorkerThread-8] [] [SourceThread.cpp:184] [start] Starting source with originId: 2[m
[36m[01:44:01.309545] [D] [SingleNodeWorker] [WorkerThread-8] [Task:8-23] [BufferManager.cpp:65] [~BufferManager] Calling BufferManager::destroy()[m
[36m[01:44:01.309569] [D] [SingleNodeWorker] [WorkerThread-8] [Task:8-23] [BufferManager.cpp:93] [~BufferManager] Shutting down Buffer Manager completed[m
[31m[1m[01:44:01.309742] [E] [SingleNodeWorker] [WorkerThread-8] [] [Task.cpp:67] [callOnFailure] TaskCallback::callOnFailure[m
[36m[01:44:01.309796] [D] [SingleNodeWorker] [WorkerThread-8] [] [SourceThread.cpp:230] [tryStop] SourceThread 2: attempting to stop source[m
[36m[01:44:01.309810] [D] [SingleNodeWorker] [WorkerThread-8] [] [SourceThread.cpp:238] [tryStop] SourceThread 2: source was not stopped during timeout[m
[31m[1m[01:44:01.310241] [E] [SingleNodeWorker] [WorkerThread-8] [] [QueryEngine.cpp:874] [onFailure] Query Failed: cannot format malformed string value; Value '{"ID": 1000', is not a valid value of type: int.
 in Query 8.[m
[31m[1m[01:44:01.312225] [E] [SingleNodeWorker] [WorkerThread-50] [] [Task.cpp:67] [callOnFailure] TaskCallback::callOnFailure[m
[31m[1m[01:44:01.312375] [E] [SingleNodeWorker] [WorkerThread-50] [] [QueryEngine.cpp:874] [onFailure] Query Failed: cannot format malformed string value; Value '{"ID": 1812', is not a valid value of type: int.
 in Query 8.[m
[32m[01:44:01.313457] [I] [SingleNodeWorker] [WorkerThread-43] [Task:8-23] [SequenceShredder.cpp:55] [~SequenceShredder] Successfully validated SequenceShredder[m
[31m[1m[01:44:01.324597] [E] [SingleNodeWorker] [WorkerThread-43] [] [Task.cpp:67] [callOnFailure] TaskCallback::callOnFailure[m
[31m[1m[01:44:01.324645] [E] [SingleNodeWorker] [WorkerThread-43] [] [QueryEngine.cpp:93] [operator()] Query Failure could not be reported as query has already been terminated. Original Error: cannot format malformed string value; Value '{"ID": 2623', is not a valid value of type: int.
[m
[36m[01:44:03.189742] [D] [Not A Worker] [unnamed] [] [BufferManager.cpp:110] [initialize] NES memory allocation requires 1 out of 540577120256 (so 1.8498748143954595e-10%) available bytes[m
[36m[01:44:03.189842] [D] [Not A Worker] [unnamed] [] [BufferManager.cpp:160] [initialize] BufferManager configuration bufferSize=1 numOfBuffers=1[m
[36m[01:44:03.191172] [D] [Not A Worker] [unnamed] [] [PipeliningPhase.cpp:365] [apply] Constructed pipeline plan with 1 root pipelines.
PipelinedQueryPlan for Query: 9
Number of root pipelines: 1
------------------
Root Pipeline 0:
  Pipeline(ID(25), Provider(COMPILER))
  Operator chain:
    PhysicalOperator(NES::SourcePhysicalOperator)
  Successor Pipeline:
    Pipeline(ID(26), Provider(None))
      Operator chain:
        PhysicalOperator(NES::ScanPhysicalOperator)
          PhysicalOperator(NES::MapPhysicalOperator)
            PhysicalOperator(NES::EmitPhysicalOperator)
      Successor Pipeline:
        Pipeline(ID(27), Provider(None))
          Operator chain:
            PhysicalOperator(NES::SinkPhysicalOperator)

[m
[32m[01:44:03.191436] [I] [Not A Worker] [unnamed] [] [NodeEngine.cpp:55] [registerQuery] Register 9[m
[36m[01:44:03.195024] [D] [Not A Worker] [unnamed] [] [SinkProvider.cpp:30] [lower] The sinkDescriptor is: SinkDescriptor: (name: variant("EXTRA_SINK"), type: Void, Config: )[m
[36m[01:44:03.195508] [D] [SingleNodeWorker] [WorkerThread-34] [Task:9-27] [VoidSink.cpp:37] [start] Setting up void sink: VoidSink[m
[36m[01:44:03.292480] [D] [SingleNodeWorker] [WorkerThread-60] [] [SourceThread.cpp:184] [start] Starting source with originId: 2[m
[31m[1m[01:44:03.295380] [E] [SingleNodeWorker] [WorkerThread-60] [] [Task.cpp:67] [callOnFailure] TaskCallback::callOnFailure[m
[36m[01:44:03.295440] [D] [SingleNodeWorker] [WorkerThread-60] [] [SourceThread.cpp:230] [tryStop] SourceThread 2: attempting to stop source[m
[36m[01:44:03.295454] [D] [SingleNodeWorker] [WorkerThread-60] [] [SourceThread.cpp:238] [tryStop] SourceThread 2: source was not stopped during timeout[m
[36m[01:44:03.295670] [D] [SingleNodeWorker] [WorkerThread-17] [Task:9-26] [BufferManager.cpp:65] [~BufferManager] Calling BufferManager::destroy()[m
[36m[01:44:03.295748] [D] [SingleNodeWorker] [WorkerThread-17] [Task:9-26] [BufferManager.cpp:93] [~BufferManager] Shutting down Buffer Manager completed[m
[31m[1m[01:44:03.295778] [E] [SingleNodeWorker] [WorkerThread-60] [] [QueryEngine.cpp:874] [onFailure] Query Failed: cannot format malformed string value; Value '{"ID": 3435', is not a valid value of type: int.
 in Query 9.[m
[31m[1m[01:44:03.296222] [E] [SingleNodeWorker] [WorkerThread-17] [] [Task.cpp:67] [callOnFailure] TaskCallback::callOnFailure[m
[31m[1m[01:44:03.296315] [E] [SingleNodeWorker] [WorkerThread-17] [] [QueryEngine.cpp:874] [onFailure] Query Failed: cannot format malformed string value; Value '{"ID": 1000', is not a valid value of type: int.
 in Query 9.[m
[31m[1m[01:44:03.296580] [E] [SingleNodeWorker] [WorkerThread-28] [] [Task.cpp:67] [callOnFailure] TaskCallback::callOnFailure[m
[31m[1m[01:44:03.296695] [E] [SingleNodeWorker] [WorkerThread-28] [] [QueryEngine.cpp:874] [onFailure] Query Failed: cannot format malformed string value; Value '{"ID": 1812', is not a valid value of type: int.
 in Query 9.[m
[31m[1m[01:44:03.296988] [E] [SingleNodeWorker] [WorkerThread-44] [] [Task.cpp:67] [callOnFailure] TaskCallback::callOnFailure[m
[31m[1m[01:44:03.297104] [E] [SingleNodeWorker] [WorkerThread-44] [] [QueryEngine.cpp:874] [onFailure] Query Failed: cannot format malformed string value; Value '{"ID": 2623', is not a valid value of type: int.
 in Query 9.[m
[31m[1m[01:44:03.297922] [E] [SingleNodeWorker] [WorkerThread-8] [] [Task.cpp:67] [callOnFailure] TaskCallback::callOnFailure[m
[31m[1m[01:44:03.298035] [E] [SingleNodeWorker] [WorkerThread-8] [] [QueryEngine.cpp:874] [onFailure] Query Failed: cannot format malformed string value; Value '{"ID": 4246', is not a valid value of type: int.
 in Query 9.[m
[31m[1m[01:44:03.298529] [E] [SingleNodeWorker] [WorkerThread-42] [Task:9-26] [SpanningTupleBufferState.cpp:201] [validateFinalState] Buffer at index 3 does still claim to own leading buffer[m
[31m[1m[01:44:03.298629] [E] [SingleNodeWorker] [WorkerThread-42] [Task:9-26] [SpanningTupleBufferState.cpp:206] [validateFinalState] Buffer at index 3 still owns a trailing buffer reference[m
[31m[1m[01:44:03.298678] [E] [SingleNodeWorker] [WorkerThread-42] [Task:9-26] [SpanningTupleBufferState.cpp:186] [validateFinalState] Buffer at index 4 does still claim to own leading buffer[m
[31m[1m[01:44:03.298724] [E] [SingleNodeWorker] [WorkerThread-42] [Task:9-26] [SpanningTupleBufferState.cpp:191] [validateFinalState] Buffer at index 4 still owns a leading buffer reference[m
[31m[1m[01:44:03.299194] [E] [SingleNodeWorker] [WorkerThread-42] [Task:9-26] [SequenceShredder.cpp:59] [~SequenceShredder] Failed to validate SequenceShredder[m
[31m[1m[01:44:03.310408] [E] [SingleNodeWorker] [WorkerThread-42] [] [Task.cpp:67] [callOnFailure] TaskCallback::callOnFailure[m
[31m[1m[01:44:03.310492] [E] [SingleNodeWorker] [WorkerThread-42] [] [QueryEngine.cpp:93] [operator()] Query Failure could not be reported as query has already been terminated. Original Error: cannot format malformed string value; Value '{"ID": 5061', is not a valid value of type: int.
[m
[36m[01:44:05.099777] [D] [Not A Worker] [unnamed] [] [BufferManager.cpp:110] [initialize] NES memory allocation requires 1 out of 540577120256 (so 1.8498748143954595e-10%) available bytes[m
[36m[01:44:05.099853] [D] [Not A Worker] [unnamed] [] [BufferManager.cpp:160] [initialize] BufferManager configuration bufferSize=1 numOfBuffers=1[m
[36m[01:44:05.100820] [D] [Not A Worker] [unnamed] [] [PipeliningPhase.cpp:365] [apply] Constructed pipeline plan with 1 root pipelines.
PipelinedQueryPlan for Query: 10
Number of root pipelines: 1
------------------
Root Pipeline 0:
  Pipeline(ID(28), Provider(COMPILER))
  Operator chain:
    PhysicalOperator(NES::SourcePhysicalOperator)
  Successor Pipeline:
    Pipeline(ID(29), Provider(None))
      Operator chain:
        PhysicalOperator(NES::ScanPhysicalOperator)
          PhysicalOperator(NES::MapPhysicalOperator)
            PhysicalOperator(NES::EmitPhysicalOperator)
      Successor Pipeline:
        Pipeline(ID(30), Provider(None))
          Operator chain:
            PhysicalOperator(NES::SinkPhysicalOperator)

[m
[32m[01:44:05.101050] [I] [Not A Worker] [unnamed] [] [NodeEngine.cpp:55] [registerQuery] Register 10[m
[36m[01:44:05.104635] [D] [Not A Worker] [unnamed] [] [SinkProvider.cpp:30] [lower] The sinkDescriptor is: SinkDescriptor: (name: variant("EXTRA_SINK"), type: Void, Config: )[m
[36m[01:44:05.105221] [D] [SingleNodeWorker] [WorkerThread-63] [Task:10-30] [VoidSink.cpp:37] [start] Setting up void sink: VoidSink[m
[36m[01:44:05.197664] [D] [SingleNodeWorker] [WorkerThread-52] [] [SourceThread.cpp:184] [start] Starting source with originId: 2[m
[36m[01:44:05.201256] [D] [SingleNodeWorker] [WorkerThread-3] [Task:10-29] [BufferManager.cpp:65] [~BufferManager] Calling BufferManager::destroy()[m
[36m[01:44:05.201337] [D] [SingleNodeWorker] [WorkerThread-3] [Task:10-29] [BufferManager.cpp:93] [~BufferManager] Shutting down Buffer Manager completed[m
[31m[1m[01:44:05.201833] [E] [SingleNodeWorker] [WorkerThread-3] [] [Task.cpp:67] [callOnFailure] TaskCallback::callOnFailure[m
[36m[01:44:05.201981] [D] [SingleNodeWorker] [WorkerThread-3] [] [SourceThread.cpp:230] [tryStop] SourceThread 2: attempting to stop source[m
[36m[01:44:05.202024] [D] [SingleNodeWorker] [WorkerThread-3] [] [SourceThread.cpp:238] [tryStop] SourceThread 2: source was not stopped during timeout[m
[31m[1m[01:44:05.202162] [E] [SingleNodeWorker] [WorkerThread-3] [] [QueryEngine.cpp:874] [onFailure] Query Failed: cannot format malformed string value; Value '{"ID": 1000', is not a valid value of type: int.
 in Query 10.[m
[31m[1m[01:44:05.202464] [E] [SingleNodeWorker] [WorkerThread-6] [] [Task.cpp:67] [callOnFailure] TaskCallback::callOnFailure[m
[31m[1m[01:44:05.202580] [E] [SingleNodeWorker] [WorkerThread-6] [] [QueryEngine.cpp:874] [onFailure] Query Failed: cannot format malformed string value; Value '{"ID": 1812', is not a valid value of type: int.
 in Query 10.[m
[31m[1m[01:44:05.203391] [E] [SingleNodeWorker] [WorkerThread-9] [] [Task.cpp:67] [callOnFailure] TaskCallback::callOnFailure[m
[31m[1m[01:44:05.203405] [E] [SingleNodeWorker] [WorkerThread-26] [] [Task.cpp:67] [callOnFailure] TaskCallback::callOnFailure[m
[31m[1m[01:44:05.203598] [E] [SingleNodeWorker] [WorkerThread-9] [] [QueryEngine.cpp:874] [onFailure] Query Failed: cannot format malformed string value; Value '{"ID": 2623', is not a valid value of type: int.
 in Query 10.[m
[31m[1m[01:44:05.203603] [E] [SingleNodeWorker] [WorkerThread-26] [] [QueryEngine.cpp:874] [onFailure] Query Failed: cannot format malformed string value; Value '{"ID": 3434', is not a valid value of type: int.
 in Query 10.[m
[31m[1m[01:44:05.203997] [E] [SingleNodeWorker] [WorkerThread-15] [] [Task.cpp:67] [callOnFailure] TaskCallback::callOnFailure[m
[31m[1m[01:44:05.204109] [E] [SingleNodeWorker] [WorkerThread-15] [] [QueryEngine.cpp:874] [onFailure] Query Failed: cannot format malformed string value; Value '{"ID": 4246', is not a valid value of type: int.
 in Query 10.[m
[32m[01:44:05.205386] [I] [SingleNodeWorker] [WorkerThread-58] [Task:10-29] [SequenceShredder.cpp:55] [~SequenceShredder] Successfully validated SequenceShredder[m
[31m[1m[01:44:05.213465] [E] [SingleNodeWorker] [WorkerThread-58] [] [Task.cpp:67] [callOnFailure] TaskCallback::callOnFailure[m
[31m[1m[01:44:05.213508] [E] [SingleNodeWorker] [WorkerThread-58] [] [QueryEngine.cpp:93] [operator()] Query Failure could not be reported as query has already been terminated. Original Error: cannot format malformed string value; Value '{"ID": 5061', is not a valid value of type: int.
[m
[36m[01:44:06.998178] [D] [Not A Worker] [unnamed] [] [BufferManager.cpp:110] [initialize] NES memory allocation requires 1 out of 540577120256 (so 1.8498748143954595e-10%) available bytes[m
[36m[01:44:06.998248] [D] [Not A Worker] [unnamed] [] [BufferManager.cpp:160] [initialize] BufferManager configuration bufferSize=1 numOfBuffers=1[m
[36m[01:44:06.998572] [D] [Not A Worker] [unnamed] [] [PipeliningPhase.cpp:365] [apply] Constructed pipeline plan with 1 root pipelines.
PipelinedQueryPlan for Query: 11
Number of root pipelines: 1
------------------
Root Pipeline 0:
  Pipeline(ID(31), Provider(COMPILER))
  Operator chain:
    PhysicalOperator(NES::SourcePhysicalOperator)
  Successor Pipeline:
    Pipeline(ID(32), Provider(None))
      Operator chain:
        PhysicalOperator(NES::ScanPhysicalOperator)
          PhysicalOperator(NES::SelectionPhysicalOperator)
            PhysicalOperator(NES::MapPhysicalOperator)
              PhysicalOperator(NES::EmitPhysicalOperator)
      Successor Pipeline:
        Pipeline(ID(33), Provider(None))
          Operator chain:
            PhysicalOperator(NES::SinkPhysicalOperator)

[m
[32m[01:44:06.998775] [I] [Not A Worker] [unnamed] [] [NodeEngine.cpp:55] [registerQuery] Register 11[m
[36m[01:44:07.002467] [D] [Not A Worker] [unnamed] [] [SinkProvider.cpp:30] [lower] The sinkDescriptor is: SinkDescriptor: (name: variant("PERSON_ID_SINK"), type: Void, Config: )[m
[36m[01:44:07.003046] [D] [SingleNodeWorker] [WorkerThread-5] [Task:11-33] [VoidSink.cpp:37] [start] Setting up void sink: VoidSink[m
[36m[01:44:07.214437] [D] [SingleNodeWorker] [WorkerThread-5] [] [SourceThread.cpp:184] [start] Starting source with originId: 2[m
[36m[01:44:07.218298] [D] [SingleNodeWorker] [WorkerThread-31] [Task:11-32] [BufferManager.cpp:65] [~BufferManager] Calling BufferManager::destroy()[m
[36m[01:44:07.218378] [D] [SingleNodeWorker] [WorkerThread-31] [Task:11-32] [BufferManager.cpp:93] [~BufferManager] Shutting down Buffer Manager completed[m
[31m[1m[01:44:07.218868] [E] [SingleNodeWorker] [WorkerThread-31] [] [Task.cpp:67] [callOnFailure] TaskCallback::callOnFailure[m
[31m[1m[01:44:07.218980] [E] [SingleNodeWorker] [WorkerThread-55] [] [Task.cpp:67] [callOnFailure] TaskCallback::callOnFailure[m
[36m[01:44:07.219078] [D] [SingleNodeWorker] [WorkerThread-31] [] [SourceThread.cpp:230] [tryStop] SourceThread 2: attempting to stop source[m
[31m[1m[01:44:07.219109] [E] [SingleNodeWorker] [WorkerThread-55] [] [QueryEngine.cpp:874] [onFailure] Query Failed: cannot format malformed string value; Value '{"ID": 1812', is not a valid value of type: int.
 in Query 11.[m
[36m[01:44:07.219137] [D] [SingleNodeWorker] [WorkerThread-31] [] [SourceThread.cpp:238] [tryStop] SourceThread 2: source was not stopped during timeout[m
[31m[1m[01:44:07.219522] [E] [SingleNodeWorker] [WorkerThread-31] [] [QueryEngine.cpp:874] [onFailure] Query Failed: cannot format malformed string value; Value '{"ID": 1000', is not a valid value of type: int.
 in Query 11.[m
[31m[1m[01:44:07.219612] [E] [SingleNodeWorker] [WorkerThread-33] [] [Task.cpp:67] [callOnFailure] TaskCallback::callOnFailure[m
[31m[1m[01:44:07.219728] [E] [SingleNodeWorker] [WorkerThread-33] [] [QueryEngine.cpp:874] [onFailure] Query Failed: cannot format malformed string value; Value '{"ID": 2623', is not a valid value of type: int.
 in Query 11.[m
[31m[1m[01:44:07.220235] [E] [SingleNodeWorker] [WorkerThread-38] [] [Task.cpp:67] [callOnFailure] TaskCallback::callOnFailure[m
[31m[1m[01:44:07.220350] [E] [SingleNodeWorker] [WorkerThread-38] [] [QueryEngine.cpp:874] [onFailure] Query Failed: cannot format malformed string value; Value '{"ID": 3434', is not a valid value of type: int.
 in Query 11.[m
[31m[1m[01:44:07.220768] [E] [SingleNodeWorker] [WorkerThread-21] [] [Task.cpp:67] [callOnFailure] TaskCallback::callOnFailure[m
[31m[1m[01:44:07.220885] [E] [SingleNodeWorker] [WorkerThread-21] [] [QueryEngine.cpp:874] [onFailure] Query Failed: cannot format malformed string value; Value '{"ID": 4246', is not a valid value of type: int.
 in Query 11.[m
[31m[1m[01:44:07.221312] [E] [SingleNodeWorker] [WorkerThread-54] [] [Task.cpp:67] [callOnFailure] TaskCallback::callOnFailure[m
[31m[1m[01:44:07.221426] [E] [SingleNodeWorker] [WorkerThread-54] [] [QueryEngine.cpp:874] [onFailure] Query Failed: cannot format malformed string value; Value '{"ID": 5061', is not a valid value of type: int.
 in Query 11.[m
[32m[01:44:07.222234] [I] [SingleNodeWorker] [WorkerThread-17] [Task:11-32] [SequenceShredder.cpp:55] [~SequenceShredder] Successfully validated SequenceShredder[m
[31m[1m[01:44:07.231895] [E] [SingleNodeWorker] [WorkerThread-17] [] [Task.cpp:67] [callOnFailure] TaskCallback::callOnFailure[m
[31m[1m[01:44:07.231938] [E] [SingleNodeWorker] [WorkerThread-17] [] [QueryEngine.cpp:93] [operator()] Query Failure could not be reported as query has already been terminated. Original Error: cannot format malformed string value; Value '{"ID": 5876', is not a valid value of type: int.
[m
[36m[01:44:09.180202] [D] [Not A Worker] [unnamed] [] [BufferManager.cpp:110] [initialize] NES memory allocation requires 1 out of 540577120256 (so 1.8498748143954595e-10%) available bytes[m
[36m[01:44:09.180293] [D] [Not A Worker] [unnamed] [] [BufferManager.cpp:160] [initialize] BufferManager configuration bufferSize=1 numOfBuffers=1[m
[36m[01:44:09.180701] [D] [Not A Worker] [unnamed] [] [PipeliningPhase.cpp:365] [apply] Constructed pipeline plan with 1 root pipelines.
PipelinedQueryPlan for Query: 12
Number of root pipelines: 1
------------------
Root Pipeline 0:
  Pipeline(ID(34), Provider(COMPILER))
  Operator chain:
    PhysicalOperator(NES::SourcePhysicalOperator)
  Successor Pipeline:
    Pipeline(ID(35), Provider(None))
      Operator chain:
        PhysicalOperator(NES::ScanPhysicalOperator)
          PhysicalOperator(NES::SelectionPhysicalOperator)
            PhysicalOperator(NES::MapPhysicalOperator)
              PhysicalOperator(NES::EmitPhysicalOperator)
      Successor Pipeline:
        Pipeline(ID(36), Provider(None))
          Operator chain:
            PhysicalOperator(NES::SinkPhysicalOperator)

[m
[32m[01:44:09.180949] [I] [Not A Worker] [unnamed] [] [NodeEngine.cpp:55] [registerQuery] Register 12[m
[36m[01:44:09.185284] [D] [Not A Worker] [unnamed] [] [SinkProvider.cpp:30] [lower] The sinkDescriptor is: SinkDescriptor: (name: variant("PERSON_ID_SINK"), type: Void, Config: )[m
[36m[01:44:09.185964] [D] [SingleNodeWorker] [WorkerThread-14] [Task:12-36] [VoidSink.cpp:37] [start] Setting up void sink: VoidSink[m
[36m[01:44:09.384854] [D] [SingleNodeWorker] [WorkerThread-14] [] [SourceThread.cpp:184] [start] Starting source with originId: 2[m
[36m[01:44:09.386537] [D] [SingleNodeWorker] [WorkerThread-14] [Task:12-35] [BufferManager.cpp:65] [~BufferManager] Calling BufferManager::destroy()[m
[36m[01:44:09.386560] [D] [SingleNodeWorker] [WorkerThread-14] [Task:12-35] [BufferManager.cpp:93] [~BufferManager] Shutting down Buffer Manager completed[m
[31m[1m[01:44:09.386731] [E] [SingleNodeWorker] [WorkerThread-14] [] [Task.cpp:67] [callOnFailure] TaskCallback::callOnFailure[m
[36m[01:44:09.386808] [D] [SingleNodeWorker] [WorkerThread-14] [] [SourceThread.cpp:230] [tryStop] SourceThread 2: attempting to stop source[m
[36m[01:44:09.386820] [D] [SingleNodeWorker] [WorkerThread-14] [] [SourceThread.cpp:238] [tryStop] SourceThread 2: source was not stopped during timeout[m
[31m[1m[01:44:09.387047] [E] [SingleNodeWorker] [WorkerThread-14] [] [QueryEngine.cpp:874] [onFailure] Query Failed: cannot format malformed string value; Value '{"ID": 1000', is not a valid value of type: int.
 in Query 12.[m
[32m[01:44:09.389954] [I] [SingleNodeWorker] [WorkerThread-60] [Task:12-35] [SequenceShredder.cpp:55] [~SequenceShredder] Successfully validated SequenceShredder[m
[31m[1m[01:44:09.401836] [E] [SingleNodeWorker] [WorkerThread-60] [] [Task.cpp:67] [callOnFailure] TaskCallback::callOnFailure[m
[31m[1m[01:44:09.401887] [E] [SingleNodeWorker] [WorkerThread-60] [] [QueryEngine.cpp:93] [operator()] Query Failure could not be reported as query has already been terminated. Original Error: cannot format malformed string value; Value '{"ID": 1812', is not a valid value of type: int.
[m
[36m[01:44:11.278567] [D] [Not A Worker] [unnamed] [] [BufferManager.cpp:110] [initialize] NES memory allocation requires 1 out of 540577120256 (so 1.8498748143954595e-10%) available bytes[m
[36m[01:44:11.278642] [D] [Not A Worker] [unnamed] [] [BufferManager.cpp:160] [initialize] BufferManager configuration bufferSize=1 numOfBuffers=1[m
[36m[01:44:11.279001] [D] [Not A Worker] [unnamed] [] [PipeliningPhase.cpp:365] [apply] Constructed pipeline plan with 1 root pipelines.
PipelinedQueryPlan for Query: 13
Number of root pipelines: 1
------------------
Root Pipeline 0:
  Pipeline(ID(37), Provider(COMPILER))
  Operator chain:
    PhysicalOperator(NES::SourcePhysicalOperator)
  Successor Pipeline:
    Pipeline(ID(38), Provider(None))
      Operator chain:
        PhysicalOperator(NES::ScanPhysicalOperator)
          PhysicalOperator(NES::SelectionPhysicalOperator)
            PhysicalOperator(NES::MapPhysicalOperator)
              PhysicalOperator(NES::EmitPhysicalOperator)
      Successor Pipeline:
        Pipeline(ID(39), Provider(None))
          Operator chain:
            PhysicalOperator(NES::SinkPhysicalOperator)

[m
[32m[01:44:11.279212] [I] [Not A Worker] [unnamed] [] [NodeEngine.cpp:55] [registerQuery] Register 13[m
[36m[01:44:11.283272] [D] [Not A Worker] [unnamed] [] [SinkProvider.cpp:30] [lower] The sinkDescriptor is: SinkDescriptor: (name: variant("PERSON_ID_SINK"), type: Void, Config: )[m
[36m[01:44:11.283888] [D] [SingleNodeWorker] [WorkerThread-57] [Task:13-39] [VoidSink.cpp:37] [start] Setting up void sink: VoidSink[m
[36m[01:44:11.495697] [D] [SingleNodeWorker] [WorkerThread-21] [] [SourceThread.cpp:184] [start] Starting source with originId: 2[m
[36m[01:44:11.497350] [D] [SingleNodeWorker] [WorkerThread-21] [Task:13-38] [BufferManager.cpp:65] [~BufferManager] Calling BufferManager::destroy()[m
[36m[01:44:11.497372] [D] [SingleNodeWorker] [WorkerThread-21] [Task:13-38] [BufferManager.cpp:93] [~BufferManager] Shutting down Buffer Manager completed[m
[31m[1m[01:44:11.497528] [E] [SingleNodeWorker] [WorkerThread-21] [] [Task.cpp:67] [callOnFailure] TaskCallback::callOnFailure[m
[36m[01:44:11.497589] [D] [SingleNodeWorker] [WorkerThread-21] [] [SourceThread.cpp:230] [tryStop] SourceThread 2: attempting to stop source[m
[36m[01:44:11.497602] [D] [SingleNodeWorker] [WorkerThread-21] [] [SourceThread.cpp:238] [tryStop] SourceThread 2: source was not stopped during timeout[m
[31m[1m[01:44:11.497741] [E] [SingleNodeWorker] [WorkerThread-21] [] [QueryEngine.cpp:874] [onFailure] Query Failed: cannot format malformed string value; Value '{"ID": 1000', is not a valid value of type: int.
 in Query 13.[m
[32m[01:44:11.500612] [I] [SingleNodeWorker] [WorkerThread-17] [Task:13-38] [SequenceShredder.cpp:55] [~SequenceShredder] Successfully validated SequenceShredder[m
[31m[1m[01:44:11.513059] [E] [SingleNodeWorker] [WorkerThread-17] [] [Task.cpp:67] [callOnFailure] TaskCallback::callOnFailure[m
[31m[1m[01:44:11.513114] [E] [SingleNodeWorker] [WorkerThread-17] [] [QueryEngine.cpp:93] [operator()] Query Failure could not be reported as query has already been terminated. Original Error: cannot format malformed string value; Value '{"ID": 1812', is not a valid value of type: int.
[m
[36m[01:44:13.472311] [D] [Not A Worker] [unnamed] [] [BufferManager.cpp:110] [initialize] NES memory allocation requires 1 out of 540577120256 (so 1.8498748143954595e-10%) available bytes[m
[36m[01:44:13.472409] [D] [Not A Worker] [unnamed] [] [BufferManager.cpp:160] [initialize] BufferManager configuration bufferSize=1 numOfBuffers=1[m
[36m[01:44:13.472936] [D] [Not A Worker] [unnamed] [] [PipeliningPhase.cpp:365] [apply] Constructed pipeline plan with 1 root pipelines.
PipelinedQueryPlan for Query: 14
Number of root pipelines: 1
------------------
Root Pipeline 0:
  Pipeline(ID(40), Provider(COMPILER))
  Operator chain:
    PhysicalOperator(NES::SourcePhysicalOperator)
  Successor Pipeline:
    Pipeline(ID(41), Provider(None))
      Operator chain:
        PhysicalOperator(NES::ScanPhysicalOperator)
          PhysicalOperator(NES::SelectionPhysicalOperator)
            PhysicalOperator(NES::MapPhysicalOperator)
              PhysicalOperator(NES::EmitPhysicalOperator)
      Successor Pipeline:
        Pipeline(ID(42), Provider(None))
          Operator chain:
            PhysicalOperator(NES::SinkPhysicalOperator)

[m
[32m[01:44:13.473268] [I] [Not A Worker] [unnamed] [] [NodeEngine.cpp:55] [registerQuery] Register 14[m
[36m[01:44:13.476681] [D] [Not A Worker] [unnamed] [] [SinkProvider.cpp:30] [lower] The sinkDescriptor is: SinkDescriptor: (name: variant("PERSON_ID_SINK"), type: Void, Config: )[m
[36m[01:44:13.477326] [D] [SingleNodeWorker] [WorkerThread-50] [Task:14-42] [VoidSink.cpp:37] [start] Setting up void sink: VoidSink[m
[36m[01:44:13.686458] [D] [SingleNodeWorker] [WorkerThread-49] [] [SourceThread.cpp:184] [start] Starting source with originId: 2[m
[36m[01:44:13.688102] [D] [SingleNodeWorker] [WorkerThread-49] [Task:14-41] [BufferManager.cpp:65] [~BufferManager] Calling BufferManager::destroy()[m
[36m[01:44:13.688125] [D] [SingleNodeWorker] [WorkerThread-49] [Task:14-41] [BufferManager.cpp:93] [~BufferManager] Shutting down Buffer Manager completed[m
[31m[1m[01:44:13.688282] [E] [SingleNodeWorker] [WorkerThread-49] [] [Task.cpp:67] [callOnFailure] TaskCallback::callOnFailure[m
[36m[01:44:13.688328] [D] [SingleNodeWorker] [WorkerThread-49] [] [SourceThread.cpp:230] [tryStop] SourceThread 2: attempting to stop source[m
[36m[01:44:13.688342] [D] [SingleNodeWorker] [WorkerThread-49] [] [SourceThread.cpp:238] [tryStop] SourceThread 2: source was not stopped during timeout[m
[31m[1m[01:44:13.688562] [E] [SingleNodeWorker] [WorkerThread-49] [] [QueryEngine.cpp:874] [onFailure] Query Failed: cannot format malformed string value; Value '{"ID": 1000', is not a valid value of type: int.
 in Query 14.[m
[32m[01:44:13.691290] [I] [SingleNodeWorker] [WorkerThread-48] [Task:14-41] [SequenceShredder.cpp:55] [~SequenceShredder] Successfully validated SequenceShredder[m
[31m[1m[01:44:13.702219] [E] [SingleNodeWorker] [WorkerThread-48] [] [Task.cpp:67] [callOnFailure] TaskCallback::callOnFailure[m
[31m[1m[01:44:13.702267] [E] [SingleNodeWorker] [WorkerThread-48] [] [QueryEngine.cpp:93] [operator()] Query Failure could not be reported as query has already been terminated. Original Error: cannot format malformed string value; Value '{"ID": 1812', is not a valid value of type: int.
[m
[36m[01:44:15.461724] [D] [Not A Worker] [unnamed] [] [BufferManager.cpp:110] [initialize] NES memory allocation requires 1 out of 540577120256 (so 1.8498748143954595e-10%) available bytes[m
[36m[01:44:15.461777] [D] [Not A Worker] [unnamed] [] [BufferManager.cpp:160] [initialize] BufferManager configuration bufferSize=1 numOfBuffers=1[m
[36m[01:44:15.461986] [D] [Not A Worker] [unnamed] [] [PipeliningPhase.cpp:365] [apply] Constructed pipeline plan with 1 root pipelines.
PipelinedQueryPlan for Query: 15
Number of root pipelines: 1
------------------
Root Pipeline 0:
  Pipeline(ID(43), Provider(COMPILER))
  Operator chain:
    PhysicalOperator(NES::SourcePhysicalOperator)
  Successor Pipeline:
    Pipeline(ID(44), Provider(None))
      Operator chain:
        PhysicalOperator(NES::ScanPhysicalOperator)
          PhysicalOperator(NES::SelectionPhysicalOperator)
            PhysicalOperator(NES::MapPhysicalOperator)
              PhysicalOperator(NES::EmitPhysicalOperator)
      Successor Pipeline:
        Pipeline(ID(45), Provider(None))
          Operator chain:
            PhysicalOperator(NES::SinkPhysicalOperator)

[m
[32m[01:44:15.462112] [I] [Not A Worker] [unnamed] [] [NodeEngine.cpp:55] [registerQuery] Register 15[m
[36m[01:44:15.465302] [D] [Not A Worker] [unnamed] [] [SinkProvider.cpp:30] [lower] The sinkDescriptor is: SinkDescriptor: (name: variant("PERSON_ID_SINK"), type: Void, Config: )[m
[36m[01:44:15.465748] [D] [SingleNodeWorker] [WorkerThread-18] [Task:15-45] [VoidSink.cpp:37] [start] Setting up void sink: VoidSink[m
[36m[01:44:15.666853] [D] [SingleNodeWorker] [WorkerThread-53] [] [SourceThread.cpp:184] [start] Starting source with originId: 2[m
[36m[01:44:15.668514] [D] [SingleNodeWorker] [WorkerThread-53] [Task:15-44] [BufferManager.cpp:65] [~BufferManager] Calling BufferManager::destroy()[m
[36m[01:44:15.668538] [D] [SingleNodeWorker] [WorkerThread-53] [Task:15-44] [BufferManager.cpp:93] [~BufferManager] Shutting down Buffer Manager completed[m
[31m[1m[01:44:15.668695] [E] [SingleNodeWorker] [WorkerThread-53] [] [Task.cpp:67] [callOnFailure] TaskCallback::callOnFailure[m
[36m[01:44:15.668747] [D] [SingleNodeWorker] [WorkerThread-53] [] [SourceThread.cpp:230] [tryStop] SourceThread 2: attempting to stop source[m
[36m[01:44:15.668759] [D] [SingleNodeWorker] [WorkerThread-53] [] [SourceThread.cpp:238] [tryStop] SourceThread 2: source was not stopped during timeout[m
[31m[1m[01:44:15.668954] [E] [SingleNodeWorker] [WorkerThread-53] [] [QueryEngine.cpp:874] [onFailure] Query Failed: cannot format malformed string value; Value '{"ID": 1000', is not a valid value of type: int.
 in Query 15.[m
[32m[01:44:15.671849] [I] [SingleNodeWorker] [WorkerThread-8] [Task:15-44] [SequenceShredder.cpp:55] [~SequenceShredder] Successfully validated SequenceShredder[m
[31m[1m[01:44:15.681951] [E] [SingleNodeWorker] [WorkerThread-8] [] [Task.cpp:67] [callOnFailure] TaskCallback::callOnFailure[m
[31m[1m[01:44:15.682022] [E] [SingleNodeWorker] [WorkerThread-8] [] [QueryEngine.cpp:93] [operator()] Query Failure could not be reported as query has already been terminated. Original Error: cannot format malformed string value; Value '{"ID": 1812', is not a valid value of type: int.
[m
[36m[01:44:17.626480] [D] [Not A Worker] [unnamed] [] [BufferManager.cpp:110] [initialize] NES memory allocation requires 1 out of 540577120256 (so 1.8498748143954595e-10%) available bytes[m
[36m[01:44:17.626579] [D] [Not A Worker] [unnamed] [] [BufferManager.cpp:160] [initialize] BufferManager configuration bufferSize=1 numOfBuffers=1[m
[36m[01:44:17.627065] [D] [Not A Worker] [unnamed] [] [PipeliningPhase.cpp:365] [apply] Constructed pipeline plan with 1 root pipelines.
PipelinedQueryPlan for Query: 16
Number of root pipelines: 1
------------------
Root Pipeline 0:
  Pipeline(ID(46), Provider(COMPILER))
  Operator chain:
    PhysicalOperator(NES::SourcePhysicalOperator)
  Successor Pipeline:
    Pipeline(ID(47), Provider(None))
      Operator chain:
        PhysicalOperator(NES::ScanPhysicalOperator)
          PhysicalOperator(NES::SelectionPhysicalOperator)
            PhysicalOperator(NES::MapPhysicalOperator)
              PhysicalOperator(NES::EmitPhysicalOperator)
      Successor Pipeline:
        Pipeline(ID(48), Provider(None))
          Operator chain:
            PhysicalOperator(NES::SinkPhysicalOperator)

[m
[32m[01:44:17.627239] [I] [Not A Worker] [unnamed] [] [NodeEngine.cpp:55] [registerQuery] Register 16[m
[36m[01:44:17.631390] [D] [Not A Worker] [unnamed] [] [SinkProvider.cpp:30] [lower] The sinkDescriptor is: SinkDescriptor: (name: variant("PERSON_ID_SINK"), type: Void, Config: )[m
[36m[01:44:17.631876] [D] [SingleNodeWorker] [WorkerThread-13] [Task:16-48] [VoidSink.cpp:37] [start] Setting up void sink: VoidSink[m
[36m[01:44:17.841164] [D] [SingleNodeWorker] [WorkerThread-60] [] [SourceThread.cpp:184] [start] Starting source with originId: 2[m
[36m[01:44:17.842836] [D] [SingleNodeWorker] [WorkerThread-60] [Task:16-47] [BufferManager.cpp:65] [~BufferManager] Calling BufferManager::destroy()[m
[36m[01:44:17.842858] [D] [SingleNodeWorker] [WorkerThread-60] [Task:16-47] [BufferManager.cpp:93] [~BufferManager] Shutting down Buffer Manager completed[m
[31m[1m[01:44:17.843025] [E] [SingleNodeWorker] [WorkerThread-60] [] [Task.cpp:67] [callOnFailure] TaskCallback::callOnFailure[m
[36m[01:44:17.843094] [D] [SingleNodeWorker] [WorkerThread-60] [] [SourceThread.cpp:230] [tryStop] SourceThread 2: attempting to stop source[m
[36m[01:44:17.843109] [D] [SingleNodeWorker] [WorkerThread-60] [] [SourceThread.cpp:238] [tryStop] SourceThread 2: source was not stopped during timeout[m
[31m[1m[01:44:17.843311] [E] [SingleNodeWorker] [WorkerThread-60] [] [QueryEngine.cpp:874] [onFailure] Query Failed: cannot format malformed string value; Value '{"ID": 1000', is not a valid value of type: int.
 in Query 16.[m
[32m[01:44:17.846243] [I] [SingleNodeWorker] [WorkerThread-34] [Task:16-47] [SequenceShredder.cpp:55] [~SequenceShredder] Successfully validated SequenceShredder[m
[31m[1m[01:44:17.856258] [E] [SingleNodeWorker] [WorkerThread-34] [] [Task.cpp:67] [callOnFailure] TaskCallback::callOnFailure[m
[31m[1m[01:44:17.856334] [E] [SingleNodeWorker] [WorkerThread-34] [] [QueryEngine.cpp:93] [operator()] Query Failure could not be reported as query has already been terminated. Original Error: cannot format malformed string value; Value '{"ID": 1812', is not a valid value of type: int.
[m
[36m[01:44:19.789052] [D] [Not A Worker] [unnamed] [] [BufferManager.cpp:110] [initialize] NES memory allocation requires 1 out of 540577120256 (so 1.8498748143954595e-10%) available bytes[m
[36m[01:44:19.789134] [D] [Not A Worker] [unnamed] [] [BufferManager.cpp:160] [initialize] BufferManager configuration bufferSize=1 numOfBuffers=1[m
[36m[01:44:19.789538] [D] [Not A Worker] [unnamed] [] [PipeliningPhase.cpp:365] [apply] Constructed pipeline plan with 1 root pipelines.
PipelinedQueryPlan for Query: 17
Number of root pipelines: 1
------------------
Root Pipeline 0:
  Pipeline(ID(49), Provider(COMPILER))
  Operator chain:
    PhysicalOperator(NES::SourcePhysicalOperator)
  Successor Pipeline:
    Pipeline(ID(50), Provider(None))
      Operator chain:
        PhysicalOperator(NES::ScanPhysicalOperator)
          PhysicalOperator(NES::SelectionPhysicalOperator)
            PhysicalOperator(NES::MapPhysicalOperator)
              PhysicalOperator(NES::EmitPhysicalOperator)
      Successor Pipeline:
        Pipeline(ID(51), Provider(None))
          Operator chain:
            PhysicalOperator(NES::SinkPhysicalOperator)

[m
[32m[01:44:19.789786] [I] [Not A Worker] [unnamed] [] [NodeEngine.cpp:55] [registerQuery] Register 17[m
[36m[01:44:19.792989] [D] [Not A Worker] [unnamed] [] [SinkProvider.cpp:30] [lower] The sinkDescriptor is: SinkDescriptor: (name: variant("PERSON_ID_SINK"), type: Void, Config: )[m
[36m[01:44:19.793483] [D] [SingleNodeWorker] [WorkerThread-30] [Task:17-51] [VoidSink.cpp:37] [start] Setting up void sink: VoidSink[m
[36m[01:44:20.004489] [D] [SingleNodeWorker] [WorkerThread-34] [] [SourceThread.cpp:184] [start] Starting source with originId: 2[m
[36m[01:44:20.006179] [D] [SingleNodeWorker] [WorkerThread-34] [Task:17-50] [BufferManager.cpp:65] [~BufferManager] Calling BufferManager::destroy()[m
[36m[01:44:20.006202] [D] [SingleNodeWorker] [WorkerThread-34] [Task:17-50] [BufferManager.cpp:93] [~BufferManager] Shutting down Buffer Manager completed[m
[31m[1m[01:44:20.006355] [E] [SingleNodeWorker] [WorkerThread-34] [] [Task.cpp:67] [callOnFailure] TaskCallback::callOnFailure[m
[36m[01:44:20.006413] [D] [SingleNodeWorker] [WorkerThread-34] [] [SourceThread.cpp:230] [tryStop] SourceThread 2: attempting to stop source[m
[36m[01:44:20.006427] [D] [SingleNodeWorker] [WorkerThread-34] [] [SourceThread.cpp:238] [tryStop] SourceThread 2: source was not stopped during timeout[m
[31m[1m[01:44:20.006616] [E] [SingleNodeWorker] [WorkerThread-34] [] [QueryEngine.cpp:874] [onFailure] Query Failed: cannot format malformed string value; Value '{"ID": 1000', is not a valid value of type: int.
 in Query 17.[m
[32m[01:44:20.009475] [I] [SingleNodeWorker] [WorkerThread-28] [Task:17-50] [SequenceShredder.cpp:55] [~SequenceShredder] Successfully validated SequenceShredder[m
[31m[1m[01:44:20.020755] [E] [SingleNodeWorker] [WorkerThread-28] [] [Task.cpp:67] [callOnFailure] TaskCallback::callOnFailure[m
[31m[1m[01:44:20.020799] [E] [SingleNodeWorker] [WorkerThread-28] [] [QueryEngine.cpp:93] [operator()] Query Failure could not be reported as query has already been terminated. Original Error: cannot format malformed string value; Value '{"ID": 1812', is not a valid value of type: int.
[m
[36m[01:44:21.922908] [D] [Not A Worker] [unnamed] [] [BufferManager.cpp:110] [initialize] NES memory allocation requires 1 out of 540577120256 (so 1.8498748143954595e-10%) available bytes[m
[36m[01:44:21.922966] [D] [Not A Worker] [unnamed] [] [BufferManager.cpp:160] [initialize] BufferManager configuration bufferSize=1 numOfBuffers=1[m
[36m[01:44:21.923169] [D] [Not A Worker] [unnamed] [] [PipeliningPhase.cpp:365] [apply] Constructed pipeline plan with 1 root pipelines.
PipelinedQueryPlan for Query: 18
Number of root pipelines: 1
------------------
Root Pipeline 0:
  Pipeline(ID(52), Provider(COMPILER))
  Operator chain:
    PhysicalOperator(NES::SourcePhysicalOperator)
  Successor Pipeline:
    Pipeline(ID(53), Provider(None))
      Operator chain:
        PhysicalOperator(NES::ScanPhysicalOperator)
          PhysicalOperator(NES::SelectionPhysicalOperator)
            PhysicalOperator(NES::MapPhysicalOperator)
              PhysicalOperator(NES::EmitPhysicalOperator)
      Successor Pipeline:
        Pipeline(ID(54), Provider(None))
          Operator chain:
            PhysicalOperator(NES::SinkPhysicalOperator)

[m
[32m[01:44:21.923304] [I] [Not A Worker] [unnamed] [] [NodeEngine.cpp:55] [registerQuery] Register 18[m
[36m[01:44:21.926337] [D] [Not A Worker] [unnamed] [] [SinkProvider.cpp:30] [lower] The sinkDescriptor is: SinkDescriptor: (name: variant("PERSON_ID_SINK"), type: Void, Config: )[m
[36m[01:44:21.926811] [D] [SingleNodeWorker] [WorkerThread-8] [Task:18-54] [VoidSink.cpp:37] [start] Setting up void sink: VoidSink[m
[36m[01:44:22.139932] [D] [SingleNodeWorker] [WorkerThread-4] [] [SourceThread.cpp:184] [start] Starting source with originId: 2[m
[31m[1m[01:44:22.142496] [E] [SingleNodeWorker] [WorkerThread-37] [] [Task.cpp:67] [callOnFailure] TaskCallback::callOnFailure[m
[36m[01:44:22.142552] [D] [SingleNodeWorker] [WorkerThread-37] [] [SourceThread.cpp:230] [tryStop] SourceThread 2: attempting to stop source[m
[36m[01:44:22.142564] [D] [SingleNodeWorker] [WorkerThread-37] [] [SourceThread.cpp:238] [tryStop] SourceThread 2: source was not stopped during timeout[m
[31m[1m[01:44:22.142690] [E] [SingleNodeWorker] [WorkerThread-37] [] [QueryEngine.cpp:874] [onFailure] Query Failed: cannot format malformed string value; Value '{"ID": 1813', is not a valid value of type: int.
 in Query 18.[m
[36m[01:44:22.143540] [D] [SingleNodeWorker] [WorkerThread-41] [Task:18-53] [BufferManager.cpp:65] [~BufferManager] Calling BufferManager::destroy()[m
[36m[01:44:22.143620] [D] [SingleNodeWorker] [WorkerThread-41] [Task:18-53] [BufferManager.cpp:93] [~BufferManager] Shutting down Buffer Manager completed[m
[31m[1m[01:44:22.144095] [E] [SingleNodeWorker] [WorkerThread-41] [] [Task.cpp:67] [callOnFailure] TaskCallback::callOnFailure[m
[31m[1m[01:44:22.144214] [E] [SingleNodeWorker] [WorkerThread-41] [] [QueryEngine.cpp:874] [onFailure] Query Failed: cannot format malformed string value; Value '{"ID": 1000', is not a valid value of type: int.
 in Query 18.[m
[31m[1m[01:44:22.145680] [E] [SingleNodeWorker] [WorkerThread-32] [Task:18-53] [SpanningTupleBufferState.cpp:201] [validateFinalState] Buffer at index 1 does still claim to own leading buffer[m
[31m[1m[01:44:22.145780] [E] [SingleNodeWorker] [WorkerThread-32] [Task:18-53] [SpanningTupleBufferState.cpp:206] [validateFinalState] Buffer at index 1 still owns a trailing buffer reference[m
[31m[1m[01:44:22.145829] [E] [SingleNodeWorker] [WorkerThread-32] [Task:18-53] [SpanningTupleBufferState.cpp:186] [validateFinalState] Buffer at index 2 does still claim to own leading buffer[m
[31m[1m[01:44:22.145875] [E] [SingleNodeWorker] [WorkerThread-32] [Task:18-53] [SpanningTupleBufferState.cpp:191] [validateFinalState] Buffer at index 2 still owns a leading buffer reference[m
[31m[1m[01:44:22.146277] [E] [SingleNodeWorker] [WorkerThread-32] [Task:18-53] [SequenceShredder.cpp:59] [~SequenceShredder] Failed to validate SequenceShredder[m
[31m[1m[01:44:22.156198] [E] [SingleNodeWorker] [WorkerThread-32] [] [Task.cpp:67] [callOnFailure] TaskCallback::callOnFailure[m
[31m[1m[01:44:22.156269] [E] [SingleNodeWorker] [WorkerThread-32] [] [QueryEngine.cpp:93] [operator()] Query Failure could not be reported as query has already been terminated. Original Error: cannot format malformed string value; Value '{"ID": 2623', is not a valid value of type: int.
[m
[36m[01:44:24.055120] [D] [Not A Worker] [unnamed] [] [BufferManager.cpp:110] [initialize] NES memory allocation requires 1 out of 540577120256 (so 1.8498748143954595e-10%) available bytes[m
[36m[01:44:24.055218] [D] [Not A Worker] [unnamed] [] [BufferManager.cpp:160] [initialize] BufferManager configuration bufferSize=1 numOfBuffers=1[m
[36m[01:44:24.055719] [D] [Not A Worker] [unnamed] [] [PipeliningPhase.cpp:365] [apply] Constructed pipeline plan with 1 root pipelines.
PipelinedQueryPlan for Query: 19
Number of root pipelines: 1
------------------
Root Pipeline 0:
  Pipeline(ID(55), Provider(COMPILER))
  Operator chain:
    PhysicalOperator(NES::SourcePhysicalOperator)
  Successor Pipeline:
    Pipeline(ID(56), Provider(None))
      Operator chain:
        PhysicalOperator(NES::ScanPhysicalOperator)
          PhysicalOperator(NES::SelectionPhysicalOperator)
            PhysicalOperator(NES::MapPhysicalOperator)
              PhysicalOperator(NES::EmitPhysicalOperator)
      Successor Pipeline:
        Pipeline(ID(57), Provider(None))
          Operator chain:
            PhysicalOperator(NES::SinkPhysicalOperator)

[m
[32m[01:44:24.056023] [I] [Not A Worker] [unnamed] [] [NodeEngine.cpp:55] [registerQuery] Register 19[m
[36m[01:44:24.060283] [D] [Not A Worker] [unnamed] [] [SinkProvider.cpp:30] [lower] The sinkDescriptor is: SinkDescriptor: (name: variant("PERSON_ID_SINK"), type: Void, Config: )[m
[36m[01:44:24.060842] [D] [SingleNodeWorker] [WorkerThread-12] [Task:19-57] [VoidSink.cpp:37] [start] Setting up void sink: VoidSink[m
[36m[01:44:24.271298] [D] [SingleNodeWorker] [WorkerThread-45] [] [SourceThread.cpp:184] [start] Starting source with originId: 2[m
[36m[01:44:24.272878] [D] [SingleNodeWorker] [WorkerThread-45] [Task:19-56] [BufferManager.cpp:65] [~BufferManager] Calling BufferManager::destroy()[m
[36m[01:44:24.272901] [D] [SingleNodeWorker] [WorkerThread-45] [Task:19-56] [BufferManager.cpp:93] [~BufferManager] Shutting down Buffer Manager completed[m
[31m[1m[01:44:24.273056] [E] [SingleNodeWorker] [WorkerThread-45] [] [Task.cpp:67] [callOnFailure] TaskCallback::callOnFailure[m
[36m[01:44:24.273109] [D] [SingleNodeWorker] [WorkerThread-45] [] [SourceThread.cpp:230] [tryStop] SourceThread 2: attempting to stop source[m
[36m[01:44:24.273122] [D] [SingleNodeWorker] [WorkerThread-45] [] [SourceThread.cpp:238] [tryStop] SourceThread 2: source was not stopped during timeout[m
[31m[1m[01:44:24.273370] [E] [SingleNodeWorker] [WorkerThread-45] [] [QueryEngine.cpp:874] [onFailure] Query Failed: cannot format malformed string value; Value '{"ID": 1000', is not a valid value of type: int.
 in Query 19.[m
[32m[01:44:24.276086] [I] [SingleNodeWorker] [WorkerThread-11] [Task:19-56] [SequenceShredder.cpp:55] [~SequenceShredder] Successfully validated SequenceShredder[m
[31m[1m[01:44:24.287098] [E] [SingleNodeWorker] [WorkerThread-11] [] [Task.cpp:67] [callOnFailure] TaskCallback::callOnFailure[m
[31m[1m[01:44:24.287193] [E] [SingleNodeWorker] [WorkerThread-11] [] [QueryEngine.cpp:93] [operator()] Query Failure could not be reported as query has already been terminated. Original Error: cannot format malformed string value; Value '{"ID": 1812', is not a valid value of type: int.
[m
[36m[01:44:26.183602] [D] [Not A Worker] [unnamed] [] [BufferManager.cpp:110] [initialize] NES memory allocation requires 1 out of 540577120256 (so 1.8498748143954595e-10%) available bytes[m
[36m[01:44:26.183715] [D] [Not A Worker] [unnamed] [] [BufferManager.cpp:160] [initialize] BufferManager configuration bufferSize=1 numOfBuffers=1[m
[36m[01:44:26.184212] [D] [Not A Worker] [unnamed] [] [PipeliningPhase.cpp:365] [apply] Constructed pipeline plan with 1 root pipelines.
PipelinedQueryPlan for Query: 20
Number of root pipelines: 1
------------------
Root Pipeline 0:
  Pipeline(ID(58), Provider(COMPILER))
  Operator chain:
    PhysicalOperator(NES::SourcePhysicalOperator)
  Successor Pipeline:
    Pipeline(ID(59), Provider(None))
      Operator chain:
        PhysicalOperator(NES::ScanPhysicalOperator)
          PhysicalOperator(NES::SelectionPhysicalOperator)
            PhysicalOperator(NES::MapPhysicalOperator)
              PhysicalOperator(NES::EmitPhysicalOperator)
      Successor Pipeline:
        Pipeline(ID(60), Provider(None))
          Operator chain:
            PhysicalOperator(NES::SinkPhysicalOperator)

[m
[32m[01:44:26.184513] [I] [Not A Worker] [unnamed] [] [NodeEngine.cpp:55] [registerQuery] Register 20[m
[36m[01:44:26.188369] [D] [Not A Worker] [unnamed] [] [SinkProvider.cpp:30] [lower] The sinkDescriptor is: SinkDescriptor: (name: variant("PERSON_ID_SINK"), type: Void, Config: )[m
[36m[01:44:26.188764] [D] [SingleNodeWorker] [WorkerThread-4] [Task:20-60] [VoidSink.cpp:37] [start] Setting up void sink: VoidSink[m
[36m[01:44:26.398988] [D] [SingleNodeWorker] [WorkerThread-24] [] [SourceThread.cpp:184] [start] Starting source with originId: 2[m
[36m[01:44:26.402679] [D] [SingleNodeWorker] [WorkerThread-54] [Task:20-59] [BufferManager.cpp:65] [~BufferManager] Calling BufferManager::destroy()[m
[36m[01:44:26.402758] [D] [SingleNodeWorker] [WorkerThread-54] [Task:20-59] [BufferManager.cpp:93] [~BufferManager] Shutting down Buffer Manager completed[m
[31m[1m[01:44:26.403281] [E] [SingleNodeWorker] [WorkerThread-54] [] [Task.cpp:67] [callOnFailure] TaskCallback::callOnFailure[m
[36m[01:44:26.403410] [D] [SingleNodeWorker] [WorkerThread-54] [] [SourceThread.cpp:230] [tryStop] SourceThread 2: attempting to stop source[m
[36m[01:44:26.403454] [D] [SingleNodeWorker] [WorkerThread-54] [] [SourceThread.cpp:238] [tryStop] SourceThread 2: source was not stopped during timeout[m
[31m[1m[01:44:26.403482] [E] [SingleNodeWorker] [WorkerThread-63] [] [Task.cpp:67] [callOnFailure] TaskCallback::callOnFailure[m
[31m[1m[01:44:26.403571] [E] [SingleNodeWorker] [WorkerThread-54] [] [QueryEngine.cpp:874] [onFailure] Query Failed: cannot format malformed string value; Value '{"ID": 1000', is not a valid value of type: int.
 in Query 20.[m
[31m[1m[01:44:26.403603] [E] [SingleNodeWorker] [WorkerThread-63] [] [QueryEngine.cpp:874] [onFailure] Query Failed: cannot format malformed string value; Value '{"ID": 1812', is not a valid value of type: int.
 in Query 20.[m
[31m[1m[01:44:26.404180] [E] [SingleNodeWorker] [WorkerThread-46] [] [Task.cpp:67] [callOnFailure] TaskCallback::callOnFailure[m
[31m[1m[01:44:26.404301] [E] [SingleNodeWorker] [WorkerThread-46] [] [QueryEngine.cpp:874] [onFailure] Query Failed: cannot format malformed string value; Value '{"ID": 2623', is not a valid value of type: int.
 in Query 20.[m
[31m[1m[01:44:26.404901] [E] [SingleNodeWorker] [WorkerThread-25] [] [Task.cpp:67] [callOnFailure] TaskCallback::callOnFailure[m
[31m[1m[01:44:26.405033] [E] [SingleNodeWorker] [WorkerThread-25] [] [QueryEngine.cpp:874] [onFailure] Query Failed: cannot format malformed string value; Value '{"ID": 3434', is not a valid value of type: int.
 in Query 20.[m
[31m[1m[01:44:26.405535] [E] [SingleNodeWorker] [WorkerThread-50] [] [Task.cpp:67] [callOnFailure] TaskCallback::callOnFailure[m
[31m[1m[01:44:26.405661] [E] [SingleNodeWorker] [WorkerThread-50] [] [QueryEngine.cpp:874] [onFailure] Query Failed: cannot format malformed string value; Value '{"ID": 4246', is not a valid value of type: int.
 in Query 20.[m
[32m[01:44:26.406484] [I] [SingleNodeWorker] [WorkerThread-12] [Task:20-59] [SequenceShredder.cpp:55] [~SequenceShredder] Successfully validated SequenceShredder[m
[31m[1m[01:44:26.417494] [E] [SingleNodeWorker] [WorkerThread-12] [] [Task.cpp:67] [callOnFailure] TaskCallback::callOnFailure[m
[31m[1m[01:44:26.417578] [E] [SingleNodeWorker] [WorkerThread-12] [] [QueryEngine.cpp:93] [operator()] Query Failure could not be reported as query has already been terminated. Original Error: cannot format malformed string value; Value '{"ID": 5061', is not a valid value of type: int.
[m
[33m[1m[01:44:28.357828] [W] [Not A Worker] [unnamed] [] [SinkDescriptor.cpp:64] [getFormatType] Sinks of the type Void do not have an INPUT_FORMAT parameter.[m
[36m[01:44:28.358057] [D] [Not A Worker] [unnamed] [] [BufferManager.cpp:110] [initialize] NES memory allocation requires 1 out of 540577120256 (so 1.8498748143954595e-10%) available bytes[m
[36m[01:44:28.358116] [D] [Not A Worker] [unnamed] [] [BufferManager.cpp:160] [initialize] BufferManager configuration bufferSize=1 numOfBuffers=1[m
[36m[01:44:28.358589] [D] [Not A Worker] [unnamed] [] [PipeliningPhase.cpp:365] [apply] Constructed pipeline plan with 1 root pipelines.
PipelinedQueryPlan for Query: 21
Number of root pipelines: 1
------------------
Root Pipeline 0:
  Pipeline(ID(61), Provider(COMPILER))
  Operator chain:
    PhysicalOperator(NES::SourcePhysicalOperator)
  Successor Pipeline:
    Pipeline(ID(62), Provider(None))
      Operator chain:
        PhysicalOperator(NES::ScanPhysicalOperator)
          PhysicalOperator(NES::EmitPhysicalOperator)
      Successor Pipeline:
        Pipeline(ID(63), Provider(None))
          Operator chain:
            PhysicalOperator(NES::SinkPhysicalOperator)

[m
[32m[01:44:28.358913] [I] [Not A Worker] [unnamed] [] [NodeEngine.cpp:55] [registerQuery] Register 21[m
[36m[01:44:28.362475] [D] [Not A Worker] [unnamed] [] [SinkProvider.cpp:30] [lower] The sinkDescriptor is: SinkDescriptor: (name: variant("PERSON_SINK"), type: Void, Config: )[m
[36m[01:44:28.363101] [D] [SingleNodeWorker] [WorkerThread-47] [Task:21-63] [VoidSink.cpp:37] [start] Setting up void sink: VoidSink[m
[36m[01:44:28.480778] [D] [SingleNodeWorker] [WorkerThread-62] [] [SourceThread.cpp:184] [start] Starting source with originId: 2[m
[36m[01:44:28.484297] [D] [SingleNodeWorker] [WorkerThread-27] [Task:21-62] [BufferManager.cpp:65] [~BufferManager] Calling BufferManager::destroy()[m
[36m[01:44:28.484377] [D] [SingleNodeWorker] [WorkerThread-27] [Task:21-62] [BufferManager.cpp:93] [~BufferManager] Shutting down Buffer Manager completed[m
[31m[1m[01:44:28.484890] [E] [SingleNodeWorker] [WorkerThread-27] [] [Task.cpp:67] [callOnFailure] TaskCallback::callOnFailure[m
[36m[01:44:28.485018] [D] [SingleNodeWorker] [WorkerThread-27] [] [SourceThread.cpp:230] [tryStop] SourceThread 2: attempting to stop source[m
[36m[01:44:28.485060] [D] [SingleNodeWorker] [WorkerThread-27] [] [SourceThread.cpp:238] [tryStop] SourceThread 2: source was not stopped during timeout[m
[31m[1m[01:44:28.485295] [E] [SingleNodeWorker] [WorkerThread-27] [] [QueryEngine.cpp:874] [onFailure] Query Failed: cannot format malformed string value; Value '{"ID": 1000', is not a valid value of type: int.
 in Query 21.[m
[31m[1m[01:44:28.485699] [E] [SingleNodeWorker] [WorkerThread-53] [] [Task.cpp:67] [callOnFailure] TaskCallback::callOnFailure[m
[31m[1m[01:44:28.485818] [E] [SingleNodeWorker] [WorkerThread-53] [] [QueryEngine.cpp:874] [onFailure] Query Failed: cannot format malformed string value; Value '{"ID": 1812', is not a valid value of type: int.
 in Query 21.[m
[31m[1m[01:44:28.486062] [E] [SingleNodeWorker] [WorkerThread-46] [] [Task.cpp:67] [callOnFailure] TaskCallback::callOnFailure[m
[31m[1m[01:44:28.486186] [E] [SingleNodeWorker] [WorkerThread-46] [] [QueryEngine.cpp:874] [onFailure] Query Failed: cannot format malformed string value; Value '{"ID": 2623', is not a valid value of type: int.
 in Query 21.[m
[31m[1m[01:44:28.486653] [E] [SingleNodeWorker] [WorkerThread-38] [] [Task.cpp:67] [callOnFailure] TaskCallback::callOnFailure[m
[31m[1m[01:44:28.486775] [E] [SingleNodeWorker] [WorkerThread-38] [] [QueryEngine.cpp:874] [onFailure] Query Failed: cannot format malformed string value; Value '{"ID": 3434', is not a valid value of type: int.
 in Query 21.[m
[31m[1m[01:44:28.487255] [E] [SingleNodeWorker] [WorkerThread-20] [] [Task.cpp:67] [callOnFailure] TaskCallback::callOnFailure[m
[31m[1m[01:44:28.487396] [E] [SingleNodeWorker] [WorkerThread-20] [] [QueryEngine.cpp:874] [onFailure] Query Failed: cannot format malformed string value; Value '{"ID": 4246', is not a valid value of type: int.
 in Query 21.[m
[32m[01:44:28.488071] [I] [SingleNodeWorker] [WorkerThread-12] [Task:21-62] [SequenceShredder.cpp:55] [~SequenceShredder] Successfully validated SequenceShredder[m
[31m[1m[01:44:28.498799] [E] [SingleNodeWorker] [WorkerThread-12] [] [Task.cpp:67] [callOnFailure] TaskCallback::callOnFailure[m
[31m[1m[01:44:28.498843] [E] [SingleNodeWorker] [WorkerThread-12] [] [QueryEngine.cpp:93] [operator()] Query Failure could not be reported as query has already been terminated. Original Error: cannot format malformed string value; Value '{"ID": 5061', is not a valid value of type: int.
[m
[33m[1m[01:44:30.432973] [W] [Not A Worker] [unnamed] [] [SinkDescriptor.cpp:64] [getFormatType] Sinks of the type Void do not have an INPUT_FORMAT parameter.[m
[36m[01:44:30.433199] [D] [Not A Worker] [unnamed] [] [BufferManager.cpp:110] [initialize] NES memory allocation requires 1 out of 540577120256 (so 1.8498748143954595e-10%) available bytes[m
[36m[01:44:30.433260] [D] [Not A Worker] [unnamed] [] [BufferManager.cpp:160] [initialize] BufferManager configuration bufferSize=1 numOfBuffers=1[m
[36m[01:44:30.433734] [D] [Not A Worker] [unnamed] [] [PipeliningPhase.cpp:365] [apply] Constructed pipeline plan with 1 root pipelines.
PipelinedQueryPlan for Query: 22
Number of root pipelines: 1
------------------
Root Pipeline 0:
  Pipeline(ID(64), Provider(COMPILER))
  Operator chain:
    PhysicalOperator(NES::SourcePhysicalOperator)
  Successor Pipeline:
    Pipeline(ID(65), Provider(None))
      Operator chain:
        PhysicalOperator(NES::ScanPhysicalOperator)
          PhysicalOperator(NES::EmitPhysicalOperator)
      Successor Pipeline:
        Pipeline(ID(66), Provider(None))
          Operator chain:
            PhysicalOperator(NES::SinkPhysicalOperator)

[m
[32m[01:44:30.434042] [I] [Not A Worker] [unnamed] [] [NodeEngine.cpp:55] [registerQuery] Register 22[m
[36m[01:44:30.437260] [D] [Not A Worker] [unnamed] [] [SinkProvider.cpp:30] [lower] The sinkDescriptor is: SinkDescriptor: (name: variant("PERSON_SINK"), type: Void, Config: )[m
[36m[01:44:30.437825] [D] [SingleNodeWorker] [WorkerThread-21] [Task:22-66] [VoidSink.cpp:37] [start] Setting up void sink: VoidSink[m
[36m[01:44:30.553035] [D] [SingleNodeWorker] [WorkerThread-46] [] [SourceThread.cpp:184] [start] Starting source with originId: 2[m
[36m[01:44:30.554677] [D] [SingleNodeWorker] [WorkerThread-46] [Task:22-65] [BufferManager.cpp:65] [~BufferManager] Calling BufferManager::destroy()[m
[36m[01:44:30.554700] [D] [SingleNodeWorker] [WorkerThread-46] [Task:22-65] [BufferManager.cpp:93] [~BufferManager] Shutting down Buffer Manager completed[m
[31m[1m[01:44:30.554858] [E] [SingleNodeWorker] [WorkerThread-46] [] [Task.cpp:67] [callOnFailure] TaskCallback::callOnFailure[m
[36m[01:44:30.554938] [D] [SingleNodeWorker] [WorkerThread-46] [] [SourceThread.cpp:230] [tryStop] SourceThread 2: attempting to stop source[m
[36m[01:44:30.554956] [D] [SingleNodeWorker] [WorkerThread-46] [] [SourceThread.cpp:238] [tryStop] SourceThread 2: source was not stopped during timeout[m
[31m[1m[01:44:30.555306] [E] [SingleNodeWorker] [WorkerThread-46] [] [QueryEngine.cpp:874] [onFailure] Query Failed: cannot format malformed string value; Value '{"ID": 1000', is not a valid value of type: int.
 in Query 22.[m
[32m[01:44:30.558202] [I] [SingleNodeWorker] [WorkerThread-31] [Task:22-65] [SequenceShredder.cpp:55] [~SequenceShredder] Successfully validated SequenceShredder[m
[31m[1m[01:44:30.568354] [E] [SingleNodeWorker] [WorkerThread-31] [] [Task.cpp:67] [callOnFailure] TaskCallback::callOnFailure[m
[31m[1m[01:44:30.568418] [E] [SingleNodeWorker] [WorkerThread-31] [] [QueryEngine.cpp:93] [operator()] Query Failure could not be reported as query has already been terminated. Original Error: cannot format malformed string value; Value '{"ID": 1812', is not a valid value of type: int.
[m
[33m[1m[01:44:32.485333] [W] [Not A Worker] [unnamed] [] [SinkDescriptor.cpp:64] [getFormatType] Sinks of the type Void do not have an INPUT_FORMAT parameter.[m
[36m[01:44:32.485543] [D] [Not A Worker] [unnamed] [] [BufferManager.cpp:110] [initialize] NES memory allocation requires 1 out of 540577120256 (so 1.8498748143954595e-10%) available bytes[m
[36m[01:44:32.485613] [D] [Not A Worker] [unnamed] [] [BufferManager.cpp:160] [initialize] BufferManager configuration bufferSize=1 numOfBuffers=1[m
[36m[01:44:32.486070] [D] [Not A Worker] [unnamed] [] [PipeliningPhase.cpp:365] [apply] Constructed pipeline plan with 1 root pipelines.
PipelinedQueryPlan for Query: 23
Number of root pipelines: 1
------------------
Root Pipeline 0:
  Pipeline(ID(67), Provider(COMPILER))
  Operator chain:
    PhysicalOperator(NES::SourcePhysicalOperator)
  Successor Pipeline:
    Pipeline(ID(68), Provider(None))
      Operator chain:
        PhysicalOperator(NES::ScanPhysicalOperator)
          PhysicalOperator(NES::EmitPhysicalOperator)
      Successor Pipeline:
        Pipeline(ID(69), Provider(None))
          Operator chain:
            PhysicalOperator(NES::SinkPhysicalOperator)

[m
[32m[01:44:32.486370] [I] [Not A Worker] [unnamed] [] [NodeEngine.cpp:55] [registerQuery] Register 23[m
[36m[01:44:32.489950] [D] [Not A Worker] [unnamed] [] [SinkProvider.cpp:30] [lower] The sinkDescriptor is: SinkDescriptor: (name: variant("PERSON_SINK"), type: Void, Config: )[m
[36m[01:44:32.490438] [D] [SingleNodeWorker] [WorkerThread-24] [Task:23-69] [VoidSink.cpp:37] [start] Setting up void sink: VoidSink[m
[36m[01:44:32.606583] [D] [SingleNodeWorker] [WorkerThread-45] [] [SourceThread.cpp:184] [start] Starting source with originId: 2[m
[36m[01:44:32.610133] [D] [SingleNodeWorker] [WorkerThread-40] [Task:23-68] [BufferManager.cpp:65] [~BufferManager] Calling BufferManager::destroy()[m
[36m[01:44:32.610213] [D] [SingleNodeWorker] [WorkerThread-40] [Task:23-68] [BufferManager.cpp:93] [~BufferManager] Shutting down Buffer Manager completed[m
[31m[1m[01:44:32.610699] [E] [SingleNodeWorker] [WorkerThread-40] [] [Task.cpp:67] [callOnFailure] TaskCallback::callOnFailure[m
[36m[01:44:32.610827] [D] [SingleNodeWorker] [WorkerThread-40] [] [SourceThread.cpp:230] [tryStop] SourceThread 2: attempting to stop source[m
[36m[01:44:32.610870] [D] [SingleNodeWorker] [WorkerThread-40] [] [SourceThread.cpp:238] [tryStop] SourceThread 2: source was not stopped during timeout[m
[31m[1m[01:44:32.611064] [E] [SingleNodeWorker] [WorkerThread-40] [] [QueryEngine.cpp:874] [onFailure] Query Failed: cannot format malformed string value; Value '{"ID": 1000', is not a valid value of type: int.
 in Query 23.[m
[31m[1m[01:44:32.611247] [E] [SingleNodeWorker] [WorkerThread-13] [] [Task.cpp:67] [callOnFailure] TaskCallback::callOnFailure[m
[31m[1m[01:44:32.611274] [E] [SingleNodeWorker] [WorkerThread-49] [] [Task.cpp:67] [callOnFailure] TaskCallback::callOnFailure[m
[31m[1m[01:44:32.611351] [E] [SingleNodeWorker] [WorkerThread-49] [] [QueryEngine.cpp:874] [onFailure] Query Failed: cannot format malformed string value; Value '{"ID": 5062', is not a valid value of type: int.
 in Query 23.[m
[31m[1m[01:44:32.611373] [E] [SingleNodeWorker] [WorkerThread-13] [] [QueryEngine.cpp:874] [onFailure] Query Failed: cannot format malformed string value; Value '{"ID": 1812', is not a valid value of type: int.
 in Query 23.[m
[31m[1m[01:44:32.611917] [E] [SingleNodeWorker] [WorkerThread-57] [] [Task.cpp:67] [callOnFailure] TaskCallback::callOnFailure[m
[31m[1m[01:44:32.612044] [E] [SingleNodeWorker] [WorkerThread-57] [] [QueryEngine.cpp:874] [onFailure] Query Failed: cannot format malformed string value; Value '{"ID": 2623', is not a valid value of type: int.
 in Query 23.[m
[31m[1m[01:44:32.612151] [E] [SingleNodeWorker] [WorkerThread-62] [] [Task.cpp:67] [callOnFailure] TaskCallback::callOnFailure[m
[31m[1m[01:44:32.612285] [E] [SingleNodeWorker] [WorkerThread-62] [] [QueryEngine.cpp:874] [onFailure] Query Failed: cannot format malformed string value; Value '{"ID": 3434', is not a valid value of type: int.
 in Query 23.[m
[31m[1m[01:44:32.613060] [E] [SingleNodeWorker] [WorkerThread-37] [Task:23-68] [SpanningTupleBufferState.cpp:201] [validateFinalState] Buffer at index 5 does still claim to own leading buffer[m
[31m[1m[01:44:32.613159] [E] [SingleNodeWorker] [WorkerThread-37] [Task:23-68] [SpanningTupleBufferState.cpp:206] [validateFinalState] Buffer at index 5 still owns a trailing buffer reference[m
[31m[1m[01:44:32.613207] [E] [SingleNodeWorker] [WorkerThread-37] [Task:23-68] [SpanningTupleBufferState.cpp:186] [validateFinalState] Buffer at index 6 does still claim to own leading buffer[m
[31m[1m[01:44:32.613253] [E] [SingleNodeWorker] [WorkerThread-37] [Task:23-68] [SpanningTupleBufferState.cpp:191] [validateFinalState] Buffer at index 6 still owns a leading buffer reference[m
[31m[1m[01:44:32.613668] [E] [SingleNodeWorker] [WorkerThread-37] [Task:23-68] [SequenceShredder.cpp:59] [~SequenceShredder] Failed to validate SequenceShredder[m
[31m[1m[01:44:32.624908] [E] [SingleNodeWorker] [WorkerThread-37] [] [Task.cpp:67] [callOnFailure] TaskCallback::callOnFailure[m
[31m[1m[01:44:32.624986] [E] [SingleNodeWorker] [WorkerThread-37] [] [QueryEngine.cpp:93] [operator()] Query Failure could not be reported as query has already been terminated. Original Error: cannot format malformed string value; Value '{"ID": 4246', is not a valid value of type: int.
[m
[33m[1m[01:44:34.562373] [W] [Not A Worker] [unnamed] [] [SinkDescriptor.cpp:64] [getFormatType] Sinks of the type Void do not have an INPUT_FORMAT parameter.[m
[36m[01:44:34.562582] [D] [Not A Worker] [unnamed] [] [BufferManager.cpp:110] [initialize] NES memory allocation requires 1 out of 540577120256 (so 1.8498748143954595e-10%) available bytes[m
[36m[01:44:34.562643] [D] [Not A Worker] [unnamed] [] [BufferManager.cpp:160] [initialize] BufferManager configuration bufferSize=1 numOfBuffers=1[m
[36m[01:44:34.563132] [D] [Not A Worker] [unnamed] [] [PipeliningPhase.cpp:365] [apply] Constructed pipeline plan with 1 root pipelines.
PipelinedQueryPlan for Query: 24
Number of root pipelines: 1
------------------
Root Pipeline 0:
  Pipeline(ID(70), Provider(COMPILER))
  Operator chain:
    PhysicalOperator(NES::SourcePhysicalOperator)
  Successor Pipeline:
    Pipeline(ID(71), Provider(None))
      Operator chain:
        PhysicalOperator(NES::ScanPhysicalOperator)
          PhysicalOperator(NES::EmitPhysicalOperator)
      Successor Pipeline:
        Pipeline(ID(72), Provider(None))
          Operator chain:
            PhysicalOperator(NES::SinkPhysicalOperator)

[m
[32m[01:44:34.563437] [I] [Not A Worker] [unnamed] [] [NodeEngine.cpp:55] [registerQuery] Register 24[m
[36m[01:44:34.567074] [D] [Not A Worker] [unnamed] [] [SinkProvider.cpp:30] [lower] The sinkDescriptor is: SinkDescriptor: (name: variant("PERSON_SINK"), type: Void, Config: )[m
[36m[01:44:34.567659] [D] [SingleNodeWorker] [WorkerThread-20] [Task:24-72] [VoidSink.cpp:37] [start] Setting up void sink: VoidSink[m
[36m[01:44:34.682965] [D] [SingleNodeWorker] [WorkerThread-13] [] [SourceThread.cpp:184] [start] Starting source with originId: 2[m
[36m[01:44:34.684712] [D] [SingleNodeWorker] [WorkerThread-13] [Task:24-71] [BufferManager.cpp:65] [~BufferManager] Calling BufferManager::destroy()[m
[36m[01:44:34.684743] [D] [SingleNodeWorker] [WorkerThread-13] [Task:24-71] [BufferManager.cpp:93] [~BufferManager] Shutting down Buffer Manager completed[m
[31m[1m[01:44:34.685003] [E] [SingleNodeWorker] [WorkerThread-13] [] [Task.cpp:67] [callOnFailure] TaskCallback::callOnFailure[m
[36m[01:44:34.685066] [D] [SingleNodeWorker] [WorkerThread-13] [] [SourceThread.cpp:230] [tryStop] SourceThread 2: attempting to stop source[m
[36m[01:44:34.685084] [D] [SingleNodeWorker] [WorkerThread-13] [] [SourceThread.cpp:238] [tryStop] SourceThread 2: source was not stopped during timeout[m
[31m[1m[01:44:34.685481] [E] [SingleNodeWorker] [WorkerThread-15] [] [Task.cpp:67] [callOnFailure] TaskCallback::callOnFailure[m
[31m[1m[01:44:34.685513] [E] [SingleNodeWorker] [WorkerThread-15] [] [QueryEngine.cpp:874] [onFailure] Query Failed: cannot format malformed string value; Value '{"ID": 1812', is not a valid value of type: int.
 in Query 24.[m
[31m[1m[01:44:34.685684] [E] [SingleNodeWorker] [WorkerThread-13] [] [QueryEngine.cpp:874] [onFailure] Query Failed: cannot format malformed string value; Value '{"ID": 1000', is not a valid value of type: int.
 in Query 24.[m
[32m[01:44:34.688703] [I] [SingleNodeWorker] [WorkerThread-40] [Task:24-71] [SequenceShredder.cpp:55] [~SequenceShredder] Successfully validated SequenceShredder[m
[31m[1m[01:44:34.698334] [E] [SingleNodeWorker] [WorkerThread-40] [] [Task.cpp:67] [callOnFailure] TaskCallback::callOnFailure[m
[31m[1m[01:44:34.698377] [E] [SingleNodeWorker] [WorkerThread-40] [] [QueryEngine.cpp:93] [operator()] Query Failure could not be reported as query has already been terminated. Original Error: cannot format malformed string value; Value '{"ID": 2623', is not a valid value of type: int.
[m
[33m[1m[01:44:36.569954] [W] [Not A Worker] [unnamed] [] [SinkDescriptor.cpp:64] [getFormatType] Sinks of the type Void do not have an INPUT_FORMAT parameter.[m
[36m[01:44:36.570159] [D] [Not A Worker] [unnamed] [] [BufferManager.cpp:110] [initialize] NES memory allocation requires 1 out of 540577120256 (so 1.8498748143954595e-10%) available bytes[m
[36m[01:44:36.570218] [D] [Not A Worker] [unnamed] [] [BufferManager.cpp:160] [initialize] BufferManager configuration bufferSize=1 numOfBuffers=1[m
[36m[01:44:36.570675] [D] [Not A Worker] [unnamed] [] [PipeliningPhase.cpp:365] [apply] Constructed pipeline plan with 1 root pipelines.
PipelinedQueryPlan for Query: 25
Number of root pipelines: 1
------------------
Root Pipeline 0:
  Pipeline(ID(73), Provider(COMPILER))
  Operator chain:
    PhysicalOperator(NES::SourcePhysicalOperator)
  Successor Pipeline:
    Pipeline(ID(74), Provider(None))
      Operator chain:
        PhysicalOperator(NES::ScanPhysicalOperator)
          PhysicalOperator(NES::EmitPhysicalOperator)
      Successor Pipeline:
        Pipeline(ID(75), Provider(None))
          Operator chain:
            PhysicalOperator(NES::SinkPhysicalOperator)

[m
[32m[01:44:36.571010] [I] [Not A Worker] [unnamed] [] [NodeEngine.cpp:55] [registerQuery] Register 25[m
[36m[01:44:36.574305] [D] [Not A Worker] [unnamed] [] [SinkProvider.cpp:30] [lower] The sinkDescriptor is: SinkDescriptor: (name: variant("PERSON_SINK"), type: Void, Config: )[m
[36m[01:44:36.574830] [D] [SingleNodeWorker] [WorkerThread-55] [Task:25-75] [VoidSink.cpp:37] [start] Setting up void sink: VoidSink[m
[36m[01:44:36.691061] [D] [SingleNodeWorker] [WorkerThread-1] [] [SourceThread.cpp:184] [start] Starting source with originId: 2[m
[36m[01:44:36.692735] [D] [SingleNodeWorker] [WorkerThread-1] [Task:25-74] [BufferManager.cpp:65] [~BufferManager] Calling BufferManager::destroy()[m
[36m[01:44:36.692759] [D] [SingleNodeWorker] [WorkerThread-1] [Task:25-74] [BufferManager.cpp:93] [~BufferManager] Shutting down Buffer Manager completed[m
[31m[1m[01:44:36.692924] [E] [SingleNodeWorker] [WorkerThread-1] [] [Task.cpp:67] [callOnFailure] TaskCallback::callOnFailure[m
[36m[01:44:36.692979] [D] [SingleNodeWorker] [WorkerThread-1] [] [SourceThread.cpp:230] [tryStop] SourceThread 2: attempting to stop source[m
[36m[01:44:36.692990] [D] [SingleNodeWorker] [WorkerThread-1] [] [SourceThread.cpp:238] [tryStop] SourceThread 2: source was not stopped during timeout[m
[31m[1m[01:44:36.693140] [E] [SingleNodeWorker] [WorkerThread-1] [] [QueryEngine.cpp:874] [onFailure] Query Failed: cannot format malformed string value; Value '{"ID": 1000', is not a valid value of type: int.
 in Query 25.[m
[32m[01:44:36.695798] [I] [SingleNodeWorker] [WorkerThread-52] [Task:25-74] [SequenceShredder.cpp:55] [~SequenceShredder] Successfully validated SequenceShredder[m
[31m[1m[01:44:36.706936] [E] [SingleNodeWorker] [WorkerThread-52] [] [Task.cpp:67] [callOnFailure] TaskCallback::callOnFailure[m
[31m[1m[01:44:36.706979] [E] [SingleNodeWorker] [WorkerThread-52] [] [QueryEngine.cpp:93] [operator()] Query Failure could not be reported as query has already been terminated. Original Error: cannot format malformed string value; Value '{"ID": 1812', is not a valid value of type: int.
[m
[33m[1m[01:44:38.494190] [W] [Not A Worker] [unnamed] [] [SinkDescriptor.cpp:64] [getFormatType] Sinks of the type Void do not have an INPUT_FORMAT parameter.[m
[36m[01:44:38.494396] [D] [Not A Worker] [unnamed] [] [BufferManager.cpp:110] [initialize] NES memory allocation requires 1 out of 540577120256 (so 1.8498748143954595e-10%) available bytes[m
[36m[01:44:38.494455] [D] [Not A Worker] [unnamed] [] [BufferManager.cpp:160] [initialize] BufferManager configuration bufferSize=1 numOfBuffers=1[m
[36m[01:44:38.494927] [D] [Not A Worker] [unnamed] [] [PipeliningPhase.cpp:365] [apply] Constructed pipeline plan with 1 root pipelines.
PipelinedQueryPlan for Query: 26
Number of root pipelines: 1
------------------
Root Pipeline 0:
  Pipeline(ID(76), Provider(COMPILER))
  Operator chain:
    PhysicalOperator(NES::SourcePhysicalOperator)
  Successor Pipeline:
    Pipeline(ID(77), Provider(None))
      Operator chain:
        PhysicalOperator(NES::ScanPhysicalOperator)
          PhysicalOperator(NES::EmitPhysicalOperator)
      Successor Pipeline:
        Pipeline(ID(78), Provider(None))
          Operator chain:
            PhysicalOperator(NES::SinkPhysicalOperator)

[m
[32m[01:44:38.495244] [I] [Not A Worker] [unnamed] [] [NodeEngine.cpp:55] [registerQuery] Register 26[m
[36m[01:44:38.499467] [D] [Not A Worker] [unnamed] [] [SinkProvider.cpp:30] [lower] The sinkDescriptor is: SinkDescriptor: (name: variant("PERSON_SINK"), type: Void, Config: )[m
[36m[01:44:38.500015] [D] [SingleNodeWorker] [WorkerThread-5] [Task:26-78] [VoidSink.cpp:37] [start] Setting up void sink: VoidSink[m
[36m[01:44:38.608965] [D] [SingleNodeWorker] [WorkerThread-5] [] [SourceThread.cpp:184] [start] Starting source with originId: 2[m
[36m[01:44:38.613226] [D] [SingleNodeWorker] [WorkerThread-55] [Task:26-77] [BufferManager.cpp:65] [~BufferManager] Calling BufferManager::destroy()[m
[36m[01:44:38.613324] [D] [SingleNodeWorker] [WorkerThread-55] [Task:26-77] [BufferManager.cpp:93] [~BufferManager] Shutting down Buffer Manager completed[m
[31m[1m[01:44:38.613465] [E] [SingleNodeWorker] [WorkerThread-30] [] [Task.cpp:67] [callOnFailure] TaskCallback::callOnFailure[m
[36m[01:44:38.613625] [D] [SingleNodeWorker] [WorkerThread-30] [] [SourceThread.cpp:230] [tryStop] SourceThread 2: attempting to stop source[m
[36m[01:44:38.613669] [D] [SingleNodeWorker] [WorkerThread-30] [] [SourceThread.cpp:238] [tryStop] SourceThread 2: source was not stopped during timeout[m
[31m[1m[01:44:38.614164] [E] [SingleNodeWorker] [WorkerThread-55] [] [Task.cpp:67] [callOnFailure] TaskCallback::callOnFailure[m
[31m[1m[01:44:38.614225] [E] [SingleNodeWorker] [WorkerThread-30] [] [QueryEngine.cpp:874] [onFailure] Query Failed: cannot format malformed string value; Value '{"ID": 1813', is not a valid value of type: int.
 in Query 26.[m
[31m[1m[01:44:38.614306] [E] [SingleNodeWorker] [WorkerThread-55] [] [QueryEngine.cpp:874] [onFailure] Query Failed: cannot format malformed string value; Value '{"ID": 1000', is not a valid value of type: int.
 in Query 26.[m
[31m[1m[01:44:38.615446] [E] [SingleNodeWorker] [WorkerThread-2] [] [Task.cpp:67] [callOnFailure] TaskCallback::callOnFailure[m
[31m[1m[01:44:38.615549] [E] [SingleNodeWorker] [WorkerThread-2] [] [QueryEngine.cpp:874] [onFailure] Query Failed: cannot format malformed string value; Value '{"ID": 2623', is not a valid value of type: int.
 in Query 26.[m
[31m[1m[01:44:38.615975] [E] [SingleNodeWorker] [WorkerThread-1] [] [Task.cpp:67] [callOnFailure] TaskCallback::callOnFailure[m
[31m[1m[01:44:38.616026] [E] [SingleNodeWorker] [WorkerThread-17] [] [Task.cpp:67] [callOnFailure] TaskCallback::callOnFailure[m
[31m[1m[01:44:38.616187] [E] [SingleNodeWorker] [WorkerThread-1] [] [QueryEngine.cpp:874] [onFailure] Query Failed: cannot format malformed string value; Value '{"ID": 3434', is not a valid value of type: int.
 in Query 26.[m
[31m[1m[01:44:38.616221] [E] [SingleNodeWorker] [WorkerThread-17] [] [QueryEngine.cpp:874] [onFailure] Query Failed: cannot format malformed string value; Value '{"ID": 4246', is not a valid value of type: int.
 in Query 26.[m
[31m[1m[01:44:38.616293] [E] [SingleNodeWorker] [WorkerThread-53] [] [Task.cpp:67] [callOnFailure] TaskCallback::callOnFailure[m
[31m[1m[01:44:38.616452] [E] [SingleNodeWorker] [WorkerThread-53] [] [QueryEngine.cpp:874] [onFailure] Query Failed: cannot format malformed string value; Value '{"ID": 5877', is not a valid value of type: int.
 in Query 26.[m
[31m[1m[01:44:38.616898] [E] [SingleNodeWorker] [WorkerThread-23] [] [Task.cpp:67] [callOnFailure] TaskCallback::callOnFailure[m
[31m[1m[01:44:38.616981] [E] [SingleNodeWorker] [WorkerThread-23] [] [QueryEngine.cpp:93] [operator()] Query Failure could not be reported as query has already been terminated. Original Error: cannot format malformed string value; Value '{"ID": 5061', is not a valid value of type: int.
[m
[31m[1m[01:44:38.616999] [E] [SingleNodeWorker] [WorkerThread-54] [Task:26-77] [SpanningTupleBufferState.cpp:201] [validateFinalState] Buffer at index 1 does still claim to own leading buffer[m
[31m[1m[01:44:38.617142] [E] [SingleNodeWorker] [WorkerThread-54] [Task:26-77] [SpanningTupleBufferState.cpp:206] [validateFinalState] Buffer at index 1 still owns a trailing buffer reference[m
[31m[1m[01:44:38.617192] [E] [SingleNodeWorker] [WorkerThread-54] [Task:26-77] [SpanningTupleBufferState.cpp:186] [validateFinalState] Buffer at index 2 does still claim to own leading buffer[m
[31m[1m[01:44:38.617235] [E] [SingleNodeWorker] [WorkerThread-54] [Task:26-77] [SpanningTupleBufferState.cpp:191] [validateFinalState] Buffer at index 2 still owns a leading buffer reference[m
[31m[1m[01:44:38.617281] [E] [SingleNodeWorker] [WorkerThread-54] [Task:26-77] [SpanningTupleBufferState.cpp:201] [validateFinalState] Buffer at index 6 does still claim to own leading buffer[m
[31m[1m[01:44:38.617327] [E] [SingleNodeWorker] [WorkerThread-54] [Task:26-77] [SpanningTupleBufferState.cpp:206] [validateFinalState] Buffer at index 6 still owns a trailing buffer reference[m
[31m[1m[01:44:38.617367] [E] [SingleNodeWorker] [WorkerThread-54] [Task:26-77] [SpanningTupleBufferState.cpp:186] [validateFinalState] Buffer at index 7 does still claim to own leading buffer[m
[31m[1m[01:44:38.617409] [E] [SingleNodeWorker] [WorkerThread-54] [Task:26-77] [SpanningTupleBufferState.cpp:191] [validateFinalState] Buffer at index 7 still owns a leading buffer reference[m
[31m[1m[01:44:38.617810] [E] [SingleNodeWorker] [WorkerThread-54] [Task:26-77] [SequenceShredder.cpp:59] [~SequenceShredder] Failed to validate SequenceShredder[m
[31m[1m[01:44:38.627010] [E] [SingleNodeWorker] [WorkerThread-54] [] [Task.cpp:67] [callOnFailure] TaskCallback::callOnFailure[m
[31m[1m[01:44:38.627051] [E] [SingleNodeWorker] [WorkerThread-54] [] [QueryEngine.cpp:93] [operator()] Query Failure could not be reported as query has already been terminated. Original Error: cannot format malformed string value; Value '{"ID": 6687', is not a valid value of type: int.
[m
[33m[1m[01:44:40.557396] [W] [Not A Worker] [unnamed] [] [SinkDescriptor.cpp:64] [getFormatType] Sinks of the type Void do not have an INPUT_FORMAT parameter.[m
[36m[01:44:40.557606] [D] [Not A Worker] [unnamed] [] [BufferManager.cpp:110] [initialize] NES memory allocation requires 1 out of 540577120256 (so 1.8498748143954595e-10%) available bytes[m
[36m[01:44:40.557666] [D] [Not A Worker] [unnamed] [] [BufferManager.cpp:160] [initialize] BufferManager configuration bufferSize=1 numOfBuffers=1[m
[36m[01:44:40.558137] [D] [Not A Worker] [unnamed] [] [PipeliningPhase.cpp:365] [apply] Constructed pipeline plan with 1 root pipelines.
PipelinedQueryPlan for Query: 27
Number of root pipelines: 1
------------------
Root Pipeline 0:
  Pipeline(ID(79), Provider(COMPILER))
  Operator chain:
    PhysicalOperator(NES::SourcePhysicalOperator)
  Successor Pipeline:
    Pipeline(ID(80), Provider(None))
      Operator chain:
        PhysicalOperator(NES::ScanPhysicalOperator)
          PhysicalOperator(NES::EmitPhysicalOperator)
      Successor Pipeline:
        Pipeline(ID(81), Provider(None))
          Operator chain:
            PhysicalOperator(NES::SinkPhysicalOperator)

[m
[32m[01:44:40.558435] [I] [Not A Worker] [unnamed] [] [NodeEngine.cpp:55] [registerQuery] Register 27[m
[36m[01:44:40.562342] [D] [Not A Worker] [unnamed] [] [SinkProvider.cpp:30] [lower] The sinkDescriptor is: SinkDescriptor: (name: variant("PERSON_SINK"), type: Void, Config: )[m
[36m[01:44:40.562779] [D] [SingleNodeWorker] [WorkerThread-46] [Task:27-81] [VoidSink.cpp:37] [start] Setting up void sink: VoidSink[m
[36m[01:44:40.678712] [D] [SingleNodeWorker] [WorkerThread-7] [] [SourceThread.cpp:184] [start] Starting source with originId: 2[m
[36m[01:44:40.680451] [D] [SingleNodeWorker] [WorkerThread-3] [Task:27-80] [BufferManager.cpp:65] [~BufferManager] Calling BufferManager::destroy()[m
[36m[01:44:40.680479] [D] [SingleNodeWorker] [WorkerThread-3] [Task:27-80] [BufferManager.cpp:93] [~BufferManager] Shutting down Buffer Manager completed[m
[31m[1m[01:44:40.680646] [E] [SingleNodeWorker] [WorkerThread-3] [] [Task.cpp:67] [callOnFailure] TaskCallback::callOnFailure[m
[36m[01:44:40.680709] [D] [SingleNodeWorker] [WorkerThread-3] [] [SourceThread.cpp:230] [tryStop] SourceThread 2: attempting to stop source[m
[36m[01:44:40.680721] [D] [SingleNodeWorker] [WorkerThread-3] [] [SourceThread.cpp:238] [tryStop] SourceThread 2: source was not stopped during timeout[m
[31m[1m[01:44:40.680802] [E] [SingleNodeWorker] [WorkerThread-3] [] [QueryEngine.cpp:874] [onFailure] Query Failed: cannot format malformed string value; Value '{"ID": 1000', is not a valid value of type: int.
 in Query 27.[m
[31m[1m[01:44:40.681536] [E] [SingleNodeWorker] [WorkerThread-7] [] [Task.cpp:67] [callOnFailure] TaskCallback::callOnFailure[m
[31m[1m[01:44:40.681568] [E] [SingleNodeWorker] [WorkerThread-7] [] [QueryEngine.cpp:874] [onFailure] Query Failed: cannot format malformed string value; Value '{"ID": 2624', is not a valid value of type: int.
 in Query 27.[m
[31m[1m[01:44:40.683329] [E] [SingleNodeWorker] [WorkerThread-27] [Task:27-80] [SpanningTupleBufferState.cpp:201] [validateFinalState] Buffer at index 2 does still claim to own leading buffer[m
[31m[1m[01:44:40.683438] [E] [SingleNodeWorker] [WorkerThread-27] [Task:27-80] [SpanningTupleBufferState.cpp:206] [validateFinalState] Buffer at index 2 still owns a trailing buffer reference[m
[31m[1m[01:44:40.683498] [E] [SingleNodeWorker] [WorkerThread-27] [Task:27-80] [SpanningTupleBufferState.cpp:186] [validateFinalState] Buffer at index 3 does still claim to own leading buffer[m
[31m[1m[01:44:40.683553] [E] [SingleNodeWorker] [WorkerThread-27] [Task:27-80] [SpanningTupleBufferState.cpp:191] [validateFinalState] Buffer at index 3 still owns a leading buffer reference[m
[31m[1m[01:44:40.683974] [E] [SingleNodeWorker] [WorkerThread-27] [Task:27-80] [SequenceShredder.cpp:59] [~SequenceShredder] Failed to validate SequenceShredder[m
[31m[1m[01:44:40.696196] [E] [SingleNodeWorker] [WorkerThread-27] [] [Task.cpp:67] [callOnFailure] TaskCallback::callOnFailure[m
[31m[1m[01:44:40.696237] [E] [SingleNodeWorker] [WorkerThread-27] [] [QueryEngine.cpp:93] [operator()] Query Failure could not be reported as query has already been terminated. Original Error: cannot format malformed string value; Value '{"ID": 1812', is not a valid value of type: int.
[m
[33m[1m[01:44:42.465758] [W] [Not A Worker] [unnamed] [] [SinkDescriptor.cpp:64] [getFormatType] Sinks of the type Void do not have an INPUT_FORMAT parameter.[m
[36m[01:44:42.465979] [D] [Not A Worker] [unnamed] [] [BufferManager.cpp:110] [initialize] NES memory allocation requires 1 out of 540577120256 (so 1.8498748143954595e-10%) available bytes[m
[36m[01:44:42.466039] [D] [Not A Worker] [unnamed] [] [BufferManager.cpp:160] [initialize] BufferManager configuration bufferSize=1 numOfBuffers=1[m
[36m[01:44:42.466511] [D] [Not A Worker] [unnamed] [] [PipeliningPhase.cpp:365] [apply] Constructed pipeline plan with 1 root pipelines.
PipelinedQueryPlan for Query: 28
Number of root pipelines: 1
------------------
Root Pipeline 0:
  Pipeline(ID(82), Provider(COMPILER))
  Operator chain:
    PhysicalOperator(NES::SourcePhysicalOperator)
  Successor Pipeline:
    Pipeline(ID(83), Provider(None))
      Operator chain:
        PhysicalOperator(NES::ScanPhysicalOperator)
          PhysicalOperator(NES::EmitPhysicalOperator)
      Successor Pipeline:
        Pipeline(ID(84), Provider(None))
          Operator chain:
            PhysicalOperator(NES::SinkPhysicalOperator)

[m
[32m[01:44:42.466822] [I] [Not A Worker] [unnamed] [] [NodeEngine.cpp:55] [registerQuery] Register 28[m
[36m[01:44:42.470004] [D] [Not A Worker] [unnamed] [] [SinkProvider.cpp:30] [lower] The sinkDescriptor is: SinkDescriptor: (name: variant("PERSON_SINK"), type: Void, Config: )[m
[36m[01:44:42.470623] [D] [SingleNodeWorker] [WorkerThread-40] [Task:28-84] [VoidSink.cpp:37] [start] Setting up void sink: VoidSink[m
[36m[01:44:42.587661] [D] [SingleNodeWorker] [WorkerThread-42] [] [SourceThread.cpp:184] [start] Starting source with originId: 2[m
[36m[01:44:42.591253] [D] [SingleNodeWorker] [WorkerThread-31] [Task:28-83] [BufferManager.cpp:65] [~BufferManager] Calling BufferManager::destroy()[m
[36m[01:44:42.591341] [D] [SingleNodeWorker] [WorkerThread-31] [Task:28-83] [BufferManager.cpp:93] [~BufferManager] Shutting down Buffer Manager completed[m
[31m[1m[01:44:42.591585] [E] [SingleNodeWorker] [WorkerThread-42] [] [Task.cpp:67] [callOnFailure] TaskCallback::callOnFailure[m
[36m[01:44:42.591657] [D] [SingleNodeWorker] [WorkerThread-42] [] [SourceThread.cpp:230] [tryStop] SourceThread 2: attempting to stop source[m
[36m[01:44:42.591672] [D] [SingleNodeWorker] [WorkerThread-42] [] [SourceThread.cpp:238] [tryStop] SourceThread 2: source was not stopped during timeout[m
[31m[1m[01:44:42.591917] [E] [SingleNodeWorker] [WorkerThread-31] [] [Task.cpp:67] [callOnFailure] TaskCallback::callOnFailure[m
[31m[1m[01:44:42.592026] [E] [SingleNodeWorker] [WorkerThread-31] [] [QueryEngine.cpp:874] [onFailure] Query Failed: cannot format malformed string value; Value '{"ID": 1000', is not a valid value of type: int.
 in Query 28.[m
[31m[1m[01:44:42.592217] [E] [SingleNodeWorker] [WorkerThread-42] [] [QueryEngine.cpp:874] [onFailure] Query Failed: cannot format malformed string value; Value '{"ID": 3435', is not a valid value of type: int.
 in Query 28.[m
[31m[1m[01:44:42.592835] [E] [SingleNodeWorker] [WorkerThread-26] [] [Task.cpp:67] [callOnFailure] TaskCallback::callOnFailure[m
[31m[1m[01:44:42.592994] [E] [SingleNodeWorker] [WorkerThread-26] [] [QueryEngine.cpp:874] [onFailure] Query Failed: cannot format malformed string value; Value '{"ID": 1812', is not a valid value of type: int.
 in Query 28.[m
[31m[1m[01:44:42.593313] [E] [SingleNodeWorker] [WorkerThread-35] [] [Task.cpp:67] [callOnFailure] TaskCallback::callOnFailure[m
[31m[1m[01:44:42.593433] [E] [SingleNodeWorker] [WorkerThread-35] [] [QueryEngine.cpp:874] [onFailure] Query Failed: cannot format malformed string value; Value '{"ID": 2623', is not a valid value of type: int.
 in Query 28.[m
[31m[1m[01:44:42.594076] [E] [SingleNodeWorker] [WorkerThread-57] [] [Task.cpp:67] [callOnFailure] TaskCallback::callOnFailure[m
[31m[1m[01:44:42.594191] [E] [SingleNodeWorker] [WorkerThread-57] [] [QueryEngine.cpp:874] [onFailure] Query Failed: cannot format malformed string value; Value '{"ID": 4246', is not a valid value of type: int.
 in Query 28.[m
[31m[1m[01:44:42.594697] [E] [SingleNodeWorker] [WorkerThread-41] [Task:28-83] [SpanningTupleBufferState.cpp:201] [validateFinalState] Buffer at index 3 does still claim to own leading buffer[m
[31m[1m[01:44:42.594795] [E] [SingleNodeWorker] [WorkerThread-41] [Task:28-83] [SpanningTupleBufferState.cpp:206] [validateFinalState] Buffer at index 3 still owns a trailing buffer reference[m
[31m[1m[01:44:42.594844] [E] [SingleNodeWorker] [WorkerThread-41] [Task:28-83] [SpanningTupleBufferState.cpp:186] [validateFinalState] Buffer at index 4 does still claim to own leading buffer[m
[31m[1m[01:44:42.594891] [E] [SingleNodeWorker] [WorkerThread-41] [Task:28-83] [SpanningTupleBufferState.cpp:191] [validateFinalState] Buffer at index 4 still owns a leading buffer reference[m
[31m[1m[01:44:42.595316] [E] [SingleNodeWorker] [WorkerThread-41] [Task:28-83] [SequenceShredder.cpp:59] [~SequenceShredder] Failed to validate SequenceShredder[m
[31m[1m[01:44:42.605628] [E] [SingleNodeWorker] [WorkerThread-41] [] [Task.cpp:67] [callOnFailure] TaskCallback::callOnFailure[m
[31m[1m[01:44:42.605669] [E] [SingleNodeWorker] [WorkerThread-41] [] [QueryEngine.cpp:93] [operator()] Query Failure could not be reported as query has already been terminated. Original Error: cannot format malformed string value; Value '{"ID": 5061', is not a valid value of type: int.
[m
[33m[1m[01:44:44.606204] [W] [Not A Worker] [unnamed] [] [SinkDescriptor.cpp:64] [getFormatType] Sinks of the type Void do not have an INPUT_FORMAT parameter.[m
[36m[01:44:44.606427] [D] [Not A Worker] [unnamed] [] [BufferManager.cpp:110] [initialize] NES memory allocation requires 1 out of 540577120256 (so 1.8498748143954595e-10%) available bytes[m
[36m[01:44:44.606488] [D] [Not A Worker] [unnamed] [] [BufferManager.cpp:160] [initialize] BufferManager configuration bufferSize=1 numOfBuffers=1[m
[36m[01:44:44.606992] [D] [Not A Worker] [unnamed] [] [PipeliningPhase.cpp:365] [apply] Constructed pipeline plan with 1 root pipelines.
PipelinedQueryPlan for Query: 29
Number of root pipelines: 1
------------------
Root Pipeline 0:
  Pipeline(ID(85), Provider(COMPILER))
  Operator chain:
    PhysicalOperator(NES::SourcePhysicalOperator)
  Successor Pipeline:
    Pipeline(ID(86), Provider(None))
      Operator chain:
        PhysicalOperator(NES::ScanPhysicalOperator)
          PhysicalOperator(NES::EmitPhysicalOperator)
      Successor Pipeline:
        Pipeline(ID(87), Provider(None))
          Operator chain:
            PhysicalOperator(NES::SinkPhysicalOperator)

[m
[32m[01:44:44.607300] [I] [Not A Worker] [unnamed] [] [NodeEngine.cpp:55] [registerQuery] Register 29[m
[36m[01:44:44.610335] [D] [Not A Worker] [unnamed] [] [SinkProvider.cpp:30] [lower] The sinkDescriptor is: SinkDescriptor: (name: variant("PERSON_SINK"), type: Void, Config: )[m
[36m[01:44:44.611322] [D] [SingleNodeWorker] [WorkerThread-41] [Task:29-87] [VoidSink.cpp:37] [start] Setting up void sink: VoidSink[m
[36m[01:44:44.723047] [D] [SingleNodeWorker] [WorkerThread-41] [] [SourceThread.cpp:184] [start] Starting source with originId: 2[m
[36m[01:44:44.724740] [D] [SingleNodeWorker] [WorkerThread-41] [Task:29-86] [BufferManager.cpp:65] [~BufferManager] Calling BufferManager::destroy()[m
[36m[01:44:44.724764] [D] [SingleNodeWorker] [WorkerThread-41] [Task:29-86] [BufferManager.cpp:93] [~BufferManager] Shutting down Buffer Manager completed[m
[31m[1m[01:44:44.724922] [E] [SingleNodeWorker] [WorkerThread-41] [] [Task.cpp:67] [callOnFailure] TaskCallback::callOnFailure[m
[36m[01:44:44.724989] [D] [SingleNodeWorker] [WorkerThread-41] [] [SourceThread.cpp:230] [tryStop] SourceThread 2: attempting to stop source[m
[36m[01:44:44.725003] [D] [SingleNodeWorker] [WorkerThread-41] [] [SourceThread.cpp:238] [tryStop] SourceThread 2: source was not stopped during timeout[m
[31m[1m[01:44:44.725161] [E] [SingleNodeWorker] [WorkerThread-41] [] [QueryEngine.cpp:874] [onFailure] Query Failed: cannot format malformed string value; Value '{"ID": 1000', is not a valid value of type: int.
 in Query 29.[m
[32m[01:44:44.728046] [I] [SingleNodeWorker] [WorkerThread-35] [Task:29-86] [SequenceShredder.cpp:55] [~SequenceShredder] Successfully validated SequenceShredder[m
[31m[1m[01:44:44.737469] [E] [SingleNodeWorker] [WorkerThread-35] [] [Task.cpp:67] [callOnFailure] TaskCallback::callOnFailure[m
[31m[1m[01:44:44.737528] [E] [SingleNodeWorker] [WorkerThread-35] [] [QueryEngine.cpp:93] [operator()] Query Failure could not be reported as query has already been terminated. Original Error: cannot format malformed string value; Value '{"ID": 1812', is not a valid value of type: int.
[m
[33m[1m[01:44:46.727181] [W] [Not A Worker] [unnamed] [] [SinkDescriptor.cpp:64] [getFormatType] Sinks of the type Void do not have an INPUT_FORMAT parameter.[m
[36m[01:44:46.727405] [D] [Not A Worker] [unnamed] [] [BufferManager.cpp:110] [initialize] NES memory allocation requires 1 out of 540577120256 (so 1.8498748143954595e-10%) available bytes[m
[36m[01:44:46.727465] [D] [Not A Worker] [unnamed] [] [BufferManager.cpp:160] [initialize] BufferManager configuration bufferSize=1 numOfBuffers=1[m
[36m[01:44:46.727944] [D] [Not A Worker] [unnamed] [] [PipeliningPhase.cpp:365] [apply] Constructed pipeline plan with 1 root pipelines.
PipelinedQueryPlan for Query: 30
Number of root pipelines: 1
------------------
Root Pipeline 0:
  Pipeline(ID(88), Provider(COMPILER))
  Operator chain:
    PhysicalOperator(NES::SourcePhysicalOperator)
  Successor Pipeline:
    Pipeline(ID(89), Provider(None))
      Operator chain:
        PhysicalOperator(NES::ScanPhysicalOperator)
          PhysicalOperator(NES::EmitPhysicalOperator)
      Successor Pipeline:
        Pipeline(ID(90), Provider(None))
          Operator chain:
            PhysicalOperator(NES::SinkPhysicalOperator)

[m
[32m[01:44:46.728250] [I] [Not A Worker] [unnamed] [] [NodeEngine.cpp:55] [registerQuery] Register 30[m
[36m[01:44:46.731450] [D] [Not A Worker] [unnamed] [] [SinkProvider.cpp:30] [lower] The sinkDescriptor is: SinkDescriptor: (name: variant("PERSON_SINK"), type: Void, Config: )[m
[36m[01:44:46.731870] [D] [SingleNodeWorker] [WorkerThread-46] [Task:30-90] [VoidSink.cpp:37] [start] Setting up void sink: VoidSink[m
[36m[01:44:46.837394] [D] [SingleNodeWorker] [WorkerThread-38] [] [SourceThread.cpp:184] [start] Starting source with originId: 2[m
[36m[01:44:46.840971] [D] [SingleNodeWorker] [WorkerThread-5] [Task:30-89] [BufferManager.cpp:65] [~BufferManager] Calling BufferManager::destroy()[m
[36m[01:44:46.841064] [D] [SingleNodeWorker] [WorkerThread-5] [Task:30-89] [BufferManager.cpp:93] [~BufferManager] Shutting down Buffer Manager completed[m
[31m[1m[01:44:46.841570] [E] [SingleNodeWorker] [WorkerThread-5] [] [Task.cpp:67] [callOnFailure] TaskCallback::callOnFailure[m
[36m[01:44:46.841747] [D] [SingleNodeWorker] [WorkerThread-5] [] [SourceThread.cpp:230] [tryStop] SourceThread 2: attempting to stop source[m
[36m[01:44:46.841793] [D] [SingleNodeWorker] [WorkerThread-5] [] [SourceThread.cpp:238] [tryStop] SourceThread 2: source was not stopped during timeout[m
[31m[1m[01:44:46.842291] [E] [SingleNodeWorker] [WorkerThread-13] [] [Task.cpp:67] [callOnFailure] TaskCallback::callOnFailure[m
[31m[1m[01:44:46.842394] [E] [SingleNodeWorker] [WorkerThread-5] [] [QueryEngine.cpp:874] [onFailure] Query Failed: cannot format malformed string value; Value '{"ID": 1000', is not a valid value of type: int.
 in Query 30.[m
[31m[1m[01:44:46.842413] [E] [SingleNodeWorker] [WorkerThread-13] [] [QueryEngine.cpp:874] [onFailure] Query Failed: cannot format malformed string value; Value '{"ID": 1812', is not a valid value of type: int.
 in Query 30.[m
[31m[1m[01:44:46.842887] [E] [SingleNodeWorker] [WorkerThread-63] [] [Task.cpp:67] [callOnFailure] TaskCallback::callOnFailure[m
[31m[1m[01:44:46.843041] [E] [SingleNodeWorker] [WorkerThread-63] [] [QueryEngine.cpp:874] [onFailure] Query Failed: cannot format malformed string value; Value '{"ID": 2623', is not a valid value of type: int.
 in Query 30.[m
[31m[1m[01:44:46.843507] [E] [SingleNodeWorker] [WorkerThread-9] [] [Task.cpp:67] [callOnFailure] TaskCallback::callOnFailure[m
[31m[1m[01:44:46.843621] [E] [SingleNodeWorker] [WorkerThread-9] [] [QueryEngine.cpp:874] [onFailure] Query Failed: cannot format malformed string value; Value '{"ID": 3434', is not a valid value of type: int.
 in Query 30.[m
[31m[1m[01:44:46.844402] [E] [SingleNodeWorker] [WorkerThread-49] [] [Task.cpp:67] [callOnFailure] TaskCallback::callOnFailure[m
[31m[1m[01:44:46.844517] [E] [SingleNodeWorker] [WorkerThread-49] [] [QueryEngine.cpp:874] [onFailure] Query Failed: cannot format malformed string value; Value '{"ID": 4246', is not a valid value of type: int.
 in Query 30.[m
[32m[01:44:46.845189] [I] [SingleNodeWorker] [WorkerThread-44] [Task:30-89] [SequenceShredder.cpp:55] [~SequenceShredder] Successfully validated SequenceShredder[m
[31m[1m[01:44:46.854975] [E] [SingleNodeWorker] [WorkerThread-44] [] [Task.cpp:67] [callOnFailure] TaskCallback::callOnFailure[m
[31m[1m[01:44:46.855019] [E] [SingleNodeWorker] [WorkerThread-44] [] [QueryEngine.cpp:93] [operator()] Query Failure could not be reported as query has already been terminated. Original Error: cannot format malformed string value; Value '{"ID": 5061', is not a valid value of type: int.
[m
