[36m[01:39:10.218470] [D] [Not A Worker] [unnamed] [] [BufferManager.cpp:110] [initialize] NES memory allocation requires 8589934592 out of 540577120256 (so 1.5890303659045137%) available bytes[m
[36m[01:39:10.308972] [D] [Not A Worker] [unnamed] [] [BufferManager.cpp:160] [initialize] BufferManager configuration bufferSize=262144 numOfBuffers=32768[m
[32m[01:39:10.317703] [I] [Not A Worker] [unnamed] [] [SingleNodeWorkerStarter.cpp:85] [main] Server listening on worker-max:8080[m
[36m[01:39:12.727845] [D] [Not A Worker] [unnamed] [] [BufferManager.cpp:110] [initialize] NES memory allocation requires 1 out of 540577120256 (so 1.8498748143954595e-10%) available bytes[m
[36m[01:39:12.727950] [D] [Not A Worker] [unnamed] [] [BufferManager.cpp:160] [initialize] BufferManager configuration bufferSize=1 numOfBuffers=1[m
[36m[01:39:12.729349] [D] [Not A Worker] [unnamed] [] [PipeliningPhase.cpp:365] [apply] Constructed pipeline plan with 1 root pipelines.
PipelinedQueryPlan for Query: 1
Number of root pipelines: 1
------------------
Root Pipeline 0:
  Pipeline(ID(1), Provider(COMPILER))
  Operator chain:
    PhysicalOperator(NES::SourcePhysicalOperator)
  Successor Pipeline:
    Pipeline(ID(2), Provider(None))
      Operator chain:
        PhysicalOperator(NES::ScanPhysicalOperator)
          PhysicalOperator(NES::MapPhysicalOperator)
            PhysicalOperator(NES::EmitPhysicalOperator)
      Successor Pipeline:
        Pipeline(ID(3), Provider(None))
          Operator chain:
            PhysicalOperator(NES::SinkPhysicalOperator)

[m
[32m[01:39:12.729898] [I] [Not A Worker] [unnamed] [] [NodeEngine.cpp:55] [registerQuery] Register 1[m
[36m[01:39:12.733339] [D] [Not A Worker] [unnamed] [] [SinkProvider.cpp:30] [lower] The sinkDescriptor is: SinkDescriptor: (name: variant("EXTRA_SINK"), type: Void, Config: )[m
[36m[01:39:12.738175] [D] [SingleNodeWorker] [WorkerThread-5] [Task:1-3] [VoidSink.cpp:37] [start] Setting up void sink: VoidSink[m
[36m[01:39:12.834484] [D] [SingleNodeWorker] [WorkerThread-5] [] [SourceThread.cpp:184] [start] Starting source with originId: 2[m
[36m[01:39:12.836642] [D] [SingleNodeWorker] [WorkerThread-5] [Task:1-2] [BufferManager.cpp:65] [~BufferManager] Calling BufferManager::destroy()[m
[36m[01:39:12.836665] [D] [SingleNodeWorker] [WorkerThread-5] [Task:1-2] [BufferManager.cpp:93] [~BufferManager] Shutting down Buffer Manager completed[m
[31m[1m[01:39:12.836901] [E] [SingleNodeWorker] [WorkerThread-5] [] [Task.cpp:67] [callOnFailure] TaskCallback::callOnFailure[m
[36m[01:39:12.836951] [D] [SingleNodeWorker] [WorkerThread-5] [] [SourceThread.cpp:230] [tryStop] SourceThread 2: attempting to stop source[m
[36m[01:39:12.836964] [D] [SingleNodeWorker] [WorkerThread-5] [] [SourceThread.cpp:238] [tryStop] SourceThread 2: source was not stopped during timeout[m
[31m[1m[01:39:12.837463] [E] [SingleNodeWorker] [WorkerThread-5] [] [QueryEngine.cpp:874] [onFailure] Query Failed: cannot format malformed string value; Value '{"ID": 1000', is not a valid value of type: int.
 in Query 1.[m
[31m[1m[01:39:12.839561] [E] [SingleNodeWorker] [WorkerThread-2] [] [Task.cpp:67] [callOnFailure] TaskCallback::callOnFailure[m
[31m[1m[01:39:12.839688] [E] [SingleNodeWorker] [WorkerThread-2] [] [QueryEngine.cpp:874] [onFailure] Query Failed: cannot format malformed string value; Value '{"ID": 1812', is not a valid value of type: int.
 in Query 1.[m
[32m[01:39:12.840795] [I] [SingleNodeWorker] [WorkerThread-4] [Task:1-2] [SequenceShredder.cpp:55] [~SequenceShredder] Successfully validated SequenceShredder[m
[31m[1m[01:39:12.850793] [E] [SingleNodeWorker] [WorkerThread-4] [] [Task.cpp:67] [callOnFailure] TaskCallback::callOnFailure[m
[31m[1m[01:39:12.850840] [E] [SingleNodeWorker] [WorkerThread-4] [] [QueryEngine.cpp:93] [operator()] Query Failure could not be reported as query has already been terminated. Original Error: cannot format malformed string value; Value '{"ID": 2623', is not a valid value of type: int.
[m
[36m[01:39:18.166161] [D] [Not A Worker] [unnamed] [] [BufferManager.cpp:110] [initialize] NES memory allocation requires 1 out of 540577120256 (so 1.8498748143954595e-10%) available bytes[m
[36m[01:39:18.166216] [D] [Not A Worker] [unnamed] [] [BufferManager.cpp:160] [initialize] BufferManager configuration bufferSize=1 numOfBuffers=1[m
[36m[01:39:18.166758] [D] [Not A Worker] [unnamed] [] [PipeliningPhase.cpp:365] [apply] Constructed pipeline plan with 1 root pipelines.
PipelinedQueryPlan for Query: 2
Number of root pipelines: 1
------------------
Root Pipeline 0:
  Pipeline(ID(4), Provider(COMPILER))
  Operator chain:
    PhysicalOperator(NES::SourcePhysicalOperator)
  Successor Pipeline:
    Pipeline(ID(5), Provider(None))
      Operator chain:
        PhysicalOperator(NES::ScanPhysicalOperator)
          PhysicalOperator(NES::MapPhysicalOperator)
            PhysicalOperator(NES::EmitPhysicalOperator)
      Successor Pipeline:
        Pipeline(ID(6), Provider(None))
          Operator chain:
            PhysicalOperator(NES::SinkPhysicalOperator)

[m
[32m[01:39:18.166879] [I] [Not A Worker] [unnamed] [] [NodeEngine.cpp:55] [registerQuery] Register 2[m
[36m[01:39:18.169535] [D] [Not A Worker] [unnamed] [] [SinkProvider.cpp:30] [lower] The sinkDescriptor is: SinkDescriptor: (name: variant("EXTRA_SINK"), type: Void, Config: )[m
[36m[01:39:18.170974] [D] [SingleNodeWorker] [WorkerThread-0] [Task:2-6] [VoidSink.cpp:37] [start] Setting up void sink: VoidSink[m
[36m[01:39:18.265631] [D] [SingleNodeWorker] [WorkerThread-0] [] [SourceThread.cpp:184] [start] Starting source with originId: 2[m
[36m[01:39:18.267769] [D] [SingleNodeWorker] [WorkerThread-0] [Task:2-5] [BufferManager.cpp:65] [~BufferManager] Calling BufferManager::destroy()[m
[36m[01:39:18.267795] [D] [SingleNodeWorker] [WorkerThread-0] [Task:2-5] [BufferManager.cpp:93] [~BufferManager] Shutting down Buffer Manager completed[m
[31m[1m[01:39:18.267966] [E] [SingleNodeWorker] [WorkerThread-0] [] [Task.cpp:67] [callOnFailure] TaskCallback::callOnFailure[m
[36m[01:39:18.268015] [D] [SingleNodeWorker] [WorkerThread-0] [] [SourceThread.cpp:230] [tryStop] SourceThread 2: attempting to stop source[m
[36m[01:39:18.268027] [D] [SingleNodeWorker] [WorkerThread-0] [] [SourceThread.cpp:238] [tryStop] SourceThread 2: source was not stopped during timeout[m
[31m[1m[01:39:18.268453] [E] [SingleNodeWorker] [WorkerThread-0] [] [QueryEngine.cpp:874] [onFailure] Query Failed: cannot format malformed string value; Value '{"ID": 1000', is not a valid value of type: int.
 in Query 2.[m
[32m[01:39:18.268606] [I] [SingleNodeWorker] [WorkerThread-0] [] [SequenceShredder.cpp:55] [~SequenceShredder] Successfully validated SequenceShredder[m
[36m[01:39:19.997567] [D] [Not A Worker] [unnamed] [] [BufferManager.cpp:110] [initialize] NES memory allocation requires 1 out of 540577120256 (so 1.8498748143954595e-10%) available bytes[m
[36m[01:39:19.997672] [D] [Not A Worker] [unnamed] [] [BufferManager.cpp:160] [initialize] BufferManager configuration bufferSize=1 numOfBuffers=1[m
[36m[01:39:19.999137] [D] [Not A Worker] [unnamed] [] [PipeliningPhase.cpp:365] [apply] Constructed pipeline plan with 1 root pipelines.
PipelinedQueryPlan for Query: 3
Number of root pipelines: 1
------------------
Root Pipeline 0:
  Pipeline(ID(7), Provider(COMPILER))
  Operator chain:
    PhysicalOperator(NES::SourcePhysicalOperator)
  Successor Pipeline:
    Pipeline(ID(8), Provider(None))
      Operator chain:
        PhysicalOperator(NES::ScanPhysicalOperator)
          PhysicalOperator(NES::MapPhysicalOperator)
            PhysicalOperator(NES::EmitPhysicalOperator)
      Successor Pipeline:
        Pipeline(ID(9), Provider(None))
          Operator chain:
            PhysicalOperator(NES::SinkPhysicalOperator)

[m
[32m[01:39:19.999457] [I] [Not A Worker] [unnamed] [] [NodeEngine.cpp:55] [registerQuery] Register 3[m
[36m[01:39:20.002488] [D] [Not A Worker] [unnamed] [] [SinkProvider.cpp:30] [lower] The sinkDescriptor is: SinkDescriptor: (name: variant("EXTRA_SINK"), type: Void, Config: )[m
[36m[01:39:20.006828] [D] [SingleNodeWorker] [WorkerThread-0] [Task:3-9] [VoidSink.cpp:37] [start] Setting up void sink: VoidSink[m
[36m[01:39:20.101549] [D] [SingleNodeWorker] [WorkerThread-0] [] [SourceThread.cpp:184] [start] Starting source with originId: 2[m
[36m[01:39:20.103276] [D] [SingleNodeWorker] [WorkerThread-0] [Task:3-8] [BufferManager.cpp:65] [~BufferManager] Calling BufferManager::destroy()[m
[36m[01:39:20.103301] [D] [SingleNodeWorker] [WorkerThread-0] [Task:3-8] [BufferManager.cpp:93] [~BufferManager] Shutting down Buffer Manager completed[m
[31m[1m[01:39:20.103467] [E] [SingleNodeWorker] [WorkerThread-0] [] [Task.cpp:67] [callOnFailure] TaskCallback::callOnFailure[m
[36m[01:39:20.103536] [D] [SingleNodeWorker] [WorkerThread-0] [] [SourceThread.cpp:230] [tryStop] SourceThread 2: attempting to stop source[m
[36m[01:39:20.103550] [D] [SingleNodeWorker] [WorkerThread-0] [] [SourceThread.cpp:238] [tryStop] SourceThread 2: source was not stopped during timeout[m
[31m[1m[01:39:20.103691] [E] [SingleNodeWorker] [WorkerThread-0] [] [QueryEngine.cpp:874] [onFailure] Query Failed: cannot format malformed string value; Value '{"ID": 1000', is not a valid value of type: int.
 in Query 3.[m
[32m[01:39:20.103857] [I] [SingleNodeWorker] [WorkerThread-0] [] [SequenceShredder.cpp:55] [~SequenceShredder] Successfully validated SequenceShredder[m
[36m[01:39:21.890304] [D] [Not A Worker] [unnamed] [] [BufferManager.cpp:110] [initialize] NES memory allocation requires 1 out of 540577120256 (so 1.8498748143954595e-10%) available bytes[m
[36m[01:39:21.890407] [D] [Not A Worker] [unnamed] [] [BufferManager.cpp:160] [initialize] BufferManager configuration bufferSize=1 numOfBuffers=1[m
[36m[01:39:21.891857] [D] [Not A Worker] [unnamed] [] [PipeliningPhase.cpp:365] [apply] Constructed pipeline plan with 1 root pipelines.
PipelinedQueryPlan for Query: 4
Number of root pipelines: 1
------------------
Root Pipeline 0:
  Pipeline(ID(10), Provider(COMPILER))
  Operator chain:
    PhysicalOperator(NES::SourcePhysicalOperator)
  Successor Pipeline:
    Pipeline(ID(11), Provider(None))
      Operator chain:
        PhysicalOperator(NES::ScanPhysicalOperator)
          PhysicalOperator(NES::MapPhysicalOperator)
            PhysicalOperator(NES::EmitPhysicalOperator)
      Successor Pipeline:
        Pipeline(ID(12), Provider(None))
          Operator chain:
            PhysicalOperator(NES::SinkPhysicalOperator)

[m
[32m[01:39:21.892182] [I] [Not A Worker] [unnamed] [] [NodeEngine.cpp:55] [registerQuery] Register 4[m
[36m[01:39:21.896508] [D] [Not A Worker] [unnamed] [] [SinkProvider.cpp:30] [lower] The sinkDescriptor is: SinkDescriptor: (name: variant("EXTRA_SINK"), type: Void, Config: )[m
[36m[01:39:21.897356] [D] [SingleNodeWorker] [WorkerThread-4] [Task:4-12] [VoidSink.cpp:37] [start] Setting up void sink: VoidSink[m
[36m[01:39:21.992970] [D] [SingleNodeWorker] [WorkerThread-4] [] [SourceThread.cpp:184] [start] Starting source with originId: 2[m
[36m[01:39:21.995095] [D] [SingleNodeWorker] [WorkerThread-4] [Task:4-11] [BufferManager.cpp:65] [~BufferManager] Calling BufferManager::destroy()[m
[36m[01:39:21.995124] [D] [SingleNodeWorker] [WorkerThread-4] [Task:4-11] [BufferManager.cpp:93] [~BufferManager] Shutting down Buffer Manager completed[m
[31m[1m[01:39:21.995323] [E] [SingleNodeWorker] [WorkerThread-4] [] [Task.cpp:67] [callOnFailure] TaskCallback::callOnFailure[m
[36m[01:39:21.995373] [D] [SingleNodeWorker] [WorkerThread-4] [] [SourceThread.cpp:230] [tryStop] SourceThread 2: attempting to stop source[m
[36m[01:39:21.995387] [D] [SingleNodeWorker] [WorkerThread-4] [] [SourceThread.cpp:238] [tryStop] SourceThread 2: source was not stopped during timeout[m
[31m[1m[01:39:21.995802] [E] [SingleNodeWorker] [WorkerThread-4] [] [QueryEngine.cpp:874] [onFailure] Query Failed: cannot format malformed string value; Value '{"ID": 1000', is not a valid value of type: int.
 in Query 4.[m
[31m[1m[01:39:21.996695] [E] [SingleNodeWorker] [WorkerThread-4] [] [Task.cpp:67] [callOnFailure] TaskCallback::callOnFailure[m
[31m[1m[01:39:21.996723] [E] [SingleNodeWorker] [WorkerThread-4] [] [QueryEngine.cpp:874] [onFailure] Query Failed: cannot format malformed string value; Value '{"ID": 2624', is not a valid value of type: int.
 in Query 4.[m
[31m[1m[01:39:21.997981] [E] [SingleNodeWorker] [WorkerThread-3] [Task:4-11] [SpanningTupleBufferState.cpp:201] [validateFinalState] Buffer at index 2 does still claim to own leading buffer[m
[31m[1m[01:39:21.998107] [E] [SingleNodeWorker] [WorkerThread-3] [Task:4-11] [SpanningTupleBufferState.cpp:206] [validateFinalState] Buffer at index 2 still owns a trailing buffer reference[m
[31m[1m[01:39:21.998161] [E] [SingleNodeWorker] [WorkerThread-3] [Task:4-11] [SpanningTupleBufferState.cpp:186] [validateFinalState] Buffer at index 3 does still claim to own leading buffer[m
[31m[1m[01:39:21.998239] [E] [SingleNodeWorker] [WorkerThread-3] [Task:4-11] [SpanningTupleBufferState.cpp:191] [validateFinalState] Buffer at index 3 still owns a leading buffer reference[m
[31m[1m[01:39:21.998643] [E] [SingleNodeWorker] [WorkerThread-3] [Task:4-11] [SequenceShredder.cpp:59] [~SequenceShredder] Failed to validate SequenceShredder[m
[31m[1m[01:39:22.008360] [E] [SingleNodeWorker] [WorkerThread-3] [] [Task.cpp:67] [callOnFailure] TaskCallback::callOnFailure[m
[31m[1m[01:39:22.008407] [E] [SingleNodeWorker] [WorkerThread-3] [] [QueryEngine.cpp:93] [operator()] Query Failure could not be reported as query has already been terminated. Original Error: cannot format malformed string value; Value '{"ID": 1812', is not a valid value of type: int.
[m
[36m[01:39:23.881491] [D] [Not A Worker] [unnamed] [] [BufferManager.cpp:110] [initialize] NES memory allocation requires 1 out of 540577120256 (so 1.8498748143954595e-10%) available bytes[m
[36m[01:39:23.881597] [D] [Not A Worker] [unnamed] [] [BufferManager.cpp:160] [initialize] BufferManager configuration bufferSize=1 numOfBuffers=1[m
[36m[01:39:23.883044] [D] [Not A Worker] [unnamed] [] [PipeliningPhase.cpp:365] [apply] Constructed pipeline plan with 1 root pipelines.
PipelinedQueryPlan for Query: 5
Number of root pipelines: 1
------------------
Root Pipeline 0:
  Pipeline(ID(13), Provider(COMPILER))
  Operator chain:
    PhysicalOperator(NES::SourcePhysicalOperator)
  Successor Pipeline:
    Pipeline(ID(14), Provider(None))
      Operator chain:
        PhysicalOperator(NES::ScanPhysicalOperator)
          PhysicalOperator(NES::MapPhysicalOperator)
            PhysicalOperator(NES::EmitPhysicalOperator)
      Successor Pipeline:
        Pipeline(ID(15), Provider(None))
          Operator chain:
            PhysicalOperator(NES::SinkPhysicalOperator)

[m
[32m[01:39:23.883347] [I] [Not A Worker] [unnamed] [] [NodeEngine.cpp:55] [registerQuery] Register 5[m
[36m[01:39:23.886793] [D] [Not A Worker] [unnamed] [] [SinkProvider.cpp:30] [lower] The sinkDescriptor is: SinkDescriptor: (name: variant("EXTRA_SINK"), type: Void, Config: )[m
[36m[01:39:23.887235] [D] [SingleNodeWorker] [WorkerThread-0] [Task:5-15] [VoidSink.cpp:37] [start] Setting up void sink: VoidSink[m
[36m[01:39:23.978520] [D] [SingleNodeWorker] [WorkerThread-0] [] [SourceThread.cpp:184] [start] Starting source with originId: 2[m
[36m[01:39:23.980243] [D] [SingleNodeWorker] [WorkerThread-0] [Task:5-14] [BufferManager.cpp:65] [~BufferManager] Calling BufferManager::destroy()[m
[36m[01:39:23.980268] [D] [SingleNodeWorker] [WorkerThread-0] [Task:5-14] [BufferManager.cpp:93] [~BufferManager] Shutting down Buffer Manager completed[m
[31m[1m[01:39:23.980426] [E] [SingleNodeWorker] [WorkerThread-0] [] [Task.cpp:67] [callOnFailure] TaskCallback::callOnFailure[m
[36m[01:39:23.980473] [D] [SingleNodeWorker] [WorkerThread-0] [] [SourceThread.cpp:230] [tryStop] SourceThread 2: attempting to stop source[m
[36m[01:39:23.980487] [D] [SingleNodeWorker] [WorkerThread-0] [] [SourceThread.cpp:238] [tryStop] SourceThread 2: source was not stopped during timeout[m
[31m[1m[01:39:23.980713] [E] [SingleNodeWorker] [WorkerThread-0] [] [QueryEngine.cpp:874] [onFailure] Query Failed: cannot format malformed string value; Value '{"ID": 1000', is not a valid value of type: int.
 in Query 5.[m
[32m[01:39:23.980865] [I] [SingleNodeWorker] [WorkerThread-0] [] [SequenceShredder.cpp:55] [~SequenceShredder] Successfully validated SequenceShredder[m
[36m[01:39:25.865134] [D] [Not A Worker] [unnamed] [] [BufferManager.cpp:110] [initialize] NES memory allocation requires 1 out of 540577120256 (so 1.8498748143954595e-10%) available bytes[m
[36m[01:39:25.865236] [D] [Not A Worker] [unnamed] [] [BufferManager.cpp:160] [initialize] BufferManager configuration bufferSize=1 numOfBuffers=1[m
[36m[01:39:25.866637] [D] [Not A Worker] [unnamed] [] [PipeliningPhase.cpp:365] [apply] Constructed pipeline plan with 1 root pipelines.
PipelinedQueryPlan for Query: 6
Number of root pipelines: 1
------------------
Root Pipeline 0:
  Pipeline(ID(16), Provider(COMPILER))
  Operator chain:
    PhysicalOperator(NES::SourcePhysicalOperator)
  Successor Pipeline:
    Pipeline(ID(17), Provider(None))
      Operator chain:
        PhysicalOperator(NES::ScanPhysicalOperator)
          PhysicalOperator(NES::MapPhysicalOperator)
            PhysicalOperator(NES::EmitPhysicalOperator)
      Successor Pipeline:
        Pipeline(ID(18), Provider(None))
          Operator chain:
            PhysicalOperator(NES::SinkPhysicalOperator)

[m
[32m[01:39:25.866961] [I] [Not A Worker] [unnamed] [] [NodeEngine.cpp:55] [registerQuery] Register 6[m
[36m[01:39:25.870346] [D] [Not A Worker] [unnamed] [] [SinkProvider.cpp:30] [lower] The sinkDescriptor is: SinkDescriptor: (name: variant("EXTRA_SINK"), type: Void, Config: )[m
[36m[01:39:25.872385] [D] [SingleNodeWorker] [WorkerThread-6] [Task:6-18] [VoidSink.cpp:37] [start] Setting up void sink: VoidSink[m
[36m[01:39:25.963447] [D] [SingleNodeWorker] [WorkerThread-6] [] [SourceThread.cpp:184] [start] Starting source with originId: 2[m
[36m[01:39:25.965486] [D] [SingleNodeWorker] [WorkerThread-6] [Task:6-17] [BufferManager.cpp:65] [~BufferManager] Calling BufferManager::destroy()[m
[36m[01:39:25.965509] [D] [SingleNodeWorker] [WorkerThread-6] [Task:6-17] [BufferManager.cpp:93] [~BufferManager] Shutting down Buffer Manager completed[m
[31m[1m[01:39:25.965700] [E] [SingleNodeWorker] [WorkerThread-6] [] [Task.cpp:67] [callOnFailure] TaskCallback::callOnFailure[m
[36m[01:39:25.965778] [D] [SingleNodeWorker] [WorkerThread-6] [] [SourceThread.cpp:230] [tryStop] SourceThread 2: attempting to stop source[m
[36m[01:39:25.965792] [D] [SingleNodeWorker] [WorkerThread-6] [] [SourceThread.cpp:238] [tryStop] SourceThread 2: source was not stopped during timeout[m
[31m[1m[01:39:25.966253] [E] [SingleNodeWorker] [WorkerThread-6] [] [QueryEngine.cpp:874] [onFailure] Query Failed: cannot format malformed string value; Value '{"ID": 1000', is not a valid value of type: int.
 in Query 6.[m
[32m[01:39:25.966407] [I] [SingleNodeWorker] [WorkerThread-6] [] [SequenceShredder.cpp:55] [~SequenceShredder] Successfully validated SequenceShredder[m
[36m[01:39:27.791373] [D] [Not A Worker] [unnamed] [] [BufferManager.cpp:110] [initialize] NES memory allocation requires 1 out of 540577120256 (so 1.8498748143954595e-10%) available bytes[m
[36m[01:39:27.791472] [D] [Not A Worker] [unnamed] [] [BufferManager.cpp:160] [initialize] BufferManager configuration bufferSize=1 numOfBuffers=1[m
[36m[01:39:27.792890] [D] [Not A Worker] [unnamed] [] [PipeliningPhase.cpp:365] [apply] Constructed pipeline plan with 1 root pipelines.
PipelinedQueryPlan for Query: 7
Number of root pipelines: 1
------------------
Root Pipeline 0:
  Pipeline(ID(19), Provider(COMPILER))
  Operator chain:
    PhysicalOperator(NES::SourcePhysicalOperator)
  Successor Pipeline:
    Pipeline(ID(20), Provider(None))
      Operator chain:
        PhysicalOperator(NES::ScanPhysicalOperator)
          PhysicalOperator(NES::MapPhysicalOperator)
            PhysicalOperator(NES::EmitPhysicalOperator)
      Successor Pipeline:
        Pipeline(ID(21), Provider(None))
          Operator chain:
            PhysicalOperator(NES::SinkPhysicalOperator)

[m
[32m[01:39:27.793197] [I] [Not A Worker] [unnamed] [] [NodeEngine.cpp:55] [registerQuery] Register 7[m
[36m[01:39:27.796361] [D] [Not A Worker] [unnamed] [] [SinkProvider.cpp:30] [lower] The sinkDescriptor is: SinkDescriptor: (name: variant("EXTRA_SINK"), type: Void, Config: )[m
[36m[01:39:27.797588] [D] [SingleNodeWorker] [WorkerThread-1] [Task:7-21] [VoidSink.cpp:37] [start] Setting up void sink: VoidSink[m
[36m[01:39:27.891587] [D] [SingleNodeWorker] [WorkerThread-1] [] [SourceThread.cpp:184] [start] Starting source with originId: 2[m
[36m[01:39:27.893185] [D] [SingleNodeWorker] [WorkerThread-1] [Task:7-20] [BufferManager.cpp:65] [~BufferManager] Calling BufferManager::destroy()[m
[36m[01:39:27.893209] [D] [SingleNodeWorker] [WorkerThread-1] [Task:7-20] [BufferManager.cpp:93] [~BufferManager] Shutting down Buffer Manager completed[m
[31m[1m[01:39:27.893382] [E] [SingleNodeWorker] [WorkerThread-1] [] [Task.cpp:67] [callOnFailure] TaskCallback::callOnFailure[m
[36m[01:39:27.893437] [D] [SingleNodeWorker] [WorkerThread-1] [] [SourceThread.cpp:230] [tryStop] SourceThread 2: attempting to stop source[m
[36m[01:39:27.893451] [D] [SingleNodeWorker] [WorkerThread-1] [] [SourceThread.cpp:238] [tryStop] SourceThread 2: source was not stopped during timeout[m
[31m[1m[01:39:27.893700] [E] [SingleNodeWorker] [WorkerThread-1] [] [QueryEngine.cpp:874] [onFailure] Query Failed: cannot format malformed string value; Value '{"ID": 1000', is not a valid value of type: int.
 in Query 7.[m
[32m[01:39:27.893868] [I] [SingleNodeWorker] [WorkerThread-1] [] [SequenceShredder.cpp:55] [~SequenceShredder] Successfully validated SequenceShredder[m
[36m[01:39:29.744856] [D] [Not A Worker] [unnamed] [] [BufferManager.cpp:110] [initialize] NES memory allocation requires 1 out of 540577120256 (so 1.8498748143954595e-10%) available bytes[m
[36m[01:39:29.744959] [D] [Not A Worker] [unnamed] [] [BufferManager.cpp:160] [initialize] BufferManager configuration bufferSize=1 numOfBuffers=1[m
[36m[01:39:29.746366] [D] [Not A Worker] [unnamed] [] [PipeliningPhase.cpp:365] [apply] Constructed pipeline plan with 1 root pipelines.
PipelinedQueryPlan for Query: 8
Number of root pipelines: 1
------------------
Root Pipeline 0:
  Pipeline(ID(22), Provider(COMPILER))
  Operator chain:
    PhysicalOperator(NES::SourcePhysicalOperator)
  Successor Pipeline:
    Pipeline(ID(23), Provider(None))
      Operator chain:
        PhysicalOperator(NES::ScanPhysicalOperator)
          PhysicalOperator(NES::MapPhysicalOperator)
            PhysicalOperator(NES::EmitPhysicalOperator)
      Successor Pipeline:
        Pipeline(ID(24), Provider(None))
          Operator chain:
            PhysicalOperator(NES::SinkPhysicalOperator)

[m
[32m[01:39:29.746666] [I] [Not A Worker] [unnamed] [] [NodeEngine.cpp:55] [registerQuery] Register 8[m
[36m[01:39:29.751136] [D] [Not A Worker] [unnamed] [] [SinkProvider.cpp:30] [lower] The sinkDescriptor is: SinkDescriptor: (name: variant("EXTRA_SINK"), type: Void, Config: )[m
[36m[01:39:29.752064] [D] [SingleNodeWorker] [WorkerThread-4] [Task:8-24] [VoidSink.cpp:37] [start] Setting up void sink: VoidSink[m
[36m[01:39:29.844271] [D] [SingleNodeWorker] [WorkerThread-4] [] [SourceThread.cpp:184] [start] Starting source with originId: 2[m
[36m[01:39:29.846309] [D] [SingleNodeWorker] [WorkerThread-4] [Task:8-23] [BufferManager.cpp:65] [~BufferManager] Calling BufferManager::destroy()[m
[36m[01:39:29.846331] [D] [SingleNodeWorker] [WorkerThread-4] [Task:8-23] [BufferManager.cpp:93] [~BufferManager] Shutting down Buffer Manager completed[m
[31m[1m[01:39:29.846517] [E] [SingleNodeWorker] [WorkerThread-4] [] [Task.cpp:67] [callOnFailure] TaskCallback::callOnFailure[m
[36m[01:39:29.846565] [D] [SingleNodeWorker] [WorkerThread-4] [] [SourceThread.cpp:230] [tryStop] SourceThread 2: attempting to stop source[m
[36m[01:39:29.846578] [D] [SingleNodeWorker] [WorkerThread-4] [] [SourceThread.cpp:238] [tryStop] SourceThread 2: source was not stopped during timeout[m
[31m[1m[01:39:29.847092] [E] [SingleNodeWorker] [WorkerThread-4] [] [QueryEngine.cpp:874] [onFailure] Query Failed: cannot format malformed string value; Value '{"ID": 1000', is not a valid value of type: int.
 in Query 8.[m
[32m[01:39:29.847246] [I] [SingleNodeWorker] [WorkerThread-4] [] [SequenceShredder.cpp:55] [~SequenceShredder] Successfully validated SequenceShredder[m
[36m[01:39:31.713518] [D] [Not A Worker] [unnamed] [] [BufferManager.cpp:110] [initialize] NES memory allocation requires 1 out of 540577120256 (so 1.8498748143954595e-10%) available bytes[m
[36m[01:39:31.713621] [D] [Not A Worker] [unnamed] [] [BufferManager.cpp:160] [initialize] BufferManager configuration bufferSize=1 numOfBuffers=1[m
[36m[01:39:31.715034] [D] [Not A Worker] [unnamed] [] [PipeliningPhase.cpp:365] [apply] Constructed pipeline plan with 1 root pipelines.
PipelinedQueryPlan for Query: 9
Number of root pipelines: 1
------------------
Root Pipeline 0:
  Pipeline(ID(25), Provider(COMPILER))
  Operator chain:
    PhysicalOperator(NES::SourcePhysicalOperator)
  Successor Pipeline:
    Pipeline(ID(26), Provider(None))
      Operator chain:
        PhysicalOperator(NES::ScanPhysicalOperator)
          PhysicalOperator(NES::MapPhysicalOperator)
            PhysicalOperator(NES::EmitPhysicalOperator)
      Successor Pipeline:
        Pipeline(ID(27), Provider(None))
          Operator chain:
            PhysicalOperator(NES::SinkPhysicalOperator)

[m
[32m[01:39:31.715338] [I] [Not A Worker] [unnamed] [] [NodeEngine.cpp:55] [registerQuery] Register 9[m
[36m[01:39:31.718582] [D] [Not A Worker] [unnamed] [] [SinkProvider.cpp:30] [lower] The sinkDescriptor is: SinkDescriptor: (name: variant("EXTRA_SINK"), type: Void, Config: )[m
[36m[01:39:31.720009] [D] [SingleNodeWorker] [WorkerThread-6] [Task:9-27] [VoidSink.cpp:37] [start] Setting up void sink: VoidSink[m
[36m[01:39:31.812083] [D] [SingleNodeWorker] [WorkerThread-5] [] [SourceThread.cpp:184] [start] Starting source with originId: 2[m
[36m[01:39:31.813738] [D] [SingleNodeWorker] [WorkerThread-5] [Task:9-26] [BufferManager.cpp:65] [~BufferManager] Calling BufferManager::destroy()[m
[36m[01:39:31.813762] [D] [SingleNodeWorker] [WorkerThread-5] [Task:9-26] [BufferManager.cpp:93] [~BufferManager] Shutting down Buffer Manager completed[m
[31m[1m[01:39:31.813917] [E] [SingleNodeWorker] [WorkerThread-5] [] [Task.cpp:67] [callOnFailure] TaskCallback::callOnFailure[m
[36m[01:39:31.813974] [D] [SingleNodeWorker] [WorkerThread-5] [] [SourceThread.cpp:230] [tryStop] SourceThread 2: attempting to stop source[m
[36m[01:39:31.813986] [D] [SingleNodeWorker] [WorkerThread-5] [] [SourceThread.cpp:238] [tryStop] SourceThread 2: source was not stopped during timeout[m
[31m[1m[01:39:31.814214] [E] [SingleNodeWorker] [WorkerThread-5] [] [QueryEngine.cpp:874] [onFailure] Query Failed: cannot format malformed string value; Value '{"ID": 1000', is not a valid value of type: int.
 in Query 9.[m
[32m[01:39:31.814366] [I] [SingleNodeWorker] [WorkerThread-5] [] [SequenceShredder.cpp:55] [~SequenceShredder] Successfully validated SequenceShredder[m
[36m[01:39:33.648997] [D] [Not A Worker] [unnamed] [] [BufferManager.cpp:110] [initialize] NES memory allocation requires 1 out of 540577120256 (so 1.8498748143954595e-10%) available bytes[m
[36m[01:39:33.649097] [D] [Not A Worker] [unnamed] [] [BufferManager.cpp:160] [initialize] BufferManager configuration bufferSize=1 numOfBuffers=1[m
[36m[01:39:33.650503] [D] [Not A Worker] [unnamed] [] [PipeliningPhase.cpp:365] [apply] Constructed pipeline plan with 1 root pipelines.
PipelinedQueryPlan for Query: 10
Number of root pipelines: 1
------------------
Root Pipeline 0:
  Pipeline(ID(28), Provider(COMPILER))
  Operator chain:
    PhysicalOperator(NES::SourcePhysicalOperator)
  Successor Pipeline:
    Pipeline(ID(29), Provider(None))
      Operator chain:
        PhysicalOperator(NES::ScanPhysicalOperator)
          PhysicalOperator(NES::MapPhysicalOperator)
            PhysicalOperator(NES::EmitPhysicalOperator)
      Successor Pipeline:
        Pipeline(ID(30), Provider(None))
          Operator chain:
            PhysicalOperator(NES::SinkPhysicalOperator)

[m
[32m[01:39:33.650807] [I] [Not A Worker] [unnamed] [] [NodeEngine.cpp:55] [registerQuery] Register 10[m
[36m[01:39:33.654597] [D] [Not A Worker] [unnamed] [] [SinkProvider.cpp:30] [lower] The sinkDescriptor is: SinkDescriptor: (name: variant("EXTRA_SINK"), type: Void, Config: )[m
[36m[01:39:33.656032] [D] [SingleNodeWorker] [WorkerThread-3] [Task:10-30] [VoidSink.cpp:37] [start] Setting up void sink: VoidSink[m
[36m[01:39:33.743989] [D] [SingleNodeWorker] [WorkerThread-3] [] [SourceThread.cpp:184] [start] Starting source with originId: 2[m
[36m[01:39:33.746066] [D] [SingleNodeWorker] [WorkerThread-3] [Task:10-29] [BufferManager.cpp:65] [~BufferManager] Calling BufferManager::destroy()[m
[36m[01:39:33.746091] [D] [SingleNodeWorker] [WorkerThread-3] [Task:10-29] [BufferManager.cpp:93] [~BufferManager] Shutting down Buffer Manager completed[m
[31m[1m[01:39:33.746292] [E] [SingleNodeWorker] [WorkerThread-3] [] [Task.cpp:67] [callOnFailure] TaskCallback::callOnFailure[m
[36m[01:39:33.746346] [D] [SingleNodeWorker] [WorkerThread-3] [] [SourceThread.cpp:230] [tryStop] SourceThread 2: attempting to stop source[m
[36m[01:39:33.746364] [D] [SingleNodeWorker] [WorkerThread-3] [] [SourceThread.cpp:238] [tryStop] SourceThread 2: source was not stopped during timeout[m
[31m[1m[01:39:33.746674] [E] [SingleNodeWorker] [WorkerThread-3] [] [QueryEngine.cpp:874] [onFailure] Query Failed: cannot format malformed string value; Value '{"ID": 1000', is not a valid value of type: int.
 in Query 10.[m
[32m[01:39:33.746859] [I] [SingleNodeWorker] [WorkerThread-3] [] [SequenceShredder.cpp:55] [~SequenceShredder] Successfully validated SequenceShredder[m
[36m[01:39:35.556588] [D] [Not A Worker] [unnamed] [] [BufferManager.cpp:110] [initialize] NES memory allocation requires 1 out of 540577120256 (so 1.8498748143954595e-10%) available bytes[m
[36m[01:39:35.556690] [D] [Not A Worker] [unnamed] [] [BufferManager.cpp:160] [initialize] BufferManager configuration bufferSize=1 numOfBuffers=1[m
[36m[01:39:35.557190] [D] [Not A Worker] [unnamed] [] [PipeliningPhase.cpp:365] [apply] Constructed pipeline plan with 1 root pipelines.
PipelinedQueryPlan for Query: 11
Number of root pipelines: 1
------------------
Root Pipeline 0:
  Pipeline(ID(31), Provider(COMPILER))
  Operator chain:
    PhysicalOperator(NES::SourcePhysicalOperator)
  Successor Pipeline:
    Pipeline(ID(32), Provider(None))
      Operator chain:
        PhysicalOperator(NES::ScanPhysicalOperator)
          PhysicalOperator(NES::SelectionPhysicalOperator)
            PhysicalOperator(NES::MapPhysicalOperator)
              PhysicalOperator(NES::EmitPhysicalOperator)
      Successor Pipeline:
        Pipeline(ID(33), Provider(None))
          Operator chain:
            PhysicalOperator(NES::SinkPhysicalOperator)

[m
[32m[01:39:35.557492] [I] [Not A Worker] [unnamed] [] [NodeEngine.cpp:55] [registerQuery] Register 11[m
[36m[01:39:35.560831] [D] [Not A Worker] [unnamed] [] [SinkProvider.cpp:30] [lower] The sinkDescriptor is: SinkDescriptor: (name: variant("PERSON_ID_SINK"), type: Void, Config: )[m
[36m[01:39:35.561419] [D] [SingleNodeWorker] [WorkerThread-5] [Task:11-33] [VoidSink.cpp:37] [start] Setting up void sink: VoidSink[m
[36m[01:39:35.760831] [D] [SingleNodeWorker] [WorkerThread-5] [] [SourceThread.cpp:184] [start] Starting source with originId: 2[m
[36m[01:39:35.762473] [D] [SingleNodeWorker] [WorkerThread-5] [Task:11-32] [BufferManager.cpp:65] [~BufferManager] Calling BufferManager::destroy()[m
[36m[01:39:35.762495] [D] [SingleNodeWorker] [WorkerThread-5] [Task:11-32] [BufferManager.cpp:93] [~BufferManager] Shutting down Buffer Manager completed[m
[31m[1m[01:39:35.762671] [E] [SingleNodeWorker] [WorkerThread-5] [] [Task.cpp:67] [callOnFailure] TaskCallback::callOnFailure[m
[36m[01:39:35.762719] [D] [SingleNodeWorker] [WorkerThread-5] [] [SourceThread.cpp:230] [tryStop] SourceThread 2: attempting to stop source[m
[36m[01:39:35.762735] [D] [SingleNodeWorker] [WorkerThread-5] [] [SourceThread.cpp:238] [tryStop] SourceThread 2: source was not stopped during timeout[m
[31m[1m[01:39:35.762890] [E] [SingleNodeWorker] [WorkerThread-5] [] [QueryEngine.cpp:874] [onFailure] Query Failed: cannot format malformed string value; Value '{"ID": 1000', is not a valid value of type: int.
 in Query 11.[m
[32m[01:39:35.766155] [I] [SingleNodeWorker] [WorkerThread-6] [Task:11-32] [SequenceShredder.cpp:55] [~SequenceShredder] Successfully validated SequenceShredder[m
[31m[1m[01:39:35.775766] [E] [SingleNodeWorker] [WorkerThread-6] [] [Task.cpp:67] [callOnFailure] TaskCallback::callOnFailure[m
[31m[1m[01:39:35.775811] [E] [SingleNodeWorker] [WorkerThread-6] [] [QueryEngine.cpp:93] [operator()] Query Failure could not be reported as query has already been terminated. Original Error: cannot format malformed string value; Value '{"ID": 1812', is not a valid value of type: int.
[m
[36m[01:39:37.730884] [D] [Not A Worker] [unnamed] [] [BufferManager.cpp:110] [initialize] NES memory allocation requires 1 out of 540577120256 (so 1.8498748143954595e-10%) available bytes[m
[36m[01:39:37.730972] [D] [Not A Worker] [unnamed] [] [BufferManager.cpp:160] [initialize] BufferManager configuration bufferSize=1 numOfBuffers=1[m
[36m[01:39:37.731274] [D] [Not A Worker] [unnamed] [] [PipeliningPhase.cpp:365] [apply] Constructed pipeline plan with 1 root pipelines.
PipelinedQueryPlan for Query: 12
Number of root pipelines: 1
------------------
Root Pipeline 0:
  Pipeline(ID(34), Provider(COMPILER))
  Operator chain:
    PhysicalOperator(NES::SourcePhysicalOperator)
  Successor Pipeline:
    Pipeline(ID(35), Provider(None))
      Operator chain:
        PhysicalOperator(NES::ScanPhysicalOperator)
          PhysicalOperator(NES::SelectionPhysicalOperator)
            PhysicalOperator(NES::MapPhysicalOperator)
              PhysicalOperator(NES::EmitPhysicalOperator)
      Successor Pipeline:
        Pipeline(ID(36), Provider(None))
          Operator chain:
            PhysicalOperator(NES::SinkPhysicalOperator)

[m
[32m[01:39:37.731455] [I] [Not A Worker] [unnamed] [] [NodeEngine.cpp:55] [registerQuery] Register 12[m
[36m[01:39:37.734986] [D] [Not A Worker] [unnamed] [] [SinkProvider.cpp:30] [lower] The sinkDescriptor is: SinkDescriptor: (name: variant("PERSON_ID_SINK"), type: Void, Config: )[m
[36m[01:39:37.735418] [D] [SingleNodeWorker] [WorkerThread-4] [Task:12-36] [VoidSink.cpp:37] [start] Setting up void sink: VoidSink[m
[36m[01:39:37.937315] [D] [SingleNodeWorker] [WorkerThread-4] [] [SourceThread.cpp:184] [start] Starting source with originId: 2[m
[36m[01:39:37.939511] [D] [SingleNodeWorker] [WorkerThread-4] [Task:12-35] [BufferManager.cpp:65] [~BufferManager] Calling BufferManager::destroy()[m
[36m[01:39:37.939536] [D] [SingleNodeWorker] [WorkerThread-4] [Task:12-35] [BufferManager.cpp:93] [~BufferManager] Shutting down Buffer Manager completed[m
[31m[1m[01:39:37.939700] [E] [SingleNodeWorker] [WorkerThread-4] [] [Task.cpp:67] [callOnFailure] TaskCallback::callOnFailure[m
[36m[01:39:37.939772] [D] [SingleNodeWorker] [WorkerThread-4] [] [SourceThread.cpp:230] [tryStop] SourceThread 2: attempting to stop source[m
[36m[01:39:37.939786] [D] [SingleNodeWorker] [WorkerThread-4] [] [SourceThread.cpp:238] [tryStop] SourceThread 2: source was not stopped during timeout[m
[31m[1m[01:39:37.940146] [E] [SingleNodeWorker] [WorkerThread-4] [] [QueryEngine.cpp:874] [onFailure] Query Failed: cannot format malformed string value; Value '{"ID": 1000', is not a valid value of type: int.
 in Query 12.[m
[31m[1m[01:39:37.941002] [E] [SingleNodeWorker] [WorkerThread-4] [] [Task.cpp:67] [callOnFailure] TaskCallback::callOnFailure[m
[31m[1m[01:39:37.941028] [E] [SingleNodeWorker] [WorkerThread-4] [] [QueryEngine.cpp:874] [onFailure] Query Failed: cannot format malformed string value; Value '{"ID": 2624', is not a valid value of type: int.
 in Query 12.[m
[31m[1m[01:39:37.942567] [E] [SingleNodeWorker] [WorkerThread-6] [Task:12-35] [SpanningTupleBufferState.cpp:201] [validateFinalState] Buffer at index 2 does still claim to own leading buffer[m
[31m[1m[01:39:37.942681] [E] [SingleNodeWorker] [WorkerThread-6] [Task:12-35] [SpanningTupleBufferState.cpp:206] [validateFinalState] Buffer at index 2 still owns a trailing buffer reference[m
[31m[1m[01:39:37.942727] [E] [SingleNodeWorker] [WorkerThread-6] [Task:12-35] [SpanningTupleBufferState.cpp:186] [validateFinalState] Buffer at index 3 does still claim to own leading buffer[m
[31m[1m[01:39:37.942773] [E] [SingleNodeWorker] [WorkerThread-6] [Task:12-35] [SpanningTupleBufferState.cpp:191] [validateFinalState] Buffer at index 3 still owns a leading buffer reference[m
[31m[1m[01:39:37.943221] [E] [SingleNodeWorker] [WorkerThread-6] [Task:12-35] [SequenceShredder.cpp:59] [~SequenceShredder] Failed to validate SequenceShredder[m
[31m[1m[01:39:37.954199] [E] [SingleNodeWorker] [WorkerThread-6] [] [Task.cpp:67] [callOnFailure] TaskCallback::callOnFailure[m
[31m[1m[01:39:37.954244] [E] [SingleNodeWorker] [WorkerThread-6] [] [QueryEngine.cpp:93] [operator()] Query Failure could not be reported as query has already been terminated. Original Error: cannot format malformed string value; Value '{"ID": 1812', is not a valid value of type: int.
[m
[36m[01:39:39.780530] [D] [Not A Worker] [unnamed] [] [BufferManager.cpp:110] [initialize] NES memory allocation requires 1 out of 540577120256 (so 1.8498748143954595e-10%) available bytes[m
[36m[01:39:39.780622] [D] [Not A Worker] [unnamed] [] [BufferManager.cpp:160] [initialize] BufferManager configuration bufferSize=1 numOfBuffers=1[m
[36m[01:39:39.781073] [D] [Not A Worker] [unnamed] [] [PipeliningPhase.cpp:365] [apply] Constructed pipeline plan with 1 root pipelines.
PipelinedQueryPlan for Query: 13
Number of root pipelines: 1
------------------
Root Pipeline 0:
  Pipeline(ID(37), Provider(COMPILER))
  Operator chain:
    PhysicalOperator(NES::SourcePhysicalOperator)
  Successor Pipeline:
    Pipeline(ID(38), Provider(None))
      Operator chain:
        PhysicalOperator(NES::ScanPhysicalOperator)
          PhysicalOperator(NES::SelectionPhysicalOperator)
            PhysicalOperator(NES::MapPhysicalOperator)
              PhysicalOperator(NES::EmitPhysicalOperator)
      Successor Pipeline:
        Pipeline(ID(39), Provider(None))
          Operator chain:
            PhysicalOperator(NES::SinkPhysicalOperator)

[m
[32m[01:39:39.781346] [I] [Not A Worker] [unnamed] [] [NodeEngine.cpp:55] [registerQuery] Register 13[m
[36m[01:39:39.784901] [D] [Not A Worker] [unnamed] [] [SinkProvider.cpp:30] [lower] The sinkDescriptor is: SinkDescriptor: (name: variant("PERSON_ID_SINK"), type: Void, Config: )[m
[36m[01:39:39.785643] [D] [SingleNodeWorker] [WorkerThread-4] [Task:13-39] [VoidSink.cpp:37] [start] Setting up void sink: VoidSink[m
[36m[01:39:39.990022] [D] [SingleNodeWorker] [WorkerThread-4] [] [SourceThread.cpp:184] [start] Starting source with originId: 2[m
[36m[01:39:39.992067] [D] [SingleNodeWorker] [WorkerThread-4] [Task:13-38] [BufferManager.cpp:65] [~BufferManager] Calling BufferManager::destroy()[m
[36m[01:39:39.992092] [D] [SingleNodeWorker] [WorkerThread-4] [Task:13-38] [BufferManager.cpp:93] [~BufferManager] Shutting down Buffer Manager completed[m
[31m[1m[01:39:39.992296] [E] [SingleNodeWorker] [WorkerThread-4] [] [Task.cpp:67] [callOnFailure] TaskCallback::callOnFailure[m
[36m[01:39:39.992357] [D] [SingleNodeWorker] [WorkerThread-4] [] [SourceThread.cpp:230] [tryStop] SourceThread 2: attempting to stop source[m
[36m[01:39:39.992371] [D] [SingleNodeWorker] [WorkerThread-4] [] [SourceThread.cpp:238] [tryStop] SourceThread 2: source was not stopped during timeout[m
[31m[1m[01:39:39.992716] [E] [SingleNodeWorker] [WorkerThread-4] [] [QueryEngine.cpp:874] [onFailure] Query Failed: cannot format malformed string value; Value '{"ID": 1000', is not a valid value of type: int.
 in Query 13.[m
[32m[01:39:39.992875] [I] [SingleNodeWorker] [WorkerThread-4] [] [SequenceShredder.cpp:55] [~SequenceShredder] Successfully validated SequenceShredder[m
[36m[01:39:41.894732] [D] [Not A Worker] [unnamed] [] [BufferManager.cpp:110] [initialize] NES memory allocation requires 1 out of 540577120256 (so 1.8498748143954595e-10%) available bytes[m
[36m[01:39:41.894836] [D] [Not A Worker] [unnamed] [] [BufferManager.cpp:160] [initialize] BufferManager configuration bufferSize=1 numOfBuffers=1[m
[36m[01:39:41.895349] [D] [Not A Worker] [unnamed] [] [PipeliningPhase.cpp:365] [apply] Constructed pipeline plan with 1 root pipelines.
PipelinedQueryPlan for Query: 14
Number of root pipelines: 1
------------------
Root Pipeline 0:
  Pipeline(ID(40), Provider(COMPILER))
  Operator chain:
    PhysicalOperator(NES::SourcePhysicalOperator)
  Successor Pipeline:
    Pipeline(ID(41), Provider(None))
      Operator chain:
        PhysicalOperator(NES::ScanPhysicalOperator)
          PhysicalOperator(NES::SelectionPhysicalOperator)
            PhysicalOperator(NES::MapPhysicalOperator)
              PhysicalOperator(NES::EmitPhysicalOperator)
      Successor Pipeline:
        Pipeline(ID(42), Provider(None))
          Operator chain:
            PhysicalOperator(NES::SinkPhysicalOperator)

[m
[32m[01:39:41.895655] [I] [Not A Worker] [unnamed] [] [NodeEngine.cpp:55] [registerQuery] Register 14[m
[36m[01:39:41.899589] [D] [Not A Worker] [unnamed] [] [SinkProvider.cpp:30] [lower] The sinkDescriptor is: SinkDescriptor: (name: variant("PERSON_ID_SINK"), type: Void, Config: )[m
[36m[01:39:41.900718] [D] [SingleNodeWorker] [WorkerThread-0] [Task:14-42] [VoidSink.cpp:37] [start] Setting up void sink: VoidSink[m
[36m[01:39:42.102757] [D] [SingleNodeWorker] [WorkerThread-0] [] [SourceThread.cpp:184] [start] Starting source with originId: 2[m
[36m[01:39:42.104836] [D] [SingleNodeWorker] [WorkerThread-0] [Task:14-41] [BufferManager.cpp:65] [~BufferManager] Calling BufferManager::destroy()[m
[36m[01:39:42.104860] [D] [SingleNodeWorker] [WorkerThread-0] [Task:14-41] [BufferManager.cpp:93] [~BufferManager] Shutting down Buffer Manager completed[m
[31m[1m[01:39:42.105048] [E] [SingleNodeWorker] [WorkerThread-0] [] [Task.cpp:67] [callOnFailure] TaskCallback::callOnFailure[m
[36m[01:39:42.105106] [D] [SingleNodeWorker] [WorkerThread-0] [] [SourceThread.cpp:230] [tryStop] SourceThread 2: attempting to stop source[m
[36m[01:39:42.105120] [D] [SingleNodeWorker] [WorkerThread-0] [] [SourceThread.cpp:238] [tryStop] SourceThread 2: source was not stopped during timeout[m
[31m[1m[01:39:42.105552] [E] [SingleNodeWorker] [WorkerThread-0] [] [QueryEngine.cpp:874] [onFailure] Query Failed: cannot format malformed string value; Value '{"ID": 1000', is not a valid value of type: int.
 in Query 14.[m
[32m[01:39:42.105712] [I] [SingleNodeWorker] [WorkerThread-0] [] [SequenceShredder.cpp:55] [~SequenceShredder] Successfully validated SequenceShredder[m
[36m[01:39:43.968544] [D] [Not A Worker] [unnamed] [] [BufferManager.cpp:110] [initialize] NES memory allocation requires 1 out of 540577120256 (so 1.8498748143954595e-10%) available bytes[m
[36m[01:39:43.968652] [D] [Not A Worker] [unnamed] [] [BufferManager.cpp:160] [initialize] BufferManager configuration bufferSize=1 numOfBuffers=1[m
[36m[01:39:43.969153] [D] [Not A Worker] [unnamed] [] [PipeliningPhase.cpp:365] [apply] Constructed pipeline plan with 1 root pipelines.
PipelinedQueryPlan for Query: 15
Number of root pipelines: 1
------------------
Root Pipeline 0:
  Pipeline(ID(43), Provider(COMPILER))
  Operator chain:
    PhysicalOperator(NES::SourcePhysicalOperator)
  Successor Pipeline:
    Pipeline(ID(44), Provider(None))
      Operator chain:
        PhysicalOperator(NES::ScanPhysicalOperator)
          PhysicalOperator(NES::SelectionPhysicalOperator)
            PhysicalOperator(NES::MapPhysicalOperator)
              PhysicalOperator(NES::EmitPhysicalOperator)
      Successor Pipeline:
        Pipeline(ID(45), Provider(None))
          Operator chain:
            PhysicalOperator(NES::SinkPhysicalOperator)

[m
[32m[01:39:43.969456] [I] [Not A Worker] [unnamed] [] [NodeEngine.cpp:55] [registerQuery] Register 15[m
[36m[01:39:43.973741] [D] [Not A Worker] [unnamed] [] [SinkProvider.cpp:30] [lower] The sinkDescriptor is: SinkDescriptor: (name: variant("PERSON_ID_SINK"), type: Void, Config: )[m
[36m[01:39:43.974711] [D] [SingleNodeWorker] [WorkerThread-6] [Task:15-45] [VoidSink.cpp:37] [start] Setting up void sink: VoidSink[m
[36m[01:39:44.176375] [D] [SingleNodeWorker] [WorkerThread-6] [] [SourceThread.cpp:184] [start] Starting source with originId: 2[m
[36m[01:39:44.178043] [D] [SingleNodeWorker] [WorkerThread-6] [Task:15-44] [BufferManager.cpp:65] [~BufferManager] Calling BufferManager::destroy()[m
[36m[01:39:44.178069] [D] [SingleNodeWorker] [WorkerThread-6] [Task:15-44] [BufferManager.cpp:93] [~BufferManager] Shutting down Buffer Manager completed[m
[31m[1m[01:39:44.178242] [E] [SingleNodeWorker] [WorkerThread-6] [] [Task.cpp:67] [callOnFailure] TaskCallback::callOnFailure[m
[36m[01:39:44.178295] [D] [SingleNodeWorker] [WorkerThread-6] [] [SourceThread.cpp:230] [tryStop] SourceThread 2: attempting to stop source[m
[36m[01:39:44.178312] [D] [SingleNodeWorker] [WorkerThread-6] [] [SourceThread.cpp:238] [tryStop] SourceThread 2: source was not stopped during timeout[m
[31m[1m[01:39:44.178472] [E] [SingleNodeWorker] [WorkerThread-6] [] [QueryEngine.cpp:874] [onFailure] Query Failed: cannot format malformed string value; Value '{"ID": 1000', is not a valid value of type: int.
 in Query 15.[m
[32m[01:39:44.178633] [I] [SingleNodeWorker] [WorkerThread-6] [] [SequenceShredder.cpp:55] [~SequenceShredder] Successfully validated SequenceShredder[m
[36m[01:39:46.120336] [D] [Not A Worker] [unnamed] [] [BufferManager.cpp:110] [initialize] NES memory allocation requires 1 out of 540577120256 (so 1.8498748143954595e-10%) available bytes[m
[36m[01:39:46.120435] [D] [Not A Worker] [unnamed] [] [BufferManager.cpp:160] [initialize] BufferManager configuration bufferSize=1 numOfBuffers=1[m
[36m[01:39:46.120936] [D] [Not A Worker] [unnamed] [] [PipeliningPhase.cpp:365] [apply] Constructed pipeline plan with 1 root pipelines.
PipelinedQueryPlan for Query: 16
Number of root pipelines: 1
------------------
Root Pipeline 0:
  Pipeline(ID(46), Provider(COMPILER))
  Operator chain:
    PhysicalOperator(NES::SourcePhysicalOperator)
  Successor Pipeline:
    Pipeline(ID(47), Provider(None))
      Operator chain:
        PhysicalOperator(NES::ScanPhysicalOperator)
          PhysicalOperator(NES::SelectionPhysicalOperator)
            PhysicalOperator(NES::MapPhysicalOperator)
              PhysicalOperator(NES::EmitPhysicalOperator)
      Successor Pipeline:
        Pipeline(ID(48), Provider(None))
          Operator chain:
            PhysicalOperator(NES::SinkPhysicalOperator)

[m
[32m[01:39:46.121237] [I] [Not A Worker] [unnamed] [] [NodeEngine.cpp:55] [registerQuery] Register 16[m
[36m[01:39:46.124588] [D] [Not A Worker] [unnamed] [] [SinkProvider.cpp:30] [lower] The sinkDescriptor is: SinkDescriptor: (name: variant("PERSON_ID_SINK"), type: Void, Config: )[m
[36m[01:39:46.125047] [D] [SingleNodeWorker] [WorkerThread-1] [Task:16-48] [VoidSink.cpp:37] [start] Setting up void sink: VoidSink[m
[36m[01:39:46.321326] [D] [SingleNodeWorker] [WorkerThread-1] [] [SourceThread.cpp:184] [start] Starting source with originId: 2[m
[36m[01:39:46.323433] [D] [SingleNodeWorker] [WorkerThread-1] [Task:16-47] [BufferManager.cpp:65] [~BufferManager] Calling BufferManager::destroy()[m
[36m[01:39:46.323456] [D] [SingleNodeWorker] [WorkerThread-1] [Task:16-47] [BufferManager.cpp:93] [~BufferManager] Shutting down Buffer Manager completed[m
[31m[1m[01:39:46.323620] [E] [SingleNodeWorker] [WorkerThread-1] [] [Task.cpp:67] [callOnFailure] TaskCallback::callOnFailure[m
[36m[01:39:46.323670] [D] [SingleNodeWorker] [WorkerThread-1] [] [SourceThread.cpp:230] [tryStop] SourceThread 2: attempting to stop source[m
[36m[01:39:46.323682] [D] [SingleNodeWorker] [WorkerThread-1] [] [SourceThread.cpp:238] [tryStop] SourceThread 2: source was not stopped during timeout[m
[31m[1m[01:39:46.324033] [E] [SingleNodeWorker] [WorkerThread-1] [] [QueryEngine.cpp:874] [onFailure] Query Failed: cannot format malformed string value; Value '{"ID": 1000', is not a valid value of type: int.
 in Query 16.[m
[32m[01:39:46.324201] [I] [SingleNodeWorker] [WorkerThread-1] [] [SequenceShredder.cpp:55] [~SequenceShredder] Successfully validated SequenceShredder[m
[36m[01:39:48.079307] [D] [Not A Worker] [unnamed] [] [BufferManager.cpp:110] [initialize] NES memory allocation requires 1 out of 540577120256 (so 1.8498748143954595e-10%) available bytes[m
[36m[01:39:48.079409] [D] [Not A Worker] [unnamed] [] [BufferManager.cpp:160] [initialize] BufferManager configuration bufferSize=1 numOfBuffers=1[m
[36m[01:39:48.079911] [D] [Not A Worker] [unnamed] [] [PipeliningPhase.cpp:365] [apply] Constructed pipeline plan with 1 root pipelines.
PipelinedQueryPlan for Query: 17
Number of root pipelines: 1
------------------
Root Pipeline 0:
  Pipeline(ID(49), Provider(COMPILER))
  Operator chain:
    PhysicalOperator(NES::SourcePhysicalOperator)
  Successor Pipeline:
    Pipeline(ID(50), Provider(None))
      Operator chain:
        PhysicalOperator(NES::ScanPhysicalOperator)
          PhysicalOperator(NES::SelectionPhysicalOperator)
            PhysicalOperator(NES::MapPhysicalOperator)
              PhysicalOperator(NES::EmitPhysicalOperator)
      Successor Pipeline:
        Pipeline(ID(51), Provider(None))
          Operator chain:
            PhysicalOperator(NES::SinkPhysicalOperator)

[m
[32m[01:39:48.080214] [I] [Not A Worker] [unnamed] [] [NodeEngine.cpp:55] [registerQuery] Register 17[m
[36m[01:39:48.083545] [D] [Not A Worker] [unnamed] [] [SinkProvider.cpp:30] [lower] The sinkDescriptor is: SinkDescriptor: (name: variant("PERSON_ID_SINK"), type: Void, Config: )[m
[36m[01:39:48.083998] [D] [SingleNodeWorker] [WorkerThread-1] [Task:17-51] [VoidSink.cpp:37] [start] Setting up void sink: VoidSink[m
[36m[01:39:48.282885] [D] [SingleNodeWorker] [WorkerThread-1] [] [SourceThread.cpp:184] [start] Starting source with originId: 2[m
[36m[01:39:48.284525] [D] [SingleNodeWorker] [WorkerThread-1] [Task:17-50] [BufferManager.cpp:65] [~BufferManager] Calling BufferManager::destroy()[m
[36m[01:39:48.284548] [D] [SingleNodeWorker] [WorkerThread-1] [Task:17-50] [BufferManager.cpp:93] [~BufferManager] Shutting down Buffer Manager completed[m
[31m[1m[01:39:48.284708] [E] [SingleNodeWorker] [WorkerThread-1] [] [Task.cpp:67] [callOnFailure] TaskCallback::callOnFailure[m
[36m[01:39:48.284776] [D] [SingleNodeWorker] [WorkerThread-1] [] [SourceThread.cpp:230] [tryStop] SourceThread 2: attempting to stop source[m
[36m[01:39:48.284790] [D] [SingleNodeWorker] [WorkerThread-1] [] [SourceThread.cpp:238] [tryStop] SourceThread 2: source was not stopped during timeout[m
[31m[1m[01:39:48.284923] [E] [SingleNodeWorker] [WorkerThread-1] [] [QueryEngine.cpp:874] [onFailure] Query Failed: cannot format malformed string value; Value '{"ID": 1000', is not a valid value of type: int.
 in Query 17.[m
[32m[01:39:48.285085] [I] [SingleNodeWorker] [WorkerThread-1] [] [SequenceShredder.cpp:55] [~SequenceShredder] Successfully validated SequenceShredder[m
[36m[01:39:50.173967] [D] [Not A Worker] [unnamed] [] [BufferManager.cpp:110] [initialize] NES memory allocation requires 1 out of 540577120256 (so 1.8498748143954595e-10%) available bytes[m
[36m[01:39:50.174067] [D] [Not A Worker] [unnamed] [] [BufferManager.cpp:160] [initialize] BufferManager configuration bufferSize=1 numOfBuffers=1[m
[36m[01:39:50.174579] [D] [Not A Worker] [unnamed] [] [PipeliningPhase.cpp:365] [apply] Constructed pipeline plan with 1 root pipelines.
PipelinedQueryPlan for Query: 18
Number of root pipelines: 1
------------------
Root Pipeline 0:
  Pipeline(ID(52), Provider(COMPILER))
  Operator chain:
    PhysicalOperator(NES::SourcePhysicalOperator)
  Successor Pipeline:
    Pipeline(ID(53), Provider(None))
      Operator chain:
        PhysicalOperator(NES::ScanPhysicalOperator)
          PhysicalOperator(NES::SelectionPhysicalOperator)
            PhysicalOperator(NES::MapPhysicalOperator)
              PhysicalOperator(NES::EmitPhysicalOperator)
      Successor Pipeline:
        Pipeline(ID(54), Provider(None))
          Operator chain:
            PhysicalOperator(NES::SinkPhysicalOperator)

[m
[32m[01:39:50.174884] [I] [Not A Worker] [unnamed] [] [NodeEngine.cpp:55] [registerQuery] Register 18[m
[36m[01:39:50.178178] [D] [Not A Worker] [unnamed] [] [SinkProvider.cpp:30] [lower] The sinkDescriptor is: SinkDescriptor: (name: variant("PERSON_ID_SINK"), type: Void, Config: )[m
[36m[01:39:50.178674] [D] [SingleNodeWorker] [WorkerThread-4] [Task:18-54] [VoidSink.cpp:37] [start] Setting up void sink: VoidSink[m
[36m[01:39:50.379023] [D] [SingleNodeWorker] [WorkerThread-4] [] [SourceThread.cpp:184] [start] Starting source with originId: 2[m
[36m[01:39:50.381122] [D] [SingleNodeWorker] [WorkerThread-4] [Task:18-53] [BufferManager.cpp:65] [~BufferManager] Calling BufferManager::destroy()[m
[36m[01:39:50.381145] [D] [SingleNodeWorker] [WorkerThread-4] [Task:18-53] [BufferManager.cpp:93] [~BufferManager] Shutting down Buffer Manager completed[m
[31m[1m[01:39:50.381319] [E] [SingleNodeWorker] [WorkerThread-4] [] [Task.cpp:67] [callOnFailure] TaskCallback::callOnFailure[m
[36m[01:39:50.381368] [D] [SingleNodeWorker] [WorkerThread-4] [] [SourceThread.cpp:230] [tryStop] SourceThread 2: attempting to stop source[m
[36m[01:39:50.381381] [D] [SingleNodeWorker] [WorkerThread-4] [] [SourceThread.cpp:238] [tryStop] SourceThread 2: source was not stopped during timeout[m
[31m[1m[01:39:50.381846] [E] [SingleNodeWorker] [WorkerThread-4] [] [QueryEngine.cpp:874] [onFailure] Query Failed: cannot format malformed string value; Value '{"ID": 1000', is not a valid value of type: int.
 in Query 18.[m
[31m[1m[01:39:50.382695] [E] [SingleNodeWorker] [WorkerThread-4] [] [Task.cpp:67] [callOnFailure] TaskCallback::callOnFailure[m
[31m[1m[01:39:50.382720] [E] [SingleNodeWorker] [WorkerThread-4] [] [QueryEngine.cpp:874] [onFailure] Query Failed: cannot format malformed string value; Value '{"ID": 2624', is not a valid value of type: int.
 in Query 18.[m
[31m[1m[01:39:50.384012] [E] [SingleNodeWorker] [WorkerThread-7] [Task:18-53] [SpanningTupleBufferState.cpp:201] [validateFinalState] Buffer at index 2 does still claim to own leading buffer[m
[31m[1m[01:39:50.384112] [E] [SingleNodeWorker] [WorkerThread-7] [Task:18-53] [SpanningTupleBufferState.cpp:206] [validateFinalState] Buffer at index 2 still owns a trailing buffer reference[m
[31m[1m[01:39:50.384156] [E] [SingleNodeWorker] [WorkerThread-7] [Task:18-53] [SpanningTupleBufferState.cpp:186] [validateFinalState] Buffer at index 3 does still claim to own leading buffer[m
[31m[1m[01:39:50.384213] [E] [SingleNodeWorker] [WorkerThread-7] [Task:18-53] [SpanningTupleBufferState.cpp:191] [validateFinalState] Buffer at index 3 still owns a leading buffer reference[m
[31m[1m[01:39:50.384665] [E] [SingleNodeWorker] [WorkerThread-7] [Task:18-53] [SequenceShredder.cpp:59] [~SequenceShredder] Failed to validate SequenceShredder[m
[31m[1m[01:39:50.393978] [E] [SingleNodeWorker] [WorkerThread-7] [] [Task.cpp:67] [callOnFailure] TaskCallback::callOnFailure[m
[31m[1m[01:39:50.394032] [E] [SingleNodeWorker] [WorkerThread-7] [] [QueryEngine.cpp:93] [operator()] Query Failure could not be reported as query has already been terminated. Original Error: cannot format malformed string value; Value '{"ID": 1812', is not a valid value of type: int.
[m
[36m[01:39:52.226624] [D] [Not A Worker] [unnamed] [] [BufferManager.cpp:110] [initialize] NES memory allocation requires 1 out of 540577120256 (so 1.8498748143954595e-10%) available bytes[m
[36m[01:39:52.226730] [D] [Not A Worker] [unnamed] [] [BufferManager.cpp:160] [initialize] BufferManager configuration bufferSize=1 numOfBuffers=1[m
[36m[01:39:52.227147] [D] [Not A Worker] [unnamed] [] [PipeliningPhase.cpp:365] [apply] Constructed pipeline plan with 1 root pipelines.
PipelinedQueryPlan for Query: 19
Number of root pipelines: 1
------------------
Root Pipeline 0:
  Pipeline(ID(55), Provider(COMPILER))
  Operator chain:
    PhysicalOperator(NES::SourcePhysicalOperator)
  Successor Pipeline:
    Pipeline(ID(56), Provider(None))
      Operator chain:
        PhysicalOperator(NES::ScanPhysicalOperator)
          PhysicalOperator(NES::SelectionPhysicalOperator)
            PhysicalOperator(NES::MapPhysicalOperator)
              PhysicalOperator(NES::EmitPhysicalOperator)
      Successor Pipeline:
        Pipeline(ID(57), Provider(None))
          Operator chain:
            PhysicalOperator(NES::SinkPhysicalOperator)

[m
[32m[01:39:52.227358] [I] [Not A Worker] [unnamed] [] [NodeEngine.cpp:55] [registerQuery] Register 19[m
[36m[01:39:52.230442] [D] [Not A Worker] [unnamed] [] [SinkProvider.cpp:30] [lower] The sinkDescriptor is: SinkDescriptor: (name: variant("PERSON_ID_SINK"), type: Void, Config: )[m
[36m[01:39:52.231545] [D] [SingleNodeWorker] [WorkerThread-7] [Task:19-57] [VoidSink.cpp:37] [start] Setting up void sink: VoidSink[m
[36m[01:39:52.433568] [D] [SingleNodeWorker] [WorkerThread-4] [] [SourceThread.cpp:184] [start] Starting source with originId: 2[m
[31m[1m[01:39:52.436440] [E] [SingleNodeWorker] [WorkerThread-4] [] [Task.cpp:67] [callOnFailure] TaskCallback::callOnFailure[m
[36m[01:39:52.436511] [D] [SingleNodeWorker] [WorkerThread-4] [] [SourceThread.cpp:230] [tryStop] SourceThread 2: attempting to stop source[m
[36m[01:39:52.436523] [D] [SingleNodeWorker] [WorkerThread-4] [] [SourceThread.cpp:238] [tryStop] SourceThread 2: source was not stopped during timeout[m
[31m[1m[01:39:52.436892] [E] [SingleNodeWorker] [WorkerThread-4] [] [QueryEngine.cpp:874] [onFailure] Query Failed: cannot format malformed string value; Value '{"ID": 1813', is not a valid value of type: int.
 in Query 19.[m
[36m[01:39:52.437638] [D] [SingleNodeWorker] [WorkerThread-2] [Task:19-56] [BufferManager.cpp:65] [~BufferManager] Calling BufferManager::destroy()[m
[36m[01:39:52.437711] [D] [SingleNodeWorker] [WorkerThread-2] [Task:19-56] [BufferManager.cpp:93] [~BufferManager] Shutting down Buffer Manager completed[m
[31m[1m[01:39:52.437749] [E] [SingleNodeWorker] [WorkerThread-4] [] [Task.cpp:67] [callOnFailure] TaskCallback::callOnFailure[m
[31m[1m[01:39:52.437775] [E] [SingleNodeWorker] [WorkerThread-4] [] [QueryEngine.cpp:874] [onFailure] Query Failed: cannot format malformed string value; Value '{"ID": 3435', is not a valid value of type: int.
 in Query 19.[m
[31m[1m[01:39:52.438216] [E] [SingleNodeWorker] [WorkerThread-2] [] [Task.cpp:67] [callOnFailure] TaskCallback::callOnFailure[m
[31m[1m[01:39:52.438321] [E] [SingleNodeWorker] [WorkerThread-2] [] [QueryEngine.cpp:874] [onFailure] Query Failed: cannot format malformed string value; Value '{"ID": 1000', is not a valid value of type: int.
 in Query 19.[m
[31m[1m[01:39:52.438886] [E] [SingleNodeWorker] [WorkerThread-1] [Task:19-56] [SpanningTupleBufferState.cpp:201] [validateFinalState] Buffer at index 1 does still claim to own leading buffer[m
[31m[1m[01:39:52.439046] [E] [SingleNodeWorker] [WorkerThread-1] [Task:19-56] [SpanningTupleBufferState.cpp:206] [validateFinalState] Buffer at index 1 still owns a trailing buffer reference[m
[31m[1m[01:39:52.439097] [E] [SingleNodeWorker] [WorkerThread-1] [Task:19-56] [SpanningTupleBufferState.cpp:186] [validateFinalState] Buffer at index 2 does still claim to own leading buffer[m
[31m[1m[01:39:52.439138] [E] [SingleNodeWorker] [WorkerThread-1] [Task:19-56] [SpanningTupleBufferState.cpp:191] [validateFinalState] Buffer at index 2 still owns a leading buffer reference[m
[31m[1m[01:39:52.439180] [E] [SingleNodeWorker] [WorkerThread-1] [Task:19-56] [SpanningTupleBufferState.cpp:201] [validateFinalState] Buffer at index 3 does still claim to own leading buffer[m
[31m[1m[01:39:52.439226] [E] [SingleNodeWorker] [WorkerThread-1] [Task:19-56] [SpanningTupleBufferState.cpp:206] [validateFinalState] Buffer at index 3 still owns a trailing buffer reference[m
[31m[1m[01:39:52.439266] [E] [SingleNodeWorker] [WorkerThread-1] [Task:19-56] [SpanningTupleBufferState.cpp:186] [validateFinalState] Buffer at index 4 does still claim to own leading buffer[m
[31m[1m[01:39:52.439306] [E] [SingleNodeWorker] [WorkerThread-1] [Task:19-56] [SpanningTupleBufferState.cpp:191] [validateFinalState] Buffer at index 4 still owns a leading buffer reference[m
[31m[1m[01:39:52.439714] [E] [SingleNodeWorker] [WorkerThread-1] [Task:19-56] [SequenceShredder.cpp:59] [~SequenceShredder] Failed to validate SequenceShredder[m
[31m[1m[01:39:52.449793] [E] [SingleNodeWorker] [WorkerThread-1] [] [Task.cpp:67] [callOnFailure] TaskCallback::callOnFailure[m
[31m[1m[01:39:52.449838] [E] [SingleNodeWorker] [WorkerThread-1] [] [QueryEngine.cpp:93] [operator()] Query Failure could not be reported as query has already been terminated. Original Error: cannot format malformed string value; Value '{"ID": 2623', is not a valid value of type: int.
[m
[36m[01:39:54.408675] [D] [Not A Worker] [unnamed] [] [BufferManager.cpp:110] [initialize] NES memory allocation requires 1 out of 540577120256 (so 1.8498748143954595e-10%) available bytes[m
[36m[01:39:54.408784] [D] [Not A Worker] [unnamed] [] [BufferManager.cpp:160] [initialize] BufferManager configuration bufferSize=1 numOfBuffers=1[m
[36m[01:39:54.409304] [D] [Not A Worker] [unnamed] [] [PipeliningPhase.cpp:365] [apply] Constructed pipeline plan with 1 root pipelines.
PipelinedQueryPlan for Query: 20
Number of root pipelines: 1
------------------
Root Pipeline 0:
  Pipeline(ID(58), Provider(COMPILER))
  Operator chain:
    PhysicalOperator(NES::SourcePhysicalOperator)
  Successor Pipeline:
    Pipeline(ID(59), Provider(None))
      Operator chain:
        PhysicalOperator(NES::ScanPhysicalOperator)
          PhysicalOperator(NES::SelectionPhysicalOperator)
            PhysicalOperator(NES::MapPhysicalOperator)
              PhysicalOperator(NES::EmitPhysicalOperator)
      Successor Pipeline:
        Pipeline(ID(60), Provider(None))
          Operator chain:
            PhysicalOperator(NES::SinkPhysicalOperator)

[m
[32m[01:39:54.409634] [I] [Not A Worker] [unnamed] [] [NodeEngine.cpp:55] [registerQuery] Register 20[m
[36m[01:39:54.413359] [D] [Not A Worker] [unnamed] [] [SinkProvider.cpp:30] [lower] The sinkDescriptor is: SinkDescriptor: (name: variant("PERSON_ID_SINK"), type: Void, Config: )[m
[36m[01:39:54.414454] [D] [SingleNodeWorker] [WorkerThread-3] [Task:20-60] [VoidSink.cpp:37] [start] Setting up void sink: VoidSink[m
[36m[01:39:54.610617] [D] [SingleNodeWorker] [WorkerThread-3] [] [SourceThread.cpp:184] [start] Starting source with originId: 2[m
[31m[1m[01:39:54.613499] [E] [SingleNodeWorker] [WorkerThread-3] [] [Task.cpp:67] [callOnFailure] TaskCallback::callOnFailure[m
[36m[01:39:54.613549] [D] [SingleNodeWorker] [WorkerThread-3] [] [SourceThread.cpp:230] [tryStop] SourceThread 2: attempting to stop source[m
[36m[01:39:54.613560] [D] [SingleNodeWorker] [WorkerThread-3] [] [SourceThread.cpp:238] [tryStop] SourceThread 2: source was not stopped during timeout[m
[31m[1m[01:39:54.613797] [E] [SingleNodeWorker] [WorkerThread-3] [] [QueryEngine.cpp:874] [onFailure] Query Failed: cannot format malformed string value; Value '{"ID": 1813', is not a valid value of type: int.
 in Query 20.[m
[36m[01:39:54.614856] [D] [SingleNodeWorker] [WorkerThread-7] [Task:20-59] [BufferManager.cpp:65] [~BufferManager] Calling BufferManager::destroy()[m
[36m[01:39:54.614959] [D] [SingleNodeWorker] [WorkerThread-7] [Task:20-59] [BufferManager.cpp:93] [~BufferManager] Shutting down Buffer Manager completed[m
[31m[1m[01:39:54.615442] [E] [SingleNodeWorker] [WorkerThread-7] [] [Task.cpp:67] [callOnFailure] TaskCallback::callOnFailure[m
[31m[1m[01:39:54.615537] [E] [SingleNodeWorker] [WorkerThread-7] [] [QueryEngine.cpp:874] [onFailure] Query Failed: cannot format malformed string value; Value '{"ID": 1000', is not a valid value of type: int.
 in Query 20.[m
[31m[1m[01:39:54.616081] [E] [SingleNodeWorker] [WorkerThread-6] [Task:20-59] [SpanningTupleBufferState.cpp:201] [validateFinalState] Buffer at index 1 does still claim to own leading buffer[m
[31m[1m[01:39:54.616179] [E] [SingleNodeWorker] [WorkerThread-6] [Task:20-59] [SpanningTupleBufferState.cpp:206] [validateFinalState] Buffer at index 1 still owns a trailing buffer reference[m
[31m[1m[01:39:54.616227] [E] [SingleNodeWorker] [WorkerThread-6] [Task:20-59] [SpanningTupleBufferState.cpp:186] [validateFinalState] Buffer at index 2 does still claim to own leading buffer[m
[31m[1m[01:39:54.616273] [E] [SingleNodeWorker] [WorkerThread-6] [Task:20-59] [SpanningTupleBufferState.cpp:191] [validateFinalState] Buffer at index 2 still owns a leading buffer reference[m
[31m[1m[01:39:54.616675] [E] [SingleNodeWorker] [WorkerThread-6] [Task:20-59] [SequenceShredder.cpp:59] [~SequenceShredder] Failed to validate SequenceShredder[m
[31m[1m[01:39:54.627956] [E] [SingleNodeWorker] [WorkerThread-6] [] [Task.cpp:67] [callOnFailure] TaskCallback::callOnFailure[m
[31m[1m[01:39:54.627999] [E] [SingleNodeWorker] [WorkerThread-6] [] [QueryEngine.cpp:93] [operator()] Query Failure could not be reported as query has already been terminated. Original Error: cannot format malformed string value; Value '{"ID": 2623', is not a valid value of type: int.
[m
[33m[1m[01:39:56.522237] [W] [Not A Worker] [unnamed] [] [SinkDescriptor.cpp:64] [getFormatType] Sinks of the type Void do not have an INPUT_FORMAT parameter.[m
[36m[01:39:56.522485] [D] [Not A Worker] [unnamed] [] [BufferManager.cpp:110] [initialize] NES memory allocation requires 1 out of 540577120256 (so 1.8498748143954595e-10%) available bytes[m
[36m[01:39:56.522561] [D] [Not A Worker] [unnamed] [] [BufferManager.cpp:160] [initialize] BufferManager configuration bufferSize=1 numOfBuffers=1[m
[36m[01:39:56.523061] [D] [Not A Worker] [unnamed] [] [PipeliningPhase.cpp:365] [apply] Constructed pipeline plan with 1 root pipelines.
PipelinedQueryPlan for Query: 21
Number of root pipelines: 1
------------------
Root Pipeline 0:
  Pipeline(ID(61), Provider(COMPILER))
  Operator chain:
    PhysicalOperator(NES::SourcePhysicalOperator)
  Successor Pipeline:
    Pipeline(ID(62), Provider(None))
      Operator chain:
        PhysicalOperator(NES::ScanPhysicalOperator)
          PhysicalOperator(NES::EmitPhysicalOperator)
      Successor Pipeline:
        Pipeline(ID(63), Provider(None))
          Operator chain:
            PhysicalOperator(NES::SinkPhysicalOperator)

[m
[32m[01:39:56.523380] [I] [Not A Worker] [unnamed] [] [NodeEngine.cpp:55] [registerQuery] Register 21[m
[36m[01:39:56.527165] [D] [Not A Worker] [unnamed] [] [SinkProvider.cpp:30] [lower] The sinkDescriptor is: SinkDescriptor: (name: variant("PERSON_SINK"), type: Void, Config: )[m
[36m[01:39:56.528699] [D] [SingleNodeWorker] [WorkerThread-5] [Task:21-63] [VoidSink.cpp:37] [start] Setting up void sink: VoidSink[m
[36m[01:39:56.640644] [D] [SingleNodeWorker] [WorkerThread-5] [] [SourceThread.cpp:184] [start] Starting source with originId: 2[m
[36m[01:39:56.642706] [D] [SingleNodeWorker] [WorkerThread-5] [Task:21-62] [BufferManager.cpp:65] [~BufferManager] Calling BufferManager::destroy()[m
[36m[01:39:56.642728] [D] [SingleNodeWorker] [WorkerThread-5] [Task:21-62] [BufferManager.cpp:93] [~BufferManager] Shutting down Buffer Manager completed[m
[31m[1m[01:39:56.642912] [E] [SingleNodeWorker] [WorkerThread-5] [] [Task.cpp:67] [callOnFailure] TaskCallback::callOnFailure[m
[36m[01:39:56.642981] [D] [SingleNodeWorker] [WorkerThread-5] [] [SourceThread.cpp:230] [tryStop] SourceThread 2: attempting to stop source[m
[36m[01:39:56.642995] [D] [SingleNodeWorker] [WorkerThread-5] [] [SourceThread.cpp:238] [tryStop] SourceThread 2: source was not stopped during timeout[m
[31m[1m[01:39:56.643368] [E] [SingleNodeWorker] [WorkerThread-5] [] [QueryEngine.cpp:874] [onFailure] Query Failed: cannot format malformed string value; Value '{"ID": 1000', is not a valid value of type: int.
 in Query 21.[m
[32m[01:39:56.643522] [I] [SingleNodeWorker] [WorkerThread-5] [] [SequenceShredder.cpp:55] [~SequenceShredder] Successfully validated SequenceShredder[m
[33m[1m[01:39:58.534506] [W] [Not A Worker] [unnamed] [] [SinkDescriptor.cpp:64] [getFormatType] Sinks of the type Void do not have an INPUT_FORMAT parameter.[m
[36m[01:39:58.534721] [D] [Not A Worker] [unnamed] [] [BufferManager.cpp:110] [initialize] NES memory allocation requires 1 out of 540577120256 (so 1.8498748143954595e-10%) available bytes[m
[36m[01:39:58.534775] [D] [Not A Worker] [unnamed] [] [BufferManager.cpp:160] [initialize] BufferManager configuration bufferSize=1 numOfBuffers=1[m
[36m[01:39:58.535261] [D] [Not A Worker] [unnamed] [] [PipeliningPhase.cpp:365] [apply] Constructed pipeline plan with 1 root pipelines.
PipelinedQueryPlan for Query: 22
Number of root pipelines: 1
------------------
Root Pipeline 0:
  Pipeline(ID(64), Provider(COMPILER))
  Operator chain:
    PhysicalOperator(NES::SourcePhysicalOperator)
  Successor Pipeline:
    Pipeline(ID(65), Provider(None))
      Operator chain:
        PhysicalOperator(NES::ScanPhysicalOperator)
          PhysicalOperator(NES::EmitPhysicalOperator)
      Successor Pipeline:
        Pipeline(ID(66), Provider(None))
          Operator chain:
            PhysicalOperator(NES::SinkPhysicalOperator)

[m
[32m[01:39:58.535562] [I] [Not A Worker] [unnamed] [] [NodeEngine.cpp:55] [registerQuery] Register 22[m
[36m[01:39:58.538727] [D] [Not A Worker] [unnamed] [] [SinkProvider.cpp:30] [lower] The sinkDescriptor is: SinkDescriptor: (name: variant("PERSON_SINK"), type: Void, Config: )[m
[36m[01:39:58.539471] [D] [SingleNodeWorker] [WorkerThread-0] [Task:22-66] [VoidSink.cpp:37] [start] Setting up void sink: VoidSink[m
[36m[01:39:58.649270] [D] [SingleNodeWorker] [WorkerThread-0] [] [SourceThread.cpp:184] [start] Starting source with originId: 2[m
[36m[01:39:58.650993] [D] [SingleNodeWorker] [WorkerThread-0] [Task:22-65] [BufferManager.cpp:65] [~BufferManager] Calling BufferManager::destroy()[m
[36m[01:39:58.651017] [D] [SingleNodeWorker] [WorkerThread-0] [Task:22-65] [BufferManager.cpp:93] [~BufferManager] Shutting down Buffer Manager completed[m
[31m[1m[01:39:58.651176] [E] [SingleNodeWorker] [WorkerThread-0] [] [Task.cpp:67] [callOnFailure] TaskCallback::callOnFailure[m
[36m[01:39:58.651223] [D] [SingleNodeWorker] [WorkerThread-0] [] [SourceThread.cpp:230] [tryStop] SourceThread 2: attempting to stop source[m
[36m[01:39:58.651235] [D] [SingleNodeWorker] [WorkerThread-0] [] [SourceThread.cpp:238] [tryStop] SourceThread 2: source was not stopped during timeout[m
[31m[1m[01:39:58.651490] [E] [SingleNodeWorker] [WorkerThread-0] [] [QueryEngine.cpp:874] [onFailure] Query Failed: cannot format malformed string value; Value '{"ID": 1000', is not a valid value of type: int.
 in Query 22.[m
[32m[01:39:58.654603] [I] [SingleNodeWorker] [WorkerThread-1] [Task:22-65] [SequenceShredder.cpp:55] [~SequenceShredder] Successfully validated SequenceShredder[m
[31m[1m[01:39:58.664549] [E] [SingleNodeWorker] [WorkerThread-1] [] [Task.cpp:67] [callOnFailure] TaskCallback::callOnFailure[m
[31m[1m[01:39:58.664595] [E] [SingleNodeWorker] [WorkerThread-1] [] [QueryEngine.cpp:93] [operator()] Query Failure could not be reported as query has already been terminated. Original Error: cannot format malformed string value; Value '{"ID": 1812', is not a valid value of type: int.
[m
[33m[1m[01:40:00.589504] [W] [Not A Worker] [unnamed] [] [SinkDescriptor.cpp:64] [getFormatType] Sinks of the type Void do not have an INPUT_FORMAT parameter.[m
[36m[01:40:00.589714] [D] [Not A Worker] [unnamed] [] [BufferManager.cpp:110] [initialize] NES memory allocation requires 1 out of 540577120256 (so 1.8498748143954595e-10%) available bytes[m
[36m[01:40:00.589778] [D] [Not A Worker] [unnamed] [] [BufferManager.cpp:160] [initialize] BufferManager configuration bufferSize=1 numOfBuffers=1[m
[36m[01:40:00.590229] [D] [Not A Worker] [unnamed] [] [PipeliningPhase.cpp:365] [apply] Constructed pipeline plan with 1 root pipelines.
PipelinedQueryPlan for Query: 23
Number of root pipelines: 1
------------------
Root Pipeline 0:
  Pipeline(ID(67), Provider(COMPILER))
  Operator chain:
    PhysicalOperator(NES::SourcePhysicalOperator)
  Successor Pipeline:
    Pipeline(ID(68), Provider(None))
      Operator chain:
        PhysicalOperator(NES::ScanPhysicalOperator)
          PhysicalOperator(NES::EmitPhysicalOperator)
      Successor Pipeline:
        Pipeline(ID(69), Provider(None))
          Operator chain:
            PhysicalOperator(NES::SinkPhysicalOperator)

[m
[32m[01:40:00.590524] [I] [Not A Worker] [unnamed] [] [NodeEngine.cpp:55] [registerQuery] Register 23[m
[36m[01:40:00.593700] [D] [Not A Worker] [unnamed] [] [SinkProvider.cpp:30] [lower] The sinkDescriptor is: SinkDescriptor: (name: variant("PERSON_SINK"), type: Void, Config: )[m
[36m[01:40:00.596184] [D] [SingleNodeWorker] [WorkerThread-4] [Task:23-69] [VoidSink.cpp:37] [start] Setting up void sink: VoidSink[m
[36m[01:40:00.708962] [D] [SingleNodeWorker] [WorkerThread-4] [] [SourceThread.cpp:184] [start] Starting source with originId: 2[m
[36m[01:40:00.711100] [D] [SingleNodeWorker] [WorkerThread-4] [Task:23-68] [BufferManager.cpp:65] [~BufferManager] Calling BufferManager::destroy()[m
[36m[01:40:00.711123] [D] [SingleNodeWorker] [WorkerThread-4] [Task:23-68] [BufferManager.cpp:93] [~BufferManager] Shutting down Buffer Manager completed[m
[31m[1m[01:40:00.711285] [E] [SingleNodeWorker] [WorkerThread-4] [] [Task.cpp:67] [callOnFailure] TaskCallback::callOnFailure[m
[36m[01:40:00.711354] [D] [SingleNodeWorker] [WorkerThread-4] [] [SourceThread.cpp:230] [tryStop] SourceThread 2: attempting to stop source[m
[36m[01:40:00.711367] [D] [SingleNodeWorker] [WorkerThread-4] [] [SourceThread.cpp:238] [tryStop] SourceThread 2: source was not stopped during timeout[m
[31m[1m[01:40:00.711741] [E] [SingleNodeWorker] [WorkerThread-4] [] [QueryEngine.cpp:874] [onFailure] Query Failed: cannot format malformed string value; Value '{"ID": 1000', is not a valid value of type: int.
 in Query 23.[m
[32m[01:40:00.711893] [I] [SingleNodeWorker] [WorkerThread-4] [] [SequenceShredder.cpp:55] [~SequenceShredder] Successfully validated SequenceShredder[m
[33m[1m[01:40:02.626377] [W] [Not A Worker] [unnamed] [] [SinkDescriptor.cpp:64] [getFormatType] Sinks of the type Void do not have an INPUT_FORMAT parameter.[m
[36m[01:40:02.626474] [D] [Not A Worker] [unnamed] [] [BufferManager.cpp:110] [initialize] NES memory allocation requires 1 out of 540577120256 (so 1.8498748143954595e-10%) available bytes[m
[36m[01:40:02.626493] [D] [Not A Worker] [unnamed] [] [BufferManager.cpp:160] [initialize] BufferManager configuration bufferSize=1 numOfBuffers=1[m
[36m[01:40:02.626649] [D] [Not A Worker] [unnamed] [] [PipeliningPhase.cpp:365] [apply] Constructed pipeline plan with 1 root pipelines.
PipelinedQueryPlan for Query: 24
Number of root pipelines: 1
------------------
Root Pipeline 0:
  Pipeline(ID(70), Provider(COMPILER))
  Operator chain:
    PhysicalOperator(NES::SourcePhysicalOperator)
  Successor Pipeline:
    Pipeline(ID(71), Provider(None))
      Operator chain:
        PhysicalOperator(NES::ScanPhysicalOperator)
          PhysicalOperator(NES::EmitPhysicalOperator)
      Successor Pipeline:
        Pipeline(ID(72), Provider(None))
          Operator chain:
            PhysicalOperator(NES::SinkPhysicalOperator)

[m
[32m[01:40:02.626747] [I] [Not A Worker] [unnamed] [] [NodeEngine.cpp:55] [registerQuery] Register 24[m
[36m[01:40:02.630561] [D] [Not A Worker] [unnamed] [] [SinkProvider.cpp:30] [lower] The sinkDescriptor is: SinkDescriptor: (name: variant("PERSON_SINK"), type: Void, Config: )[m
[36m[01:40:02.631578] [D] [SingleNodeWorker] [WorkerThread-2] [Task:24-72] [VoidSink.cpp:37] [start] Setting up void sink: VoidSink[m
[36m[01:40:02.748999] [D] [SingleNodeWorker] [WorkerThread-2] [] [SourceThread.cpp:184] [start] Starting source with originId: 2[m
[31m[1m[01:40:02.751955] [E] [SingleNodeWorker] [WorkerThread-2] [] [Task.cpp:67] [callOnFailure] TaskCallback::callOnFailure[m
[36m[01:40:02.752031] [D] [SingleNodeWorker] [WorkerThread-2] [] [SourceThread.cpp:230] [tryStop] SourceThread 2: attempting to stop source[m
[36m[01:40:02.752051] [D] [SingleNodeWorker] [WorkerThread-2] [] [SourceThread.cpp:238] [tryStop] SourceThread 2: source was not stopped during timeout[m
[31m[1m[01:40:02.752354] [E] [SingleNodeWorker] [WorkerThread-2] [] [QueryEngine.cpp:874] [onFailure] Query Failed: cannot format malformed string value; Value '{"ID": 1813', is not a valid value of type: int.
 in Query 24.[m
[36m[01:40:02.753212] [D] [SingleNodeWorker] [WorkerThread-1] [Task:24-71] [BufferManager.cpp:65] [~BufferManager] Calling BufferManager::destroy()[m
[31m[1m[01:40:02.753222] [E] [SingleNodeWorker] [WorkerThread-2] [] [Task.cpp:67] [callOnFailure] TaskCallback::callOnFailure[m
[36m[01:40:02.753300] [D] [SingleNodeWorker] [WorkerThread-1] [Task:24-71] [BufferManager.cpp:93] [~BufferManager] Shutting down Buffer Manager completed[m
[31m[1m[01:40:02.753308] [E] [SingleNodeWorker] [WorkerThread-2] [] [QueryEngine.cpp:874] [onFailure] Query Failed: cannot format malformed string value; Value '{"ID": 2623', is not a valid value of type: int.
 in Query 24.[m
[31m[1m[01:40:02.753799] [E] [SingleNodeWorker] [WorkerThread-1] [Task:24-71] [SpanningTupleBufferState.cpp:201] [validateFinalState] Buffer at index 1 does still claim to own leading buffer[m
[31m[1m[01:40:02.753874] [E] [SingleNodeWorker] [WorkerThread-1] [Task:24-71] [SpanningTupleBufferState.cpp:206] [validateFinalState] Buffer at index 1 still owns a trailing buffer reference[m
[31m[1m[01:40:02.753922] [E] [SingleNodeWorker] [WorkerThread-1] [Task:24-71] [SpanningTupleBufferState.cpp:186] [validateFinalState] Buffer at index 2 does still claim to own leading buffer[m
[31m[1m[01:40:02.753967] [E] [SingleNodeWorker] [WorkerThread-1] [Task:24-71] [SpanningTupleBufferState.cpp:191] [validateFinalState] Buffer at index 2 still owns a leading buffer reference[m
[31m[1m[01:40:02.754369] [E] [SingleNodeWorker] [WorkerThread-1] [Task:24-71] [SequenceShredder.cpp:59] [~SequenceShredder] Failed to validate SequenceShredder[m
[31m[1m[01:40:02.763651] [E] [SingleNodeWorker] [WorkerThread-1] [] [Task.cpp:67] [callOnFailure] TaskCallback::callOnFailure[m
[31m[1m[01:40:02.763717] [E] [SingleNodeWorker] [WorkerThread-1] [] [QueryEngine.cpp:93] [operator()] Query Failure could not be reported as query has already been terminated. Original Error: cannot format malformed string value; Value '{"ID": 1000', is not a valid value of type: int.
[m
[33m[1m[01:40:04.704948] [W] [Not A Worker] [unnamed] [] [SinkDescriptor.cpp:64] [getFormatType] Sinks of the type Void do not have an INPUT_FORMAT parameter.[m
[36m[01:40:04.705164] [D] [Not A Worker] [unnamed] [] [BufferManager.cpp:110] [initialize] NES memory allocation requires 1 out of 540577120256 (so 1.8498748143954595e-10%) available bytes[m
[36m[01:40:04.705225] [D] [Not A Worker] [unnamed] [] [BufferManager.cpp:160] [initialize] BufferManager configuration bufferSize=1 numOfBuffers=1[m
[36m[01:40:04.705677] [D] [Not A Worker] [unnamed] [] [PipeliningPhase.cpp:365] [apply] Constructed pipeline plan with 1 root pipelines.
PipelinedQueryPlan for Query: 25
Number of root pipelines: 1
------------------
Root Pipeline 0:
  Pipeline(ID(73), Provider(COMPILER))
  Operator chain:
    PhysicalOperator(NES::SourcePhysicalOperator)
  Successor Pipeline:
    Pipeline(ID(74), Provider(None))
      Operator chain:
        PhysicalOperator(NES::ScanPhysicalOperator)
          PhysicalOperator(NES::EmitPhysicalOperator)
      Successor Pipeline:
        Pipeline(ID(75), Provider(None))
          Operator chain:
            PhysicalOperator(NES::SinkPhysicalOperator)

[m
[32m[01:40:04.705975] [I] [Not A Worker] [unnamed] [] [NodeEngine.cpp:55] [registerQuery] Register 25[m
[36m[01:40:04.709158] [D] [Not A Worker] [unnamed] [] [SinkProvider.cpp:30] [lower] The sinkDescriptor is: SinkDescriptor: (name: variant("PERSON_SINK"), type: Void, Config: )[m
[36m[01:40:04.710494] [D] [SingleNodeWorker] [WorkerThread-1] [Task:25-75] [VoidSink.cpp:37] [start] Setting up void sink: VoidSink[m
[36m[01:40:04.825287] [D] [SingleNodeWorker] [WorkerThread-1] [] [SourceThread.cpp:184] [start] Starting source with originId: 2[m
[36m[01:40:04.827405] [D] [SingleNodeWorker] [WorkerThread-1] [Task:25-74] [BufferManager.cpp:65] [~BufferManager] Calling BufferManager::destroy()[m
[36m[01:40:04.827429] [D] [SingleNodeWorker] [WorkerThread-1] [Task:25-74] [BufferManager.cpp:93] [~BufferManager] Shutting down Buffer Manager completed[m
[31m[1m[01:40:04.827587] [E] [SingleNodeWorker] [WorkerThread-1] [] [Task.cpp:67] [callOnFailure] TaskCallback::callOnFailure[m
[36m[01:40:04.827651] [D] [SingleNodeWorker] [WorkerThread-1] [] [SourceThread.cpp:230] [tryStop] SourceThread 2: attempting to stop source[m
[36m[01:40:04.827665] [D] [SingleNodeWorker] [WorkerThread-1] [] [SourceThread.cpp:238] [tryStop] SourceThread 2: source was not stopped during timeout[m
[31m[1m[01:40:04.828100] [E] [SingleNodeWorker] [WorkerThread-1] [] [QueryEngine.cpp:874] [onFailure] Query Failed: cannot format malformed string value; Value '{"ID": 1000', is not a valid value of type: int.
 in Query 25.[m
[31m[1m[01:40:04.830427] [E] [SingleNodeWorker] [WorkerThread-2] [] [Task.cpp:67] [callOnFailure] TaskCallback::callOnFailure[m
[31m[1m[01:40:04.830560] [E] [SingleNodeWorker] [WorkerThread-2] [] [QueryEngine.cpp:874] [onFailure] Query Failed: cannot format malformed string value; Value '{"ID": 1812', is not a valid value of type: int.
 in Query 25.[m
[32m[01:40:04.831341] [I] [SingleNodeWorker] [WorkerThread-0] [Task:25-74] [SequenceShredder.cpp:55] [~SequenceShredder] Successfully validated SequenceShredder[m
[31m[1m[01:40:04.840974] [E] [SingleNodeWorker] [WorkerThread-0] [] [Task.cpp:67] [callOnFailure] TaskCallback::callOnFailure[m
[31m[1m[01:40:04.841036] [E] [SingleNodeWorker] [WorkerThread-0] [] [QueryEngine.cpp:93] [operator()] Query Failure could not be reported as query has already been terminated. Original Error: cannot format malformed string value; Value '{"ID": 2623', is not a valid value of type: int.
[m
[33m[1m[01:40:06.725818] [W] [Not A Worker] [unnamed] [] [SinkDescriptor.cpp:64] [getFormatType] Sinks of the type Void do not have an INPUT_FORMAT parameter.[m
[36m[01:40:06.726034] [D] [Not A Worker] [unnamed] [] [BufferManager.cpp:110] [initialize] NES memory allocation requires 1 out of 540577120256 (so 1.8498748143954595e-10%) available bytes[m
[36m[01:40:06.726091] [D] [Not A Worker] [unnamed] [] [BufferManager.cpp:160] [initialize] BufferManager configuration bufferSize=1 numOfBuffers=1[m
[36m[01:40:06.726560] [D] [Not A Worker] [unnamed] [] [PipeliningPhase.cpp:365] [apply] Constructed pipeline plan with 1 root pipelines.
PipelinedQueryPlan for Query: 26
Number of root pipelines: 1
------------------
Root Pipeline 0:
  Pipeline(ID(76), Provider(COMPILER))
  Operator chain:
    PhysicalOperator(NES::SourcePhysicalOperator)
  Successor Pipeline:
    Pipeline(ID(77), Provider(None))
      Operator chain:
        PhysicalOperator(NES::ScanPhysicalOperator)
          PhysicalOperator(NES::EmitPhysicalOperator)
      Successor Pipeline:
        Pipeline(ID(78), Provider(None))
          Operator chain:
            PhysicalOperator(NES::SinkPhysicalOperator)

[m
[32m[01:40:06.726862] [I] [Not A Worker] [unnamed] [] [NodeEngine.cpp:55] [registerQuery] Register 26[m
[36m[01:40:06.730856] [D] [Not A Worker] [unnamed] [] [SinkProvider.cpp:30] [lower] The sinkDescriptor is: SinkDescriptor: (name: variant("PERSON_SINK"), type: Void, Config: )[m
[36m[01:40:06.733260] [D] [SingleNodeWorker] [WorkerThread-7] [Task:26-78] [VoidSink.cpp:37] [start] Setting up void sink: VoidSink[m
[36m[01:40:06.847946] [D] [SingleNodeWorker] [WorkerThread-7] [] [SourceThread.cpp:184] [start] Starting source with originId: 2[m
[36m[01:40:06.849611] [D] [SingleNodeWorker] [WorkerThread-7] [Task:26-77] [BufferManager.cpp:65] [~BufferManager] Calling BufferManager::destroy()[m
[36m[01:40:06.849635] [D] [SingleNodeWorker] [WorkerThread-7] [Task:26-77] [BufferManager.cpp:93] [~BufferManager] Shutting down Buffer Manager completed[m
[31m[1m[01:40:06.849810] [E] [SingleNodeWorker] [WorkerThread-7] [] [Task.cpp:67] [callOnFailure] TaskCallback::callOnFailure[m
[36m[01:40:06.849860] [D] [SingleNodeWorker] [WorkerThread-7] [] [SourceThread.cpp:230] [tryStop] SourceThread 2: attempting to stop source[m
[36m[01:40:06.849877] [D] [SingleNodeWorker] [WorkerThread-7] [] [SourceThread.cpp:238] [tryStop] SourceThread 2: source was not stopped during timeout[m
[31m[1m[01:40:06.850101] [E] [SingleNodeWorker] [WorkerThread-7] [] [QueryEngine.cpp:874] [onFailure] Query Failed: cannot format malformed string value; Value '{"ID": 1000', is not a valid value of type: int.
 in Query 26.[m
[32m[01:40:06.850273] [I] [SingleNodeWorker] [WorkerThread-7] [] [SequenceShredder.cpp:55] [~SequenceShredder] Successfully validated SequenceShredder[m
[33m[1m[01:40:08.765975] [W] [Not A Worker] [unnamed] [] [SinkDescriptor.cpp:64] [getFormatType] Sinks of the type Void do not have an INPUT_FORMAT parameter.[m
[36m[01:40:08.766184] [D] [Not A Worker] [unnamed] [] [BufferManager.cpp:110] [initialize] NES memory allocation requires 1 out of 540577120256 (so 1.8498748143954595e-10%) available bytes[m
[36m[01:40:08.766242] [D] [Not A Worker] [unnamed] [] [BufferManager.cpp:160] [initialize] BufferManager configuration bufferSize=1 numOfBuffers=1[m
[36m[01:40:08.766689] [D] [Not A Worker] [unnamed] [] [PipeliningPhase.cpp:365] [apply] Constructed pipeline plan with 1 root pipelines.
PipelinedQueryPlan for Query: 27
Number of root pipelines: 1
------------------
Root Pipeline 0:
  Pipeline(ID(79), Provider(COMPILER))
  Operator chain:
    PhysicalOperator(NES::SourcePhysicalOperator)
  Successor Pipeline:
    Pipeline(ID(80), Provider(None))
      Operator chain:
        PhysicalOperator(NES::ScanPhysicalOperator)
          PhysicalOperator(NES::EmitPhysicalOperator)
      Successor Pipeline:
        Pipeline(ID(81), Provider(None))
          Operator chain:
            PhysicalOperator(NES::SinkPhysicalOperator)

[m
[32m[01:40:08.767019] [I] [Not A Worker] [unnamed] [] [NodeEngine.cpp:55] [registerQuery] Register 27[m
[36m[01:40:08.770054] [D] [Not A Worker] [unnamed] [] [SinkProvider.cpp:30] [lower] The sinkDescriptor is: SinkDescriptor: (name: variant("PERSON_SINK"), type: Void, Config: )[m
[36m[01:40:08.772218] [D] [SingleNodeWorker] [WorkerThread-5] [Task:27-81] [VoidSink.cpp:37] [start] Setting up void sink: VoidSink[m
[36m[01:40:08.886521] [D] [SingleNodeWorker] [WorkerThread-5] [] [SourceThread.cpp:184] [start] Starting source with originId: 2[m
[31m[1m[01:40:08.889219] [E] [SingleNodeWorker] [WorkerThread-5] [] [Task.cpp:67] [callOnFailure] TaskCallback::callOnFailure[m
[36m[01:40:08.889274] [D] [SingleNodeWorker] [WorkerThread-5] [] [SourceThread.cpp:230] [tryStop] SourceThread 2: attempting to stop source[m
[36m[01:40:08.889285] [D] [SingleNodeWorker] [WorkerThread-5] [] [SourceThread.cpp:238] [tryStop] SourceThread 2: source was not stopped during timeout[m
[31m[1m[01:40:08.889753] [E] [SingleNodeWorker] [WorkerThread-5] [] [QueryEngine.cpp:874] [onFailure] Query Failed: cannot format malformed string value; Value '{"ID": 1813', is not a valid value of type: int.
 in Query 27.[m
[36m[01:40:08.890067] [D] [SingleNodeWorker] [WorkerThread-3] [Task:27-80] [BufferManager.cpp:65] [~BufferManager] Calling BufferManager::destroy()[m
[36m[01:40:08.890146] [D] [SingleNodeWorker] [WorkerThread-3] [Task:27-80] [BufferManager.cpp:93] [~BufferManager] Shutting down Buffer Manager completed[m
[31m[1m[01:40:08.890627] [E] [SingleNodeWorker] [WorkerThread-3] [] [Task.cpp:67] [callOnFailure] TaskCallback::callOnFailure[m
[31m[1m[01:40:08.890636] [E] [SingleNodeWorker] [WorkerThread-5] [Task:27-80] [SpanningTupleBufferState.cpp:201] [validateFinalState] Buffer at index 1 does still claim to own leading buffer[m
[31m[1m[01:40:08.890696] [E] [SingleNodeWorker] [WorkerThread-5] [Task:27-80] [SpanningTupleBufferState.cpp:206] [validateFinalState] Buffer at index 1 still owns a trailing buffer reference[m
[31m[1m[01:40:08.890705] [E] [SingleNodeWorker] [WorkerThread-3] [] [QueryEngine.cpp:93] [operator()] Query Failure could not be reported as query has already been terminated. Original Error: cannot format malformed string value; Value '{"ID": 1000', is not a valid value of type: int.
[m
[31m[1m[01:40:08.890709] [E] [SingleNodeWorker] [WorkerThread-5] [Task:27-80] [SpanningTupleBufferState.cpp:186] [validateFinalState] Buffer at index 2 does still claim to own leading buffer[m
[31m[1m[01:40:08.890819] [E] [SingleNodeWorker] [WorkerThread-5] [Task:27-80] [SpanningTupleBufferState.cpp:191] [validateFinalState] Buffer at index 2 still owns a leading buffer reference[m
[31m[1m[01:40:08.890972] [E] [SingleNodeWorker] [WorkerThread-5] [Task:27-80] [SequenceShredder.cpp:59] [~SequenceShredder] Failed to validate SequenceShredder[m
[31m[1m[01:40:08.894726] [E] [SingleNodeWorker] [WorkerThread-5] [] [Task.cpp:67] [callOnFailure] TaskCallback::callOnFailure[m
[31m[1m[01:40:08.894758] [E] [SingleNodeWorker] [WorkerThread-5] [] [QueryEngine.cpp:93] [operator()] Query Failure could not be reported as query has already been terminated. Original Error: cannot format malformed string value; Value '{"ID": 2623', is not a valid value of type: int.
[m
[33m[1m[01:40:10.820858] [W] [Not A Worker] [unnamed] [] [SinkDescriptor.cpp:64] [getFormatType] Sinks of the type Void do not have an INPUT_FORMAT parameter.[m
[36m[01:40:10.820984] [D] [Not A Worker] [unnamed] [] [BufferManager.cpp:110] [initialize] NES memory allocation requires 1 out of 540577120256 (so 1.8498748143954595e-10%) available bytes[m
[36m[01:40:10.821019] [D] [Not A Worker] [unnamed] [] [BufferManager.cpp:160] [initialize] BufferManager configuration bufferSize=1 numOfBuffers=1[m
[36m[01:40:10.821237] [D] [Not A Worker] [unnamed] [] [PipeliningPhase.cpp:365] [apply] Constructed pipeline plan with 1 root pipelines.
PipelinedQueryPlan for Query: 28
Number of root pipelines: 1
------------------
Root Pipeline 0:
  Pipeline(ID(82), Provider(COMPILER))
  Operator chain:
    PhysicalOperator(NES::SourcePhysicalOperator)
  Successor Pipeline:
    Pipeline(ID(83), Provider(None))
      Operator chain:
        PhysicalOperator(NES::ScanPhysicalOperator)
          PhysicalOperator(NES::EmitPhysicalOperator)
      Successor Pipeline:
        Pipeline(ID(84), Provider(None))
          Operator chain:
            PhysicalOperator(NES::SinkPhysicalOperator)

[m
[32m[01:40:10.821380] [I] [Not A Worker] [unnamed] [] [NodeEngine.cpp:55] [registerQuery] Register 28[m
[36m[01:40:10.824399] [D] [Not A Worker] [unnamed] [] [SinkProvider.cpp:30] [lower] The sinkDescriptor is: SinkDescriptor: (name: variant("PERSON_SINK"), type: Void, Config: )[m
[36m[01:40:10.827332] [D] [SingleNodeWorker] [WorkerThread-3] [Task:28-84] [VoidSink.cpp:37] [start] Setting up void sink: VoidSink[m
[36m[01:40:10.941502] [D] [SingleNodeWorker] [WorkerThread-7] [] [SourceThread.cpp:184] [start] Starting source with originId: 2[m
[36m[01:40:10.943610] [D] [SingleNodeWorker] [WorkerThread-7] [Task:28-83] [BufferManager.cpp:65] [~BufferManager] Calling BufferManager::destroy()[m
[36m[01:40:10.943635] [D] [SingleNodeWorker] [WorkerThread-7] [Task:28-83] [BufferManager.cpp:93] [~BufferManager] Shutting down Buffer Manager completed[m
[31m[1m[01:40:10.943791] [E] [SingleNodeWorker] [WorkerThread-7] [] [Task.cpp:67] [callOnFailure] TaskCallback::callOnFailure[m
[36m[01:40:10.943847] [D] [SingleNodeWorker] [WorkerThread-7] [] [SourceThread.cpp:230] [tryStop] SourceThread 2: attempting to stop source[m
[36m[01:40:10.943861] [D] [SingleNodeWorker] [WorkerThread-7] [] [SourceThread.cpp:238] [tryStop] SourceThread 2: source was not stopped during timeout[m
[31m[1m[01:40:10.944226] [E] [SingleNodeWorker] [WorkerThread-7] [] [QueryEngine.cpp:874] [onFailure] Query Failed: cannot format malformed string value; Value '{"ID": 1000', is not a valid value of type: int.
 in Query 28.[m
[32m[01:40:10.944382] [I] [SingleNodeWorker] [WorkerThread-7] [] [SequenceShredder.cpp:55] [~SequenceShredder] Successfully validated SequenceShredder[m
[33m[1m[01:40:12.785365] [W] [Not A Worker] [unnamed] [] [SinkDescriptor.cpp:64] [getFormatType] Sinks of the type Void do not have an INPUT_FORMAT parameter.[m
[36m[01:40:12.785574] [D] [Not A Worker] [unnamed] [] [BufferManager.cpp:110] [initialize] NES memory allocation requires 1 out of 540577120256 (so 1.8498748143954595e-10%) available bytes[m
[36m[01:40:12.785638] [D] [Not A Worker] [unnamed] [] [BufferManager.cpp:160] [initialize] BufferManager configuration bufferSize=1 numOfBuffers=1[m
[36m[01:40:12.786090] [D] [Not A Worker] [unnamed] [] [PipeliningPhase.cpp:365] [apply] Constructed pipeline plan with 1 root pipelines.
PipelinedQueryPlan for Query: 29
Number of root pipelines: 1
------------------
Root Pipeline 0:
  Pipeline(ID(85), Provider(COMPILER))
  Operator chain:
    PhysicalOperator(NES::SourcePhysicalOperator)
  Successor Pipeline:
    Pipeline(ID(86), Provider(None))
      Operator chain:
        PhysicalOperator(NES::ScanPhysicalOperator)
          PhysicalOperator(NES::EmitPhysicalOperator)
      Successor Pipeline:
        Pipeline(ID(87), Provider(None))
          Operator chain:
            PhysicalOperator(NES::SinkPhysicalOperator)

[m
[32m[01:40:12.786388] [I] [Not A Worker] [unnamed] [] [NodeEngine.cpp:55] [registerQuery] Register 29[m
[36m[01:40:12.789624] [D] [Not A Worker] [unnamed] [] [SinkProvider.cpp:30] [lower] The sinkDescriptor is: SinkDescriptor: (name: variant("PERSON_SINK"), type: Void, Config: )[m
[36m[01:40:12.790132] [D] [SingleNodeWorker] [WorkerThread-1] [Task:29-87] [VoidSink.cpp:37] [start] Setting up void sink: VoidSink[m
[36m[01:40:12.904189] [D] [SingleNodeWorker] [WorkerThread-1] [] [SourceThread.cpp:184] [start] Starting source with originId: 2[m
[31m[1m[01:40:12.907092] [E] [SingleNodeWorker] [WorkerThread-1] [] [Task.cpp:67] [callOnFailure] TaskCallback::callOnFailure[m
[36m[01:40:12.907182] [D] [SingleNodeWorker] [WorkerThread-1] [] [SourceThread.cpp:230] [tryStop] SourceThread 2: attempting to stop source[m
[36m[01:40:12.907197] [D] [SingleNodeWorker] [WorkerThread-1] [] [SourceThread.cpp:238] [tryStop] SourceThread 2: source was not stopped during timeout[m
[31m[1m[01:40:12.907467] [E] [SingleNodeWorker] [WorkerThread-1] [] [QueryEngine.cpp:874] [onFailure] Query Failed: cannot format malformed string value; Value '{"ID": 1813', is not a valid value of type: int.
 in Query 29.[m
[31m[1m[01:40:12.908339] [E] [SingleNodeWorker] [WorkerThread-1] [] [Task.cpp:67] [callOnFailure] TaskCallback::callOnFailure[m
[31m[1m[01:40:12.908370] [E] [SingleNodeWorker] [WorkerThread-1] [] [QueryEngine.cpp:874] [onFailure] Query Failed: cannot format malformed string value; Value '{"ID": 2623', is not a valid value of type: int.
 in Query 29.[m
[36m[01:40:12.908572] [D] [SingleNodeWorker] [WorkerThread-3] [Task:29-86] [BufferManager.cpp:65] [~BufferManager] Calling BufferManager::destroy()[m
[36m[01:40:12.908647] [D] [SingleNodeWorker] [WorkerThread-3] [Task:29-86] [BufferManager.cpp:93] [~BufferManager] Shutting down Buffer Manager completed[m
[31m[1m[01:40:12.909141] [E] [SingleNodeWorker] [WorkerThread-3] [Task:29-86] [SpanningTupleBufferState.cpp:201] [validateFinalState] Buffer at index 1 does still claim to own leading buffer[m
[31m[1m[01:40:12.909216] [E] [SingleNodeWorker] [WorkerThread-3] [Task:29-86] [SpanningTupleBufferState.cpp:206] [validateFinalState] Buffer at index 1 still owns a trailing buffer reference[m
[31m[1m[01:40:12.909264] [E] [SingleNodeWorker] [WorkerThread-3] [Task:29-86] [SpanningTupleBufferState.cpp:186] [validateFinalState] Buffer at index 2 does still claim to own leading buffer[m
[31m[1m[01:40:12.909308] [E] [SingleNodeWorker] [WorkerThread-3] [Task:29-86] [SpanningTupleBufferState.cpp:191] [validateFinalState] Buffer at index 2 still owns a leading buffer reference[m
[31m[1m[01:40:12.909708] [E] [SingleNodeWorker] [WorkerThread-3] [Task:29-86] [SequenceShredder.cpp:59] [~SequenceShredder] Failed to validate SequenceShredder[m
[31m[1m[01:40:12.918397] [E] [SingleNodeWorker] [WorkerThread-3] [] [Task.cpp:67] [callOnFailure] TaskCallback::callOnFailure[m
[31m[1m[01:40:12.918441] [E] [SingleNodeWorker] [WorkerThread-3] [] [QueryEngine.cpp:93] [operator()] Query Failure could not be reported as query has already been terminated. Original Error: cannot format malformed string value; Value '{"ID": 1000', is not a valid value of type: int.
[m
[33m[1m[01:40:14.850391] [W] [Not A Worker] [unnamed] [] [SinkDescriptor.cpp:64] [getFormatType] Sinks of the type Void do not have an INPUT_FORMAT parameter.[m
[36m[01:40:14.850607] [D] [Not A Worker] [unnamed] [] [BufferManager.cpp:110] [initialize] NES memory allocation requires 1 out of 540577120256 (so 1.8498748143954595e-10%) available bytes[m
[36m[01:40:14.850668] [D] [Not A Worker] [unnamed] [] [BufferManager.cpp:160] [initialize] BufferManager configuration bufferSize=1 numOfBuffers=1[m
[36m[01:40:14.852048] [D] [Not A Worker] [unnamed] [] [PipeliningPhase.cpp:365] [apply] Constructed pipeline plan with 1 root pipelines.
PipelinedQueryPlan for Query: 30
Number of root pipelines: 1
------------------
Root Pipeline 0:
  Pipeline(ID(88), Provider(COMPILER))
  Operator chain:
    PhysicalOperator(NES::SourcePhysicalOperator)
  Successor Pipeline:
    Pipeline(ID(89), Provider(None))
      Operator chain:
        PhysicalOperator(NES::ScanPhysicalOperator)
          PhysicalOperator(NES::EmitPhysicalOperator)
      Successor Pipeline:
        Pipeline(ID(90), Provider(None))
          Operator chain:
            PhysicalOperator(NES::SinkPhysicalOperator)

[m
[32m[01:40:14.852365] [I] [Not A Worker] [unnamed] [] [NodeEngine.cpp:55] [registerQuery] Register 30[m
[36m[01:40:14.855489] [D] [Not A Worker] [unnamed] [] [SinkProvider.cpp:30] [lower] The sinkDescriptor is: SinkDescriptor: (name: variant("PERSON_SINK"), type: Void, Config: )[m
[36m[01:40:14.855981] [D] [SingleNodeWorker] [WorkerThread-2] [Task:30-90] [VoidSink.cpp:37] [start] Setting up void sink: VoidSink[m
[36m[01:40:14.966274] [D] [SingleNodeWorker] [WorkerThread-3] [] [SourceThread.cpp:184] [start] Starting source with originId: 2[m
[36m[01:40:14.968379] [D] [SingleNodeWorker] [WorkerThread-3] [Task:30-89] [BufferManager.cpp:65] [~BufferManager] Calling BufferManager::destroy()[m
[36m[01:40:14.968403] [D] [SingleNodeWorker] [WorkerThread-3] [Task:30-89] [BufferManager.cpp:93] [~BufferManager] Shutting down Buffer Manager completed[m
[31m[1m[01:40:14.968592] [E] [SingleNodeWorker] [WorkerThread-3] [] [Task.cpp:67] [callOnFailure] TaskCallback::callOnFailure[m
[36m[01:40:14.968649] [D] [SingleNodeWorker] [WorkerThread-3] [] [SourceThread.cpp:230] [tryStop] SourceThread 2: attempting to stop source[m
[36m[01:40:14.968666] [D] [SingleNodeWorker] [WorkerThread-3] [] [SourceThread.cpp:238] [tryStop] SourceThread 2: source was not stopped during timeout[m
[31m[1m[01:40:14.969114] [E] [SingleNodeWorker] [WorkerThread-3] [] [QueryEngine.cpp:874] [onFailure] Query Failed: cannot format malformed string value; Value '{"ID": 1000', is not a valid value of type: int.
 in Query 30.[m
[32m[01:40:14.969269] [I] [SingleNodeWorker] [WorkerThread-3] [] [SequenceShredder.cpp:55] [~SequenceShredder] Successfully validated SequenceShredder[m
