[32m[23:57:01.306965] [I] [Not A Worker] [unnamed] [] [SingleNodeWorker.cpp:63] [SingleNodeWorker] Starting SingleNodeWorker SingleNodeWorker with configuration:
worker.query_engine.number_of_worker_threads: 2
worker.query_engine.admission_queue_size: 1000 (default)
worker.default_query_execution.execution_mode: COMPILER (default)
worker.default_query_execution.page_size: 1024 (default)
worker.default_query_execution.number_of_partitions: 100 (default)
worker.default_query_execution.number_of_records_per_key: 10 (default)
worker.default_query_execution.max_number_of_buckets: 10000 (default)
worker.default_query_execution.operator_buffer_size: 262144
worker.default_query_optimization.join_strategy: OPTIMIZER_CHOOSES (default)
worker.number_of_buffers_in_global_buffer_manager: 32768 (default)
worker.default_max_inflight_buffers: 64 (default)
worker.dump_compilation_result: NONE (default)
worker.dump_graph: 0 (default)
grpc: [::]:8080 (default)
enable_event_trace: 0 (default)
[m
[36m[23:57:01.308792] [D] [Not A Worker] [unnamed] [] [BufferManager.cpp:110] [initialize] NES memory allocation requires 8589934592 out of 540577120256 (so 1.5890303659045137%) available bytes[m
[36m[23:57:01.399963] [D] [Not A Worker] [unnamed] [] [BufferManager.cpp:160] [initialize] BufferManager configuration bufferSize=262144 numOfBuffers=32768[m
[32m[23:57:01.406690] [I] [Not A Worker] [unnamed] [] [SingleNodeWorkerStarter.cpp:93] [main] Server listening on [::]:8080[m
[36m[23:57:03.867181] [D] [Not A Worker] [unnamed] [queryId:939424911] [BufferManager.cpp:110] [initialize] NES memory allocation requires 1 out of 540577120256 (so 1.8498748143954595e-10%) available bytes[m
[36m[23:57:03.867230] [D] [Not A Worker] [unnamed] [queryId:939424911] [BufferManager.cpp:160] [initialize] BufferManager configuration bufferSize=1 numOfBuffers=1[m
[36m[23:57:03.867418] [D] [Not A Worker] [unnamed] [queryId:939424911] [PipeliningPhase.cpp:365] [apply] Constructed pipeline plan with 1 root pipelines.
PipelinedQueryPlan for Query: 939424911
Number of root pipelines: 1
------------------
Root Pipeline 0:
  Pipeline(ID(1), Provider(COMPILER))
  Operator chain:
    PhysicalOperator(NES::SourcePhysicalOperator)
  Successor Pipeline:
    Pipeline(ID(2), Provider(None))
      Operator chain:
        PhysicalOperator(NES::ScanPhysicalOperator)
          PhysicalOperator(NES::SelectionPhysicalOperator)
            PhysicalOperator(NES::MapPhysicalOperator)
              PhysicalOperator(NES::EmitPhysicalOperator)
      Successor Pipeline:
        Pipeline(ID(3), Provider(None))
          Operator chain:
            PhysicalOperator(NES::SinkPhysicalOperator)

[m
[36m[23:57:03.871364] [D] [Not A Worker] [unnamed] [] [SinkProvider.cpp:30] [lower] The sinkDescriptor is: SinkDescriptor: (name: variant("PERSON_ID_SINK"), type: Void, Config: )[m
[36m[23:57:03.874248] [D] [SingleNodeWorker] [WorkerThread-0] [Task:939424911-3] [VoidSink.cpp:37] [start] Setting up void sink: VoidSink[m
[36m[23:57:03.988809] [D] [SingleNodeWorker] [WorkerThread-0] [] [SourceThread.cpp:184] [start] Starting source with originId: 2[m
[36m[23:57:03.998142] [D] [SingleNodeWorker] [WorkerThread-0] [Task:939424911-2] [BufferManager.cpp:65] [~BufferManager] Calling BufferManager::destroy()[m
[36m[23:57:03.998171] [D] [SingleNodeWorker] [WorkerThread-0] [Task:939424911-2] [BufferManager.cpp:93] [~BufferManager] Shutting down Buffer Manager completed[m
[36m[23:57:18.095433] [D] [SingleNodeWorker] [WorkerThread-1] [Task:939424911] [SourceThread.cpp:230] [tryStop] SourceThread 2: attempting to stop source[m
[36m[23:57:18.095510] [D] [SingleNodeWorker] [WorkerThread-1] [Task:939424911] [SourceThread.cpp:248] [tryStop] SourceThread 2: stopped[m
[32m[23:57:18.122864] [I] [SingleNodeWorker] [WorkerThread-0] [] [SequenceShredder.cpp:55] [~SequenceShredder] Successfully validated SequenceShredder[m
[32m[23:57:18.131779] [I] [SingleNodeWorker] [WorkerThread-1] [Task:939424911-3] [VoidSink.cpp:42] [stop] Void Sink completed.[m
[36m[23:57:18.131913] [D] [SingleNodeWorker] [WorkerThread-1] [] [SourceThread.cpp:226] [tryStop] SourceThread 2: thread is not running[m
[36m[23:57:20.234549] [D] [Not A Worker] [unnamed] [queryId:1106936080] [BufferManager.cpp:110] [initialize] NES memory allocation requires 1 out of 540577120256 (so 1.8498748143954595e-10%) available bytes[m
[36m[23:57:20.234603] [D] [Not A Worker] [unnamed] [queryId:1106936080] [BufferManager.cpp:160] [initialize] BufferManager configuration bufferSize=1 numOfBuffers=1[m
[36m[23:57:20.234799] [D] [Not A Worker] [unnamed] [queryId:1106936080] [PipeliningPhase.cpp:365] [apply] Constructed pipeline plan with 1 root pipelines.
PipelinedQueryPlan for Query: 1106936080
Number of root pipelines: 1
------------------
Root Pipeline 0:
  Pipeline(ID(4), Provider(COMPILER))
  Operator chain:
    PhysicalOperator(NES::SourcePhysicalOperator)
  Successor Pipeline:
    Pipeline(ID(5), Provider(None))
      Operator chain:
        PhysicalOperator(NES::ScanPhysicalOperator)
          PhysicalOperator(NES::SelectionPhysicalOperator)
            PhysicalOperator(NES::MapPhysicalOperator)
              PhysicalOperator(NES::EmitPhysicalOperator)
      Successor Pipeline:
        Pipeline(ID(6), Provider(None))
          Operator chain:
            PhysicalOperator(NES::SinkPhysicalOperator)

[m
[36m[23:57:20.238175] [D] [Not A Worker] [unnamed] [] [SinkProvider.cpp:30] [lower] The sinkDescriptor is: SinkDescriptor: (name: variant("PERSON_ID_SINK"), type: Void, Config: )[m
[36m[23:57:20.239462] [D] [SingleNodeWorker] [WorkerThread-0] [Task:1106936080-6] [VoidSink.cpp:37] [start] Setting up void sink: VoidSink[m
[36m[23:57:20.352284] [D] [SingleNodeWorker] [WorkerThread-0] [] [SourceThread.cpp:184] [start] Starting source with originId: 2[m
[36m[23:57:20.362089] [D] [SingleNodeWorker] [WorkerThread-0] [Task:1106936080-5] [BufferManager.cpp:65] [~BufferManager] Calling BufferManager::destroy()[m
[36m[23:57:20.362117] [D] [SingleNodeWorker] [WorkerThread-0] [Task:1106936080-5] [BufferManager.cpp:93] [~BufferManager] Shutting down Buffer Manager completed[m
[36m[23:57:34.404904] [D] [SingleNodeWorker] [WorkerThread-1] [Task:1106936080] [SourceThread.cpp:230] [tryStop] SourceThread 2: attempting to stop source[m
[36m[23:57:34.404957] [D] [SingleNodeWorker] [WorkerThread-1] [Task:1106936080] [SourceThread.cpp:248] [tryStop] SourceThread 2: stopped[m
[32m[23:57:34.441433] [I] [SingleNodeWorker] [WorkerThread-0] [] [SequenceShredder.cpp:55] [~SequenceShredder] Successfully validated SequenceShredder[m
[32m[23:57:34.442249] [I] [SingleNodeWorker] [WorkerThread-1] [Task:1106936080-6] [VoidSink.cpp:42] [stop] Void Sink completed.[m
[36m[23:57:34.442428] [D] [SingleNodeWorker] [WorkerThread-1] [] [SourceThread.cpp:226] [tryStop] SourceThread 2: thread is not running[m
[36m[23:57:36.773985] [D] [Not A Worker] [unnamed] [queryId:487762675] [BufferManager.cpp:110] [initialize] NES memory allocation requires 1 out of 540577120256 (so 1.8498748143954595e-10%) available bytes[m
[36m[23:57:36.774034] [D] [Not A Worker] [unnamed] [queryId:487762675] [BufferManager.cpp:160] [initialize] BufferManager configuration bufferSize=1 numOfBuffers=1[m
[36m[23:57:36.774252] [D] [Not A Worker] [unnamed] [queryId:487762675] [PipeliningPhase.cpp:365] [apply] Constructed pipeline plan with 1 root pipelines.
PipelinedQueryPlan for Query: 487762675
Number of root pipelines: 1
------------------
Root Pipeline 0:
  Pipeline(ID(7), Provider(COMPILER))
  Operator chain:
    PhysicalOperator(NES::SourcePhysicalOperator)
  Successor Pipeline:
    Pipeline(ID(8), Provider(None))
      Operator chain:
        PhysicalOperator(NES::ScanPhysicalOperator)
          PhysicalOperator(NES::SelectionPhysicalOperator)
            PhysicalOperator(NES::MapPhysicalOperator)
              PhysicalOperator(NES::EmitPhysicalOperator)
      Successor Pipeline:
        Pipeline(ID(9), Provider(None))
          Operator chain:
            PhysicalOperator(NES::SinkPhysicalOperator)

[m
[36m[23:57:36.777500] [D] [Not A Worker] [unnamed] [] [SinkProvider.cpp:30] [lower] The sinkDescriptor is: SinkDescriptor: (name: variant("PERSON_ID_SINK"), type: Void, Config: )[m
[36m[23:57:36.793180] [D] [SingleNodeWorker] [WorkerThread-0] [Task:487762675-9] [VoidSink.cpp:37] [start] Setting up void sink: VoidSink[m
[36m[23:57:36.904043] [D] [SingleNodeWorker] [WorkerThread-0] [] [SourceThread.cpp:184] [start] Starting source with originId: 2[m
[36m[23:57:36.914128] [D] [SingleNodeWorker] [WorkerThread-0] [Task:487762675-8] [BufferManager.cpp:65] [~BufferManager] Calling BufferManager::destroy()[m
[36m[23:57:36.914157] [D] [SingleNodeWorker] [WorkerThread-0] [Task:487762675-8] [BufferManager.cpp:93] [~BufferManager] Shutting down Buffer Manager completed[m
[36m[23:57:50.995904] [D] [SingleNodeWorker] [WorkerThread-1] [Task:487762675] [SourceThread.cpp:230] [tryStop] SourceThread 2: attempting to stop source[m
[36m[23:57:50.995955] [D] [SingleNodeWorker] [WorkerThread-1] [Task:487762675] [SourceThread.cpp:248] [tryStop] SourceThread 2: stopped[m
[32m[23:57:50.996031] [I] [SingleNodeWorker] [WorkerThread-1] [Task:487762675-9] [VoidSink.cpp:42] [stop] Void Sink completed.[m
[36m[23:57:50.996083] [D] [SingleNodeWorker] [WorkerThread-1] [] [SourceThread.cpp:226] [tryStop] SourceThread 2: thread is not running[m
[32m[23:57:50.996161] [I] [SingleNodeWorker] [WorkerThread-0] [] [SequenceShredder.cpp:55] [~SequenceShredder] Successfully validated SequenceShredder[m
[36m[23:57:53.241172] [D] [Not A Worker] [unnamed] [queryId:890759091] [BufferManager.cpp:110] [initialize] NES memory allocation requires 1 out of 540577120256 (so 1.8498748143954595e-10%) available bytes[m
[36m[23:57:53.241225] [D] [Not A Worker] [unnamed] [queryId:890759091] [BufferManager.cpp:160] [initialize] BufferManager configuration bufferSize=1 numOfBuffers=1[m
[36m[23:57:53.241414] [D] [Not A Worker] [unnamed] [queryId:890759091] [PipeliningPhase.cpp:365] [apply] Constructed pipeline plan with 1 root pipelines.
PipelinedQueryPlan for Query: 890759091
Number of root pipelines: 1
------------------
Root Pipeline 0:
  Pipeline(ID(10), Provider(COMPILER))
  Operator chain:
    PhysicalOperator(NES::SourcePhysicalOperator)
  Successor Pipeline:
    Pipeline(ID(11), Provider(None))
      Operator chain:
        PhysicalOperator(NES::ScanPhysicalOperator)
          PhysicalOperator(NES::SelectionPhysicalOperator)
            PhysicalOperator(NES::MapPhysicalOperator)
              PhysicalOperator(NES::EmitPhysicalOperator)
      Successor Pipeline:
        Pipeline(ID(12), Provider(None))
          Operator chain:
            PhysicalOperator(NES::SinkPhysicalOperator)

[m
[36m[23:57:53.244091] [D] [Not A Worker] [unnamed] [] [SinkProvider.cpp:30] [lower] The sinkDescriptor is: SinkDescriptor: (name: variant("PERSON_ID_SINK"), type: Void, Config: )[m
[36m[23:57:53.248524] [D] [SingleNodeWorker] [WorkerThread-1] [Task:890759091-12] [VoidSink.cpp:37] [start] Setting up void sink: VoidSink[m
[36m[23:57:53.364201] [D] [SingleNodeWorker] [WorkerThread-1] [] [SourceThread.cpp:184] [start] Starting source with originId: 2[m
[36m[23:57:53.374023] [D] [SingleNodeWorker] [WorkerThread-1] [Task:890759091-11] [BufferManager.cpp:65] [~BufferManager] Calling BufferManager::destroy()[m
[36m[23:57:53.374053] [D] [SingleNodeWorker] [WorkerThread-1] [Task:890759091-11] [BufferManager.cpp:93] [~BufferManager] Shutting down Buffer Manager completed[m
[36m[23:58:07.642620] [D] [SingleNodeWorker] [WorkerThread-0] [Task:890759091] [SourceThread.cpp:230] [tryStop] SourceThread 2: attempting to stop source[m
[36m[23:58:07.642668] [D] [SingleNodeWorker] [WorkerThread-0] [Task:890759091] [SourceThread.cpp:248] [tryStop] SourceThread 2: stopped[m
[32m[23:58:07.669911] [I] [SingleNodeWorker] [WorkerThread-1] [] [SequenceShredder.cpp:55] [~SequenceShredder] Successfully validated SequenceShredder[m
[32m[23:58:07.678003] [I] [SingleNodeWorker] [WorkerThread-0] [Task:890759091-12] [VoidSink.cpp:42] [stop] Void Sink completed.[m
[36m[23:58:07.678151] [D] [SingleNodeWorker] [WorkerThread-0] [] [SourceThread.cpp:226] [tryStop] SourceThread 2: thread is not running[m
[36m[23:58:09.794540] [D] [Not A Worker] [unnamed] [queryId:2144538108] [BufferManager.cpp:110] [initialize] NES memory allocation requires 1 out of 540577120256 (so 1.8498748143954595e-10%) available bytes[m
[36m[23:58:09.794591] [D] [Not A Worker] [unnamed] [queryId:2144538108] [BufferManager.cpp:160] [initialize] BufferManager configuration bufferSize=1 numOfBuffers=1[m
[36m[23:58:09.794772] [D] [Not A Worker] [unnamed] [queryId:2144538108] [PipeliningPhase.cpp:365] [apply] Constructed pipeline plan with 1 root pipelines.
PipelinedQueryPlan for Query: 2144538108
Number of root pipelines: 1
------------------
Root Pipeline 0:
  Pipeline(ID(13), Provider(COMPILER))
  Operator chain:
    PhysicalOperator(NES::SourcePhysicalOperator)
  Successor Pipeline:
    Pipeline(ID(14), Provider(None))
      Operator chain:
        PhysicalOperator(NES::ScanPhysicalOperator)
          PhysicalOperator(NES::SelectionPhysicalOperator)
            PhysicalOperator(NES::MapPhysicalOperator)
              PhysicalOperator(NES::EmitPhysicalOperator)
      Successor Pipeline:
        Pipeline(ID(15), Provider(None))
          Operator chain:
            PhysicalOperator(NES::SinkPhysicalOperator)

[m
[36m[23:58:09.798631] [D] [Not A Worker] [unnamed] [] [SinkProvider.cpp:30] [lower] The sinkDescriptor is: SinkDescriptor: (name: variant("PERSON_ID_SINK"), type: Void, Config: )[m
[36m[23:58:09.801730] [D] [SingleNodeWorker] [WorkerThread-1] [Task:2144538108-15] [VoidSink.cpp:37] [start] Setting up void sink: VoidSink[m
[36m[23:58:09.913278] [D] [SingleNodeWorker] [WorkerThread-1] [] [SourceThread.cpp:184] [start] Starting source with originId: 2[m
[36m[23:58:09.923272] [D] [SingleNodeWorker] [WorkerThread-1] [Task:2144538108-14] [BufferManager.cpp:65] [~BufferManager] Calling BufferManager::destroy()[m
[36m[23:58:09.923300] [D] [SingleNodeWorker] [WorkerThread-1] [Task:2144538108-14] [BufferManager.cpp:93] [~BufferManager] Shutting down Buffer Manager completed[m
[36m[23:58:24.089737] [D] [SingleNodeWorker] [WorkerThread-1] [Task:2144538108] [SourceThread.cpp:230] [tryStop] SourceThread 2: attempting to stop source[m
[36m[23:58:24.089808] [D] [SingleNodeWorker] [WorkerThread-1] [Task:2144538108] [SourceThread.cpp:248] [tryStop] SourceThread 2: stopped[m
[32m[23:58:24.126696] [I] [SingleNodeWorker] [WorkerThread-1] [] [SequenceShredder.cpp:55] [~SequenceShredder] Successfully validated SequenceShredder[m
[32m[23:58:24.127083] [I] [SingleNodeWorker] [WorkerThread-0] [Task:2144538108-15] [VoidSink.cpp:42] [stop] Void Sink completed.[m
[36m[23:58:24.127246] [D] [SingleNodeWorker] [WorkerThread-0] [] [SourceThread.cpp:226] [tryStop] SourceThread 2: thread is not running[m
[36m[23:58:26.325038] [D] [Not A Worker] [unnamed] [queryId:240227948] [BufferManager.cpp:110] [initialize] NES memory allocation requires 1 out of 540577120256 (so 1.8498748143954595e-10%) available bytes[m
[36m[23:58:26.325103] [D] [Not A Worker] [unnamed] [queryId:240227948] [BufferManager.cpp:160] [initialize] BufferManager configuration bufferSize=1 numOfBuffers=1[m
[36m[23:58:26.325270] [D] [Not A Worker] [unnamed] [queryId:240227948] [PipeliningPhase.cpp:365] [apply] Constructed pipeline plan with 1 root pipelines.
PipelinedQueryPlan for Query: 240227948
Number of root pipelines: 1
------------------
Root Pipeline 0:
  Pipeline(ID(16), Provider(COMPILER))
  Operator chain:
    PhysicalOperator(NES::SourcePhysicalOperator)
  Successor Pipeline:
    Pipeline(ID(17), Provider(None))
      Operator chain:
        PhysicalOperator(NES::ScanPhysicalOperator)
          PhysicalOperator(NES::SelectionPhysicalOperator)
            PhysicalOperator(NES::MapPhysicalOperator)
              PhysicalOperator(NES::EmitPhysicalOperator)
      Successor Pipeline:
        Pipeline(ID(18), Provider(None))
          Operator chain:
            PhysicalOperator(NES::SinkPhysicalOperator)

[m
[36m[23:58:26.327963] [D] [Not A Worker] [unnamed] [] [SinkProvider.cpp:30] [lower] The sinkDescriptor is: SinkDescriptor: (name: variant("PERSON_ID_SINK"), type: Void, Config: )[m
[36m[23:58:26.348099] [D] [SingleNodeWorker] [WorkerThread-1] [Task:240227948-18] [VoidSink.cpp:37] [start] Setting up void sink: VoidSink[m
[36m[23:58:26.459213] [D] [SingleNodeWorker] [WorkerThread-1] [] [SourceThread.cpp:184] [start] Starting source with originId: 2[m
[36m[23:58:26.468800] [D] [SingleNodeWorker] [WorkerThread-1] [Task:240227948-17] [BufferManager.cpp:65] [~BufferManager] Calling BufferManager::destroy()[m
[36m[23:58:26.468828] [D] [SingleNodeWorker] [WorkerThread-1] [Task:240227948-17] [BufferManager.cpp:93] [~BufferManager] Shutting down Buffer Manager completed[m
[36m[23:58:40.557092] [D] [SingleNodeWorker] [WorkerThread-1] [Task:240227948] [SourceThread.cpp:230] [tryStop] SourceThread 2: attempting to stop source[m
[36m[23:58:40.557141] [D] [SingleNodeWorker] [WorkerThread-1] [Task:240227948] [SourceThread.cpp:248] [tryStop] SourceThread 2: stopped[m
[32m[23:58:40.594504] [I] [SingleNodeWorker] [WorkerThread-1] [] [SequenceShredder.cpp:55] [~SequenceShredder] Successfully validated SequenceShredder[m
[32m[23:58:40.594662] [I] [SingleNodeWorker] [WorkerThread-0] [Task:240227948-18] [VoidSink.cpp:42] [stop] Void Sink completed.[m
[36m[23:58:40.594805] [D] [SingleNodeWorker] [WorkerThread-0] [] [SourceThread.cpp:226] [tryStop] SourceThread 2: thread is not running[m
[36m[23:58:42.842477] [D] [Not A Worker] [unnamed] [queryId:1956617971] [BufferManager.cpp:110] [initialize] NES memory allocation requires 1 out of 540577120256 (so 1.8498748143954595e-10%) available bytes[m
[36m[23:58:42.842551] [D] [Not A Worker] [unnamed] [queryId:1956617971] [BufferManager.cpp:160] [initialize] BufferManager configuration bufferSize=1 numOfBuffers=1[m
[36m[23:58:42.842730] [D] [Not A Worker] [unnamed] [queryId:1956617971] [PipeliningPhase.cpp:365] [apply] Constructed pipeline plan with 1 root pipelines.
PipelinedQueryPlan for Query: 1956617971
Number of root pipelines: 1
------------------
Root Pipeline 0:
  Pipeline(ID(19), Provider(COMPILER))
  Operator chain:
    PhysicalOperator(NES::SourcePhysicalOperator)
  Successor Pipeline:
    Pipeline(ID(20), Provider(None))
      Operator chain:
        PhysicalOperator(NES::ScanPhysicalOperator)
          PhysicalOperator(NES::SelectionPhysicalOperator)
            PhysicalOperator(NES::MapPhysicalOperator)
              PhysicalOperator(NES::EmitPhysicalOperator)
      Successor Pipeline:
        Pipeline(ID(21), Provider(None))
          Operator chain:
            PhysicalOperator(NES::SinkPhysicalOperator)

[m
[36m[23:58:42.846162] [D] [Not A Worker] [unnamed] [] [SinkProvider.cpp:30] [lower] The sinkDescriptor is: SinkDescriptor: (name: variant("PERSON_ID_SINK"), type: Void, Config: )[m
[36m[23:58:42.846565] [D] [SingleNodeWorker] [WorkerThread-0] [Task:1956617971-21] [VoidSink.cpp:37] [start] Setting up void sink: VoidSink[m
[36m[23:58:42.954441] [D] [SingleNodeWorker] [WorkerThread-1] [] [SourceThread.cpp:184] [start] Starting source with originId: 2[m
[36m[23:58:42.964250] [D] [SingleNodeWorker] [WorkerThread-1] [Task:1956617971-20] [BufferManager.cpp:65] [~BufferManager] Calling BufferManager::destroy()[m
[36m[23:58:42.964281] [D] [SingleNodeWorker] [WorkerThread-1] [Task:1956617971-20] [BufferManager.cpp:93] [~BufferManager] Shutting down Buffer Manager completed[m
[36m[23:58:57.037697] [D] [SingleNodeWorker] [WorkerThread-0] [Task:1956617971] [SourceThread.cpp:230] [tryStop] SourceThread 2: attempting to stop source[m
[36m[23:58:57.037741] [D] [SingleNodeWorker] [WorkerThread-0] [Task:1956617971] [SourceThread.cpp:248] [tryStop] SourceThread 2: stopped[m
[32m[23:58:57.064174] [I] [SingleNodeWorker] [WorkerThread-1] [] [SequenceShredder.cpp:55] [~SequenceShredder] Successfully validated SequenceShredder[m
[32m[23:58:57.073776] [I] [SingleNodeWorker] [WorkerThread-0] [Task:1956617971-21] [VoidSink.cpp:42] [stop] Void Sink completed.[m
[36m[23:58:57.073911] [D] [SingleNodeWorker] [WorkerThread-0] [] [SourceThread.cpp:226] [tryStop] SourceThread 2: thread is not running[m
[36m[23:58:59.258197] [D] [Not A Worker] [unnamed] [queryId:2131440673] [BufferManager.cpp:110] [initialize] NES memory allocation requires 1 out of 540577120256 (so 1.8498748143954595e-10%) available bytes[m
[36m[23:58:59.258249] [D] [Not A Worker] [unnamed] [queryId:2131440673] [BufferManager.cpp:160] [initialize] BufferManager configuration bufferSize=1 numOfBuffers=1[m
[36m[23:58:59.258418] [D] [Not A Worker] [unnamed] [queryId:2131440673] [PipeliningPhase.cpp:365] [apply] Constructed pipeline plan with 1 root pipelines.
PipelinedQueryPlan for Query: 2131440673
Number of root pipelines: 1
------------------
Root Pipeline 0:
  Pipeline(ID(22), Provider(COMPILER))
  Operator chain:
    PhysicalOperator(NES::SourcePhysicalOperator)
  Successor Pipeline:
    Pipeline(ID(23), Provider(None))
      Operator chain:
        PhysicalOperator(NES::ScanPhysicalOperator)
          PhysicalOperator(NES::SelectionPhysicalOperator)
            PhysicalOperator(NES::MapPhysicalOperator)
              PhysicalOperator(NES::EmitPhysicalOperator)
      Successor Pipeline:
        Pipeline(ID(24), Provider(None))
          Operator chain:
            PhysicalOperator(NES::SinkPhysicalOperator)

[m
[36m[23:58:59.262132] [D] [Not A Worker] [unnamed] [] [SinkProvider.cpp:30] [lower] The sinkDescriptor is: SinkDescriptor: (name: variant("PERSON_ID_SINK"), type: Void, Config: )[m
[36m[23:58:59.269792] [D] [SingleNodeWorker] [WorkerThread-0] [Task:2131440673-24] [VoidSink.cpp:37] [start] Setting up void sink: VoidSink[m
[36m[23:58:59.382767] [D] [SingleNodeWorker] [WorkerThread-0] [] [SourceThread.cpp:184] [start] Starting source with originId: 2[m
[36m[23:58:59.392422] [D] [SingleNodeWorker] [WorkerThread-0] [Task:2131440673-23] [BufferManager.cpp:65] [~BufferManager] Calling BufferManager::destroy()[m
[36m[23:58:59.392447] [D] [SingleNodeWorker] [WorkerThread-0] [Task:2131440673-23] [BufferManager.cpp:93] [~BufferManager] Shutting down Buffer Manager completed[m
[36m[23:59:13.461638] [D] [SingleNodeWorker] [WorkerThread-0] [Task:2131440673] [SourceThread.cpp:230] [tryStop] SourceThread 2: attempting to stop source[m
[36m[23:59:13.461693] [D] [SingleNodeWorker] [WorkerThread-0] [Task:2131440673] [SourceThread.cpp:248] [tryStop] SourceThread 2: stopped[m
[32m[23:59:13.499021] [I] [SingleNodeWorker] [WorkerThread-1] [Task:2131440673-24] [VoidSink.cpp:42] [stop] Void Sink completed.[m
[32m[23:59:13.499031] [I] [SingleNodeWorker] [WorkerThread-0] [] [SequenceShredder.cpp:55] [~SequenceShredder] Successfully validated SequenceShredder[m
[36m[23:59:13.499194] [D] [SingleNodeWorker] [WorkerThread-1] [] [SourceThread.cpp:226] [tryStop] SourceThread 2: thread is not running[m
[36m[23:59:15.965199] [D] [Not A Worker] [unnamed] [queryId:1143711681] [BufferManager.cpp:110] [initialize] NES memory allocation requires 1 out of 540577120256 (so 1.8498748143954595e-10%) available bytes[m
[36m[23:59:15.965250] [D] [Not A Worker] [unnamed] [queryId:1143711681] [BufferManager.cpp:160] [initialize] BufferManager configuration bufferSize=1 numOfBuffers=1[m
[36m[23:59:15.965416] [D] [Not A Worker] [unnamed] [queryId:1143711681] [PipeliningPhase.cpp:365] [apply] Constructed pipeline plan with 1 root pipelines.
PipelinedQueryPlan for Query: 1143711681
Number of root pipelines: 1
------------------
Root Pipeline 0:
  Pipeline(ID(25), Provider(COMPILER))
  Operator chain:
    PhysicalOperator(NES::SourcePhysicalOperator)
  Successor Pipeline:
    Pipeline(ID(26), Provider(None))
      Operator chain:
        PhysicalOperator(NES::ScanPhysicalOperator)
          PhysicalOperator(NES::SelectionPhysicalOperator)
            PhysicalOperator(NES::MapPhysicalOperator)
              PhysicalOperator(NES::EmitPhysicalOperator)
      Successor Pipeline:
        Pipeline(ID(27), Provider(None))
          Operator chain:
            PhysicalOperator(NES::SinkPhysicalOperator)

[m
[36m[23:59:15.969031] [D] [Not A Worker] [unnamed] [] [SinkProvider.cpp:30] [lower] The sinkDescriptor is: SinkDescriptor: (name: variant("PERSON_ID_SINK"), type: Void, Config: )[m
[36m[23:59:15.970556] [D] [SingleNodeWorker] [WorkerThread-0] [Task:1143711681-27] [VoidSink.cpp:37] [start] Setting up void sink: VoidSink[m
[36m[23:59:16.082497] [D] [SingleNodeWorker] [WorkerThread-0] [] [SourceThread.cpp:184] [start] Starting source with originId: 2[m
[36m[23:59:16.092372] [D] [SingleNodeWorker] [WorkerThread-0] [Task:1143711681-26] [BufferManager.cpp:65] [~BufferManager] Calling BufferManager::destroy()[m
[36m[23:59:16.092400] [D] [SingleNodeWorker] [WorkerThread-0] [Task:1143711681-26] [BufferManager.cpp:93] [~BufferManager] Shutting down Buffer Manager completed[m
[36m[23:59:30.125663] [D] [SingleNodeWorker] [WorkerThread-0] [Task:1143711681] [SourceThread.cpp:230] [tryStop] SourceThread 2: attempting to stop source[m
[36m[23:59:30.125704] [D] [SingleNodeWorker] [WorkerThread-0] [Task:1143711681] [SourceThread.cpp:248] [tryStop] SourceThread 2: stopped[m
[32m[23:59:30.153360] [I] [SingleNodeWorker] [WorkerThread-1] [] [SequenceShredder.cpp:55] [~SequenceShredder] Successfully validated SequenceShredder[m
[32m[23:59:30.161758] [I] [SingleNodeWorker] [WorkerThread-0] [Task:1143711681-27] [VoidSink.cpp:42] [stop] Void Sink completed.[m
[36m[23:59:30.161880] [D] [SingleNodeWorker] [WorkerThread-0] [] [SourceThread.cpp:226] [tryStop] SourceThread 2: thread is not running[m
[36m[23:59:32.424429] [D] [Not A Worker] [unnamed] [queryId:761476251] [BufferManager.cpp:110] [initialize] NES memory allocation requires 1 out of 540577120256 (so 1.8498748143954595e-10%) available bytes[m
[36m[23:59:32.424474] [D] [Not A Worker] [unnamed] [queryId:761476251] [BufferManager.cpp:160] [initialize] BufferManager configuration bufferSize=1 numOfBuffers=1[m
[36m[23:59:32.424671] [D] [Not A Worker] [unnamed] [queryId:761476251] [PipeliningPhase.cpp:365] [apply] Constructed pipeline plan with 1 root pipelines.
PipelinedQueryPlan for Query: 761476251
Number of root pipelines: 1
------------------
Root Pipeline 0:
  Pipeline(ID(28), Provider(COMPILER))
  Operator chain:
    PhysicalOperator(NES::SourcePhysicalOperator)
  Successor Pipeline:
    Pipeline(ID(29), Provider(None))
      Operator chain:
        PhysicalOperator(NES::ScanPhysicalOperator)
          PhysicalOperator(NES::SelectionPhysicalOperator)
            PhysicalOperator(NES::MapPhysicalOperator)
              PhysicalOperator(NES::EmitPhysicalOperator)
      Successor Pipeline:
        Pipeline(ID(30), Provider(None))
          Operator chain:
            PhysicalOperator(NES::SinkPhysicalOperator)

[m
[36m[23:59:32.428469] [D] [Not A Worker] [unnamed] [] [SinkProvider.cpp:30] [lower] The sinkDescriptor is: SinkDescriptor: (name: variant("PERSON_ID_SINK"), type: Void, Config: )[m
[36m[23:59:32.429037] [D] [SingleNodeWorker] [WorkerThread-0] [Task:761476251-30] [VoidSink.cpp:37] [start] Setting up void sink: VoidSink[m
[36m[23:59:32.540020] [D] [SingleNodeWorker] [WorkerThread-0] [] [SourceThread.cpp:184] [start] Starting source with originId: 2[m
[36m[23:59:32.550034] [D] [SingleNodeWorker] [WorkerThread-0] [Task:761476251-29] [BufferManager.cpp:65] [~BufferManager] Calling BufferManager::destroy()[m
[36m[23:59:32.550059] [D] [SingleNodeWorker] [WorkerThread-0] [Task:761476251-29] [BufferManager.cpp:93] [~BufferManager] Shutting down Buffer Manager completed[m
[36m[23:59:46.565301] [D] [SingleNodeWorker] [WorkerThread-0] [Task:761476251] [SourceThread.cpp:230] [tryStop] SourceThread 2: attempting to stop source[m
[36m[23:59:46.565340] [D] [SingleNodeWorker] [WorkerThread-0] [Task:761476251] [SourceThread.cpp:248] [tryStop] SourceThread 2: stopped[m
[32m[23:59:46.591407] [I] [SingleNodeWorker] [WorkerThread-0] [] [SequenceShredder.cpp:55] [~SequenceShredder] Successfully validated SequenceShredder[m
[32m[23:59:46.602331] [I] [SingleNodeWorker] [WorkerThread-1] [Task:761476251-30] [VoidSink.cpp:42] [stop] Void Sink completed.[m
[36m[23:59:46.602473] [D] [SingleNodeWorker] [WorkerThread-1] [] [SourceThread.cpp:226] [tryStop] SourceThread 2: thread is not running[m
[36m[23:59:48.998110] [D] [Not A Worker] [unnamed] [queryId:672275558] [BufferManager.cpp:110] [initialize] NES memory allocation requires 1 out of 540577120256 (so 1.8498748143954595e-10%) available bytes[m
[36m[23:59:48.998157] [D] [Not A Worker] [unnamed] [queryId:672275558] [BufferManager.cpp:160] [initialize] BufferManager configuration bufferSize=1 numOfBuffers=1[m
[36m[23:59:48.998350] [D] [Not A Worker] [unnamed] [queryId:672275558] [PipeliningPhase.cpp:365] [apply] Constructed pipeline plan with 1 root pipelines.
PipelinedQueryPlan for Query: 672275558
Number of root pipelines: 1
------------------
Root Pipeline 0:
  Pipeline(ID(31), Provider(COMPILER))
  Operator chain:
    PhysicalOperator(NES::SourcePhysicalOperator)
  Successor Pipeline:
    Pipeline(ID(32), Provider(None))
      Operator chain:
        PhysicalOperator(NES::ScanPhysicalOperator)
          PhysicalOperator(NES::SelectionPhysicalOperator)
            PhysicalOperator(NES::MapPhysicalOperator)
              PhysicalOperator(NES::EmitPhysicalOperator)
      Successor Pipeline:
        Pipeline(ID(33), Provider(None))
          Operator chain:
            PhysicalOperator(NES::SinkPhysicalOperator)

[m
[36m[23:59:49.002214] [D] [Not A Worker] [unnamed] [] [SinkProvider.cpp:30] [lower] The sinkDescriptor is: SinkDescriptor: (name: variant("PERSON_ID_SINK"), type: Void, Config: )[m
[36m[23:59:49.007472] [D] [SingleNodeWorker] [WorkerThread-0] [Task:672275558-33] [VoidSink.cpp:37] [start] Setting up void sink: VoidSink[m
[36m[23:59:49.116169] [D] [SingleNodeWorker] [WorkerThread-0] [] [SourceThread.cpp:184] [start] Starting source with originId: 2[m
[36m[23:59:49.125813] [D] [SingleNodeWorker] [WorkerThread-0] [Task:672275558-32] [BufferManager.cpp:65] [~BufferManager] Calling BufferManager::destroy()[m
[36m[23:59:49.125836] [D] [SingleNodeWorker] [WorkerThread-0] [Task:672275558-32] [BufferManager.cpp:93] [~BufferManager] Shutting down Buffer Manager completed[m
[36m[00:00:03.166983] [D] [SingleNodeWorker] [WorkerThread-0] [Task:672275558] [SourceThread.cpp:230] [tryStop] SourceThread 2: attempting to stop source[m
[36m[00:00:03.167031] [D] [SingleNodeWorker] [WorkerThread-0] [Task:672275558] [SourceThread.cpp:248] [tryStop] SourceThread 2: stopped[m
[32m[00:00:03.193215] [I] [SingleNodeWorker] [WorkerThread-1] [] [SequenceShredder.cpp:55] [~SequenceShredder] Successfully validated SequenceShredder[m
[32m[00:00:03.202602] [I] [SingleNodeWorker] [WorkerThread-0] [Task:672275558-33] [VoidSink.cpp:42] [stop] Void Sink completed.[m
[36m[00:00:03.202735] [D] [SingleNodeWorker] [WorkerThread-0] [] [SourceThread.cpp:226] [tryStop] SourceThread 2: thread is not running[m
[36m[00:00:05.582973] [D] [Not A Worker] [unnamed] [queryId:1595647801] [BufferManager.cpp:110] [initialize] NES memory allocation requires 1 out of 540577120256 (so 1.8498748143954595e-10%) available bytes[m
[36m[00:00:05.583024] [D] [Not A Worker] [unnamed] [queryId:1595647801] [BufferManager.cpp:160] [initialize] BufferManager configuration bufferSize=1 numOfBuffers=1[m
[36m[00:00:05.583203] [D] [Not A Worker] [unnamed] [queryId:1595647801] [PipeliningPhase.cpp:365] [apply] Constructed pipeline plan with 1 root pipelines.
PipelinedQueryPlan for Query: 1595647801
Number of root pipelines: 1
------------------
Root Pipeline 0:
  Pipeline(ID(34), Provider(COMPILER))
  Operator chain:
    PhysicalOperator(NES::SourcePhysicalOperator)
  Successor Pipeline:
    Pipeline(ID(35), Provider(None))
      Operator chain:
        PhysicalOperator(NES::ScanPhysicalOperator)
          PhysicalOperator(NES::SelectionPhysicalOperator)
            PhysicalOperator(NES::MapPhysicalOperator)
              PhysicalOperator(NES::EmitPhysicalOperator)
      Successor Pipeline:
        Pipeline(ID(36), Provider(None))
          Operator chain:
            PhysicalOperator(NES::SinkPhysicalOperator)

[m
[36m[00:00:05.587355] [D] [Not A Worker] [unnamed] [] [SinkProvider.cpp:30] [lower] The sinkDescriptor is: SinkDescriptor: (name: variant("PERSON_ID_SINK"), type: Void, Config: )[m
[36m[00:00:05.602114] [D] [SingleNodeWorker] [WorkerThread-0] [Task:1595647801-36] [VoidSink.cpp:37] [start] Setting up void sink: VoidSink[m
[36m[00:00:05.713455] [D] [SingleNodeWorker] [WorkerThread-0] [] [SourceThread.cpp:184] [start] Starting source with originId: 2[m
[36m[00:00:05.723195] [D] [SingleNodeWorker] [WorkerThread-0] [Task:1595647801-35] [BufferManager.cpp:65] [~BufferManager] Calling BufferManager::destroy()[m
[36m[00:00:05.723219] [D] [SingleNodeWorker] [WorkerThread-0] [Task:1595647801-35] [BufferManager.cpp:93] [~BufferManager] Shutting down Buffer Manager completed[m
[36m[00:00:19.786010] [D] [SingleNodeWorker] [WorkerThread-1] [Task:1595647801] [SourceThread.cpp:230] [tryStop] SourceThread 2: attempting to stop source[m
[36m[00:00:19.786062] [D] [SingleNodeWorker] [WorkerThread-1] [Task:1595647801] [SourceThread.cpp:248] [tryStop] SourceThread 2: stopped[m
[32m[00:00:19.812935] [I] [SingleNodeWorker] [WorkerThread-0] [] [SequenceShredder.cpp:55] [~SequenceShredder] Successfully validated SequenceShredder[m
[32m[00:00:19.823008] [I] [SingleNodeWorker] [WorkerThread-1] [Task:1595647801-36] [VoidSink.cpp:42] [stop] Void Sink completed.[m
[36m[00:00:19.823135] [D] [SingleNodeWorker] [WorkerThread-1] [] [SourceThread.cpp:226] [tryStop] SourceThread 2: thread is not running[m
[36m[00:00:22.051374] [D] [Not A Worker] [unnamed] [queryId:1884541284] [BufferManager.cpp:110] [initialize] NES memory allocation requires 1 out of 540577120256 (so 1.8498748143954595e-10%) available bytes[m
[36m[00:00:22.051430] [D] [Not A Worker] [unnamed] [queryId:1884541284] [BufferManager.cpp:160] [initialize] BufferManager configuration bufferSize=1 numOfBuffers=1[m
[36m[00:00:22.051604] [D] [Not A Worker] [unnamed] [queryId:1884541284] [PipeliningPhase.cpp:365] [apply] Constructed pipeline plan with 1 root pipelines.
PipelinedQueryPlan for Query: 1884541284
Number of root pipelines: 1
------------------
Root Pipeline 0:
  Pipeline(ID(37), Provider(COMPILER))
  Operator chain:
    PhysicalOperator(NES::SourcePhysicalOperator)
  Successor Pipeline:
    Pipeline(ID(38), Provider(None))
      Operator chain:
        PhysicalOperator(NES::ScanPhysicalOperator)
          PhysicalOperator(NES::SelectionPhysicalOperator)
            PhysicalOperator(NES::MapPhysicalOperator)
              PhysicalOperator(NES::EmitPhysicalOperator)
      Successor Pipeline:
        Pipeline(ID(39), Provider(None))
          Operator chain:
            PhysicalOperator(NES::SinkPhysicalOperator)

[m
[36m[00:00:22.055554] [D] [Not A Worker] [unnamed] [] [SinkProvider.cpp:30] [lower] The sinkDescriptor is: SinkDescriptor: (name: variant("PERSON_ID_SINK"), type: Void, Config: )[m
[36m[00:00:22.067393] [D] [SingleNodeWorker] [WorkerThread-1] [Task:1884541284-39] [VoidSink.cpp:37] [start] Setting up void sink: VoidSink[m
[36m[00:00:22.183594] [D] [SingleNodeWorker] [WorkerThread-1] [] [SourceThread.cpp:184] [start] Starting source with originId: 2[m
[36m[00:00:22.193335] [D] [SingleNodeWorker] [WorkerThread-1] [Task:1884541284-38] [BufferManager.cpp:65] [~BufferManager] Calling BufferManager::destroy()[m
[36m[00:00:22.193361] [D] [SingleNodeWorker] [WorkerThread-1] [Task:1884541284-38] [BufferManager.cpp:93] [~BufferManager] Shutting down Buffer Manager completed[m
[36m[00:00:36.220995] [D] [SingleNodeWorker] [WorkerThread-0] [Task:1884541284] [SourceThread.cpp:230] [tryStop] SourceThread 2: attempting to stop source[m
[36m[00:00:36.221038] [D] [SingleNodeWorker] [WorkerThread-0] [Task:1884541284] [SourceThread.cpp:248] [tryStop] SourceThread 2: stopped[m
[32m[00:00:36.247633] [I] [SingleNodeWorker] [WorkerThread-1] [] [SequenceShredder.cpp:55] [~SequenceShredder] Successfully validated SequenceShredder[m
[32m[00:00:36.255777] [I] [SingleNodeWorker] [WorkerThread-0] [Task:1884541284-39] [VoidSink.cpp:42] [stop] Void Sink completed.[m
[36m[00:00:36.255907] [D] [SingleNodeWorker] [WorkerThread-0] [] [SourceThread.cpp:226] [tryStop] SourceThread 2: thread is not running[m
[36m[00:00:38.463480] [D] [Not A Worker] [unnamed] [queryId:2139341975] [BufferManager.cpp:110] [initialize] NES memory allocation requires 1 out of 540577120256 (so 1.8498748143954595e-10%) available bytes[m
[36m[00:00:38.463530] [D] [Not A Worker] [unnamed] [queryId:2139341975] [BufferManager.cpp:160] [initialize] BufferManager configuration bufferSize=1 numOfBuffers=1[m
[36m[00:00:38.463696] [D] [Not A Worker] [unnamed] [queryId:2139341975] [PipeliningPhase.cpp:365] [apply] Constructed pipeline plan with 1 root pipelines.
PipelinedQueryPlan for Query: 2139341975
Number of root pipelines: 1
------------------
Root Pipeline 0:
  Pipeline(ID(40), Provider(COMPILER))
  Operator chain:
    PhysicalOperator(NES::SourcePhysicalOperator)
  Successor Pipeline:
    Pipeline(ID(41), Provider(None))
      Operator chain:
        PhysicalOperator(NES::ScanPhysicalOperator)
          PhysicalOperator(NES::SelectionPhysicalOperator)
            PhysicalOperator(NES::MapPhysicalOperator)
              PhysicalOperator(NES::EmitPhysicalOperator)
      Successor Pipeline:
        Pipeline(ID(42), Provider(None))
          Operator chain:
            PhysicalOperator(NES::SinkPhysicalOperator)

[m
[36m[00:00:38.467259] [D] [Not A Worker] [unnamed] [] [SinkProvider.cpp:30] [lower] The sinkDescriptor is: SinkDescriptor: (name: variant("PERSON_ID_SINK"), type: Void, Config: )[m
[36m[00:00:38.469642] [D] [SingleNodeWorker] [WorkerThread-1] [Task:2139341975-42] [VoidSink.cpp:37] [start] Setting up void sink: VoidSink[m
[36m[00:00:38.578955] [D] [SingleNodeWorker] [WorkerThread-1] [] [SourceThread.cpp:184] [start] Starting source with originId: 2[m
[36m[00:00:38.588383] [D] [SingleNodeWorker] [WorkerThread-1] [Task:2139341975-41] [BufferManager.cpp:65] [~BufferManager] Calling BufferManager::destroy()[m
[36m[00:00:38.588408] [D] [SingleNodeWorker] [WorkerThread-1] [Task:2139341975-41] [BufferManager.cpp:93] [~BufferManager] Shutting down Buffer Manager completed[m
[36m[00:00:52.731033] [D] [SingleNodeWorker] [WorkerThread-1] [Task:2139341975] [SourceThread.cpp:230] [tryStop] SourceThread 2: attempting to stop source[m
[36m[00:00:52.731100] [D] [SingleNodeWorker] [WorkerThread-1] [Task:2139341975] [SourceThread.cpp:248] [tryStop] SourceThread 2: stopped[m
[32m[00:00:52.757696] [I] [SingleNodeWorker] [WorkerThread-0] [] [SequenceShredder.cpp:55] [~SequenceShredder] Successfully validated SequenceShredder[m
[32m[00:00:52.767247] [I] [SingleNodeWorker] [WorkerThread-1] [Task:2139341975-42] [VoidSink.cpp:42] [stop] Void Sink completed.[m
[36m[00:00:52.767386] [D] [SingleNodeWorker] [WorkerThread-1] [] [SourceThread.cpp:226] [tryStop] SourceThread 2: thread is not running[m
[36m[00:00:54.941586] [D] [Not A Worker] [unnamed] [queryId:1458925683] [BufferManager.cpp:110] [initialize] NES memory allocation requires 1 out of 540577120256 (so 1.8498748143954595e-10%) available bytes[m
[36m[00:00:54.941632] [D] [Not A Worker] [unnamed] [queryId:1458925683] [BufferManager.cpp:160] [initialize] BufferManager configuration bufferSize=1 numOfBuffers=1[m
[36m[00:00:54.941811] [D] [Not A Worker] [unnamed] [queryId:1458925683] [PipeliningPhase.cpp:365] [apply] Constructed pipeline plan with 1 root pipelines.
PipelinedQueryPlan for Query: 1458925683
Number of root pipelines: 1
------------------
Root Pipeline 0:
  Pipeline(ID(43), Provider(COMPILER))
  Operator chain:
    PhysicalOperator(NES::SourcePhysicalOperator)
  Successor Pipeline:
    Pipeline(ID(44), Provider(None))
      Operator chain:
        PhysicalOperator(NES::ScanPhysicalOperator)
          PhysicalOperator(NES::SelectionPhysicalOperator)
            PhysicalOperator(NES::MapPhysicalOperator)
              PhysicalOperator(NES::EmitPhysicalOperator)
      Successor Pipeline:
        Pipeline(ID(45), Provider(None))
          Operator chain:
            PhysicalOperator(NES::SinkPhysicalOperator)

[m
[36m[00:00:54.945132] [D] [Not A Worker] [unnamed] [] [SinkProvider.cpp:30] [lower] The sinkDescriptor is: SinkDescriptor: (name: variant("PERSON_ID_SINK"), type: Void, Config: )[m
[36m[00:00:54.957566] [D] [SingleNodeWorker] [WorkerThread-0] [Task:1458925683-45] [VoidSink.cpp:37] [start] Setting up void sink: VoidSink[m
[36m[00:00:55.072059] [D] [SingleNodeWorker] [WorkerThread-0] [] [SourceThread.cpp:184] [start] Starting source with originId: 2[m
[36m[00:00:55.082210] [D] [SingleNodeWorker] [WorkerThread-0] [Task:1458925683-44] [BufferManager.cpp:65] [~BufferManager] Calling BufferManager::destroy()[m
[36m[00:00:55.082241] [D] [SingleNodeWorker] [WorkerThread-0] [Task:1458925683-44] [BufferManager.cpp:93] [~BufferManager] Shutting down Buffer Manager completed[m
[36m[00:01:09.129095] [D] [SingleNodeWorker] [WorkerThread-1] [Task:1458925683] [SourceThread.cpp:230] [tryStop] SourceThread 2: attempting to stop source[m
[36m[00:01:09.129150] [D] [SingleNodeWorker] [WorkerThread-1] [Task:1458925683] [SourceThread.cpp:248] [tryStop] SourceThread 2: stopped[m
[32m[00:01:09.155367] [I] [SingleNodeWorker] [WorkerThread-0] [] [SequenceShredder.cpp:55] [~SequenceShredder] Successfully validated SequenceShredder[m
[32m[00:01:09.165987] [I] [SingleNodeWorker] [WorkerThread-1] [Task:1458925683-45] [VoidSink.cpp:42] [stop] Void Sink completed.[m
[36m[00:01:09.166116] [D] [SingleNodeWorker] [WorkerThread-1] [] [SourceThread.cpp:226] [tryStop] SourceThread 2: thread is not running[m
[36m[00:01:11.446472] [D] [Not A Worker] [unnamed] [queryId:1721198957] [BufferManager.cpp:110] [initialize] NES memory allocation requires 1 out of 540577120256 (so 1.8498748143954595e-10%) available bytes[m
[36m[00:01:11.446523] [D] [Not A Worker] [unnamed] [queryId:1721198957] [BufferManager.cpp:160] [initialize] BufferManager configuration bufferSize=1 numOfBuffers=1[m
[36m[00:01:11.446695] [D] [Not A Worker] [unnamed] [queryId:1721198957] [PipeliningPhase.cpp:365] [apply] Constructed pipeline plan with 1 root pipelines.
PipelinedQueryPlan for Query: 1721198957
Number of root pipelines: 1
------------------
Root Pipeline 0:
  Pipeline(ID(46), Provider(COMPILER))
  Operator chain:
    PhysicalOperator(NES::SourcePhysicalOperator)
  Successor Pipeline:
    Pipeline(ID(47), Provider(None))
      Operator chain:
        PhysicalOperator(NES::ScanPhysicalOperator)
          PhysicalOperator(NES::SelectionPhysicalOperator)
            PhysicalOperator(NES::MapPhysicalOperator)
              PhysicalOperator(NES::EmitPhysicalOperator)
      Successor Pipeline:
        Pipeline(ID(48), Provider(None))
          Operator chain:
            PhysicalOperator(NES::SinkPhysicalOperator)

[m
[36m[00:01:11.450140] [D] [Not A Worker] [unnamed] [] [SinkProvider.cpp:30] [lower] The sinkDescriptor is: SinkDescriptor: (name: variant("PERSON_ID_SINK"), type: Void, Config: )[m
[36m[00:01:11.453896] [D] [SingleNodeWorker] [WorkerThread-1] [Task:1721198957-48] [VoidSink.cpp:37] [start] Setting up void sink: VoidSink[m
[36m[00:01:11.565873] [D] [SingleNodeWorker] [WorkerThread-1] [] [SourceThread.cpp:184] [start] Starting source with originId: 2[m
[36m[00:01:11.575878] [D] [SingleNodeWorker] [WorkerThread-1] [Task:1721198957-47] [BufferManager.cpp:65] [~BufferManager] Calling BufferManager::destroy()[m
[36m[00:01:11.575908] [D] [SingleNodeWorker] [WorkerThread-1] [Task:1721198957-47] [BufferManager.cpp:93] [~BufferManager] Shutting down Buffer Manager completed[m
[36m[00:01:25.622242] [D] [SingleNodeWorker] [WorkerThread-0] [Task:1721198957] [SourceThread.cpp:230] [tryStop] SourceThread 2: attempting to stop source[m
[36m[00:01:25.622285] [D] [SingleNodeWorker] [WorkerThread-0] [Task:1721198957] [SourceThread.cpp:248] [tryStop] SourceThread 2: stopped[m
[32m[00:01:25.648509] [I] [SingleNodeWorker] [WorkerThread-1] [] [SequenceShredder.cpp:55] [~SequenceShredder] Successfully validated SequenceShredder[m
[32m[00:01:25.658736] [I] [SingleNodeWorker] [WorkerThread-0] [Task:1721198957-48] [VoidSink.cpp:42] [stop] Void Sink completed.[m
[36m[00:01:25.658864] [D] [SingleNodeWorker] [WorkerThread-0] [] [SourceThread.cpp:226] [tryStop] SourceThread 2: thread is not running[m
[36m[00:01:27.981597] [D] [Not A Worker] [unnamed] [queryId:1979153412] [BufferManager.cpp:110] [initialize] NES memory allocation requires 1 out of 540577120256 (so 1.8498748143954595e-10%) available bytes[m
[36m[00:01:27.981664] [D] [Not A Worker] [unnamed] [queryId:1979153412] [BufferManager.cpp:160] [initialize] BufferManager configuration bufferSize=1 numOfBuffers=1[m
[36m[00:01:27.981845] [D] [Not A Worker] [unnamed] [queryId:1979153412] [PipeliningPhase.cpp:365] [apply] Constructed pipeline plan with 1 root pipelines.
PipelinedQueryPlan for Query: 1979153412
Number of root pipelines: 1
------------------
Root Pipeline 0:
  Pipeline(ID(49), Provider(COMPILER))
  Operator chain:
    PhysicalOperator(NES::SourcePhysicalOperator)
  Successor Pipeline:
    Pipeline(ID(50), Provider(None))
      Operator chain:
        PhysicalOperator(NES::ScanPhysicalOperator)
          PhysicalOperator(NES::SelectionPhysicalOperator)
            PhysicalOperator(NES::MapPhysicalOperator)
              PhysicalOperator(NES::EmitPhysicalOperator)
      Successor Pipeline:
        Pipeline(ID(51), Provider(None))
          Operator chain:
            PhysicalOperator(NES::SinkPhysicalOperator)

[m
[36m[00:01:27.985617] [D] [Not A Worker] [unnamed] [] [SinkProvider.cpp:30] [lower] The sinkDescriptor is: SinkDescriptor: (name: variant("PERSON_ID_SINK"), type: Void, Config: )[m
[36m[00:01:27.995052] [D] [SingleNodeWorker] [WorkerThread-1] [Task:1979153412-51] [VoidSink.cpp:37] [start] Setting up void sink: VoidSink[m
[36m[00:01:28.104775] [D] [SingleNodeWorker] [WorkerThread-1] [] [SourceThread.cpp:184] [start] Starting source with originId: 2[m
[36m[00:01:28.114374] [D] [SingleNodeWorker] [WorkerThread-1] [Task:1979153412-50] [BufferManager.cpp:65] [~BufferManager] Calling BufferManager::destroy()[m
[36m[00:01:28.114402] [D] [SingleNodeWorker] [WorkerThread-1] [Task:1979153412-50] [BufferManager.cpp:93] [~BufferManager] Shutting down Buffer Manager completed[m
[36m[00:01:42.244821] [D] [SingleNodeWorker] [WorkerThread-0] [Task:1979153412] [SourceThread.cpp:230] [tryStop] SourceThread 2: attempting to stop source[m
[36m[00:01:42.244866] [D] [SingleNodeWorker] [WorkerThread-0] [Task:1979153412] [SourceThread.cpp:248] [tryStop] SourceThread 2: stopped[m
[32m[00:01:42.272972] [I] [SingleNodeWorker] [WorkerThread-1] [] [SequenceShredder.cpp:55] [~SequenceShredder] Successfully validated SequenceShredder[m
[32m[00:01:42.280468] [I] [SingleNodeWorker] [WorkerThread-0] [Task:1979153412-51] [VoidSink.cpp:42] [stop] Void Sink completed.[m
[36m[00:01:42.280609] [D] [SingleNodeWorker] [WorkerThread-0] [] [SourceThread.cpp:226] [tryStop] SourceThread 2: thread is not running[m
[36m[00:01:44.449021] [D] [Not A Worker] [unnamed] [queryId:753875884] [BufferManager.cpp:110] [initialize] NES memory allocation requires 1 out of 540577120256 (so 1.8498748143954595e-10%) available bytes[m
[36m[00:01:44.449070] [D] [Not A Worker] [unnamed] [queryId:753875884] [BufferManager.cpp:160] [initialize] BufferManager configuration bufferSize=1 numOfBuffers=1[m
[36m[00:01:44.449247] [D] [Not A Worker] [unnamed] [queryId:753875884] [PipeliningPhase.cpp:365] [apply] Constructed pipeline plan with 1 root pipelines.
PipelinedQueryPlan for Query: 753875884
Number of root pipelines: 1
------------------
Root Pipeline 0:
  Pipeline(ID(52), Provider(COMPILER))
  Operator chain:
    PhysicalOperator(NES::SourcePhysicalOperator)
  Successor Pipeline:
    Pipeline(ID(53), Provider(None))
      Operator chain:
        PhysicalOperator(NES::ScanPhysicalOperator)
          PhysicalOperator(NES::SelectionPhysicalOperator)
            PhysicalOperator(NES::MapPhysicalOperator)
              PhysicalOperator(NES::EmitPhysicalOperator)
      Successor Pipeline:
        Pipeline(ID(54), Provider(None))
          Operator chain:
            PhysicalOperator(NES::SinkPhysicalOperator)

[m
[36m[00:01:44.452845] [D] [Not A Worker] [unnamed] [] [SinkProvider.cpp:30] [lower] The sinkDescriptor is: SinkDescriptor: (name: variant("PERSON_ID_SINK"), type: Void, Config: )[m
[36m[00:01:44.468679] [D] [SingleNodeWorker] [WorkerThread-1] [Task:753875884-54] [VoidSink.cpp:37] [start] Setting up void sink: VoidSink[m
[36m[00:01:44.581025] [D] [SingleNodeWorker] [WorkerThread-1] [] [SourceThread.cpp:184] [start] Starting source with originId: 2[m
[36m[00:01:44.590546] [D] [SingleNodeWorker] [WorkerThread-1] [Task:753875884-53] [BufferManager.cpp:65] [~BufferManager] Calling BufferManager::destroy()[m
[36m[00:01:44.590573] [D] [SingleNodeWorker] [WorkerThread-1] [Task:753875884-53] [BufferManager.cpp:93] [~BufferManager] Shutting down Buffer Manager completed[m
[36m[00:01:58.614446] [D] [SingleNodeWorker] [WorkerThread-0] [Task:753875884] [SourceThread.cpp:230] [tryStop] SourceThread 2: attempting to stop source[m
[36m[00:01:58.614491] [D] [SingleNodeWorker] [WorkerThread-0] [Task:753875884] [SourceThread.cpp:248] [tryStop] SourceThread 2: stopped[m
[32m[00:01:58.642720] [I] [SingleNodeWorker] [WorkerThread-1] [] [SequenceShredder.cpp:55] [~SequenceShredder] Successfully validated SequenceShredder[m
[32m[00:01:58.650141] [I] [SingleNodeWorker] [WorkerThread-0] [Task:753875884-54] [VoidSink.cpp:42] [stop] Void Sink completed.[m
[36m[00:01:58.650291] [D] [SingleNodeWorker] [WorkerThread-0] [] [SourceThread.cpp:226] [tryStop] SourceThread 2: thread is not running[m
[36m[00:02:01.037610] [D] [Not A Worker] [unnamed] [queryId:1548603899] [BufferManager.cpp:110] [initialize] NES memory allocation requires 1 out of 540577120256 (so 1.8498748143954595e-10%) available bytes[m
[36m[00:02:01.037660] [D] [Not A Worker] [unnamed] [queryId:1548603899] [BufferManager.cpp:160] [initialize] BufferManager configuration bufferSize=1 numOfBuffers=1[m
[36m[00:02:01.037868] [D] [Not A Worker] [unnamed] [queryId:1548603899] [PipeliningPhase.cpp:365] [apply] Constructed pipeline plan with 1 root pipelines.
PipelinedQueryPlan for Query: 1548603899
Number of root pipelines: 1
------------------
Root Pipeline 0:
  Pipeline(ID(55), Provider(COMPILER))
  Operator chain:
    PhysicalOperator(NES::SourcePhysicalOperator)
  Successor Pipeline:
    Pipeline(ID(56), Provider(None))
      Operator chain:
        PhysicalOperator(NES::ScanPhysicalOperator)
          PhysicalOperator(NES::SelectionPhysicalOperator)
            PhysicalOperator(NES::MapPhysicalOperator)
              PhysicalOperator(NES::EmitPhysicalOperator)
      Successor Pipeline:
        Pipeline(ID(57), Provider(None))
          Operator chain:
            PhysicalOperator(NES::SinkPhysicalOperator)

[m
[36m[00:02:01.041600] [D] [Not A Worker] [unnamed] [] [SinkProvider.cpp:30] [lower] The sinkDescriptor is: SinkDescriptor: (name: variant("PERSON_ID_SINK"), type: Void, Config: )[m
[36m[00:02:01.044265] [D] [SingleNodeWorker] [WorkerThread-1] [Task:1548603899-57] [VoidSink.cpp:37] [start] Setting up void sink: VoidSink[m
[36m[00:02:01.156378] [D] [SingleNodeWorker] [WorkerThread-0] [] [SourceThread.cpp:184] [start] Starting source with originId: 2[m
[36m[00:02:01.166257] [D] [SingleNodeWorker] [WorkerThread-0] [Task:1548603899-56] [BufferManager.cpp:65] [~BufferManager] Calling BufferManager::destroy()[m
[36m[00:02:01.166283] [D] [SingleNodeWorker] [WorkerThread-0] [Task:1548603899-56] [BufferManager.cpp:93] [~BufferManager] Shutting down Buffer Manager completed[m
[36m[00:02:15.228212] [D] [SingleNodeWorker] [WorkerThread-1] [Task:1548603899] [SourceThread.cpp:230] [tryStop] SourceThread 2: attempting to stop source[m
[36m[00:02:15.228263] [D] [SingleNodeWorker] [WorkerThread-1] [Task:1548603899] [SourceThread.cpp:248] [tryStop] SourceThread 2: stopped[m
[32m[00:02:15.256113] [I] [SingleNodeWorker] [WorkerThread-0] [] [SequenceShredder.cpp:55] [~SequenceShredder] Successfully validated SequenceShredder[m
[32m[00:02:15.265789] [I] [SingleNodeWorker] [WorkerThread-1] [Task:1548603899-57] [VoidSink.cpp:42] [stop] Void Sink completed.[m
[36m[00:02:15.265918] [D] [SingleNodeWorker] [WorkerThread-1] [] [SourceThread.cpp:226] [tryStop] SourceThread 2: thread is not running[m
[36m[00:02:17.585356] [D] [Not A Worker] [unnamed] [queryId:208118555] [BufferManager.cpp:110] [initialize] NES memory allocation requires 1 out of 540577120256 (so 1.8498748143954595e-10%) available bytes[m
[36m[00:02:17.585408] [D] [Not A Worker] [unnamed] [queryId:208118555] [BufferManager.cpp:160] [initialize] BufferManager configuration bufferSize=1 numOfBuffers=1[m
[36m[00:02:17.585577] [D] [Not A Worker] [unnamed] [queryId:208118555] [PipeliningPhase.cpp:365] [apply] Constructed pipeline plan with 1 root pipelines.
PipelinedQueryPlan for Query: 208118555
Number of root pipelines: 1
------------------
Root Pipeline 0:
  Pipeline(ID(58), Provider(COMPILER))
  Operator chain:
    PhysicalOperator(NES::SourcePhysicalOperator)
  Successor Pipeline:
    Pipeline(ID(59), Provider(None))
      Operator chain:
        PhysicalOperator(NES::ScanPhysicalOperator)
          PhysicalOperator(NES::SelectionPhysicalOperator)
            PhysicalOperator(NES::MapPhysicalOperator)
              PhysicalOperator(NES::EmitPhysicalOperator)
      Successor Pipeline:
        Pipeline(ID(60), Provider(None))
          Operator chain:
            PhysicalOperator(NES::SinkPhysicalOperator)

[m
[36m[00:02:17.589202] [D] [Not A Worker] [unnamed] [] [SinkProvider.cpp:30] [lower] The sinkDescriptor is: SinkDescriptor: (name: variant("PERSON_ID_SINK"), type: Void, Config: )[m
[36m[00:02:17.594419] [D] [SingleNodeWorker] [WorkerThread-0] [Task:208118555-60] [VoidSink.cpp:37] [start] Setting up void sink: VoidSink[m
[36m[00:02:17.701681] [D] [SingleNodeWorker] [WorkerThread-0] [] [SourceThread.cpp:184] [start] Starting source with originId: 2[m
[36m[00:02:17.710973] [D] [SingleNodeWorker] [WorkerThread-0] [Task:208118555-59] [BufferManager.cpp:65] [~BufferManager] Calling BufferManager::destroy()[m
[36m[00:02:17.710997] [D] [SingleNodeWorker] [WorkerThread-0] [Task:208118555-59] [BufferManager.cpp:93] [~BufferManager] Shutting down Buffer Manager completed[m
[36m[00:02:31.752702] [D] [SingleNodeWorker] [WorkerThread-1] [Task:208118555] [SourceThread.cpp:230] [tryStop] SourceThread 2: attempting to stop source[m
[36m[00:02:31.752750] [D] [SingleNodeWorker] [WorkerThread-1] [Task:208118555] [SourceThread.cpp:248] [tryStop] SourceThread 2: stopped[m
[32m[00:02:31.789158] [I] [SingleNodeWorker] [WorkerThread-0] [] [SequenceShredder.cpp:55] [~SequenceShredder] Successfully validated SequenceShredder[m
[32m[00:02:31.789884] [I] [SingleNodeWorker] [WorkerThread-1] [Task:208118555-60] [VoidSink.cpp:42] [stop] Void Sink completed.[m
[36m[00:02:31.790008] [D] [SingleNodeWorker] [WorkerThread-1] [] [SourceThread.cpp:226] [tryStop] SourceThread 2: thread is not running[m
[36m[00:02:34.182278] [D] [Not A Worker] [unnamed] [queryId:934630694] [BufferManager.cpp:110] [initialize] NES memory allocation requires 1 out of 540577120256 (so 1.8498748143954595e-10%) available bytes[m
[36m[00:02:34.182328] [D] [Not A Worker] [unnamed] [queryId:934630694] [BufferManager.cpp:160] [initialize] BufferManager configuration bufferSize=1 numOfBuffers=1[m
[36m[00:02:34.182517] [D] [Not A Worker] [unnamed] [queryId:934630694] [PipeliningPhase.cpp:365] [apply] Constructed pipeline plan with 1 root pipelines.
PipelinedQueryPlan for Query: 934630694
Number of root pipelines: 1
------------------
Root Pipeline 0:
  Pipeline(ID(61), Provider(COMPILER))
  Operator chain:
    PhysicalOperator(NES::SourcePhysicalOperator)
  Successor Pipeline:
    Pipeline(ID(62), Provider(None))
      Operator chain:
        PhysicalOperator(NES::ScanPhysicalOperator)
          PhysicalOperator(NES::SelectionPhysicalOperator)
            PhysicalOperator(NES::MapPhysicalOperator)
              PhysicalOperator(NES::EmitPhysicalOperator)
      Successor Pipeline:
        Pipeline(ID(63), Provider(None))
          Operator chain:
            PhysicalOperator(NES::SinkPhysicalOperator)

[m
[36m[00:02:34.185214] [D] [Not A Worker] [unnamed] [] [SinkProvider.cpp:30] [lower] The sinkDescriptor is: SinkDescriptor: (name: variant("PERSON_ID_SINK"), type: Void, Config: )[m
[36m[00:02:34.185632] [D] [SingleNodeWorker] [WorkerThread-0] [Task:934630694-63] [VoidSink.cpp:37] [start] Setting up void sink: VoidSink[m
[36m[00:02:34.326395] [D] [SingleNodeWorker] [WorkerThread-0] [] [SourceThread.cpp:184] [start] Starting source with originId: 2[m
[36m[00:02:34.336548] [D] [SingleNodeWorker] [WorkerThread-0] [Task:934630694-62] [BufferManager.cpp:65] [~BufferManager] Calling BufferManager::destroy()[m
[36m[00:02:34.336579] [D] [SingleNodeWorker] [WorkerThread-0] [Task:934630694-62] [BufferManager.cpp:93] [~BufferManager] Shutting down Buffer Manager completed[m
[36m[00:02:48.382324] [D] [SingleNodeWorker] [WorkerThread-1] [Task:934630694] [SourceThread.cpp:230] [tryStop] SourceThread 2: attempting to stop source[m
[36m[00:02:48.382372] [D] [SingleNodeWorker] [WorkerThread-1] [Task:934630694] [SourceThread.cpp:248] [tryStop] SourceThread 2: stopped[m
[32m[00:02:48.409873] [I] [SingleNodeWorker] [WorkerThread-0] [] [SequenceShredder.cpp:55] [~SequenceShredder] Successfully validated SequenceShredder[m
[32m[00:02:48.420269] [I] [SingleNodeWorker] [WorkerThread-1] [Task:934630694-63] [VoidSink.cpp:42] [stop] Void Sink completed.[m
[36m[00:02:48.420399] [D] [SingleNodeWorker] [WorkerThread-1] [] [SourceThread.cpp:226] [tryStop] SourceThread 2: thread is not running[m
[36m[00:02:50.714110] [D] [Not A Worker] [unnamed] [queryId:31054263] [BufferManager.cpp:110] [initialize] NES memory allocation requires 1 out of 540577120256 (so 1.8498748143954595e-10%) available bytes[m
[36m[00:02:50.714164] [D] [Not A Worker] [unnamed] [queryId:31054263] [BufferManager.cpp:160] [initialize] BufferManager configuration bufferSize=1 numOfBuffers=1[m
[36m[00:02:50.714336] [D] [Not A Worker] [unnamed] [queryId:31054263] [PipeliningPhase.cpp:365] [apply] Constructed pipeline plan with 1 root pipelines.
PipelinedQueryPlan for Query: 31054263
Number of root pipelines: 1
------------------
Root Pipeline 0:
  Pipeline(ID(64), Provider(COMPILER))
  Operator chain:
    PhysicalOperator(NES::SourcePhysicalOperator)
  Successor Pipeline:
    Pipeline(ID(65), Provider(None))
      Operator chain:
        PhysicalOperator(NES::ScanPhysicalOperator)
          PhysicalOperator(NES::SelectionPhysicalOperator)
            PhysicalOperator(NES::MapPhysicalOperator)
              PhysicalOperator(NES::EmitPhysicalOperator)
      Successor Pipeline:
        Pipeline(ID(66), Provider(None))
          Operator chain:
            PhysicalOperator(NES::SinkPhysicalOperator)

[m
[36m[00:02:50.718152] [D] [Not A Worker] [unnamed] [] [SinkProvider.cpp:30] [lower] The sinkDescriptor is: SinkDescriptor: (name: variant("PERSON_ID_SINK"), type: Void, Config: )[m
[36m[00:02:50.720786] [D] [SingleNodeWorker] [WorkerThread-1] [Task:31054263-66] [VoidSink.cpp:37] [start] Setting up void sink: VoidSink[m
[36m[00:02:50.859929] [D] [SingleNodeWorker] [WorkerThread-1] [] [SourceThread.cpp:184] [start] Starting source with originId: 2[m
[36m[00:02:50.869363] [D] [SingleNodeWorker] [WorkerThread-1] [Task:31054263-65] [BufferManager.cpp:65] [~BufferManager] Calling BufferManager::destroy()[m
[36m[00:02:50.869390] [D] [SingleNodeWorker] [WorkerThread-1] [Task:31054263-65] [BufferManager.cpp:93] [~BufferManager] Shutting down Buffer Manager completed[m
[36m[00:03:04.910211] [D] [SingleNodeWorker] [WorkerThread-0] [Task:31054263] [SourceThread.cpp:230] [tryStop] SourceThread 2: attempting to stop source[m
[36m[00:03:04.910273] [D] [SingleNodeWorker] [WorkerThread-0] [Task:31054263] [SourceThread.cpp:248] [tryStop] SourceThread 2: stopped[m
[32m[00:03:04.937214] [I] [SingleNodeWorker] [WorkerThread-1] [] [SequenceShredder.cpp:55] [~SequenceShredder] Successfully validated SequenceShredder[m
[32m[00:03:04.946471] [I] [SingleNodeWorker] [WorkerThread-0] [Task:31054263-66] [VoidSink.cpp:42] [stop] Void Sink completed.[m
[36m[00:03:04.946621] [D] [SingleNodeWorker] [WorkerThread-0] [] [SourceThread.cpp:226] [tryStop] SourceThread 2: thread is not running[m
[36m[00:03:07.155616] [D] [Not A Worker] [unnamed] [queryId:499215435] [BufferManager.cpp:110] [initialize] NES memory allocation requires 1 out of 540577120256 (so 1.8498748143954595e-10%) available bytes[m
[36m[00:03:07.155666] [D] [Not A Worker] [unnamed] [queryId:499215435] [BufferManager.cpp:160] [initialize] BufferManager configuration bufferSize=1 numOfBuffers=1[m
[36m[00:03:07.155842] [D] [Not A Worker] [unnamed] [queryId:499215435] [PipeliningPhase.cpp:365] [apply] Constructed pipeline plan with 1 root pipelines.
PipelinedQueryPlan for Query: 499215435
Number of root pipelines: 1
------------------
Root Pipeline 0:
  Pipeline(ID(67), Provider(COMPILER))
  Operator chain:
    PhysicalOperator(NES::SourcePhysicalOperator)
  Successor Pipeline:
    Pipeline(ID(68), Provider(None))
      Operator chain:
        PhysicalOperator(NES::ScanPhysicalOperator)
          PhysicalOperator(NES::SelectionPhysicalOperator)
            PhysicalOperator(NES::MapPhysicalOperator)
              PhysicalOperator(NES::EmitPhysicalOperator)
      Successor Pipeline:
        Pipeline(ID(69), Provider(None))
          Operator chain:
            PhysicalOperator(NES::SinkPhysicalOperator)

[m
[36m[00:03:07.158811] [D] [Not A Worker] [unnamed] [] [SinkProvider.cpp:30] [lower] The sinkDescriptor is: SinkDescriptor: (name: variant("PERSON_ID_SINK"), type: Void, Config: )[m
[36m[00:03:07.178936] [D] [SingleNodeWorker] [WorkerThread-0] [Task:499215435-69] [VoidSink.cpp:37] [start] Setting up void sink: VoidSink[m
[36m[00:03:07.322026] [D] [SingleNodeWorker] [WorkerThread-0] [] [SourceThread.cpp:184] [start] Starting source with originId: 2[m
[36m[00:03:07.331879] [D] [SingleNodeWorker] [WorkerThread-0] [Task:499215435-68] [BufferManager.cpp:65] [~BufferManager] Calling BufferManager::destroy()[m
[36m[00:03:07.331908] [D] [SingleNodeWorker] [WorkerThread-0] [Task:499215435-68] [BufferManager.cpp:93] [~BufferManager] Shutting down Buffer Manager completed[m
[36m[00:03:21.341562] [D] [SingleNodeWorker] [WorkerThread-1] [Task:499215435] [SourceThread.cpp:230] [tryStop] SourceThread 2: attempting to stop source[m
[36m[00:03:21.341610] [D] [SingleNodeWorker] [WorkerThread-1] [Task:499215435] [SourceThread.cpp:248] [tryStop] SourceThread 2: stopped[m
[32m[00:03:21.368032] [I] [SingleNodeWorker] [WorkerThread-0] [] [SequenceShredder.cpp:55] [~SequenceShredder] Successfully validated SequenceShredder[m
[32m[00:03:21.377937] [I] [SingleNodeWorker] [WorkerThread-1] [Task:499215435-69] [VoidSink.cpp:42] [stop] Void Sink completed.[m
[36m[00:03:21.378064] [D] [SingleNodeWorker] [WorkerThread-1] [] [SourceThread.cpp:226] [tryStop] SourceThread 2: thread is not running[m
[36m[00:03:23.525730] [D] [Not A Worker] [unnamed] [queryId:732467414] [BufferManager.cpp:110] [initialize] NES memory allocation requires 1 out of 540577120256 (so 1.8498748143954595e-10%) available bytes[m
[36m[00:03:23.525778] [D] [Not A Worker] [unnamed] [queryId:732467414] [BufferManager.cpp:160] [initialize] BufferManager configuration bufferSize=1 numOfBuffers=1[m
[36m[00:03:23.525984] [D] [Not A Worker] [unnamed] [queryId:732467414] [PipeliningPhase.cpp:365] [apply] Constructed pipeline plan with 1 root pipelines.
PipelinedQueryPlan for Query: 732467414
Number of root pipelines: 1
------------------
Root Pipeline 0:
  Pipeline(ID(70), Provider(COMPILER))
  Operator chain:
    PhysicalOperator(NES::SourcePhysicalOperator)
  Successor Pipeline:
    Pipeline(ID(71), Provider(None))
      Operator chain:
        PhysicalOperator(NES::ScanPhysicalOperator)
          PhysicalOperator(NES::SelectionPhysicalOperator)
            PhysicalOperator(NES::MapPhysicalOperator)
              PhysicalOperator(NES::EmitPhysicalOperator)
      Successor Pipeline:
        Pipeline(ID(72), Provider(None))
          Operator chain:
            PhysicalOperator(NES::SinkPhysicalOperator)

[m
[36m[00:03:23.529286] [D] [Not A Worker] [unnamed] [] [SinkProvider.cpp:30] [lower] The sinkDescriptor is: SinkDescriptor: (name: variant("PERSON_ID_SINK"), type: Void, Config: )[m
[36m[00:03:23.534764] [D] [SingleNodeWorker] [WorkerThread-1] [Task:732467414-72] [VoidSink.cpp:37] [start] Setting up void sink: VoidSink[m
[36m[00:03:23.676605] [D] [SingleNodeWorker] [WorkerThread-1] [] [SourceThread.cpp:184] [start] Starting source with originId: 2[m
[36m[00:03:23.686241] [D] [SingleNodeWorker] [WorkerThread-1] [Task:732467414-71] [BufferManager.cpp:65] [~BufferManager] Calling BufferManager::destroy()[m
[36m[00:03:23.686268] [D] [SingleNodeWorker] [WorkerThread-1] [Task:732467414-71] [BufferManager.cpp:93] [~BufferManager] Shutting down Buffer Manager completed[m
[36m[00:03:37.758206] [D] [SingleNodeWorker] [WorkerThread-1] [Task:732467414] [SourceThread.cpp:230] [tryStop] SourceThread 2: attempting to stop source[m
[36m[00:03:37.758249] [D] [SingleNodeWorker] [WorkerThread-1] [Task:732467414] [SourceThread.cpp:248] [tryStop] SourceThread 2: stopped[m
[32m[00:03:37.786112] [I] [SingleNodeWorker] [WorkerThread-0] [] [SequenceShredder.cpp:55] [~SequenceShredder] Successfully validated SequenceShredder[m
[32m[00:03:37.795369] [I] [SingleNodeWorker] [WorkerThread-1] [Task:732467414-72] [VoidSink.cpp:42] [stop] Void Sink completed.[m
[36m[00:03:37.795494] [D] [SingleNodeWorker] [WorkerThread-1] [] [SourceThread.cpp:226] [tryStop] SourceThread 2: thread is not running[m
[36m[00:03:39.992144] [D] [Not A Worker] [unnamed] [queryId:582923794] [BufferManager.cpp:110] [initialize] NES memory allocation requires 1 out of 540577120256 (so 1.8498748143954595e-10%) available bytes[m
[36m[00:03:39.992202] [D] [Not A Worker] [unnamed] [queryId:582923794] [BufferManager.cpp:160] [initialize] BufferManager configuration bufferSize=1 numOfBuffers=1[m
[36m[00:03:39.992411] [D] [Not A Worker] [unnamed] [queryId:582923794] [PipeliningPhase.cpp:365] [apply] Constructed pipeline plan with 1 root pipelines.
PipelinedQueryPlan for Query: 582923794
Number of root pipelines: 1
------------------
Root Pipeline 0:
  Pipeline(ID(73), Provider(COMPILER))
  Operator chain:
    PhysicalOperator(NES::SourcePhysicalOperator)
  Successor Pipeline:
    Pipeline(ID(74), Provider(None))
      Operator chain:
        PhysicalOperator(NES::ScanPhysicalOperator)
          PhysicalOperator(NES::SelectionPhysicalOperator)
            PhysicalOperator(NES::MapPhysicalOperator)
              PhysicalOperator(NES::EmitPhysicalOperator)
      Successor Pipeline:
        Pipeline(ID(75), Provider(None))
          Operator chain:
            PhysicalOperator(NES::SinkPhysicalOperator)

[m
[36m[00:03:39.995673] [D] [Not A Worker] [unnamed] [] [SinkProvider.cpp:30] [lower] The sinkDescriptor is: SinkDescriptor: (name: variant("PERSON_ID_SINK"), type: Void, Config: )[m
[36m[00:03:40.034719] [D] [SingleNodeWorker] [WorkerThread-0] [Task:582923794-75] [VoidSink.cpp:37] [start] Setting up void sink: VoidSink[m
[36m[00:03:40.173728] [D] [SingleNodeWorker] [WorkerThread-0] [] [SourceThread.cpp:184] [start] Starting source with originId: 2[m
[36m[00:03:40.183890] [D] [SingleNodeWorker] [WorkerThread-0] [Task:582923794-74] [BufferManager.cpp:65] [~BufferManager] Calling BufferManager::destroy()[m
[36m[00:03:40.183919] [D] [SingleNodeWorker] [WorkerThread-0] [Task:582923794-74] [BufferManager.cpp:93] [~BufferManager] Shutting down Buffer Manager completed[m
[36m[00:03:54.221621] [D] [SingleNodeWorker] [WorkerThread-1] [Task:582923794] [SourceThread.cpp:230] [tryStop] SourceThread 2: attempting to stop source[m
[36m[00:03:54.221669] [D] [SingleNodeWorker] [WorkerThread-1] [Task:582923794] [SourceThread.cpp:248] [tryStop] SourceThread 2: stopped[m
[32m[00:03:54.247690] [I] [SingleNodeWorker] [WorkerThread-0] [] [SequenceShredder.cpp:55] [~SequenceShredder] Successfully validated SequenceShredder[m
[32m[00:03:54.257170] [I] [SingleNodeWorker] [WorkerThread-1] [Task:582923794-75] [VoidSink.cpp:42] [stop] Void Sink completed.[m
[36m[00:03:54.257297] [D] [SingleNodeWorker] [WorkerThread-1] [] [SourceThread.cpp:226] [tryStop] SourceThread 2: thread is not running[m
[36m[00:03:56.575324] [D] [Not A Worker] [unnamed] [queryId:1498209449] [BufferManager.cpp:110] [initialize] NES memory allocation requires 1 out of 540577120256 (so 1.8498748143954595e-10%) available bytes[m
[36m[00:03:56.575378] [D] [Not A Worker] [unnamed] [queryId:1498209449] [BufferManager.cpp:160] [initialize] BufferManager configuration bufferSize=1 numOfBuffers=1[m
[36m[00:03:56.575549] [D] [Not A Worker] [unnamed] [queryId:1498209449] [PipeliningPhase.cpp:365] [apply] Constructed pipeline plan with 1 root pipelines.
PipelinedQueryPlan for Query: 1498209449
Number of root pipelines: 1
------------------
Root Pipeline 0:
  Pipeline(ID(76), Provider(COMPILER))
  Operator chain:
    PhysicalOperator(NES::SourcePhysicalOperator)
  Successor Pipeline:
    Pipeline(ID(77), Provider(None))
      Operator chain:
        PhysicalOperator(NES::ScanPhysicalOperator)
          PhysicalOperator(NES::SelectionPhysicalOperator)
            PhysicalOperator(NES::MapPhysicalOperator)
              PhysicalOperator(NES::EmitPhysicalOperator)
      Successor Pipeline:
        Pipeline(ID(78), Provider(None))
          Operator chain:
            PhysicalOperator(NES::SinkPhysicalOperator)

[m
[36m[00:03:56.579468] [D] [Not A Worker] [unnamed] [] [SinkProvider.cpp:30] [lower] The sinkDescriptor is: SinkDescriptor: (name: variant("PERSON_ID_SINK"), type: Void, Config: )[m
[36m[00:03:56.582574] [D] [SingleNodeWorker] [WorkerThread-1] [Task:1498209449-78] [VoidSink.cpp:37] [start] Setting up void sink: VoidSink[m
[36m[00:03:56.718309] [D] [SingleNodeWorker] [WorkerThread-1] [] [SourceThread.cpp:184] [start] Starting source with originId: 2[m
[36m[00:03:56.727915] [D] [SingleNodeWorker] [WorkerThread-1] [Task:1498209449-77] [BufferManager.cpp:65] [~BufferManager] Calling BufferManager::destroy()[m
[36m[00:03:56.727945] [D] [SingleNodeWorker] [WorkerThread-1] [Task:1498209449-77] [BufferManager.cpp:93] [~BufferManager] Shutting down Buffer Manager completed[m
[36m[00:04:10.741511] [D] [SingleNodeWorker] [WorkerThread-1] [Task:1498209449] [SourceThread.cpp:230] [tryStop] SourceThread 2: attempting to stop source[m
[36m[00:04:10.741563] [D] [SingleNodeWorker] [WorkerThread-1] [Task:1498209449] [SourceThread.cpp:248] [tryStop] SourceThread 2: stopped[m
[32m[00:04:10.770060] [I] [SingleNodeWorker] [WorkerThread-0] [] [SequenceShredder.cpp:55] [~SequenceShredder] Successfully validated SequenceShredder[m
[32m[00:04:10.777635] [I] [SingleNodeWorker] [WorkerThread-1] [Task:1498209449-78] [VoidSink.cpp:42] [stop] Void Sink completed.[m
[36m[00:04:10.777785] [D] [SingleNodeWorker] [WorkerThread-1] [] [SourceThread.cpp:226] [tryStop] SourceThread 2: thread is not running[m
[36m[00:04:12.958141] [D] [Not A Worker] [unnamed] [queryId:1975113105] [BufferManager.cpp:110] [initialize] NES memory allocation requires 1 out of 540577120256 (so 1.8498748143954595e-10%) available bytes[m
[36m[00:04:12.958202] [D] [Not A Worker] [unnamed] [queryId:1975113105] [BufferManager.cpp:160] [initialize] BufferManager configuration bufferSize=1 numOfBuffers=1[m
[36m[00:04:12.958384] [D] [Not A Worker] [unnamed] [queryId:1975113105] [PipeliningPhase.cpp:365] [apply] Constructed pipeline plan with 1 root pipelines.
PipelinedQueryPlan for Query: 1975113105
Number of root pipelines: 1
------------------
Root Pipeline 0:
  Pipeline(ID(79), Provider(COMPILER))
  Operator chain:
    PhysicalOperator(NES::SourcePhysicalOperator)
  Successor Pipeline:
    Pipeline(ID(80), Provider(None))
      Operator chain:
        PhysicalOperator(NES::ScanPhysicalOperator)
          PhysicalOperator(NES::SelectionPhysicalOperator)
            PhysicalOperator(NES::MapPhysicalOperator)
              PhysicalOperator(NES::EmitPhysicalOperator)
      Successor Pipeline:
        Pipeline(ID(81), Provider(None))
          Operator chain:
            PhysicalOperator(NES::SinkPhysicalOperator)

[m
[36m[00:04:12.960648] [D] [Not A Worker] [unnamed] [] [SinkProvider.cpp:30] [lower] The sinkDescriptor is: SinkDescriptor: (name: variant("PERSON_ID_SINK"), type: Void, Config: )[m
[36m[00:04:12.978818] [D] [SingleNodeWorker] [WorkerThread-0] [Task:1975113105-81] [VoidSink.cpp:37] [start] Setting up void sink: VoidSink[m
[36m[00:04:13.111739] [D] [SingleNodeWorker] [WorkerThread-0] [] [SourceThread.cpp:184] [start] Starting source with originId: 2[m
[36m[00:04:13.121300] [D] [SingleNodeWorker] [WorkerThread-0] [Task:1975113105-80] [BufferManager.cpp:65] [~BufferManager] Calling BufferManager::destroy()[m
[36m[00:04:13.121327] [D] [SingleNodeWorker] [WorkerThread-0] [Task:1975113105-80] [BufferManager.cpp:93] [~BufferManager] Shutting down Buffer Manager completed[m
[36m[00:04:27.131825] [D] [SingleNodeWorker] [WorkerThread-1] [Task:1975113105] [SourceThread.cpp:230] [tryStop] SourceThread 2: attempting to stop source[m
[36m[00:04:27.131876] [D] [SingleNodeWorker] [WorkerThread-1] [Task:1975113105] [SourceThread.cpp:248] [tryStop] SourceThread 2: stopped[m
[32m[00:04:27.157730] [I] [SingleNodeWorker] [WorkerThread-0] [] [SequenceShredder.cpp:55] [~SequenceShredder] Successfully validated SequenceShredder[m
[32m[00:04:27.168893] [I] [SingleNodeWorker] [WorkerThread-1] [Task:1975113105-81] [VoidSink.cpp:42] [stop] Void Sink completed.[m
[36m[00:04:27.169040] [D] [SingleNodeWorker] [WorkerThread-1] [] [SourceThread.cpp:226] [tryStop] SourceThread 2: thread is not running[m
[36m[00:04:29.461713] [D] [Not A Worker] [unnamed] [queryId:923699976] [BufferManager.cpp:110] [initialize] NES memory allocation requires 1 out of 540577120256 (so 1.8498748143954595e-10%) available bytes[m
[36m[00:04:29.461760] [D] [Not A Worker] [unnamed] [queryId:923699976] [BufferManager.cpp:160] [initialize] BufferManager configuration bufferSize=1 numOfBuffers=1[m
[36m[00:04:29.461940] [D] [Not A Worker] [unnamed] [queryId:923699976] [PipeliningPhase.cpp:365] [apply] Constructed pipeline plan with 1 root pipelines.
PipelinedQueryPlan for Query: 923699976
Number of root pipelines: 1
------------------
Root Pipeline 0:
  Pipeline(ID(82), Provider(COMPILER))
  Operator chain:
    PhysicalOperator(NES::SourcePhysicalOperator)
  Successor Pipeline:
    Pipeline(ID(83), Provider(None))
      Operator chain:
        PhysicalOperator(NES::ScanPhysicalOperator)
          PhysicalOperator(NES::SelectionPhysicalOperator)
            PhysicalOperator(NES::MapPhysicalOperator)
              PhysicalOperator(NES::EmitPhysicalOperator)
      Successor Pipeline:
        Pipeline(ID(84), Provider(None))
          Operator chain:
            PhysicalOperator(NES::SinkPhysicalOperator)

[m
[36m[00:04:29.465174] [D] [Not A Worker] [unnamed] [] [SinkProvider.cpp:30] [lower] The sinkDescriptor is: SinkDescriptor: (name: variant("PERSON_ID_SINK"), type: Void, Config: )[m
[36m[00:04:29.469922] [D] [SingleNodeWorker] [WorkerThread-0] [Task:923699976-84] [VoidSink.cpp:37] [start] Setting up void sink: VoidSink[m
[36m[00:04:29.606217] [D] [SingleNodeWorker] [WorkerThread-1] [] [SourceThread.cpp:184] [start] Starting source with originId: 2[m
[36m[00:04:29.615703] [D] [SingleNodeWorker] [WorkerThread-1] [Task:923699976-83] [BufferManager.cpp:65] [~BufferManager] Calling BufferManager::destroy()[m
[36m[00:04:29.615730] [D] [SingleNodeWorker] [WorkerThread-1] [Task:923699976-83] [BufferManager.cpp:93] [~BufferManager] Shutting down Buffer Manager completed[m
[36m[00:04:43.653013] [D] [SingleNodeWorker] [WorkerThread-0] [Task:923699976] [SourceThread.cpp:230] [tryStop] SourceThread 2: attempting to stop source[m
[36m[00:04:43.653055] [D] [SingleNodeWorker] [WorkerThread-0] [Task:923699976] [SourceThread.cpp:248] [tryStop] SourceThread 2: stopped[m
[32m[00:04:43.679409] [I] [SingleNodeWorker] [WorkerThread-1] [] [SequenceShredder.cpp:55] [~SequenceShredder] Successfully validated SequenceShredder[m
[32m[00:04:43.689270] [I] [SingleNodeWorker] [WorkerThread-0] [Task:923699976-84] [VoidSink.cpp:42] [stop] Void Sink completed.[m
[36m[00:04:43.689394] [D] [SingleNodeWorker] [WorkerThread-0] [] [SourceThread.cpp:226] [tryStop] SourceThread 2: thread is not running[m
[36m[00:04:45.857172] [D] [Not A Worker] [unnamed] [queryId:225735794] [BufferManager.cpp:110] [initialize] NES memory allocation requires 1 out of 540577120256 (so 1.8498748143954595e-10%) available bytes[m
[36m[00:04:45.857223] [D] [Not A Worker] [unnamed] [queryId:225735794] [BufferManager.cpp:160] [initialize] BufferManager configuration bufferSize=1 numOfBuffers=1[m
[36m[00:04:45.857404] [D] [Not A Worker] [unnamed] [queryId:225735794] [PipeliningPhase.cpp:365] [apply] Constructed pipeline plan with 1 root pipelines.
PipelinedQueryPlan for Query: 225735794
Number of root pipelines: 1
------------------
Root Pipeline 0:
  Pipeline(ID(85), Provider(COMPILER))
  Operator chain:
    PhysicalOperator(NES::SourcePhysicalOperator)
  Successor Pipeline:
    Pipeline(ID(86), Provider(None))
      Operator chain:
        PhysicalOperator(NES::ScanPhysicalOperator)
          PhysicalOperator(NES::SelectionPhysicalOperator)
            PhysicalOperator(NES::MapPhysicalOperator)
              PhysicalOperator(NES::EmitPhysicalOperator)
      Successor Pipeline:
        Pipeline(ID(87), Provider(None))
          Operator chain:
            PhysicalOperator(NES::SinkPhysicalOperator)

[m
[36m[00:04:45.861272] [D] [Not A Worker] [unnamed] [] [SinkProvider.cpp:30] [lower] The sinkDescriptor is: SinkDescriptor: (name: variant("PERSON_ID_SINK"), type: Void, Config: )[m
[36m[00:04:45.866252] [D] [SingleNodeWorker] [WorkerThread-1] [Task:225735794-87] [VoidSink.cpp:37] [start] Setting up void sink: VoidSink[m
[36m[00:04:46.001635] [D] [SingleNodeWorker] [WorkerThread-1] [] [SourceThread.cpp:184] [start] Starting source with originId: 2[m
[36m[00:04:46.011643] [D] [SingleNodeWorker] [WorkerThread-1] [Task:225735794-86] [BufferManager.cpp:65] [~BufferManager] Calling BufferManager::destroy()[m
[36m[00:04:46.011670] [D] [SingleNodeWorker] [WorkerThread-1] [Task:225735794-86] [BufferManager.cpp:93] [~BufferManager] Shutting down Buffer Manager completed[m
[36m[00:05:00.039986] [D] [SingleNodeWorker] [WorkerThread-0] [Task:225735794] [SourceThread.cpp:230] [tryStop] SourceThread 2: attempting to stop source[m
[36m[00:05:00.040028] [D] [SingleNodeWorker] [WorkerThread-0] [Task:225735794] [SourceThread.cpp:248] [tryStop] SourceThread 2: stopped[m
[32m[00:05:00.066775] [I] [SingleNodeWorker] [WorkerThread-1] [] [SequenceShredder.cpp:55] [~SequenceShredder] Successfully validated SequenceShredder[m
[32m[00:05:00.076205] [I] [SingleNodeWorker] [WorkerThread-0] [Task:225735794-87] [VoidSink.cpp:42] [stop] Void Sink completed.[m
[36m[00:05:00.076329] [D] [SingleNodeWorker] [WorkerThread-0] [] [SourceThread.cpp:226] [tryStop] SourceThread 2: thread is not running[m
[36m[00:05:02.242810] [D] [Not A Worker] [unnamed] [queryId:1499640962] [BufferManager.cpp:110] [initialize] NES memory allocation requires 1 out of 540577120256 (so 1.8498748143954595e-10%) available bytes[m
[36m[00:05:02.242861] [D] [Not A Worker] [unnamed] [queryId:1499640962] [BufferManager.cpp:160] [initialize] BufferManager configuration bufferSize=1 numOfBuffers=1[m
[36m[00:05:02.243058] [D] [Not A Worker] [unnamed] [queryId:1499640962] [PipeliningPhase.cpp:365] [apply] Constructed pipeline plan with 1 root pipelines.
PipelinedQueryPlan for Query: 1499640962
Number of root pipelines: 1
------------------
Root Pipeline 0:
  Pipeline(ID(88), Provider(COMPILER))
  Operator chain:
    PhysicalOperator(NES::SourcePhysicalOperator)
  Successor Pipeline:
    Pipeline(ID(89), Provider(None))
      Operator chain:
        PhysicalOperator(NES::ScanPhysicalOperator)
          PhysicalOperator(NES::SelectionPhysicalOperator)
            PhysicalOperator(NES::MapPhysicalOperator)
              PhysicalOperator(NES::EmitPhysicalOperator)
      Successor Pipeline:
        Pipeline(ID(90), Provider(None))
          Operator chain:
            PhysicalOperator(NES::SinkPhysicalOperator)

[m
[36m[00:05:02.246444] [D] [Not A Worker] [unnamed] [] [SinkProvider.cpp:30] [lower] The sinkDescriptor is: SinkDescriptor: (name: variant("PERSON_ID_SINK"), type: Void, Config: )[m
[36m[00:05:02.256668] [D] [SingleNodeWorker] [WorkerThread-1] [Task:1499640962-90] [VoidSink.cpp:37] [start] Setting up void sink: VoidSink[m
[36m[00:05:02.392366] [D] [SingleNodeWorker] [WorkerThread-1] [] [SourceThread.cpp:184] [start] Starting source with originId: 2[m
[36m[00:05:02.401857] [D] [SingleNodeWorker] [WorkerThread-1] [Task:1499640962-89] [BufferManager.cpp:65] [~BufferManager] Calling BufferManager::destroy()[m
[36m[00:05:02.401885] [D] [SingleNodeWorker] [WorkerThread-1] [Task:1499640962-89] [BufferManager.cpp:93] [~BufferManager] Shutting down Buffer Manager completed[m
[36m[00:05:16.441554] [D] [SingleNodeWorker] [WorkerThread-1] [Task:1499640962] [SourceThread.cpp:230] [tryStop] SourceThread 2: attempting to stop source[m
[36m[00:05:16.441605] [D] [SingleNodeWorker] [WorkerThread-1] [Task:1499640962] [SourceThread.cpp:248] [tryStop] SourceThread 2: stopped[m
[32m[00:05:16.479560] [I] [SingleNodeWorker] [WorkerThread-1] [Task:1499640962-90] [VoidSink.cpp:42] [stop] Void Sink completed.[m
[32m[00:05:16.479670] [I] [SingleNodeWorker] [WorkerThread-0] [] [SequenceShredder.cpp:55] [~SequenceShredder] Successfully validated SequenceShredder[m
[36m[00:05:16.479684] [D] [SingleNodeWorker] [WorkerThread-1] [] [SourceThread.cpp:226] [tryStop] SourceThread 2: thread is not running[m
[36m[00:05:18.704584] [D] [Not A Worker] [unnamed] [queryId:2033425144] [BufferManager.cpp:110] [initialize] NES memory allocation requires 1 out of 540577120256 (so 1.8498748143954595e-10%) available bytes[m
[36m[00:05:18.704638] [D] [Not A Worker] [unnamed] [queryId:2033425144] [BufferManager.cpp:160] [initialize] BufferManager configuration bufferSize=1 numOfBuffers=1[m
[36m[00:05:18.704990] [D] [Not A Worker] [unnamed] [queryId:2033425144] [PipeliningPhase.cpp:365] [apply] Constructed pipeline plan with 1 root pipelines.
PipelinedQueryPlan for Query: 2033425144
Number of root pipelines: 1
------------------
Root Pipeline 0:
  Pipeline(ID(91), Provider(COMPILER))
  Operator chain:
    PhysicalOperator(NES::SourcePhysicalOperator)
  Successor Pipeline:
    Pipeline(ID(92), Provider(None))
      Operator chain:
        PhysicalOperator(NES::ScanPhysicalOperator)
          PhysicalOperator(NES::MapPhysicalOperator)
            PhysicalOperator(NES::EmitPhysicalOperator)
      Successor Pipeline:
        Pipeline(ID(93), Provider(None))
          Operator chain:
            PhysicalOperator(NES::SinkPhysicalOperator)

[m
[36m[00:05:18.708648] [D] [Not A Worker] [unnamed] [] [SinkProvider.cpp:30] [lower] The sinkDescriptor is: SinkDescriptor: (name: variant("EXTRA_SINK"), type: Void, Config: )[m
[36m[00:05:18.725200] [D] [SingleNodeWorker] [WorkerThread-0] [Task:2033425144-93] [VoidSink.cpp:37] [start] Setting up void sink: VoidSink[m
[36m[00:05:18.799574] [D] [SingleNodeWorker] [WorkerThread-0] [] [SourceThread.cpp:184] [start] Starting source with originId: 2[m
[36m[00:05:18.809764] [D] [SingleNodeWorker] [WorkerThread-0] [Task:2033425144-92] [BufferManager.cpp:65] [~BufferManager] Calling BufferManager::destroy()[m
[36m[00:05:18.809795] [D] [SingleNodeWorker] [WorkerThread-0] [Task:2033425144-92] [BufferManager.cpp:93] [~BufferManager] Shutting down Buffer Manager completed[m
[36m[00:05:33.641826] [D] [SingleNodeWorker] [WorkerThread-1] [Task:2033425144] [SourceThread.cpp:230] [tryStop] SourceThread 2: attempting to stop source[m
[36m[00:05:33.641899] [D] [SingleNodeWorker] [WorkerThread-1] [Task:2033425144] [SourceThread.cpp:248] [tryStop] SourceThread 2: stopped[m
[32m[00:05:33.667462] [I] [SingleNodeWorker] [WorkerThread-0] [] [SequenceShredder.cpp:55] [~SequenceShredder] Successfully validated SequenceShredder[m
[32m[00:05:33.668185] [I] [SingleNodeWorker] [WorkerThread-1] [Task:2033425144-93] [VoidSink.cpp:42] [stop] Void Sink completed.[m
[36m[00:05:33.668344] [D] [SingleNodeWorker] [WorkerThread-1] [] [SourceThread.cpp:226] [tryStop] SourceThread 2: thread is not running[m
[36m[00:05:35.086954] [D] [Not A Worker] [unnamed] [queryId:1354413975] [BufferManager.cpp:110] [initialize] NES memory allocation requires 1 out of 540577120256 (so 1.8498748143954595e-10%) available bytes[m
[36m[00:05:35.087010] [D] [Not A Worker] [unnamed] [queryId:1354413975] [BufferManager.cpp:160] [initialize] BufferManager configuration bufferSize=1 numOfBuffers=1[m
[36m[00:05:35.087360] [D] [Not A Worker] [unnamed] [queryId:1354413975] [PipeliningPhase.cpp:365] [apply] Constructed pipeline plan with 1 root pipelines.
PipelinedQueryPlan for Query: 1354413975
Number of root pipelines: 1
------------------
Root Pipeline 0:
  Pipeline(ID(94), Provider(COMPILER))
  Operator chain:
    PhysicalOperator(NES::SourcePhysicalOperator)
  Successor Pipeline:
    Pipeline(ID(95), Provider(None))
      Operator chain:
        PhysicalOperator(NES::ScanPhysicalOperator)
          PhysicalOperator(NES::MapPhysicalOperator)
            PhysicalOperator(NES::EmitPhysicalOperator)
      Successor Pipeline:
        Pipeline(ID(96), Provider(None))
          Operator chain:
            PhysicalOperator(NES::SinkPhysicalOperator)

[m
[36m[00:05:35.090812] [D] [Not A Worker] [unnamed] [] [SinkProvider.cpp:30] [lower] The sinkDescriptor is: SinkDescriptor: (name: variant("EXTRA_SINK"), type: Void, Config: )[m
[36m[00:05:35.129537] [D] [SingleNodeWorker] [WorkerThread-0] [Task:1354413975-96] [VoidSink.cpp:37] [start] Setting up void sink: VoidSink[m
[36m[00:05:35.209152] [D] [SingleNodeWorker] [WorkerThread-0] [] [SourceThread.cpp:184] [start] Starting source with originId: 2[m
[36m[00:05:35.218902] [D] [SingleNodeWorker] [WorkerThread-0] [Task:1354413975-95] [BufferManager.cpp:65] [~BufferManager] Calling BufferManager::destroy()[m
[36m[00:05:35.218943] [D] [SingleNodeWorker] [WorkerThread-0] [Task:1354413975-95] [BufferManager.cpp:93] [~BufferManager] Shutting down Buffer Manager completed[m
[36m[00:05:50.059084] [D] [SingleNodeWorker] [WorkerThread-1] [Task:1354413975] [SourceThread.cpp:230] [tryStop] SourceThread 2: attempting to stop source[m
[36m[00:05:50.059138] [D] [SingleNodeWorker] [WorkerThread-1] [Task:1354413975] [SourceThread.cpp:248] [tryStop] SourceThread 2: stopped[m
[32m[00:05:50.086699] [I] [SingleNodeWorker] [WorkerThread-0] [] [SequenceShredder.cpp:55] [~SequenceShredder] Successfully validated SequenceShredder[m
[32m[00:05:50.093258] [I] [SingleNodeWorker] [WorkerThread-0] [Task:1354413975-96] [VoidSink.cpp:42] [stop] Void Sink completed.[m
[36m[00:05:50.093322] [D] [SingleNodeWorker] [WorkerThread-0] [] [SourceThread.cpp:226] [tryStop] SourceThread 2: thread is not running[m
[36m[00:05:51.567108] [D] [Not A Worker] [unnamed] [queryId:2091324711] [BufferManager.cpp:110] [initialize] NES memory allocation requires 1 out of 540577120256 (so 1.8498748143954595e-10%) available bytes[m
[36m[00:05:51.567162] [D] [Not A Worker] [unnamed] [queryId:2091324711] [BufferManager.cpp:160] [initialize] BufferManager configuration bufferSize=1 numOfBuffers=1[m
[36m[00:05:51.567518] [D] [Not A Worker] [unnamed] [queryId:2091324711] [PipeliningPhase.cpp:365] [apply] Constructed pipeline plan with 1 root pipelines.
PipelinedQueryPlan for Query: 2091324711
Number of root pipelines: 1
------------------
Root Pipeline 0:
  Pipeline(ID(97), Provider(COMPILER))
  Operator chain:
    PhysicalOperator(NES::SourcePhysicalOperator)
  Successor Pipeline:
    Pipeline(ID(98), Provider(None))
      Operator chain:
        PhysicalOperator(NES::ScanPhysicalOperator)
          PhysicalOperator(NES::MapPhysicalOperator)
            PhysicalOperator(NES::EmitPhysicalOperator)
      Successor Pipeline:
        Pipeline(ID(99), Provider(None))
          Operator chain:
            PhysicalOperator(NES::SinkPhysicalOperator)

[m
[36m[00:05:51.570701] [D] [Not A Worker] [unnamed] [] [SinkProvider.cpp:30] [lower] The sinkDescriptor is: SinkDescriptor: (name: variant("EXTRA_SINK"), type: Void, Config: )[m
[36m[00:05:51.577694] [D] [SingleNodeWorker] [WorkerThread-1] [Task:2091324711-99] [VoidSink.cpp:37] [start] Setting up void sink: VoidSink[m
[36m[00:05:51.652019] [D] [SingleNodeWorker] [WorkerThread-1] [] [SourceThread.cpp:184] [start] Starting source with originId: 2[m
[36m[00:05:51.661630] [D] [SingleNodeWorker] [WorkerThread-1] [Task:2091324711-98] [BufferManager.cpp:65] [~BufferManager] Calling BufferManager::destroy()[m
[36m[00:05:51.661659] [D] [SingleNodeWorker] [WorkerThread-1] [Task:2091324711-98] [BufferManager.cpp:93] [~BufferManager] Shutting down Buffer Manager completed[m
[36m[00:06:06.543909] [D] [SingleNodeWorker] [WorkerThread-0] [Task:2091324711] [SourceThread.cpp:230] [tryStop] SourceThread 2: attempting to stop source[m
[36m[00:06:06.543960] [D] [SingleNodeWorker] [WorkerThread-0] [Task:2091324711] [SourceThread.cpp:248] [tryStop] SourceThread 2: stopped[m
[32m[00:06:06.571491] [I] [SingleNodeWorker] [WorkerThread-1] [] [SequenceShredder.cpp:55] [~SequenceShredder] Successfully validated SequenceShredder[m
[32m[00:06:06.578817] [I] [SingleNodeWorker] [WorkerThread-0] [Task:2091324711-99] [VoidSink.cpp:42] [stop] Void Sink completed.[m
[36m[00:06:06.578929] [D] [SingleNodeWorker] [WorkerThread-0] [] [SourceThread.cpp:226] [tryStop] SourceThread 2: thread is not running[m
[36m[00:06:07.950413] [D] [Not A Worker] [unnamed] [queryId:1518007014] [BufferManager.cpp:110] [initialize] NES memory allocation requires 1 out of 540577120256 (so 1.8498748143954595e-10%) available bytes[m
[36m[00:06:07.950476] [D] [Not A Worker] [unnamed] [queryId:1518007014] [BufferManager.cpp:160] [initialize] BufferManager configuration bufferSize=1 numOfBuffers=1[m
[36m[00:06:07.950932] [D] [Not A Worker] [unnamed] [queryId:1518007014] [PipeliningPhase.cpp:365] [apply] Constructed pipeline plan with 1 root pipelines.
PipelinedQueryPlan for Query: 1518007014
Number of root pipelines: 1
------------------
Root Pipeline 0:
  Pipeline(ID(100), Provider(COMPILER))
  Operator chain:
    PhysicalOperator(NES::SourcePhysicalOperator)
  Successor Pipeline:
    Pipeline(ID(101), Provider(None))
      Operator chain:
        PhysicalOperator(NES::ScanPhysicalOperator)
          PhysicalOperator(NES::MapPhysicalOperator)
            PhysicalOperator(NES::EmitPhysicalOperator)
      Successor Pipeline:
        Pipeline(ID(102), Provider(None))
          Operator chain:
            PhysicalOperator(NES::SinkPhysicalOperator)

[m
[36m[00:06:07.954244] [D] [Not A Worker] [unnamed] [] [SinkProvider.cpp:30] [lower] The sinkDescriptor is: SinkDescriptor: (name: variant("EXTRA_SINK"), type: Void, Config: )[m
[36m[00:06:07.967169] [D] [SingleNodeWorker] [WorkerThread-0] [Task:1518007014-102] [VoidSink.cpp:37] [start] Setting up void sink: VoidSink[m
[36m[00:06:08.049727] [D] [SingleNodeWorker] [WorkerThread-0] [] [SourceThread.cpp:184] [start] Starting source with originId: 2[m
[36m[00:06:08.059890] [D] [SingleNodeWorker] [WorkerThread-0] [Task:1518007014-101] [BufferManager.cpp:65] [~BufferManager] Calling BufferManager::destroy()[m
[36m[00:06:08.059921] [D] [SingleNodeWorker] [WorkerThread-0] [Task:1518007014-101] [BufferManager.cpp:93] [~BufferManager] Shutting down Buffer Manager completed[m
[36m[00:06:22.952061] [D] [SingleNodeWorker] [WorkerThread-1] [Task:1518007014] [SourceThread.cpp:230] [tryStop] SourceThread 2: attempting to stop source[m
[36m[00:06:22.952112] [D] [SingleNodeWorker] [WorkerThread-1] [Task:1518007014] [SourceThread.cpp:248] [tryStop] SourceThread 2: stopped[m
[32m[00:06:22.979431] [I] [SingleNodeWorker] [WorkerThread-0] [] [SequenceShredder.cpp:55] [~SequenceShredder] Successfully validated SequenceShredder[m
[32m[00:06:22.988368] [I] [SingleNodeWorker] [WorkerThread-1] [Task:1518007014-102] [VoidSink.cpp:42] [stop] Void Sink completed.[m
[36m[00:06:22.988495] [D] [SingleNodeWorker] [WorkerThread-1] [] [SourceThread.cpp:226] [tryStop] SourceThread 2: thread is not running[m
[36m[00:06:24.365080] [D] [Not A Worker] [unnamed] [queryId:1246570169] [BufferManager.cpp:110] [initialize] NES memory allocation requires 1 out of 540577120256 (so 1.8498748143954595e-10%) available bytes[m
[36m[00:06:24.365151] [D] [Not A Worker] [unnamed] [queryId:1246570169] [BufferManager.cpp:160] [initialize] BufferManager configuration bufferSize=1 numOfBuffers=1[m
[36m[00:06:24.365635] [D] [Not A Worker] [unnamed] [queryId:1246570169] [PipeliningPhase.cpp:365] [apply] Constructed pipeline plan with 1 root pipelines.
PipelinedQueryPlan for Query: 1246570169
Number of root pipelines: 1
------------------
Root Pipeline 0:
  Pipeline(ID(103), Provider(COMPILER))
  Operator chain:
    PhysicalOperator(NES::SourcePhysicalOperator)
  Successor Pipeline:
    Pipeline(ID(104), Provider(None))
      Operator chain:
        PhysicalOperator(NES::ScanPhysicalOperator)
          PhysicalOperator(NES::MapPhysicalOperator)
            PhysicalOperator(NES::EmitPhysicalOperator)
      Successor Pipeline:
        Pipeline(ID(105), Provider(None))
          Operator chain:
            PhysicalOperator(NES::SinkPhysicalOperator)

[m
[36m[00:06:24.369130] [D] [Not A Worker] [unnamed] [] [SinkProvider.cpp:30] [lower] The sinkDescriptor is: SinkDescriptor: (name: variant("EXTRA_SINK"), type: Void, Config: )[m
[36m[00:06:24.377265] [D] [SingleNodeWorker] [WorkerThread-0] [Task:1246570169-105] [VoidSink.cpp:37] [start] Setting up void sink: VoidSink[m
[36m[00:06:24.455839] [D] [SingleNodeWorker] [WorkerThread-0] [] [SourceThread.cpp:184] [start] Starting source with originId: 2[m
[36m[00:06:24.465975] [D] [SingleNodeWorker] [WorkerThread-0] [Task:1246570169-104] [BufferManager.cpp:65] [~BufferManager] Calling BufferManager::destroy()[m
[36m[00:06:24.466007] [D] [SingleNodeWorker] [WorkerThread-0] [Task:1246570169-104] [BufferManager.cpp:93] [~BufferManager] Shutting down Buffer Manager completed[m
[36m[00:06:39.479592] [D] [SingleNodeWorker] [WorkerThread-0] [Task:1246570169] [SourceThread.cpp:230] [tryStop] SourceThread 2: attempting to stop source[m
[36m[00:06:39.479643] [D] [SingleNodeWorker] [WorkerThread-0] [Task:1246570169] [SourceThread.cpp:248] [tryStop] SourceThread 2: stopped[m
[32m[00:06:39.508481] [I] [SingleNodeWorker] [WorkerThread-1] [] [SequenceShredder.cpp:55] [~SequenceShredder] Successfully validated SequenceShredder[m
[32m[00:06:39.515610] [I] [SingleNodeWorker] [WorkerThread-0] [Task:1246570169-105] [VoidSink.cpp:42] [stop] Void Sink completed.[m
[36m[00:06:39.515739] [D] [SingleNodeWorker] [WorkerThread-0] [] [SourceThread.cpp:226] [tryStop] SourceThread 2: thread is not running[m
[36m[00:06:40.801090] [D] [Not A Worker] [unnamed] [queryId:739305431] [BufferManager.cpp:110] [initialize] NES memory allocation requires 1 out of 540577120256 (so 1.8498748143954595e-10%) available bytes[m
[36m[00:06:40.801142] [D] [Not A Worker] [unnamed] [queryId:739305431] [BufferManager.cpp:160] [initialize] BufferManager configuration bufferSize=1 numOfBuffers=1[m
[36m[00:06:40.801503] [D] [Not A Worker] [unnamed] [queryId:739305431] [PipeliningPhase.cpp:365] [apply] Constructed pipeline plan with 1 root pipelines.
PipelinedQueryPlan for Query: 739305431
Number of root pipelines: 1
------------------
Root Pipeline 0:
  Pipeline(ID(106), Provider(COMPILER))
  Operator chain:
    PhysicalOperator(NES::SourcePhysicalOperator)
  Successor Pipeline:
    Pipeline(ID(107), Provider(None))
      Operator chain:
        PhysicalOperator(NES::ScanPhysicalOperator)
          PhysicalOperator(NES::MapPhysicalOperator)
            PhysicalOperator(NES::EmitPhysicalOperator)
      Successor Pipeline:
        Pipeline(ID(108), Provider(None))
          Operator chain:
            PhysicalOperator(NES::SinkPhysicalOperator)

[m
[36m[00:06:40.804332] [D] [Not A Worker] [unnamed] [] [SinkProvider.cpp:30] [lower] The sinkDescriptor is: SinkDescriptor: (name: variant("EXTRA_SINK"), type: Void, Config: )[m
[36m[00:06:40.810327] [D] [SingleNodeWorker] [WorkerThread-0] [Task:739305431-108] [VoidSink.cpp:37] [start] Setting up void sink: VoidSink[m
[36m[00:06:40.884948] [D] [SingleNodeWorker] [WorkerThread-0] [] [SourceThread.cpp:184] [start] Starting source with originId: 2[m
[36m[00:06:40.895129] [D] [SingleNodeWorker] [WorkerThread-0] [Task:739305431-107] [BufferManager.cpp:65] [~BufferManager] Calling BufferManager::destroy()[m
[36m[00:06:40.895160] [D] [SingleNodeWorker] [WorkerThread-0] [Task:739305431-107] [BufferManager.cpp:93] [~BufferManager] Shutting down Buffer Manager completed[m
[36m[00:06:55.727104] [D] [SingleNodeWorker] [WorkerThread-1] [Task:739305431] [SourceThread.cpp:230] [tryStop] SourceThread 2: attempting to stop source[m
[36m[00:06:55.727156] [D] [SingleNodeWorker] [WorkerThread-1] [Task:739305431] [SourceThread.cpp:248] [tryStop] SourceThread 2: stopped[m
[32m[00:06:55.754020] [I] [SingleNodeWorker] [WorkerThread-0] [] [SequenceShredder.cpp:55] [~SequenceShredder] Successfully validated SequenceShredder[m
[32m[00:06:55.762084] [I] [SingleNodeWorker] [WorkerThread-0] [Task:739305431-108] [VoidSink.cpp:42] [stop] Void Sink completed.[m
[36m[00:06:55.762159] [D] [SingleNodeWorker] [WorkerThread-0] [] [SourceThread.cpp:226] [tryStop] SourceThread 2: thread is not running[m
[36m[00:06:57.364328] [D] [Not A Worker] [unnamed] [queryId:261811200] [BufferManager.cpp:110] [initialize] NES memory allocation requires 1 out of 540577120256 (so 1.8498748143954595e-10%) available bytes[m
[36m[00:06:57.364392] [D] [Not A Worker] [unnamed] [queryId:261811200] [BufferManager.cpp:160] [initialize] BufferManager configuration bufferSize=1 numOfBuffers=1[m
[36m[00:06:57.364838] [D] [Not A Worker] [unnamed] [queryId:261811200] [PipeliningPhase.cpp:365] [apply] Constructed pipeline plan with 1 root pipelines.
PipelinedQueryPlan for Query: 261811200
Number of root pipelines: 1
------------------
Root Pipeline 0:
  Pipeline(ID(109), Provider(COMPILER))
  Operator chain:
    PhysicalOperator(NES::SourcePhysicalOperator)
  Successor Pipeline:
    Pipeline(ID(110), Provider(None))
      Operator chain:
        PhysicalOperator(NES::ScanPhysicalOperator)
          PhysicalOperator(NES::MapPhysicalOperator)
            PhysicalOperator(NES::EmitPhysicalOperator)
      Successor Pipeline:
        Pipeline(ID(111), Provider(None))
          Operator chain:
            PhysicalOperator(NES::SinkPhysicalOperator)

[m
[36m[00:06:57.368230] [D] [Not A Worker] [unnamed] [] [SinkProvider.cpp:30] [lower] The sinkDescriptor is: SinkDescriptor: (name: variant("EXTRA_SINK"), type: Void, Config: )[m
[36m[00:06:57.370890] [D] [SingleNodeWorker] [WorkerThread-0] [Task:261811200-111] [VoidSink.cpp:37] [start] Setting up void sink: VoidSink[m
[36m[00:06:57.449745] [D] [SingleNodeWorker] [WorkerThread-0] [] [SourceThread.cpp:184] [start] Starting source with originId: 2[m
[36m[00:06:57.470377] [D] [SingleNodeWorker] [WorkerThread-1] [Task:261811200-110] [BufferManager.cpp:65] [~BufferManager] Calling BufferManager::destroy()[m
[36m[00:06:57.470427] [D] [SingleNodeWorker] [WorkerThread-1] [Task:261811200-110] [BufferManager.cpp:93] [~BufferManager] Shutting down Buffer Manager completed[m
[36m[00:07:12.279825] [D] [SingleNodeWorker] [WorkerThread-0] [Task:261811200] [SourceThread.cpp:230] [tryStop] SourceThread 2: attempting to stop source[m
[36m[00:07:12.279875] [D] [SingleNodeWorker] [WorkerThread-0] [Task:261811200] [SourceThread.cpp:248] [tryStop] SourceThread 2: stopped[m
[32m[00:07:12.279950] [I] [SingleNodeWorker] [WorkerThread-1] [Task:261811200-111] [VoidSink.cpp:42] [stop] Void Sink completed.[m
[36m[00:07:12.280017] [D] [SingleNodeWorker] [WorkerThread-1] [] [SourceThread.cpp:226] [tryStop] SourceThread 2: thread is not running[m
[32m[00:07:12.280066] [I] [SingleNodeWorker] [WorkerThread-0] [] [SequenceShredder.cpp:55] [~SequenceShredder] Successfully validated SequenceShredder[m
[36m[00:07:13.649171] [D] [Not A Worker] [unnamed] [queryId:1236218082] [BufferManager.cpp:110] [initialize] NES memory allocation requires 1 out of 540577120256 (so 1.8498748143954595e-10%) available bytes[m
[36m[00:07:13.649226] [D] [Not A Worker] [unnamed] [queryId:1236218082] [BufferManager.cpp:160] [initialize] BufferManager configuration bufferSize=1 numOfBuffers=1[m
[36m[00:07:13.649595] [D] [Not A Worker] [unnamed] [queryId:1236218082] [PipeliningPhase.cpp:365] [apply] Constructed pipeline plan with 1 root pipelines.
PipelinedQueryPlan for Query: 1236218082
Number of root pipelines: 1
------------------
Root Pipeline 0:
  Pipeline(ID(112), Provider(COMPILER))
  Operator chain:
    PhysicalOperator(NES::SourcePhysicalOperator)
  Successor Pipeline:
    Pipeline(ID(113), Provider(None))
      Operator chain:
        PhysicalOperator(NES::ScanPhysicalOperator)
          PhysicalOperator(NES::MapPhysicalOperator)
            PhysicalOperator(NES::EmitPhysicalOperator)
      Successor Pipeline:
        Pipeline(ID(114), Provider(None))
          Operator chain:
            PhysicalOperator(NES::SinkPhysicalOperator)

[m
[36m[00:07:13.653083] [D] [Not A Worker] [unnamed] [] [SinkProvider.cpp:30] [lower] The sinkDescriptor is: SinkDescriptor: (name: variant("EXTRA_SINK"), type: Void, Config: )[m
[36m[00:07:13.660142] [D] [SingleNodeWorker] [WorkerThread-1] [Task:1236218082-114] [VoidSink.cpp:37] [start] Setting up void sink: VoidSink[m
[36m[00:07:13.735540] [D] [SingleNodeWorker] [WorkerThread-1] [] [SourceThread.cpp:184] [start] Starting source with originId: 2[m
[36m[00:07:13.745016] [D] [SingleNodeWorker] [WorkerThread-1] [Task:1236218082-113] [BufferManager.cpp:65] [~BufferManager] Calling BufferManager::destroy()[m
[36m[00:07:13.745042] [D] [SingleNodeWorker] [WorkerThread-1] [Task:1236218082-113] [BufferManager.cpp:93] [~BufferManager] Shutting down Buffer Manager completed[m
[36m[00:07:28.605533] [D] [SingleNodeWorker] [WorkerThread-1] [Task:1236218082] [SourceThread.cpp:230] [tryStop] SourceThread 2: attempting to stop source[m
[36m[00:07:28.605590] [D] [SingleNodeWorker] [WorkerThread-1] [Task:1236218082] [SourceThread.cpp:248] [tryStop] SourceThread 2: stopped[m
[32m[00:07:28.631586] [I] [SingleNodeWorker] [WorkerThread-1] [] [SequenceShredder.cpp:55] [~SequenceShredder] Successfully validated SequenceShredder[m
[32m[00:07:28.633085] [I] [SingleNodeWorker] [WorkerThread-0] [Task:1236218082-114] [VoidSink.cpp:42] [stop] Void Sink completed.[m
[36m[00:07:28.633181] [D] [SingleNodeWorker] [WorkerThread-0] [] [SourceThread.cpp:226] [tryStop] SourceThread 2: thread is not running[m
[36m[00:07:30.184564] [D] [Not A Worker] [unnamed] [queryId:1319766368] [BufferManager.cpp:110] [initialize] NES memory allocation requires 1 out of 540577120256 (so 1.8498748143954595e-10%) available bytes[m
[36m[00:07:30.184617] [D] [Not A Worker] [unnamed] [queryId:1319766368] [BufferManager.cpp:160] [initialize] BufferManager configuration bufferSize=1 numOfBuffers=1[m
[36m[00:07:30.184985] [D] [Not A Worker] [unnamed] [queryId:1319766368] [PipeliningPhase.cpp:365] [apply] Constructed pipeline plan with 1 root pipelines.
PipelinedQueryPlan for Query: 1319766368
Number of root pipelines: 1
------------------
Root Pipeline 0:
  Pipeline(ID(115), Provider(COMPILER))
  Operator chain:
    PhysicalOperator(NES::SourcePhysicalOperator)
  Successor Pipeline:
    Pipeline(ID(116), Provider(None))
      Operator chain:
        PhysicalOperator(NES::ScanPhysicalOperator)
          PhysicalOperator(NES::MapPhysicalOperator)
            PhysicalOperator(NES::EmitPhysicalOperator)
      Successor Pipeline:
        Pipeline(ID(117), Provider(None))
          Operator chain:
            PhysicalOperator(NES::SinkPhysicalOperator)

[m
[36m[00:07:30.187704] [D] [Not A Worker] [unnamed] [] [SinkProvider.cpp:30] [lower] The sinkDescriptor is: SinkDescriptor: (name: variant("EXTRA_SINK"), type: Void, Config: )[m
[36m[00:07:30.188321] [D] [SingleNodeWorker] [WorkerThread-0] [Task:1319766368-117] [VoidSink.cpp:37] [start] Setting up void sink: VoidSink[m
[36m[00:07:30.266501] [D] [SingleNodeWorker] [WorkerThread-0] [] [SourceThread.cpp:184] [start] Starting source with originId: 2[m
[36m[00:07:30.276639] [D] [SingleNodeWorker] [WorkerThread-0] [Task:1319766368-116] [BufferManager.cpp:65] [~BufferManager] Calling BufferManager::destroy()[m
[36m[00:07:30.276669] [D] [SingleNodeWorker] [WorkerThread-0] [Task:1319766368-116] [BufferManager.cpp:93] [~BufferManager] Shutting down Buffer Manager completed[m
[36m[00:07:45.187777] [D] [SingleNodeWorker] [WorkerThread-0] [Task:1319766368] [SourceThread.cpp:230] [tryStop] SourceThread 2: attempting to stop source[m
[36m[00:07:45.187823] [D] [SingleNodeWorker] [WorkerThread-0] [Task:1319766368] [SourceThread.cpp:248] [tryStop] SourceThread 2: stopped[m
[32m[00:07:45.224431] [I] [SingleNodeWorker] [WorkerThread-1] [] [SequenceShredder.cpp:55] [~SequenceShredder] Successfully validated SequenceShredder[m
[32m[00:07:45.238595] [I] [SingleNodeWorker] [WorkerThread-1] [Task:1319766368-117] [VoidSink.cpp:42] [stop] Void Sink completed.[m
[36m[00:07:45.238662] [D] [SingleNodeWorker] [WorkerThread-1] [] [SourceThread.cpp:226] [tryStop] SourceThread 2: thread is not running[m
[36m[00:07:46.708968] [D] [Not A Worker] [unnamed] [queryId:1507568042] [BufferManager.cpp:110] [initialize] NES memory allocation requires 1 out of 540577120256 (so 1.8498748143954595e-10%) available bytes[m
[36m[00:07:46.709019] [D] [Not A Worker] [unnamed] [queryId:1507568042] [BufferManager.cpp:160] [initialize] BufferManager configuration bufferSize=1 numOfBuffers=1[m
[36m[00:07:46.709372] [D] [Not A Worker] [unnamed] [queryId:1507568042] [PipeliningPhase.cpp:365] [apply] Constructed pipeline plan with 1 root pipelines.
PipelinedQueryPlan for Query: 1507568042
Number of root pipelines: 1
------------------
Root Pipeline 0:
  Pipeline(ID(118), Provider(COMPILER))
  Operator chain:
    PhysicalOperator(NES::SourcePhysicalOperator)
  Successor Pipeline:
    Pipeline(ID(119), Provider(None))
      Operator chain:
        PhysicalOperator(NES::ScanPhysicalOperator)
          PhysicalOperator(NES::MapPhysicalOperator)
            PhysicalOperator(NES::EmitPhysicalOperator)
      Successor Pipeline:
        Pipeline(ID(120), Provider(None))
          Operator chain:
            PhysicalOperator(NES::SinkPhysicalOperator)

[m
[36m[00:07:46.712337] [D] [Not A Worker] [unnamed] [] [SinkProvider.cpp:30] [lower] The sinkDescriptor is: SinkDescriptor: (name: variant("EXTRA_SINK"), type: Void, Config: )[m
[36m[00:07:46.727281] [D] [SingleNodeWorker] [WorkerThread-1] [Task:1507568042-120] [VoidSink.cpp:37] [start] Setting up void sink: VoidSink[m
[36m[00:07:46.802987] [D] [SingleNodeWorker] [WorkerThread-1] [] [SourceThread.cpp:184] [start] Starting source with originId: 2[m
[36m[00:07:46.812858] [D] [SingleNodeWorker] [WorkerThread-1] [Task:1507568042-119] [BufferManager.cpp:65] [~BufferManager] Calling BufferManager::destroy()[m
[36m[00:07:46.812884] [D] [SingleNodeWorker] [WorkerThread-1] [Task:1507568042-119] [BufferManager.cpp:93] [~BufferManager] Shutting down Buffer Manager completed[m
[36m[00:08:01.765234] [D] [SingleNodeWorker] [WorkerThread-0] [Task:1507568042] [SourceThread.cpp:230] [tryStop] SourceThread 2: attempting to stop source[m
[36m[00:08:01.765280] [D] [SingleNodeWorker] [WorkerThread-0] [Task:1507568042] [SourceThread.cpp:248] [tryStop] SourceThread 2: stopped[m
[32m[00:08:01.791955] [I] [SingleNodeWorker] [WorkerThread-1] [] [SequenceShredder.cpp:55] [~SequenceShredder] Successfully validated SequenceShredder[m
[32m[00:08:01.799775] [I] [SingleNodeWorker] [WorkerThread-0] [Task:1507568042-120] [VoidSink.cpp:42] [stop] Void Sink completed.[m
[36m[00:08:01.799891] [D] [SingleNodeWorker] [WorkerThread-0] [] [SourceThread.cpp:226] [tryStop] SourceThread 2: thread is not running[m
[36m[00:08:03.334440] [D] [Not A Worker] [unnamed] [queryId:644264900] [BufferManager.cpp:110] [initialize] NES memory allocation requires 1 out of 540577120256 (so 1.8498748143954595e-10%) available bytes[m
[36m[00:08:03.334488] [D] [Not A Worker] [unnamed] [queryId:644264900] [BufferManager.cpp:160] [initialize] BufferManager configuration bufferSize=1 numOfBuffers=1[m
[36m[00:08:03.334685] [D] [Not A Worker] [unnamed] [queryId:644264900] [PipeliningPhase.cpp:365] [apply] Constructed pipeline plan with 1 root pipelines.
PipelinedQueryPlan for Query: 644264900
Number of root pipelines: 1
------------------
Root Pipeline 0:
  Pipeline(ID(121), Provider(COMPILER))
  Operator chain:
    PhysicalOperator(NES::SourcePhysicalOperator)
  Successor Pipeline:
    Pipeline(ID(122), Provider(None))
      Operator chain:
        PhysicalOperator(NES::ScanPhysicalOperator)
          PhysicalOperator(NES::SelectionPhysicalOperator)
            PhysicalOperator(NES::MapPhysicalOperator)
              PhysicalOperator(NES::EmitPhysicalOperator)
      Successor Pipeline:
        Pipeline(ID(123), Provider(None))
          Operator chain:
            PhysicalOperator(NES::SinkPhysicalOperator)

[m
[36m[00:08:03.337360] [D] [Not A Worker] [unnamed] [] [SinkProvider.cpp:30] [lower] The sinkDescriptor is: SinkDescriptor: (name: variant("PERSON_ID_SINK"), type: Void, Config: )[m
[36m[00:08:03.340318] [D] [SingleNodeWorker] [WorkerThread-1] [Task:644264900-123] [VoidSink.cpp:37] [start] Setting up void sink: VoidSink[m
[36m[00:08:03.435602] [D] [SingleNodeWorker] [WorkerThread-1] [] [SourceThread.cpp:184] [start] Starting source with originId: 2[m
[36m[00:08:03.445291] [D] [SingleNodeWorker] [WorkerThread-1] [Task:644264900-122] [BufferManager.cpp:65] [~BufferManager] Calling BufferManager::destroy()[m
[36m[00:08:03.445316] [D] [SingleNodeWorker] [WorkerThread-1] [Task:644264900-122] [BufferManager.cpp:93] [~BufferManager] Shutting down Buffer Manager completed[m
[36m[00:08:17.499317] [D] [SingleNodeWorker] [WorkerThread-0] [Task:644264900] [SourceThread.cpp:230] [tryStop] SourceThread 2: attempting to stop source[m
[36m[00:08:17.499364] [D] [SingleNodeWorker] [WorkerThread-0] [Task:644264900] [SourceThread.cpp:248] [tryStop] SourceThread 2: stopped[m
[32m[00:08:17.525232] [I] [SingleNodeWorker] [WorkerThread-1] [] [SequenceShredder.cpp:55] [~SequenceShredder] Successfully validated SequenceShredder[m
[32m[00:08:17.534960] [I] [SingleNodeWorker] [WorkerThread-0] [Task:644264900-123] [VoidSink.cpp:42] [stop] Void Sink completed.[m
[36m[00:08:17.535085] [D] [SingleNodeWorker] [WorkerThread-0] [] [SourceThread.cpp:226] [tryStop] SourceThread 2: thread is not running[m
[36m[00:08:19.804248] [D] [Not A Worker] [unnamed] [queryId:1902122454] [BufferManager.cpp:110] [initialize] NES memory allocation requires 1 out of 540577120256 (so 1.8498748143954595e-10%) available bytes[m
[36m[00:08:19.804299] [D] [Not A Worker] [unnamed] [queryId:1902122454] [BufferManager.cpp:160] [initialize] BufferManager configuration bufferSize=1 numOfBuffers=1[m
[36m[00:08:19.804479] [D] [Not A Worker] [unnamed] [queryId:1902122454] [PipeliningPhase.cpp:365] [apply] Constructed pipeline plan with 1 root pipelines.
PipelinedQueryPlan for Query: 1902122454
Number of root pipelines: 1
------------------
Root Pipeline 0:
  Pipeline(ID(124), Provider(COMPILER))
  Operator chain:
    PhysicalOperator(NES::SourcePhysicalOperator)
  Successor Pipeline:
    Pipeline(ID(125), Provider(None))
      Operator chain:
        PhysicalOperator(NES::ScanPhysicalOperator)
          PhysicalOperator(NES::SelectionPhysicalOperator)
            PhysicalOperator(NES::MapPhysicalOperator)
              PhysicalOperator(NES::EmitPhysicalOperator)
      Successor Pipeline:
        Pipeline(ID(126), Provider(None))
          Operator chain:
            PhysicalOperator(NES::SinkPhysicalOperator)

[m
[36m[00:08:19.807865] [D] [Not A Worker] [unnamed] [] [SinkProvider.cpp:30] [lower] The sinkDescriptor is: SinkDescriptor: (name: variant("PERSON_ID_SINK"), type: Void, Config: )[m
[36m[00:08:19.814152] [D] [SingleNodeWorker] [WorkerThread-0] [Task:1902122454-126] [VoidSink.cpp:37] [start] Setting up void sink: VoidSink[m
[36m[00:08:19.911525] [D] [SingleNodeWorker] [WorkerThread-0] [] [SourceThread.cpp:184] [start] Starting source with originId: 2[m
[36m[00:08:19.921682] [D] [SingleNodeWorker] [WorkerThread-0] [Task:1902122454-125] [BufferManager.cpp:65] [~BufferManager] Calling BufferManager::destroy()[m
[36m[00:08:19.921713] [D] [SingleNodeWorker] [WorkerThread-0] [Task:1902122454-125] [BufferManager.cpp:93] [~BufferManager] Shutting down Buffer Manager completed[m
[36m[00:08:33.999896] [D] [SingleNodeWorker] [WorkerThread-1] [Task:1902122454] [SourceThread.cpp:230] [tryStop] SourceThread 2: attempting to stop source[m
[36m[00:08:33.999946] [D] [SingleNodeWorker] [WorkerThread-1] [Task:1902122454] [SourceThread.cpp:248] [tryStop] SourceThread 2: stopped[m
[32m[00:08:34.027060] [I] [SingleNodeWorker] [WorkerThread-0] [] [SequenceShredder.cpp:55] [~SequenceShredder] Successfully validated SequenceShredder[m
[32m[00:08:34.036916] [I] [SingleNodeWorker] [WorkerThread-1] [Task:1902122454-126] [VoidSink.cpp:42] [stop] Void Sink completed.[m
[36m[00:08:34.037041] [D] [SingleNodeWorker] [WorkerThread-1] [] [SourceThread.cpp:226] [tryStop] SourceThread 2: thread is not running[m
[36m[00:08:36.134424] [D] [Not A Worker] [unnamed] [queryId:1733765890] [BufferManager.cpp:110] [initialize] NES memory allocation requires 1 out of 540577120256 (so 1.8498748143954595e-10%) available bytes[m
[36m[00:08:36.134475] [D] [Not A Worker] [unnamed] [queryId:1733765890] [BufferManager.cpp:160] [initialize] BufferManager configuration bufferSize=1 numOfBuffers=1[m
[36m[00:08:36.134650] [D] [Not A Worker] [unnamed] [queryId:1733765890] [PipeliningPhase.cpp:365] [apply] Constructed pipeline plan with 1 root pipelines.
PipelinedQueryPlan for Query: 1733765890
Number of root pipelines: 1
------------------
Root Pipeline 0:
  Pipeline(ID(127), Provider(COMPILER))
  Operator chain:
    PhysicalOperator(NES::SourcePhysicalOperator)
  Successor Pipeline:
    Pipeline(ID(128), Provider(None))
      Operator chain:
        PhysicalOperator(NES::ScanPhysicalOperator)
          PhysicalOperator(NES::SelectionPhysicalOperator)
            PhysicalOperator(NES::MapPhysicalOperator)
              PhysicalOperator(NES::EmitPhysicalOperator)
      Successor Pipeline:
        Pipeline(ID(129), Provider(None))
          Operator chain:
            PhysicalOperator(NES::SinkPhysicalOperator)

[m
[36m[00:08:36.137822] [D] [Not A Worker] [unnamed] [] [SinkProvider.cpp:30] [lower] The sinkDescriptor is: SinkDescriptor: (name: variant("PERSON_ID_SINK"), type: Void, Config: )[m
[36m[00:08:36.139351] [D] [SingleNodeWorker] [WorkerThread-0] [Task:1733765890-129] [VoidSink.cpp:37] [start] Setting up void sink: VoidSink[m
[36m[00:08:36.236735] [D] [SingleNodeWorker] [WorkerThread-0] [] [SourceThread.cpp:184] [start] Starting source with originId: 2[m
[36m[00:08:36.246398] [D] [SingleNodeWorker] [WorkerThread-0] [Task:1733765890-128] [BufferManager.cpp:65] [~BufferManager] Calling BufferManager::destroy()[m
[36m[00:08:36.246428] [D] [SingleNodeWorker] [WorkerThread-0] [Task:1733765890-128] [BufferManager.cpp:93] [~BufferManager] Shutting down Buffer Manager completed[m
[36m[00:08:50.269898] [D] [SingleNodeWorker] [WorkerThread-1] [Task:1733765890] [SourceThread.cpp:230] [tryStop] SourceThread 2: attempting to stop source[m
[36m[00:08:50.269952] [D] [SingleNodeWorker] [WorkerThread-1] [Task:1733765890] [SourceThread.cpp:248] [tryStop] SourceThread 2: stopped[m
[32m[00:08:50.298175] [I] [SingleNodeWorker] [WorkerThread-0] [] [SequenceShredder.cpp:55] [~SequenceShredder] Successfully validated SequenceShredder[m
[32m[00:08:50.307287] [I] [SingleNodeWorker] [WorkerThread-1] [Task:1733765890-129] [VoidSink.cpp:42] [stop] Void Sink completed.[m
[36m[00:08:50.307455] [D] [SingleNodeWorker] [WorkerThread-1] [] [SourceThread.cpp:226] [tryStop] SourceThread 2: thread is not running[m
[36m[00:08:52.699319] [D] [Not A Worker] [unnamed] [queryId:1007542443] [BufferManager.cpp:110] [initialize] NES memory allocation requires 1 out of 540577120256 (so 1.8498748143954595e-10%) available bytes[m
[36m[00:08:52.699370] [D] [Not A Worker] [unnamed] [queryId:1007542443] [BufferManager.cpp:160] [initialize] BufferManager configuration bufferSize=1 numOfBuffers=1[m
[36m[00:08:52.699542] [D] [Not A Worker] [unnamed] [queryId:1007542443] [PipeliningPhase.cpp:365] [apply] Constructed pipeline plan with 1 root pipelines.
PipelinedQueryPlan for Query: 1007542443
Number of root pipelines: 1
------------------
Root Pipeline 0:
  Pipeline(ID(130), Provider(COMPILER))
  Operator chain:
    PhysicalOperator(NES::SourcePhysicalOperator)
  Successor Pipeline:
    Pipeline(ID(131), Provider(None))
      Operator chain:
        PhysicalOperator(NES::ScanPhysicalOperator)
          PhysicalOperator(NES::SelectionPhysicalOperator)
            PhysicalOperator(NES::MapPhysicalOperator)
              PhysicalOperator(NES::EmitPhysicalOperator)
      Successor Pipeline:
        Pipeline(ID(132), Provider(None))
          Operator chain:
            PhysicalOperator(NES::SinkPhysicalOperator)

[m
[36m[00:08:52.702617] [D] [Not A Worker] [unnamed] [] [SinkProvider.cpp:30] [lower] The sinkDescriptor is: SinkDescriptor: (name: variant("PERSON_ID_SINK"), type: Void, Config: )[m
[36m[00:08:52.703392] [D] [SingleNodeWorker] [WorkerThread-1] [Task:1007542443-132] [VoidSink.cpp:37] [start] Setting up void sink: VoidSink[m
[36m[00:08:52.798786] [D] [SingleNodeWorker] [WorkerThread-1] [] [SourceThread.cpp:184] [start] Starting source with originId: 2[m
[36m[00:08:52.808014] [D] [SingleNodeWorker] [WorkerThread-1] [Task:1007542443-131] [BufferManager.cpp:65] [~BufferManager] Calling BufferManager::destroy()[m
[36m[00:08:52.808043] [D] [SingleNodeWorker] [WorkerThread-1] [Task:1007542443-131] [BufferManager.cpp:93] [~BufferManager] Shutting down Buffer Manager completed[m
[36m[00:09:06.884652] [D] [SingleNodeWorker] [WorkerThread-0] [Task:1007542443] [SourceThread.cpp:230] [tryStop] SourceThread 2: attempting to stop source[m
[36m[00:09:06.884697] [D] [SingleNodeWorker] [WorkerThread-0] [Task:1007542443] [SourceThread.cpp:248] [tryStop] SourceThread 2: stopped[m
[32m[00:09:06.911427] [I] [SingleNodeWorker] [WorkerThread-1] [] [SequenceShredder.cpp:55] [~SequenceShredder] Successfully validated SequenceShredder[m
[32m[00:09:06.920359] [I] [SingleNodeWorker] [WorkerThread-0] [Task:1007542443-132] [VoidSink.cpp:42] [stop] Void Sink completed.[m
[36m[00:09:06.920486] [D] [SingleNodeWorker] [WorkerThread-0] [] [SourceThread.cpp:226] [tryStop] SourceThread 2: thread is not running[m
[36m[00:09:09.187829] [D] [Not A Worker] [unnamed] [queryId:1211619938] [BufferManager.cpp:110] [initialize] NES memory allocation requires 1 out of 540577120256 (so 1.8498748143954595e-10%) available bytes[m
[36m[00:09:09.187882] [D] [Not A Worker] [unnamed] [queryId:1211619938] [BufferManager.cpp:160] [initialize] BufferManager configuration bufferSize=1 numOfBuffers=1[m
[36m[00:09:09.188059] [D] [Not A Worker] [unnamed] [queryId:1211619938] [PipeliningPhase.cpp:365] [apply] Constructed pipeline plan with 1 root pipelines.
PipelinedQueryPlan for Query: 1211619938
Number of root pipelines: 1
------------------
Root Pipeline 0:
  Pipeline(ID(133), Provider(COMPILER))
  Operator chain:
    PhysicalOperator(NES::SourcePhysicalOperator)
  Successor Pipeline:
    Pipeline(ID(134), Provider(None))
      Operator chain:
        PhysicalOperator(NES::ScanPhysicalOperator)
          PhysicalOperator(NES::SelectionPhysicalOperator)
            PhysicalOperator(NES::MapPhysicalOperator)
              PhysicalOperator(NES::EmitPhysicalOperator)
      Successor Pipeline:
        Pipeline(ID(135), Provider(None))
          Operator chain:
            PhysicalOperator(NES::SinkPhysicalOperator)

[m
[36m[00:09:09.191253] [D] [Not A Worker] [unnamed] [] [SinkProvider.cpp:30] [lower] The sinkDescriptor is: SinkDescriptor: (name: variant("PERSON_ID_SINK"), type: Void, Config: )[m
[36m[00:09:09.191813] [D] [SingleNodeWorker] [WorkerThread-0] [Task:1211619938-135] [VoidSink.cpp:37] [start] Setting up void sink: VoidSink[m
[36m[00:09:09.291064] [D] [SingleNodeWorker] [WorkerThread-0] [] [SourceThread.cpp:184] [start] Starting source with originId: 2[m
[36m[00:09:09.301208] [D] [SingleNodeWorker] [WorkerThread-0] [Task:1211619938-134] [BufferManager.cpp:65] [~BufferManager] Calling BufferManager::destroy()[m
[36m[00:09:09.301235] [D] [SingleNodeWorker] [WorkerThread-0] [Task:1211619938-134] [BufferManager.cpp:93] [~BufferManager] Shutting down Buffer Manager completed[m
[36m[00:09:23.301058] [D] [SingleNodeWorker] [WorkerThread-0] [Task:1211619938] [SourceThread.cpp:230] [tryStop] SourceThread 2: attempting to stop source[m
[36m[00:09:23.301102] [D] [SingleNodeWorker] [WorkerThread-0] [Task:1211619938] [SourceThread.cpp:248] [tryStop] SourceThread 2: stopped[m
[32m[00:09:23.337557] [I] [SingleNodeWorker] [WorkerThread-0] [] [SequenceShredder.cpp:55] [~SequenceShredder] Successfully validated SequenceShredder[m
[32m[00:09:23.338556] [I] [SingleNodeWorker] [WorkerThread-1] [Task:1211619938-135] [VoidSink.cpp:42] [stop] Void Sink completed.[m
[36m[00:09:23.338706] [D] [SingleNodeWorker] [WorkerThread-1] [] [SourceThread.cpp:226] [tryStop] SourceThread 2: thread is not running[m
[36m[00:09:25.711424] [D] [Not A Worker] [unnamed] [queryId:1612422829] [BufferManager.cpp:110] [initialize] NES memory allocation requires 1 out of 540577120256 (so 1.8498748143954595e-10%) available bytes[m
[36m[00:09:25.711473] [D] [Not A Worker] [unnamed] [queryId:1612422829] [BufferManager.cpp:160] [initialize] BufferManager configuration bufferSize=1 numOfBuffers=1[m
[36m[00:09:25.711637] [D] [Not A Worker] [unnamed] [queryId:1612422829] [PipeliningPhase.cpp:365] [apply] Constructed pipeline plan with 1 root pipelines.
PipelinedQueryPlan for Query: 1612422829
Number of root pipelines: 1
------------------
Root Pipeline 0:
  Pipeline(ID(136), Provider(COMPILER))
  Operator chain:
    PhysicalOperator(NES::SourcePhysicalOperator)
  Successor Pipeline:
    Pipeline(ID(137), Provider(None))
      Operator chain:
        PhysicalOperator(NES::ScanPhysicalOperator)
          PhysicalOperator(NES::SelectionPhysicalOperator)
            PhysicalOperator(NES::MapPhysicalOperator)
              PhysicalOperator(NES::EmitPhysicalOperator)
      Successor Pipeline:
        Pipeline(ID(138), Provider(None))
          Operator chain:
            PhysicalOperator(NES::SinkPhysicalOperator)

[m
[36m[00:09:25.715436] [D] [Not A Worker] [unnamed] [] [SinkProvider.cpp:30] [lower] The sinkDescriptor is: SinkDescriptor: (name: variant("PERSON_ID_SINK"), type: Void, Config: )[m
[36m[00:09:25.721408] [D] [SingleNodeWorker] [WorkerThread-0] [Task:1612422829-138] [VoidSink.cpp:37] [start] Setting up void sink: VoidSink[m
[36m[00:09:25.817690] [D] [SingleNodeWorker] [WorkerThread-0] [] [SourceThread.cpp:184] [start] Starting source with originId: 2[m
[36m[00:09:25.827454] [D] [SingleNodeWorker] [WorkerThread-0] [Task:1612422829-137] [BufferManager.cpp:65] [~BufferManager] Calling BufferManager::destroy()[m
[36m[00:09:25.827487] [D] [SingleNodeWorker] [WorkerThread-0] [Task:1612422829-137] [BufferManager.cpp:93] [~BufferManager] Shutting down Buffer Manager completed[m
[36m[00:09:39.828391] [D] [SingleNodeWorker] [WorkerThread-0] [Task:1612422829] [SourceThread.cpp:230] [tryStop] SourceThread 2: attempting to stop source[m
[36m[00:09:39.828436] [D] [SingleNodeWorker] [WorkerThread-0] [Task:1612422829] [SourceThread.cpp:248] [tryStop] SourceThread 2: stopped[m
[32m[00:09:39.854967] [I] [SingleNodeWorker] [WorkerThread-1] [] [SequenceShredder.cpp:55] [~SequenceShredder] Successfully validated SequenceShredder[m
[32m[00:09:39.864230] [I] [SingleNodeWorker] [WorkerThread-0] [Task:1612422829-138] [VoidSink.cpp:42] [stop] Void Sink completed.[m
[36m[00:09:39.864374] [D] [SingleNodeWorker] [WorkerThread-0] [] [SourceThread.cpp:226] [tryStop] SourceThread 2: thread is not running[m
[36m[00:09:42.086234] [D] [Not A Worker] [unnamed] [queryId:2061546030] [BufferManager.cpp:110] [initialize] NES memory allocation requires 1 out of 540577120256 (so 1.8498748143954595e-10%) available bytes[m
[36m[00:09:42.086288] [D] [Not A Worker] [unnamed] [queryId:2061546030] [BufferManager.cpp:160] [initialize] BufferManager configuration bufferSize=1 numOfBuffers=1[m
[36m[00:09:42.086482] [D] [Not A Worker] [unnamed] [queryId:2061546030] [PipeliningPhase.cpp:365] [apply] Constructed pipeline plan with 1 root pipelines.
PipelinedQueryPlan for Query: 2061546030
Number of root pipelines: 1
------------------
Root Pipeline 0:
  Pipeline(ID(139), Provider(COMPILER))
  Operator chain:
    PhysicalOperator(NES::SourcePhysicalOperator)
  Successor Pipeline:
    Pipeline(ID(140), Provider(None))
      Operator chain:
        PhysicalOperator(NES::ScanPhysicalOperator)
          PhysicalOperator(NES::SelectionPhysicalOperator)
            PhysicalOperator(NES::MapPhysicalOperator)
              PhysicalOperator(NES::EmitPhysicalOperator)
      Successor Pipeline:
        Pipeline(ID(141), Provider(None))
          Operator chain:
            PhysicalOperator(NES::SinkPhysicalOperator)

[m
[36m[00:09:42.089464] [D] [Not A Worker] [unnamed] [] [SinkProvider.cpp:30] [lower] The sinkDescriptor is: SinkDescriptor: (name: variant("PERSON_ID_SINK"), type: Void, Config: )[m
[36m[00:09:42.090292] [D] [SingleNodeWorker] [WorkerThread-0] [Task:2061546030-141] [VoidSink.cpp:37] [start] Setting up void sink: VoidSink[m
[36m[00:09:42.187522] [D] [SingleNodeWorker] [WorkerThread-0] [] [SourceThread.cpp:184] [start] Starting source with originId: 2[m
[36m[00:09:42.197382] [D] [SingleNodeWorker] [WorkerThread-0] [Task:2061546030-140] [BufferManager.cpp:65] [~BufferManager] Calling BufferManager::destroy()[m
[36m[00:09:42.197407] [D] [SingleNodeWorker] [WorkerThread-0] [Task:2061546030-140] [BufferManager.cpp:93] [~BufferManager] Shutting down Buffer Manager completed[m
[36m[00:09:56.222855] [D] [SingleNodeWorker] [WorkerThread-1] [Task:2061546030] [SourceThread.cpp:230] [tryStop] SourceThread 2: attempting to stop source[m
[36m[00:09:56.222905] [D] [SingleNodeWorker] [WorkerThread-1] [Task:2061546030] [SourceThread.cpp:248] [tryStop] SourceThread 2: stopped[m
[32m[00:09:56.252173] [I] [SingleNodeWorker] [WorkerThread-0] [] [SequenceShredder.cpp:55] [~SequenceShredder] Successfully validated SequenceShredder[m
[32m[00:09:56.258512] [I] [SingleNodeWorker] [WorkerThread-1] [Task:2061546030-141] [VoidSink.cpp:42] [stop] Void Sink completed.[m
[36m[00:09:56.258637] [D] [SingleNodeWorker] [WorkerThread-1] [] [SourceThread.cpp:226] [tryStop] SourceThread 2: thread is not running[m
[36m[00:09:58.589735] [D] [Not A Worker] [unnamed] [queryId:1048827176] [BufferManager.cpp:110] [initialize] NES memory allocation requires 1 out of 540577120256 (so 1.8498748143954595e-10%) available bytes[m
[36m[00:09:58.589793] [D] [Not A Worker] [unnamed] [queryId:1048827176] [BufferManager.cpp:160] [initialize] BufferManager configuration bufferSize=1 numOfBuffers=1[m
[36m[00:09:58.590002] [D] [Not A Worker] [unnamed] [queryId:1048827176] [PipeliningPhase.cpp:365] [apply] Constructed pipeline plan with 1 root pipelines.
PipelinedQueryPlan for Query: 1048827176
Number of root pipelines: 1
------------------
Root Pipeline 0:
  Pipeline(ID(142), Provider(COMPILER))
  Operator chain:
    PhysicalOperator(NES::SourcePhysicalOperator)
  Successor Pipeline:
    Pipeline(ID(143), Provider(None))
      Operator chain:
        PhysicalOperator(NES::ScanPhysicalOperator)
          PhysicalOperator(NES::SelectionPhysicalOperator)
            PhysicalOperator(NES::MapPhysicalOperator)
              PhysicalOperator(NES::EmitPhysicalOperator)
      Successor Pipeline:
        Pipeline(ID(144), Provider(None))
          Operator chain:
            PhysicalOperator(NES::SinkPhysicalOperator)

[m
[36m[00:09:58.593518] [D] [Not A Worker] [unnamed] [] [SinkProvider.cpp:30] [lower] The sinkDescriptor is: SinkDescriptor: (name: variant("PERSON_ID_SINK"), type: Void, Config: )[m
[36m[00:09:58.628049] [D] [SingleNodeWorker] [WorkerThread-0] [Task:1048827176-144] [VoidSink.cpp:37] [start] Setting up void sink: VoidSink[m
[36m[00:09:58.727020] [D] [SingleNodeWorker] [WorkerThread-0] [] [SourceThread.cpp:184] [start] Starting source with originId: 2[m
[36m[00:09:58.737113] [D] [SingleNodeWorker] [WorkerThread-0] [Task:1048827176-143] [BufferManager.cpp:65] [~BufferManager] Calling BufferManager::destroy()[m
[36m[00:09:58.737141] [D] [SingleNodeWorker] [WorkerThread-0] [Task:1048827176-143] [BufferManager.cpp:93] [~BufferManager] Shutting down Buffer Manager completed[m
[36m[00:10:12.812148] [D] [SingleNodeWorker] [WorkerThread-1] [Task:1048827176] [SourceThread.cpp:230] [tryStop] SourceThread 2: attempting to stop source[m
[36m[00:10:12.812188] [D] [SingleNodeWorker] [WorkerThread-1] [Task:1048827176] [SourceThread.cpp:248] [tryStop] SourceThread 2: stopped[m
[32m[00:10:12.838478] [I] [SingleNodeWorker] [WorkerThread-0] [] [SequenceShredder.cpp:55] [~SequenceShredder] Successfully validated SequenceShredder[m
[32m[00:10:12.848685] [I] [SingleNodeWorker] [WorkerThread-1] [Task:1048827176-144] [VoidSink.cpp:42] [stop] Void Sink completed.[m
[36m[00:10:12.848810] [D] [SingleNodeWorker] [WorkerThread-1] [] [SourceThread.cpp:226] [tryStop] SourceThread 2: thread is not running[m
[36m[00:10:15.069101] [D] [Not A Worker] [unnamed] [queryId:263680278] [BufferManager.cpp:110] [initialize] NES memory allocation requires 1 out of 540577120256 (so 1.8498748143954595e-10%) available bytes[m
[36m[00:10:15.069154] [D] [Not A Worker] [unnamed] [queryId:263680278] [BufferManager.cpp:160] [initialize] BufferManager configuration bufferSize=1 numOfBuffers=1[m
[36m[00:10:15.069324] [D] [Not A Worker] [unnamed] [queryId:263680278] [PipeliningPhase.cpp:365] [apply] Constructed pipeline plan with 1 root pipelines.
PipelinedQueryPlan for Query: 263680278
Number of root pipelines: 1
------------------
Root Pipeline 0:
  Pipeline(ID(145), Provider(COMPILER))
  Operator chain:
    PhysicalOperator(NES::SourcePhysicalOperator)
  Successor Pipeline:
    Pipeline(ID(146), Provider(None))
      Operator chain:
        PhysicalOperator(NES::ScanPhysicalOperator)
          PhysicalOperator(NES::SelectionPhysicalOperator)
            PhysicalOperator(NES::MapPhysicalOperator)
              PhysicalOperator(NES::EmitPhysicalOperator)
      Successor Pipeline:
        Pipeline(ID(147), Provider(None))
          Operator chain:
            PhysicalOperator(NES::SinkPhysicalOperator)

[m
[36m[00:10:15.072468] [D] [Not A Worker] [unnamed] [] [SinkProvider.cpp:30] [lower] The sinkDescriptor is: SinkDescriptor: (name: variant("PERSON_ID_SINK"), type: Void, Config: )[m
[36m[00:10:15.073644] [D] [SingleNodeWorker] [WorkerThread-1] [Task:263680278-147] [VoidSink.cpp:37] [start] Setting up void sink: VoidSink[m
[36m[00:10:15.172649] [D] [SingleNodeWorker] [WorkerThread-1] [] [SourceThread.cpp:184] [start] Starting source with originId: 2[m
[36m[00:10:15.182749] [D] [SingleNodeWorker] [WorkerThread-1] [Task:263680278-146] [BufferManager.cpp:65] [~BufferManager] Calling BufferManager::destroy()[m
[36m[00:10:15.182796] [D] [SingleNodeWorker] [WorkerThread-1] [Task:263680278-146] [BufferManager.cpp:93] [~BufferManager] Shutting down Buffer Manager completed[m
[36m[00:10:29.213989] [D] [SingleNodeWorker] [WorkerThread-0] [Task:263680278] [SourceThread.cpp:230] [tryStop] SourceThread 2: attempting to stop source[m
[36m[00:10:29.214039] [D] [SingleNodeWorker] [WorkerThread-0] [Task:263680278] [SourceThread.cpp:248] [tryStop] SourceThread 2: stopped[m
[32m[00:10:29.240693] [I] [SingleNodeWorker] [WorkerThread-1] [] [SequenceShredder.cpp:55] [~SequenceShredder] Successfully validated SequenceShredder[m
[32m[00:10:29.250766] [I] [SingleNodeWorker] [WorkerThread-0] [Task:263680278-147] [VoidSink.cpp:42] [stop] Void Sink completed.[m
[36m[00:10:29.250892] [D] [SingleNodeWorker] [WorkerThread-0] [] [SourceThread.cpp:226] [tryStop] SourceThread 2: thread is not running[m
[36m[00:10:31.539679] [D] [Not A Worker] [unnamed] [queryId:1387175340] [BufferManager.cpp:110] [initialize] NES memory allocation requires 1 out of 540577120256 (so 1.8498748143954595e-10%) available bytes[m
[36m[00:10:31.539730] [D] [Not A Worker] [unnamed] [queryId:1387175340] [BufferManager.cpp:160] [initialize] BufferManager configuration bufferSize=1 numOfBuffers=1[m
[36m[00:10:31.539900] [D] [Not A Worker] [unnamed] [queryId:1387175340] [PipeliningPhase.cpp:365] [apply] Constructed pipeline plan with 1 root pipelines.
PipelinedQueryPlan for Query: 1387175340
Number of root pipelines: 1
------------------
Root Pipeline 0:
  Pipeline(ID(148), Provider(COMPILER))
  Operator chain:
    PhysicalOperator(NES::SourcePhysicalOperator)
  Successor Pipeline:
    Pipeline(ID(149), Provider(None))
      Operator chain:
        PhysicalOperator(NES::ScanPhysicalOperator)
          PhysicalOperator(NES::SelectionPhysicalOperator)
            PhysicalOperator(NES::MapPhysicalOperator)
              PhysicalOperator(NES::EmitPhysicalOperator)
      Successor Pipeline:
        Pipeline(ID(150), Provider(None))
          Operator chain:
            PhysicalOperator(NES::SinkPhysicalOperator)

[m
[36m[00:10:31.543422] [D] [Not A Worker] [unnamed] [] [SinkProvider.cpp:30] [lower] The sinkDescriptor is: SinkDescriptor: (name: variant("PERSON_ID_SINK"), type: Void, Config: )[m
[36m[00:10:31.561028] [D] [SingleNodeWorker] [WorkerThread-0] [Task:1387175340-150] [VoidSink.cpp:37] [start] Setting up void sink: VoidSink[m
[36m[00:10:31.656818] [D] [SingleNodeWorker] [WorkerThread-0] [] [SourceThread.cpp:184] [start] Starting source with originId: 2[m
[36m[00:10:31.666496] [D] [SingleNodeWorker] [WorkerThread-0] [Task:1387175340-149] [BufferManager.cpp:65] [~BufferManager] Calling BufferManager::destroy()[m
[36m[00:10:31.666523] [D] [SingleNodeWorker] [WorkerThread-0] [Task:1387175340-149] [BufferManager.cpp:93] [~BufferManager] Shutting down Buffer Manager completed[m
[36m[00:10:45.708251] [D] [SingleNodeWorker] [WorkerThread-0] [Task:1387175340] [SourceThread.cpp:230] [tryStop] SourceThread 2: attempting to stop source[m
[36m[00:10:45.708300] [D] [SingleNodeWorker] [WorkerThread-0] [Task:1387175340] [SourceThread.cpp:248] [tryStop] SourceThread 2: stopped[m
[32m[00:10:45.736129] [I] [SingleNodeWorker] [WorkerThread-1] [] [SequenceShredder.cpp:55] [~SequenceShredder] Successfully validated SequenceShredder[m
[32m[00:10:45.744161] [I] [SingleNodeWorker] [WorkerThread-0] [Task:1387175340-150] [VoidSink.cpp:42] [stop] Void Sink completed.[m
[36m[00:10:45.744285] [D] [SingleNodeWorker] [WorkerThread-0] [] [SourceThread.cpp:226] [tryStop] SourceThread 2: thread is not running[m
