[32m[00:34:39.144095] [I] [Not A Worker] [unnamed] [] [SingleNodeWorker.cpp:63] [SingleNodeWorker] Starting SingleNodeWorker SingleNodeWorker with configuration:
worker.query_engine.number_of_worker_threads: 48
worker.query_engine.admission_queue_size: 1000 (default)
worker.default_query_execution.execution_mode: COMPILER (default)
worker.default_query_execution.page_size: 1024 (default)
worker.default_query_execution.number_of_partitions: 100 (default)
worker.default_query_execution.number_of_records_per_key: 10 (default)
worker.default_query_execution.max_number_of_buckets: 10000 (default)
worker.default_query_execution.operator_buffer_size: 262144
worker.default_query_optimization.join_strategy: OPTIMIZER_CHOOSES (default)
worker.number_of_buffers_in_global_buffer_manager: 32768 (default)
worker.default_max_inflight_buffers: 64 (default)
worker.dump_compilation_result: NONE (default)
worker.dump_graph: 0 (default)
grpc: [::]:8080 (default)
enable_event_trace: 0 (default)
[m
[36m[00:34:39.145620] [D] [Not A Worker] [unnamed] [] [BufferManager.cpp:110] [initialize] NES memory allocation requires 8589934592 out of 540577120256 (so 1.5890303659045137%) available bytes[m
[36m[00:34:39.238390] [D] [Not A Worker] [unnamed] [] [BufferManager.cpp:160] [initialize] BufferManager configuration bufferSize=262144 numOfBuffers=32768[m
[32m[00:34:39.253199] [I] [Not A Worker] [unnamed] [] [SingleNodeWorkerStarter.cpp:93] [main] Server listening on [::]:8080[m
[36m[00:34:41.684473] [D] [Not A Worker] [unnamed] [queryId:901094327] [BufferManager.cpp:110] [initialize] NES memory allocation requires 1 out of 540577120256 (so 1.8498748143954595e-10%) available bytes[m
[36m[00:34:41.684522] [D] [Not A Worker] [unnamed] [queryId:901094327] [BufferManager.cpp:160] [initialize] BufferManager configuration bufferSize=1 numOfBuffers=1[m
[36m[00:34:41.684709] [D] [Not A Worker] [unnamed] [queryId:901094327] [PipeliningPhase.cpp:365] [apply] Constructed pipeline plan with 1 root pipelines.
PipelinedQueryPlan for Query: 901094327
Number of root pipelines: 1
------------------
Root Pipeline 0:
  Pipeline(ID(1), Provider(COMPILER))
  Operator chain:
    PhysicalOperator(NES::SourcePhysicalOperator)
  Successor Pipeline:
    Pipeline(ID(2), Provider(None))
      Operator chain:
        PhysicalOperator(NES::ScanPhysicalOperator)
          PhysicalOperator(NES::SelectionPhysicalOperator)
            PhysicalOperator(NES::MapPhysicalOperator)
              PhysicalOperator(NES::EmitPhysicalOperator)
      Successor Pipeline:
        Pipeline(ID(3), Provider(None))
          Operator chain:
            PhysicalOperator(NES::SinkPhysicalOperator)

[m
[36m[00:34:41.688736] [D] [Not A Worker] [unnamed] [] [SinkProvider.cpp:30] [lower] The sinkDescriptor is: SinkDescriptor: (name: variant("PERSON_ID_SINK"), type: Void, Config: )[m
[36m[00:34:41.689325] [D] [SingleNodeWorker] [WorkerThread-33] [Task:901094327-3] [VoidSink.cpp:37] [start] Setting up void sink: VoidSink[m
[36m[00:34:41.806633] [D] [SingleNodeWorker] [WorkerThread-47] [] [SourceThread.cpp:184] [start] Starting source with originId: 2[m
[36m[00:34:41.831131] [D] [SingleNodeWorker] [WorkerThread-31] [Task:901094327-2] [BufferManager.cpp:65] [~BufferManager] Calling BufferManager::destroy()[m
[36m[00:34:41.831179] [D] [SingleNodeWorker] [WorkerThread-31] [Task:901094327-2] [BufferManager.cpp:93] [~BufferManager] Shutting down Buffer Manager completed[m
[36m[00:34:42.769480] [D] [SingleNodeWorker] [WorkerThread-37] [Task:901094327] [SourceThread.cpp:230] [tryStop] SourceThread 2: attempting to stop source[m
[36m[00:34:42.769554] [D] [SingleNodeWorker] [WorkerThread-37] [Task:901094327] [SourceThread.cpp:248] [tryStop] SourceThread 2: stopped[m
[32m[00:34:42.795267] [I] [SingleNodeWorker] [WorkerThread-0] [Task:901094327-3] [VoidSink.cpp:42] [stop] Void Sink completed.[m
[36m[00:34:42.795323] [D] [SingleNodeWorker] [WorkerThread-0] [] [SourceThread.cpp:226] [tryStop] SourceThread 2: thread is not running[m
[32m[00:34:42.795581] [I] [SingleNodeWorker] [WorkerThread-17] [] [SequenceShredder.cpp:55] [~SequenceShredder] Successfully validated SequenceShredder[m
[36m[00:34:46.730630] [D] [Not A Worker] [unnamed] [queryId:1558306767] [BufferManager.cpp:110] [initialize] NES memory allocation requires 1 out of 540577120256 (so 1.8498748143954595e-10%) available bytes[m
[36m[00:34:46.730680] [D] [Not A Worker] [unnamed] [queryId:1558306767] [BufferManager.cpp:160] [initialize] BufferManager configuration bufferSize=1 numOfBuffers=1[m
[36m[00:34:46.730882] [D] [Not A Worker] [unnamed] [queryId:1558306767] [PipeliningPhase.cpp:365] [apply] Constructed pipeline plan with 1 root pipelines.
PipelinedQueryPlan for Query: 1558306767
Number of root pipelines: 1
------------------
Root Pipeline 0:
  Pipeline(ID(4), Provider(COMPILER))
  Operator chain:
    PhysicalOperator(NES::SourcePhysicalOperator)
  Successor Pipeline:
    Pipeline(ID(5), Provider(None))
      Operator chain:
        PhysicalOperator(NES::ScanPhysicalOperator)
          PhysicalOperator(NES::SelectionPhysicalOperator)
            PhysicalOperator(NES::MapPhysicalOperator)
              PhysicalOperator(NES::EmitPhysicalOperator)
      Successor Pipeline:
        Pipeline(ID(6), Provider(None))
          Operator chain:
            PhysicalOperator(NES::SinkPhysicalOperator)

[m
[36m[00:34:46.734484] [D] [Not A Worker] [unnamed] [] [SinkProvider.cpp:30] [lower] The sinkDescriptor is: SinkDescriptor: (name: variant("PERSON_ID_SINK"), type: Void, Config: )[m
[36m[00:34:46.735225] [D] [SingleNodeWorker] [WorkerThread-21] [Task:1558306767-6] [VoidSink.cpp:37] [start] Setting up void sink: VoidSink[m
[36m[00:34:46.852309] [D] [SingleNodeWorker] [WorkerThread-8] [] [SourceThread.cpp:184] [start] Starting source with originId: 2[m
[36m[00:34:46.862662] [D] [SingleNodeWorker] [WorkerThread-8] [Task:1558306767-5] [BufferManager.cpp:65] [~BufferManager] Calling BufferManager::destroy()[m
[36m[00:34:46.862700] [D] [SingleNodeWorker] [WorkerThread-8] [Task:1558306767-5] [BufferManager.cpp:93] [~BufferManager] Shutting down Buffer Manager completed[m
[36m[00:34:47.782143] [D] [SingleNodeWorker] [WorkerThread-1] [Task:1558306767] [SourceThread.cpp:230] [tryStop] SourceThread 2: attempting to stop source[m
[36m[00:34:47.782211] [D] [SingleNodeWorker] [WorkerThread-1] [Task:1558306767] [SourceThread.cpp:248] [tryStop] SourceThread 2: stopped[m
[32m[00:34:47.808673] [I] [SingleNodeWorker] [WorkerThread-7] [Task:1558306767-6] [VoidSink.cpp:42] [stop] Void Sink completed.[m
[36m[00:34:47.808810] [D] [SingleNodeWorker] [WorkerThread-7] [] [SourceThread.cpp:226] [tryStop] SourceThread 2: thread is not running[m
[32m[00:34:47.808995] [I] [SingleNodeWorker] [WorkerThread-40] [] [SequenceShredder.cpp:55] [~SequenceShredder] Successfully validated SequenceShredder[m
[36m[00:34:51.861515] [D] [Not A Worker] [unnamed] [queryId:1601441929] [BufferManager.cpp:110] [initialize] NES memory allocation requires 1 out of 540577120256 (so 1.8498748143954595e-10%) available bytes[m
[36m[00:34:51.861585] [D] [Not A Worker] [unnamed] [queryId:1601441929] [BufferManager.cpp:160] [initialize] BufferManager configuration bufferSize=1 numOfBuffers=1[m
[36m[00:34:51.861773] [D] [Not A Worker] [unnamed] [queryId:1601441929] [PipeliningPhase.cpp:365] [apply] Constructed pipeline plan with 1 root pipelines.
PipelinedQueryPlan for Query: 1601441929
Number of root pipelines: 1
------------------
Root Pipeline 0:
  Pipeline(ID(7), Provider(COMPILER))
  Operator chain:
    PhysicalOperator(NES::SourcePhysicalOperator)
  Successor Pipeline:
    Pipeline(ID(8), Provider(None))
      Operator chain:
        PhysicalOperator(NES::ScanPhysicalOperator)
          PhysicalOperator(NES::SelectionPhysicalOperator)
            PhysicalOperator(NES::MapPhysicalOperator)
              PhysicalOperator(NES::EmitPhysicalOperator)
      Successor Pipeline:
        Pipeline(ID(9), Provider(None))
          Operator chain:
            PhysicalOperator(NES::SinkPhysicalOperator)

[m
[36m[00:34:51.865133] [D] [Not A Worker] [unnamed] [] [SinkProvider.cpp:30] [lower] The sinkDescriptor is: SinkDescriptor: (name: variant("PERSON_ID_SINK"), type: Void, Config: )[m
[36m[00:34:51.865627] [D] [SingleNodeWorker] [WorkerThread-37] [Task:1601441929-9] [VoidSink.cpp:37] [start] Setting up void sink: VoidSink[m
[36m[00:34:51.978421] [D] [SingleNodeWorker] [WorkerThread-36] [] [SourceThread.cpp:184] [start] Starting source with originId: 2[m
[36m[00:34:51.988302] [D] [SingleNodeWorker] [WorkerThread-36] [Task:1601441929-8] [BufferManager.cpp:65] [~BufferManager] Calling BufferManager::destroy()[m
[36m[00:34:51.988333] [D] [SingleNodeWorker] [WorkerThread-36] [Task:1601441929-8] [BufferManager.cpp:93] [~BufferManager] Shutting down Buffer Manager completed[m
[36m[00:34:52.911239] [D] [SingleNodeWorker] [WorkerThread-16] [Task:1601441929] [SourceThread.cpp:230] [tryStop] SourceThread 2: attempting to stop source[m
[36m[00:34:52.911310] [D] [SingleNodeWorker] [WorkerThread-16] [Task:1601441929] [SourceThread.cpp:248] [tryStop] SourceThread 2: stopped[m
[32m[00:34:52.937901] [I] [SingleNodeWorker] [WorkerThread-7] [] [SequenceShredder.cpp:55] [~SequenceShredder] Successfully validated SequenceShredder[m
[32m[00:34:52.937920] [I] [SingleNodeWorker] [WorkerThread-23] [Task:1601441929-9] [VoidSink.cpp:42] [stop] Void Sink completed.[m
[36m[00:34:52.938114] [D] [SingleNodeWorker] [WorkerThread-23] [] [SourceThread.cpp:226] [tryStop] SourceThread 2: thread is not running[m
[36m[00:34:57.000459] [D] [Not A Worker] [unnamed] [queryId:923276544] [BufferManager.cpp:110] [initialize] NES memory allocation requires 1 out of 540577120256 (so 1.8498748143954595e-10%) available bytes[m
[36m[00:34:57.000521] [D] [Not A Worker] [unnamed] [queryId:923276544] [BufferManager.cpp:160] [initialize] BufferManager configuration bufferSize=1 numOfBuffers=1[m
[36m[00:34:57.000718] [D] [Not A Worker] [unnamed] [queryId:923276544] [PipeliningPhase.cpp:365] [apply] Constructed pipeline plan with 1 root pipelines.
PipelinedQueryPlan for Query: 923276544
Number of root pipelines: 1
------------------
Root Pipeline 0:
  Pipeline(ID(10), Provider(COMPILER))
  Operator chain:
    PhysicalOperator(NES::SourcePhysicalOperator)
  Successor Pipeline:
    Pipeline(ID(11), Provider(None))
      Operator chain:
        PhysicalOperator(NES::ScanPhysicalOperator)
          PhysicalOperator(NES::SelectionPhysicalOperator)
            PhysicalOperator(NES::MapPhysicalOperator)
              PhysicalOperator(NES::EmitPhysicalOperator)
      Successor Pipeline:
        Pipeline(ID(12), Provider(None))
          Operator chain:
            PhysicalOperator(NES::SinkPhysicalOperator)

[m
[36m[00:34:57.003478] [D] [Not A Worker] [unnamed] [] [SinkProvider.cpp:30] [lower] The sinkDescriptor is: SinkDescriptor: (name: variant("PERSON_ID_SINK"), type: Void, Config: )[m
[36m[00:34:57.003812] [D] [SingleNodeWorker] [WorkerThread-18] [Task:923276544-12] [VoidSink.cpp:37] [start] Setting up void sink: VoidSink[m
[36m[00:34:57.119889] [D] [SingleNodeWorker] [WorkerThread-33] [] [SourceThread.cpp:184] [start] Starting source with originId: 2[m
[36m[00:34:57.140473] [D] [SingleNodeWorker] [WorkerThread-27] [Task:923276544-11] [BufferManager.cpp:65] [~BufferManager] Calling BufferManager::destroy()[m
[36m[00:34:57.140526] [D] [SingleNodeWorker] [WorkerThread-27] [Task:923276544-11] [BufferManager.cpp:93] [~BufferManager] Shutting down Buffer Manager completed[m
[36m[00:34:58.444669] [D] [SingleNodeWorker] [WorkerThread-45] [Task:923276544] [SourceThread.cpp:230] [tryStop] SourceThread 2: attempting to stop source[m
[36m[00:34:58.444748] [D] [SingleNodeWorker] [WorkerThread-45] [Task:923276544] [SourceThread.cpp:248] [tryStop] SourceThread 2: stopped[m
[32m[00:34:58.471459] [I] [SingleNodeWorker] [WorkerThread-9] [Task:923276544-12] [VoidSink.cpp:42] [stop] Void Sink completed.[m
[36m[00:34:58.471615] [D] [SingleNodeWorker] [WorkerThread-9] [] [SourceThread.cpp:226] [tryStop] SourceThread 2: thread is not running[m
[32m[00:34:58.471707] [I] [SingleNodeWorker] [WorkerThread-22] [] [SequenceShredder.cpp:55] [~SequenceShredder] Successfully validated SequenceShredder[m
[36m[00:35:02.308727] [D] [Not A Worker] [unnamed] [queryId:398475887] [BufferManager.cpp:110] [initialize] NES memory allocation requires 1 out of 540577120256 (so 1.8498748143954595e-10%) available bytes[m
[36m[00:35:02.308789] [D] [Not A Worker] [unnamed] [queryId:398475887] [BufferManager.cpp:160] [initialize] BufferManager configuration bufferSize=1 numOfBuffers=1[m
[36m[00:35:02.308973] [D] [Not A Worker] [unnamed] [queryId:398475887] [PipeliningPhase.cpp:365] [apply] Constructed pipeline plan with 1 root pipelines.
PipelinedQueryPlan for Query: 398475887
Number of root pipelines: 1
------------------
Root Pipeline 0:
  Pipeline(ID(13), Provider(COMPILER))
  Operator chain:
    PhysicalOperator(NES::SourcePhysicalOperator)
  Successor Pipeline:
    Pipeline(ID(14), Provider(None))
      Operator chain:
        PhysicalOperator(NES::ScanPhysicalOperator)
          PhysicalOperator(NES::SelectionPhysicalOperator)
            PhysicalOperator(NES::MapPhysicalOperator)
              PhysicalOperator(NES::EmitPhysicalOperator)
      Successor Pipeline:
        Pipeline(ID(15), Provider(None))
          Operator chain:
            PhysicalOperator(NES::SinkPhysicalOperator)

[m
[36m[00:35:02.312275] [D] [Not A Worker] [unnamed] [] [SinkProvider.cpp:30] [lower] The sinkDescriptor is: SinkDescriptor: (name: variant("PERSON_ID_SINK"), type: Void, Config: )[m
[36m[00:35:02.313457] [D] [SingleNodeWorker] [WorkerThread-12] [Task:398475887-15] [VoidSink.cpp:37] [start] Setting up void sink: VoidSink[m
[36m[00:35:02.427408] [D] [SingleNodeWorker] [WorkerThread-12] [] [SourceThread.cpp:184] [start] Starting source with originId: 2[m
[36m[00:35:02.437357] [D] [SingleNodeWorker] [WorkerThread-12] [Task:398475887-14] [BufferManager.cpp:65] [~BufferManager] Calling BufferManager::destroy()[m
[36m[00:35:02.437386] [D] [SingleNodeWorker] [WorkerThread-12] [Task:398475887-14] [BufferManager.cpp:93] [~BufferManager] Shutting down Buffer Manager completed[m
[36m[00:35:03.755403] [D] [SingleNodeWorker] [WorkerThread-22] [Task:398475887] [SourceThread.cpp:230] [tryStop] SourceThread 2: attempting to stop source[m
[36m[00:35:03.755472] [D] [SingleNodeWorker] [WorkerThread-22] [Task:398475887] [SourceThread.cpp:248] [tryStop] SourceThread 2: stopped[m
[32m[00:35:03.781050] [I] [SingleNodeWorker] [WorkerThread-42] [Task:398475887-15] [VoidSink.cpp:42] [stop] Void Sink completed.[m
[36m[00:35:03.781189] [D] [SingleNodeWorker] [WorkerThread-42] [] [SourceThread.cpp:226] [tryStop] SourceThread 2: thread is not running[m
[32m[00:35:03.781210] [I] [SingleNodeWorker] [WorkerThread-47] [] [SequenceShredder.cpp:55] [~SequenceShredder] Successfully validated SequenceShredder[m
[36m[00:35:07.421708] [D] [Not A Worker] [unnamed] [queryId:600363778] [BufferManager.cpp:110] [initialize] NES memory allocation requires 1 out of 540577120256 (so 1.8498748143954595e-10%) available bytes[m
[36m[00:35:07.421766] [D] [Not A Worker] [unnamed] [queryId:600363778] [BufferManager.cpp:160] [initialize] BufferManager configuration bufferSize=1 numOfBuffers=1[m
[36m[00:35:07.421954] [D] [Not A Worker] [unnamed] [queryId:600363778] [PipeliningPhase.cpp:365] [apply] Constructed pipeline plan with 1 root pipelines.
PipelinedQueryPlan for Query: 600363778
Number of root pipelines: 1
------------------
Root Pipeline 0:
  Pipeline(ID(16), Provider(COMPILER))
  Operator chain:
    PhysicalOperator(NES::SourcePhysicalOperator)
  Successor Pipeline:
    Pipeline(ID(17), Provider(None))
      Operator chain:
        PhysicalOperator(NES::ScanPhysicalOperator)
          PhysicalOperator(NES::SelectionPhysicalOperator)
            PhysicalOperator(NES::MapPhysicalOperator)
              PhysicalOperator(NES::EmitPhysicalOperator)
      Successor Pipeline:
        Pipeline(ID(18), Provider(None))
          Operator chain:
            PhysicalOperator(NES::SinkPhysicalOperator)

[m
[36m[00:35:07.425988] [D] [Not A Worker] [unnamed] [] [SinkProvider.cpp:30] [lower] The sinkDescriptor is: SinkDescriptor: (name: variant("PERSON_ID_SINK"), type: Void, Config: )[m
[36m[00:35:07.426503] [D] [SingleNodeWorker] [WorkerThread-30] [Task:600363778-18] [VoidSink.cpp:37] [start] Setting up void sink: VoidSink[m
[36m[00:35:07.538840] [D] [SingleNodeWorker] [WorkerThread-43] [] [SourceThread.cpp:184] [start] Starting source with originId: 2[m
[36m[00:35:07.562326] [D] [SingleNodeWorker] [WorkerThread-32] [Task:600363778-17] [BufferManager.cpp:65] [~BufferManager] Calling BufferManager::destroy()[m
[36m[00:35:07.562382] [D] [SingleNodeWorker] [WorkerThread-32] [Task:600363778-17] [BufferManager.cpp:93] [~BufferManager] Shutting down Buffer Manager completed[m
[36m[00:35:08.529263] [D] [SingleNodeWorker] [WorkerThread-21] [Task:600363778] [SourceThread.cpp:230] [tryStop] SourceThread 2: attempting to stop source[m
[36m[00:35:08.529316] [D] [SingleNodeWorker] [WorkerThread-21] [Task:600363778] [SourceThread.cpp:248] [tryStop] SourceThread 2: stopped[m
[32m[00:35:08.554811] [I] [SingleNodeWorker] [WorkerThread-29] [Task:600363778-18] [VoidSink.cpp:42] [stop] Void Sink completed.[m
[32m[00:35:08.554868] [I] [SingleNodeWorker] [WorkerThread-22] [] [SequenceShredder.cpp:55] [~SequenceShredder] Successfully validated SequenceShredder[m
[36m[00:35:08.555028] [D] [SingleNodeWorker] [WorkerThread-29] [] [SourceThread.cpp:226] [tryStop] SourceThread 2: thread is not running[m
[36m[00:35:12.310739] [D] [Not A Worker] [unnamed] [queryId:1036360326] [BufferManager.cpp:110] [initialize] NES memory allocation requires 1 out of 540577120256 (so 1.8498748143954595e-10%) available bytes[m
[36m[00:35:12.310796] [D] [Not A Worker] [unnamed] [queryId:1036360326] [BufferManager.cpp:160] [initialize] BufferManager configuration bufferSize=1 numOfBuffers=1[m
[36m[00:35:12.310993] [D] [Not A Worker] [unnamed] [queryId:1036360326] [PipeliningPhase.cpp:365] [apply] Constructed pipeline plan with 1 root pipelines.
PipelinedQueryPlan for Query: 1036360326
Number of root pipelines: 1
------------------
Root Pipeline 0:
  Pipeline(ID(19), Provider(COMPILER))
  Operator chain:
    PhysicalOperator(NES::SourcePhysicalOperator)
  Successor Pipeline:
    Pipeline(ID(20), Provider(None))
      Operator chain:
        PhysicalOperator(NES::ScanPhysicalOperator)
          PhysicalOperator(NES::SelectionPhysicalOperator)
            PhysicalOperator(NES::MapPhysicalOperator)
              PhysicalOperator(NES::EmitPhysicalOperator)
      Successor Pipeline:
        Pipeline(ID(21), Provider(None))
          Operator chain:
            PhysicalOperator(NES::SinkPhysicalOperator)

[m
[36m[00:35:12.314718] [D] [Not A Worker] [unnamed] [] [SinkProvider.cpp:30] [lower] The sinkDescriptor is: SinkDescriptor: (name: variant("PERSON_ID_SINK"), type: Void, Config: )[m
[36m[00:35:12.315109] [D] [SingleNodeWorker] [WorkerThread-1] [Task:1036360326-21] [VoidSink.cpp:37] [start] Setting up void sink: VoidSink[m
[36m[00:35:12.430564] [D] [SingleNodeWorker] [WorkerThread-22] [] [SourceThread.cpp:184] [start] Starting source with originId: 2[m
[36m[00:35:12.440448] [D] [SingleNodeWorker] [WorkerThread-22] [Task:1036360326-20] [BufferManager.cpp:65] [~BufferManager] Calling BufferManager::destroy()[m
[36m[00:35:12.440475] [D] [SingleNodeWorker] [WorkerThread-22] [Task:1036360326-20] [BufferManager.cpp:93] [~BufferManager] Shutting down Buffer Manager completed[m
[36m[00:35:13.785665] [D] [SingleNodeWorker] [WorkerThread-0] [Task:1036360326] [SourceThread.cpp:230] [tryStop] SourceThread 2: attempting to stop source[m
[36m[00:35:13.785738] [D] [SingleNodeWorker] [WorkerThread-0] [Task:1036360326] [SourceThread.cpp:248] [tryStop] SourceThread 2: stopped[m
[32m[00:35:13.812634] [I] [SingleNodeWorker] [WorkerThread-10] [Task:1036360326-21] [VoidSink.cpp:42] [stop] Void Sink completed.[m
[36m[00:35:13.812799] [D] [SingleNodeWorker] [WorkerThread-10] [] [SourceThread.cpp:226] [tryStop] SourceThread 2: thread is not running[m
[32m[00:35:13.812905] [I] [SingleNodeWorker] [WorkerThread-42] [] [SequenceShredder.cpp:55] [~SequenceShredder] Successfully validated SequenceShredder[m
[36m[00:35:17.173882] [D] [Not A Worker] [unnamed] [queryId:1490298619] [BufferManager.cpp:110] [initialize] NES memory allocation requires 1 out of 540577120256 (so 1.8498748143954595e-10%) available bytes[m
[36m[00:35:17.173934] [D] [Not A Worker] [unnamed] [queryId:1490298619] [BufferManager.cpp:160] [initialize] BufferManager configuration bufferSize=1 numOfBuffers=1[m
[36m[00:35:17.174138] [D] [Not A Worker] [unnamed] [queryId:1490298619] [PipeliningPhase.cpp:365] [apply] Constructed pipeline plan with 1 root pipelines.
PipelinedQueryPlan for Query: 1490298619
Number of root pipelines: 1
------------------
Root Pipeline 0:
  Pipeline(ID(22), Provider(COMPILER))
  Operator chain:
    PhysicalOperator(NES::SourcePhysicalOperator)
  Successor Pipeline:
    Pipeline(ID(23), Provider(None))
      Operator chain:
        PhysicalOperator(NES::ScanPhysicalOperator)
          PhysicalOperator(NES::SelectionPhysicalOperator)
            PhysicalOperator(NES::MapPhysicalOperator)
              PhysicalOperator(NES::EmitPhysicalOperator)
      Successor Pipeline:
        Pipeline(ID(24), Provider(None))
          Operator chain:
            PhysicalOperator(NES::SinkPhysicalOperator)

[m
[36m[00:35:17.177314] [D] [Not A Worker] [unnamed] [] [SinkProvider.cpp:30] [lower] The sinkDescriptor is: SinkDescriptor: (name: variant("PERSON_ID_SINK"), type: Void, Config: )[m
[36m[00:35:17.178510] [D] [SingleNodeWorker] [WorkerThread-40] [Task:1490298619-24] [VoidSink.cpp:37] [start] Setting up void sink: VoidSink[m
[36m[00:35:17.295461] [D] [SingleNodeWorker] [WorkerThread-24] [] [SourceThread.cpp:184] [start] Starting source with originId: 2[m
[36m[00:35:17.307446] [D] [SingleNodeWorker] [WorkerThread-24] [Task:1490298619-23] [BufferManager.cpp:65] [~BufferManager] Calling BufferManager::destroy()[m
[36m[00:35:17.307485] [D] [SingleNodeWorker] [WorkerThread-24] [Task:1490298619-23] [BufferManager.cpp:93] [~BufferManager] Shutting down Buffer Manager completed[m
[36m[00:35:18.676754] [D] [SingleNodeWorker] [WorkerThread-14] [Task:1490298619] [SourceThread.cpp:230] [tryStop] SourceThread 2: attempting to stop source[m
[36m[00:35:18.676797] [D] [SingleNodeWorker] [WorkerThread-14] [Task:1490298619] [SourceThread.cpp:248] [tryStop] SourceThread 2: stopped[m
[32m[00:35:18.702660] [I] [SingleNodeWorker] [WorkerThread-7] [] [SequenceShredder.cpp:55] [~SequenceShredder] Successfully validated SequenceShredder[m
[32m[00:35:18.702722] [I] [SingleNodeWorker] [WorkerThread-42] [Task:1490298619-24] [VoidSink.cpp:42] [stop] Void Sink completed.[m
[36m[00:35:18.702848] [D] [SingleNodeWorker] [WorkerThread-42] [] [SourceThread.cpp:226] [tryStop] SourceThread 2: thread is not running[m
[36m[00:35:22.484709] [D] [Not A Worker] [unnamed] [queryId:648395463] [BufferManager.cpp:110] [initialize] NES memory allocation requires 1 out of 540577120256 (so 1.8498748143954595e-10%) available bytes[m
[36m[00:35:22.484759] [D] [Not A Worker] [unnamed] [queryId:648395463] [BufferManager.cpp:160] [initialize] BufferManager configuration bufferSize=1 numOfBuffers=1[m
[36m[00:35:22.484950] [D] [Not A Worker] [unnamed] [queryId:648395463] [PipeliningPhase.cpp:365] [apply] Constructed pipeline plan with 1 root pipelines.
PipelinedQueryPlan for Query: 648395463
Number of root pipelines: 1
------------------
Root Pipeline 0:
  Pipeline(ID(25), Provider(COMPILER))
  Operator chain:
    PhysicalOperator(NES::SourcePhysicalOperator)
  Successor Pipeline:
    Pipeline(ID(26), Provider(None))
      Operator chain:
        PhysicalOperator(NES::ScanPhysicalOperator)
          PhysicalOperator(NES::SelectionPhysicalOperator)
            PhysicalOperator(NES::MapPhysicalOperator)
              PhysicalOperator(NES::EmitPhysicalOperator)
      Successor Pipeline:
        Pipeline(ID(27), Provider(None))
          Operator chain:
            PhysicalOperator(NES::SinkPhysicalOperator)

[m
[36m[00:35:22.488070] [D] [Not A Worker] [unnamed] [] [SinkProvider.cpp:30] [lower] The sinkDescriptor is: SinkDescriptor: (name: variant("PERSON_ID_SINK"), type: Void, Config: )[m
[36m[00:35:22.488516] [D] [SingleNodeWorker] [WorkerThread-32] [Task:648395463-27] [VoidSink.cpp:37] [start] Setting up void sink: VoidSink[m
[36m[00:35:22.602334] [D] [SingleNodeWorker] [WorkerThread-30] [] [SourceThread.cpp:184] [start] Starting source with originId: 2[m
[36m[00:35:22.612325] [D] [SingleNodeWorker] [WorkerThread-30] [Task:648395463-26] [BufferManager.cpp:65] [~BufferManager] Calling BufferManager::destroy()[m
[36m[00:35:22.612354] [D] [SingleNodeWorker] [WorkerThread-30] [Task:648395463-26] [BufferManager.cpp:93] [~BufferManager] Shutting down Buffer Manager completed[m
[36m[00:35:23.621091] [D] [SingleNodeWorker] [WorkerThread-29] [Task:648395463] [SourceThread.cpp:230] [tryStop] SourceThread 2: attempting to stop source[m
[36m[00:35:23.621151] [D] [SingleNodeWorker] [WorkerThread-29] [Task:648395463] [SourceThread.cpp:248] [tryStop] SourceThread 2: stopped[m
[32m[00:35:23.647421] [I] [SingleNodeWorker] [WorkerThread-13] [] [SequenceShredder.cpp:55] [~SequenceShredder] Successfully validated SequenceShredder[m
[32m[00:35:23.647467] [I] [SingleNodeWorker] [WorkerThread-7] [Task:648395463-27] [VoidSink.cpp:42] [stop] Void Sink completed.[m
[36m[00:35:23.647630] [D] [SingleNodeWorker] [WorkerThread-7] [] [SourceThread.cpp:226] [tryStop] SourceThread 2: thread is not running[m
[36m[00:35:27.501390] [D] [Not A Worker] [unnamed] [queryId:488063442] [BufferManager.cpp:110] [initialize] NES memory allocation requires 1 out of 540577120256 (so 1.8498748143954595e-10%) available bytes[m
[36m[00:35:27.501438] [D] [Not A Worker] [unnamed] [queryId:488063442] [BufferManager.cpp:160] [initialize] BufferManager configuration bufferSize=1 numOfBuffers=1[m
[36m[00:35:27.501626] [D] [Not A Worker] [unnamed] [queryId:488063442] [PipeliningPhase.cpp:365] [apply] Constructed pipeline plan with 1 root pipelines.
PipelinedQueryPlan for Query: 488063442
Number of root pipelines: 1
------------------
Root Pipeline 0:
  Pipeline(ID(28), Provider(COMPILER))
  Operator chain:
    PhysicalOperator(NES::SourcePhysicalOperator)
  Successor Pipeline:
    Pipeline(ID(29), Provider(None))
      Operator chain:
        PhysicalOperator(NES::ScanPhysicalOperator)
          PhysicalOperator(NES::SelectionPhysicalOperator)
            PhysicalOperator(NES::MapPhysicalOperator)
              PhysicalOperator(NES::EmitPhysicalOperator)
      Successor Pipeline:
        Pipeline(ID(30), Provider(None))
          Operator chain:
            PhysicalOperator(NES::SinkPhysicalOperator)

[m
[36m[00:35:27.505689] [D] [Not A Worker] [unnamed] [] [SinkProvider.cpp:30] [lower] The sinkDescriptor is: SinkDescriptor: (name: variant("PERSON_ID_SINK"), type: Void, Config: )[m
[36m[00:35:27.506340] [D] [SingleNodeWorker] [WorkerThread-26] [Task:488063442-30] [VoidSink.cpp:37] [start] Setting up void sink: VoidSink[m
[36m[00:35:27.620575] [D] [SingleNodeWorker] [WorkerThread-26] [] [SourceThread.cpp:184] [start] Starting source with originId: 2[m
[36m[00:35:27.647852] [D] [SingleNodeWorker] [WorkerThread-13] [Task:488063442-29] [BufferManager.cpp:65] [~BufferManager] Calling BufferManager::destroy()[m
[36m[00:35:27.647901] [D] [SingleNodeWorker] [WorkerThread-13] [Task:488063442-29] [BufferManager.cpp:93] [~BufferManager] Shutting down Buffer Manager completed[m
[36m[00:35:29.558820] [D] [SingleNodeWorker] [WorkerThread-15] [Task:488063442] [SourceThread.cpp:230] [tryStop] SourceThread 2: attempting to stop source[m
[36m[00:35:29.558931] [D] [SingleNodeWorker] [WorkerThread-15] [Task:488063442] [SourceThread.cpp:248] [tryStop] SourceThread 2: stopped[m
[32m[00:35:29.584545] [I] [SingleNodeWorker] [WorkerThread-35] [Task:488063442-30] [VoidSink.cpp:42] [stop] Void Sink completed.[m
[36m[00:35:29.584689] [D] [SingleNodeWorker] [WorkerThread-35] [] [SourceThread.cpp:226] [tryStop] SourceThread 2: thread is not running[m
[32m[00:35:29.584910] [I] [SingleNodeWorker] [WorkerThread-43] [] [SequenceShredder.cpp:55] [~SequenceShredder] Successfully validated SequenceShredder[m
[36m[00:35:33.027306] [D] [Not A Worker] [unnamed] [queryId:571779509] [BufferManager.cpp:110] [initialize] NES memory allocation requires 1 out of 540577120256 (so 1.8498748143954595e-10%) available bytes[m
[36m[00:35:33.027357] [D] [Not A Worker] [unnamed] [queryId:571779509] [BufferManager.cpp:160] [initialize] BufferManager configuration bufferSize=1 numOfBuffers=1[m
[36m[00:35:33.027540] [D] [Not A Worker] [unnamed] [queryId:571779509] [PipeliningPhase.cpp:365] [apply] Constructed pipeline plan with 1 root pipelines.
PipelinedQueryPlan for Query: 571779509
Number of root pipelines: 1
------------------
Root Pipeline 0:
  Pipeline(ID(31), Provider(COMPILER))
  Operator chain:
    PhysicalOperator(NES::SourcePhysicalOperator)
  Successor Pipeline:
    Pipeline(ID(32), Provider(None))
      Operator chain:
        PhysicalOperator(NES::ScanPhysicalOperator)
          PhysicalOperator(NES::SelectionPhysicalOperator)
            PhysicalOperator(NES::MapPhysicalOperator)
              PhysicalOperator(NES::EmitPhysicalOperator)
      Successor Pipeline:
        Pipeline(ID(33), Provider(None))
          Operator chain:
            PhysicalOperator(NES::SinkPhysicalOperator)

[m
[36m[00:35:33.031101] [D] [Not A Worker] [unnamed] [] [SinkProvider.cpp:30] [lower] The sinkDescriptor is: SinkDescriptor: (name: variant("PERSON_ID_SINK"), type: Void, Config: )[m
[36m[00:35:33.031878] [D] [SingleNodeWorker] [WorkerThread-6] [Task:571779509-33] [VoidSink.cpp:37] [start] Setting up void sink: VoidSink[m
[36m[00:35:33.146809] [D] [SingleNodeWorker] [WorkerThread-6] [] [SourceThread.cpp:184] [start] Starting source with originId: 2[m
[36m[00:35:33.159170] [D] [SingleNodeWorker] [WorkerThread-6] [Task:571779509-32] [BufferManager.cpp:65] [~BufferManager] Calling BufferManager::destroy()[m
[36m[00:35:33.159206] [D] [SingleNodeWorker] [WorkerThread-6] [Task:571779509-32] [BufferManager.cpp:93] [~BufferManager] Shutting down Buffer Manager completed[m
[36m[00:35:34.415340] [D] [SingleNodeWorker] [WorkerThread-31] [Task:571779509] [SourceThread.cpp:230] [tryStop] SourceThread 2: attempting to stop source[m
[36m[00:35:34.415407] [D] [SingleNodeWorker] [WorkerThread-31] [Task:571779509] [SourceThread.cpp:248] [tryStop] SourceThread 2: stopped[m
[32m[00:35:34.441168] [I] [SingleNodeWorker] [WorkerThread-0] [Task:571779509-33] [VoidSink.cpp:42] [stop] Void Sink completed.[m
[36m[00:35:34.441299] [D] [SingleNodeWorker] [WorkerThread-0] [] [SourceThread.cpp:226] [tryStop] SourceThread 2: thread is not running[m
[32m[00:35:34.441431] [I] [SingleNodeWorker] [WorkerThread-12] [] [SequenceShredder.cpp:55] [~SequenceShredder] Successfully validated SequenceShredder[m
[36m[00:35:38.021794] [D] [Not A Worker] [unnamed] [queryId:573429492] [BufferManager.cpp:110] [initialize] NES memory allocation requires 1 out of 540577120256 (so 1.8498748143954595e-10%) available bytes[m
[36m[00:35:38.021841] [D] [Not A Worker] [unnamed] [queryId:573429492] [BufferManager.cpp:160] [initialize] BufferManager configuration bufferSize=1 numOfBuffers=1[m
[36m[00:35:38.022017] [D] [Not A Worker] [unnamed] [queryId:573429492] [PipeliningPhase.cpp:365] [apply] Constructed pipeline plan with 1 root pipelines.
PipelinedQueryPlan for Query: 573429492
Number of root pipelines: 1
------------------
Root Pipeline 0:
  Pipeline(ID(34), Provider(COMPILER))
  Operator chain:
    PhysicalOperator(NES::SourcePhysicalOperator)
  Successor Pipeline:
    Pipeline(ID(35), Provider(None))
      Operator chain:
        PhysicalOperator(NES::ScanPhysicalOperator)
          PhysicalOperator(NES::SelectionPhysicalOperator)
            PhysicalOperator(NES::MapPhysicalOperator)
              PhysicalOperator(NES::EmitPhysicalOperator)
      Successor Pipeline:
        Pipeline(ID(36), Provider(None))
          Operator chain:
            PhysicalOperator(NES::SinkPhysicalOperator)

[m
[36m[00:35:38.025798] [D] [Not A Worker] [unnamed] [] [SinkProvider.cpp:30] [lower] The sinkDescriptor is: SinkDescriptor: (name: variant("PERSON_ID_SINK"), type: Void, Config: )[m
[36m[00:35:38.026912] [D] [SingleNodeWorker] [WorkerThread-2] [Task:573429492-36] [VoidSink.cpp:37] [start] Setting up void sink: VoidSink[m
[36m[00:35:38.141627] [D] [SingleNodeWorker] [WorkerThread-2] [] [SourceThread.cpp:184] [start] Starting source with originId: 2[m
[36m[00:35:38.152532] [D] [SingleNodeWorker] [WorkerThread-2] [Task:573429492-35] [BufferManager.cpp:65] [~BufferManager] Calling BufferManager::destroy()[m
[36m[00:35:38.152558] [D] [SingleNodeWorker] [WorkerThread-2] [Task:573429492-35] [BufferManager.cpp:93] [~BufferManager] Shutting down Buffer Manager completed[m
[36m[00:35:39.836627] [D] [SingleNodeWorker] [WorkerThread-0] [Task:573429492] [SourceThread.cpp:230] [tryStop] SourceThread 2: attempting to stop source[m
[36m[00:35:39.836696] [D] [SingleNodeWorker] [WorkerThread-0] [Task:573429492] [SourceThread.cpp:248] [tryStop] SourceThread 2: stopped[m
[32m[00:35:39.862784] [I] [SingleNodeWorker] [WorkerThread-19] [Task:573429492-36] [VoidSink.cpp:42] [stop] Void Sink completed.[m
[36m[00:35:39.862938] [D] [SingleNodeWorker] [WorkerThread-19] [] [SourceThread.cpp:226] [tryStop] SourceThread 2: thread is not running[m
[32m[00:35:39.863025] [I] [SingleNodeWorker] [WorkerThread-32] [] [SequenceShredder.cpp:55] [~SequenceShredder] Successfully validated SequenceShredder[m
[36m[00:35:43.215101] [D] [Not A Worker] [unnamed] [queryId:1511470227] [BufferManager.cpp:110] [initialize] NES memory allocation requires 1 out of 540577120256 (so 1.8498748143954595e-10%) available bytes[m
[36m[00:35:43.215148] [D] [Not A Worker] [unnamed] [queryId:1511470227] [BufferManager.cpp:160] [initialize] BufferManager configuration bufferSize=1 numOfBuffers=1[m
[36m[00:35:43.215330] [D] [Not A Worker] [unnamed] [queryId:1511470227] [PipeliningPhase.cpp:365] [apply] Constructed pipeline plan with 1 root pipelines.
PipelinedQueryPlan for Query: 1511470227
Number of root pipelines: 1
------------------
Root Pipeline 0:
  Pipeline(ID(37), Provider(COMPILER))
  Operator chain:
    PhysicalOperator(NES::SourcePhysicalOperator)
  Successor Pipeline:
    Pipeline(ID(38), Provider(None))
      Operator chain:
        PhysicalOperator(NES::ScanPhysicalOperator)
          PhysicalOperator(NES::SelectionPhysicalOperator)
            PhysicalOperator(NES::MapPhysicalOperator)
              PhysicalOperator(NES::EmitPhysicalOperator)
      Successor Pipeline:
        Pipeline(ID(39), Provider(None))
          Operator chain:
            PhysicalOperator(NES::SinkPhysicalOperator)

[m
[36m[00:35:43.219033] [D] [Not A Worker] [unnamed] [] [SinkProvider.cpp:30] [lower] The sinkDescriptor is: SinkDescriptor: (name: variant("PERSON_ID_SINK"), type: Void, Config: )[m
[36m[00:35:43.219409] [D] [SingleNodeWorker] [WorkerThread-27] [Task:1511470227-39] [VoidSink.cpp:37] [start] Setting up void sink: VoidSink[m
[36m[00:35:43.335287] [D] [SingleNodeWorker] [WorkerThread-0] [] [SourceThread.cpp:184] [start] Starting source with originId: 2[m
[36m[00:35:43.346097] [D] [SingleNodeWorker] [WorkerThread-0] [Task:1511470227-38] [BufferManager.cpp:65] [~BufferManager] Calling BufferManager::destroy()[m
[36m[00:35:43.346131] [D] [SingleNodeWorker] [WorkerThread-0] [Task:1511470227-38] [BufferManager.cpp:93] [~BufferManager] Shutting down Buffer Manager completed[m
[36m[00:35:44.419976] [D] [SingleNodeWorker] [WorkerThread-17] [Task:1511470227] [SourceThread.cpp:230] [tryStop] SourceThread 2: attempting to stop source[m
[36m[00:35:44.420019] [D] [SingleNodeWorker] [WorkerThread-17] [Task:1511470227] [SourceThread.cpp:248] [tryStop] SourceThread 2: stopped[m
[32m[00:35:44.446426] [I] [SingleNodeWorker] [WorkerThread-0] [Task:1511470227-39] [VoidSink.cpp:42] [stop] Void Sink completed.[m
[36m[00:35:44.446576] [D] [SingleNodeWorker] [WorkerThread-0] [] [SourceThread.cpp:226] [tryStop] SourceThread 2: thread is not running[m
[32m[00:35:44.446735] [I] [SingleNodeWorker] [WorkerThread-19] [] [SequenceShredder.cpp:55] [~SequenceShredder] Successfully validated SequenceShredder[m
[36m[00:35:48.161236] [D] [Not A Worker] [unnamed] [queryId:1693174452] [BufferManager.cpp:110] [initialize] NES memory allocation requires 1 out of 540577120256 (so 1.8498748143954595e-10%) available bytes[m
[36m[00:35:48.161309] [D] [Not A Worker] [unnamed] [queryId:1693174452] [BufferManager.cpp:160] [initialize] BufferManager configuration bufferSize=1 numOfBuffers=1[m
[36m[00:35:48.161475] [D] [Not A Worker] [unnamed] [queryId:1693174452] [PipeliningPhase.cpp:365] [apply] Constructed pipeline plan with 1 root pipelines.
PipelinedQueryPlan for Query: 1693174452
Number of root pipelines: 1
------------------
Root Pipeline 0:
  Pipeline(ID(40), Provider(COMPILER))
  Operator chain:
    PhysicalOperator(NES::SourcePhysicalOperator)
  Successor Pipeline:
    Pipeline(ID(41), Provider(None))
      Operator chain:
        PhysicalOperator(NES::ScanPhysicalOperator)
          PhysicalOperator(NES::SelectionPhysicalOperator)
            PhysicalOperator(NES::MapPhysicalOperator)
              PhysicalOperator(NES::EmitPhysicalOperator)
      Successor Pipeline:
        Pipeline(ID(42), Provider(None))
          Operator chain:
            PhysicalOperator(NES::SinkPhysicalOperator)

[m
[36m[00:35:48.165565] [D] [Not A Worker] [unnamed] [] [SinkProvider.cpp:30] [lower] The sinkDescriptor is: SinkDescriptor: (name: variant("PERSON_ID_SINK"), type: Void, Config: )[m
[36m[00:35:48.166435] [D] [SingleNodeWorker] [WorkerThread-0] [Task:1693174452-42] [VoidSink.cpp:37] [start] Setting up void sink: VoidSink[m
[36m[00:35:48.282416] [D] [SingleNodeWorker] [WorkerThread-0] [] [SourceThread.cpp:184] [start] Starting source with originId: 2[m
[36m[00:35:48.292521] [D] [SingleNodeWorker] [WorkerThread-0] [Task:1693174452-41] [BufferManager.cpp:65] [~BufferManager] Calling BufferManager::destroy()[m
[36m[00:35:48.292550] [D] [SingleNodeWorker] [WorkerThread-0] [Task:1693174452-41] [BufferManager.cpp:93] [~BufferManager] Shutting down Buffer Manager completed[m
[36m[00:35:49.512751] [D] [SingleNodeWorker] [WorkerThread-17] [Task:1693174452] [SourceThread.cpp:230] [tryStop] SourceThread 2: attempting to stop source[m
[36m[00:35:49.512800] [D] [SingleNodeWorker] [WorkerThread-17] [Task:1693174452] [SourceThread.cpp:248] [tryStop] SourceThread 2: stopped[m
[32m[00:35:49.539476] [I] [SingleNodeWorker] [WorkerThread-43] [Task:1693174452-42] [VoidSink.cpp:42] [stop] Void Sink completed.[m
[32m[00:35:49.539507] [I] [SingleNodeWorker] [WorkerThread-29] [] [SequenceShredder.cpp:55] [~SequenceShredder] Successfully validated SequenceShredder[m
[36m[00:35:49.539663] [D] [SingleNodeWorker] [WorkerThread-43] [] [SourceThread.cpp:226] [tryStop] SourceThread 2: thread is not running[m
[36m[00:35:53.135940] [D] [Not A Worker] [unnamed] [queryId:486243649] [BufferManager.cpp:110] [initialize] NES memory allocation requires 1 out of 540577120256 (so 1.8498748143954595e-10%) available bytes[m
[36m[00:35:53.135990] [D] [Not A Worker] [unnamed] [queryId:486243649] [BufferManager.cpp:160] [initialize] BufferManager configuration bufferSize=1 numOfBuffers=1[m
[36m[00:35:53.136180] [D] [Not A Worker] [unnamed] [queryId:486243649] [PipeliningPhase.cpp:365] [apply] Constructed pipeline plan with 1 root pipelines.
PipelinedQueryPlan for Query: 486243649
Number of root pipelines: 1
------------------
Root Pipeline 0:
  Pipeline(ID(43), Provider(COMPILER))
  Operator chain:
    PhysicalOperator(NES::SourcePhysicalOperator)
  Successor Pipeline:
    Pipeline(ID(44), Provider(None))
      Operator chain:
        PhysicalOperator(NES::ScanPhysicalOperator)
          PhysicalOperator(NES::SelectionPhysicalOperator)
            PhysicalOperator(NES::MapPhysicalOperator)
              PhysicalOperator(NES::EmitPhysicalOperator)
      Successor Pipeline:
        Pipeline(ID(45), Provider(None))
          Operator chain:
            PhysicalOperator(NES::SinkPhysicalOperator)

[m
[36m[00:35:53.139822] [D] [Not A Worker] [unnamed] [] [SinkProvider.cpp:30] [lower] The sinkDescriptor is: SinkDescriptor: (name: variant("PERSON_ID_SINK"), type: Void, Config: )[m
[36m[00:35:53.140503] [D] [SingleNodeWorker] [WorkerThread-44] [Task:486243649-45] [VoidSink.cpp:37] [start] Setting up void sink: VoidSink[m
[36m[00:35:53.255590] [D] [SingleNodeWorker] [WorkerThread-44] [] [SourceThread.cpp:184] [start] Starting source with originId: 2[m
[36m[00:35:53.281617] [D] [SingleNodeWorker] [WorkerThread-27] [Task:486243649-44] [BufferManager.cpp:65] [~BufferManager] Calling BufferManager::destroy()[m
[36m[00:35:53.281673] [D] [SingleNodeWorker] [WorkerThread-27] [Task:486243649-44] [BufferManager.cpp:93] [~BufferManager] Shutting down Buffer Manager completed[m
[36m[00:35:54.827738] [D] [SingleNodeWorker] [WorkerThread-1] [Task:486243649] [SourceThread.cpp:230] [tryStop] SourceThread 2: attempting to stop source[m
[36m[00:35:54.827841] [D] [SingleNodeWorker] [WorkerThread-1] [Task:486243649] [SourceThread.cpp:248] [tryStop] SourceThread 2: stopped[m
[32m[00:35:54.854425] [I] [SingleNodeWorker] [WorkerThread-6] [Task:486243649-45] [VoidSink.cpp:42] [stop] Void Sink completed.[m
[36m[00:35:54.854556] [D] [SingleNodeWorker] [WorkerThread-6] [] [SourceThread.cpp:226] [tryStop] SourceThread 2: thread is not running[m
[32m[00:35:54.854692] [I] [SingleNodeWorker] [WorkerThread-10] [] [SequenceShredder.cpp:55] [~SequenceShredder] Successfully validated SequenceShredder[m
[36m[00:35:58.177522] [D] [Not A Worker] [unnamed] [queryId:405240087] [BufferManager.cpp:110] [initialize] NES memory allocation requires 1 out of 540577120256 (so 1.8498748143954595e-10%) available bytes[m
[36m[00:35:58.177570] [D] [Not A Worker] [unnamed] [queryId:405240087] [BufferManager.cpp:160] [initialize] BufferManager configuration bufferSize=1 numOfBuffers=1[m
[36m[00:35:58.177767] [D] [Not A Worker] [unnamed] [queryId:405240087] [PipeliningPhase.cpp:365] [apply] Constructed pipeline plan with 1 root pipelines.
PipelinedQueryPlan for Query: 405240087
Number of root pipelines: 1
------------------
Root Pipeline 0:
  Pipeline(ID(46), Provider(COMPILER))
  Operator chain:
    PhysicalOperator(NES::SourcePhysicalOperator)
  Successor Pipeline:
    Pipeline(ID(47), Provider(None))
      Operator chain:
        PhysicalOperator(NES::ScanPhysicalOperator)
          PhysicalOperator(NES::SelectionPhysicalOperator)
            PhysicalOperator(NES::MapPhysicalOperator)
              PhysicalOperator(NES::EmitPhysicalOperator)
      Successor Pipeline:
        Pipeline(ID(48), Provider(None))
          Operator chain:
            PhysicalOperator(NES::SinkPhysicalOperator)

[m
[36m[00:35:58.181192] [D] [Not A Worker] [unnamed] [] [SinkProvider.cpp:30] [lower] The sinkDescriptor is: SinkDescriptor: (name: variant("PERSON_ID_SINK"), type: Void, Config: )[m
[36m[00:35:58.181618] [D] [SingleNodeWorker] [WorkerThread-37] [Task:405240087-48] [VoidSink.cpp:37] [start] Setting up void sink: VoidSink[m
[36m[00:35:58.294717] [D] [SingleNodeWorker] [WorkerThread-37] [] [SourceThread.cpp:184] [start] Starting source with originId: 2[m
[36m[00:35:58.320347] [D] [SingleNodeWorker] [WorkerThread-6] [Task:405240087-47] [BufferManager.cpp:65] [~BufferManager] Calling BufferManager::destroy()[m
[36m[00:35:58.320405] [D] [SingleNodeWorker] [WorkerThread-6] [Task:405240087-47] [BufferManager.cpp:93] [~BufferManager] Shutting down Buffer Manager completed[m
[36m[00:35:59.982602] [D] [SingleNodeWorker] [WorkerThread-5] [Task:405240087] [SourceThread.cpp:230] [tryStop] SourceThread 2: attempting to stop source[m
[36m[00:35:59.982654] [D] [SingleNodeWorker] [WorkerThread-5] [Task:405240087] [SourceThread.cpp:248] [tryStop] SourceThread 2: stopped[m
[32m[00:36:00.009233] [I] [SingleNodeWorker] [WorkerThread-44] [Task:405240087-48] [VoidSink.cpp:42] [stop] Void Sink completed.[m
[36m[00:36:00.009361] [D] [SingleNodeWorker] [WorkerThread-44] [] [SourceThread.cpp:226] [tryStop] SourceThread 2: thread is not running[m
[32m[00:36:00.009397] [I] [SingleNodeWorker] [WorkerThread-34] [] [SequenceShredder.cpp:55] [~SequenceShredder] Successfully validated SequenceShredder[m
[36m[00:36:03.496252] [D] [Not A Worker] [unnamed] [queryId:1279668111] [BufferManager.cpp:110] [initialize] NES memory allocation requires 1 out of 540577120256 (so 1.8498748143954595e-10%) available bytes[m
[36m[00:36:03.496300] [D] [Not A Worker] [unnamed] [queryId:1279668111] [BufferManager.cpp:160] [initialize] BufferManager configuration bufferSize=1 numOfBuffers=1[m
[36m[00:36:03.496468] [D] [Not A Worker] [unnamed] [queryId:1279668111] [PipeliningPhase.cpp:365] [apply] Constructed pipeline plan with 1 root pipelines.
PipelinedQueryPlan for Query: 1279668111
Number of root pipelines: 1
------------------
Root Pipeline 0:
  Pipeline(ID(49), Provider(COMPILER))
  Operator chain:
    PhysicalOperator(NES::SourcePhysicalOperator)
  Successor Pipeline:
    Pipeline(ID(50), Provider(None))
      Operator chain:
        PhysicalOperator(NES::ScanPhysicalOperator)
          PhysicalOperator(NES::SelectionPhysicalOperator)
            PhysicalOperator(NES::MapPhysicalOperator)
              PhysicalOperator(NES::EmitPhysicalOperator)
      Successor Pipeline:
        Pipeline(ID(51), Provider(None))
          Operator chain:
            PhysicalOperator(NES::SinkPhysicalOperator)

[m
[36m[00:36:03.500225] [D] [Not A Worker] [unnamed] [] [SinkProvider.cpp:30] [lower] The sinkDescriptor is: SinkDescriptor: (name: variant("PERSON_ID_SINK"), type: Void, Config: )[m
[36m[00:36:03.500756] [D] [SingleNodeWorker] [WorkerThread-0] [Task:1279668111-51] [VoidSink.cpp:37] [start] Setting up void sink: VoidSink[m
[36m[00:36:03.612945] [D] [SingleNodeWorker] [WorkerThread-0] [] [SourceThread.cpp:184] [start] Starting source with originId: 2[m
[36m[00:36:03.622813] [D] [SingleNodeWorker] [WorkerThread-0] [Task:1279668111-50] [BufferManager.cpp:65] [~BufferManager] Calling BufferManager::destroy()[m
[36m[00:36:03.622839] [D] [SingleNodeWorker] [WorkerThread-0] [Task:1279668111-50] [BufferManager.cpp:93] [~BufferManager] Shutting down Buffer Manager completed[m
[36m[00:36:04.703164] [D] [SingleNodeWorker] [WorkerThread-35] [Task:1279668111] [SourceThread.cpp:230] [tryStop] SourceThread 2: attempting to stop source[m
[36m[00:36:04.703228] [D] [SingleNodeWorker] [WorkerThread-35] [Task:1279668111] [SourceThread.cpp:248] [tryStop] SourceThread 2: stopped[m
[32m[00:36:04.729890] [I] [SingleNodeWorker] [WorkerThread-1] [Task:1279668111-51] [VoidSink.cpp:42] [stop] Void Sink completed.[m
[36m[00:36:04.730025] [D] [SingleNodeWorker] [WorkerThread-1] [] [SourceThread.cpp:226] [tryStop] SourceThread 2: thread is not running[m
[32m[00:36:04.730233] [I] [SingleNodeWorker] [WorkerThread-23] [] [SequenceShredder.cpp:55] [~SequenceShredder] Successfully validated SequenceShredder[m
[36m[00:36:08.242674] [D] [Not A Worker] [unnamed] [queryId:1709777722] [BufferManager.cpp:110] [initialize] NES memory allocation requires 1 out of 540577120256 (so 1.8498748143954595e-10%) available bytes[m
[36m[00:36:08.242734] [D] [Not A Worker] [unnamed] [queryId:1709777722] [BufferManager.cpp:160] [initialize] BufferManager configuration bufferSize=1 numOfBuffers=1[m
[36m[00:36:08.242933] [D] [Not A Worker] [unnamed] [queryId:1709777722] [PipeliningPhase.cpp:365] [apply] Constructed pipeline plan with 1 root pipelines.
PipelinedQueryPlan for Query: 1709777722
Number of root pipelines: 1
------------------
Root Pipeline 0:
  Pipeline(ID(52), Provider(COMPILER))
  Operator chain:
    PhysicalOperator(NES::SourcePhysicalOperator)
  Successor Pipeline:
    Pipeline(ID(53), Provider(None))
      Operator chain:
        PhysicalOperator(NES::ScanPhysicalOperator)
          PhysicalOperator(NES::SelectionPhysicalOperator)
            PhysicalOperator(NES::MapPhysicalOperator)
              PhysicalOperator(NES::EmitPhysicalOperator)
      Successor Pipeline:
        Pipeline(ID(54), Provider(None))
          Operator chain:
            PhysicalOperator(NES::SinkPhysicalOperator)

[m
[36m[00:36:08.246455] [D] [Not A Worker] [unnamed] [] [SinkProvider.cpp:30] [lower] The sinkDescriptor is: SinkDescriptor: (name: variant("PERSON_ID_SINK"), type: Void, Config: )[m
[36m[00:36:08.247085] [D] [SingleNodeWorker] [WorkerThread-43] [Task:1709777722-54] [VoidSink.cpp:37] [start] Setting up void sink: VoidSink[m
[36m[00:36:08.361557] [D] [SingleNodeWorker] [WorkerThread-24] [] [SourceThread.cpp:184] [start] Starting source with originId: 2[m
[36m[00:36:08.383168] [D] [SingleNodeWorker] [WorkerThread-32] [Task:1709777722-53] [BufferManager.cpp:65] [~BufferManager] Calling BufferManager::destroy()[m
[36m[00:36:08.383213] [D] [SingleNodeWorker] [WorkerThread-32] [Task:1709777722-53] [BufferManager.cpp:93] [~BufferManager] Shutting down Buffer Manager completed[m
[36m[00:36:09.704835] [D] [SingleNodeWorker] [WorkerThread-14] [Task:1709777722] [SourceThread.cpp:230] [tryStop] SourceThread 2: attempting to stop source[m
[36m[00:36:09.704892] [D] [SingleNodeWorker] [WorkerThread-14] [Task:1709777722] [SourceThread.cpp:248] [tryStop] SourceThread 2: stopped[m
[32m[00:36:09.730740] [I] [SingleNodeWorker] [WorkerThread-45] [Task:1709777722-54] [VoidSink.cpp:42] [stop] Void Sink completed.[m
[36m[00:36:09.730880] [D] [SingleNodeWorker] [WorkerThread-45] [] [SourceThread.cpp:226] [tryStop] SourceThread 2: thread is not running[m
[32m[00:36:09.731074] [I] [SingleNodeWorker] [WorkerThread-24] [] [SequenceShredder.cpp:55] [~SequenceShredder] Successfully validated SequenceShredder[m
[36m[00:36:13.622249] [D] [Not A Worker] [unnamed] [queryId:490280977] [BufferManager.cpp:110] [initialize] NES memory allocation requires 1 out of 540577120256 (so 1.8498748143954595e-10%) available bytes[m
[36m[00:36:13.622315] [D] [Not A Worker] [unnamed] [queryId:490280977] [BufferManager.cpp:160] [initialize] BufferManager configuration bufferSize=1 numOfBuffers=1[m
[36m[00:36:13.622482] [D] [Not A Worker] [unnamed] [queryId:490280977] [PipeliningPhase.cpp:365] [apply] Constructed pipeline plan with 1 root pipelines.
PipelinedQueryPlan for Query: 490280977
Number of root pipelines: 1
------------------
Root Pipeline 0:
  Pipeline(ID(55), Provider(COMPILER))
  Operator chain:
    PhysicalOperator(NES::SourcePhysicalOperator)
  Successor Pipeline:
    Pipeline(ID(56), Provider(None))
      Operator chain:
        PhysicalOperator(NES::ScanPhysicalOperator)
          PhysicalOperator(NES::SelectionPhysicalOperator)
            PhysicalOperator(NES::MapPhysicalOperator)
              PhysicalOperator(NES::EmitPhysicalOperator)
      Successor Pipeline:
        Pipeline(ID(57), Provider(None))
          Operator chain:
            PhysicalOperator(NES::SinkPhysicalOperator)

[m
[36m[00:36:13.626175] [D] [Not A Worker] [unnamed] [] [SinkProvider.cpp:30] [lower] The sinkDescriptor is: SinkDescriptor: (name: variant("PERSON_ID_SINK"), type: Void, Config: )[m
[36m[00:36:13.626474] [D] [SingleNodeWorker] [WorkerThread-17] [Task:490280977-57] [VoidSink.cpp:37] [start] Setting up void sink: VoidSink[m
[36m[00:36:13.732140] [D] [SingleNodeWorker] [WorkerThread-17] [] [SourceThread.cpp:184] [start] Starting source with originId: 2[m
[36m[00:36:13.753628] [D] [SingleNodeWorker] [WorkerThread-40] [Task:490280977-56] [BufferManager.cpp:65] [~BufferManager] Calling BufferManager::destroy()[m
[36m[00:36:13.753687] [D] [SingleNodeWorker] [WorkerThread-40] [Task:490280977-56] [BufferManager.cpp:93] [~BufferManager] Shutting down Buffer Manager completed[m
[36m[00:36:14.876896] [D] [SingleNodeWorker] [WorkerThread-18] [Task:490280977] [SourceThread.cpp:230] [tryStop] SourceThread 2: attempting to stop source[m
[36m[00:36:14.876992] [D] [SingleNodeWorker] [WorkerThread-18] [Task:490280977] [SourceThread.cpp:248] [tryStop] SourceThread 2: stopped[m
[32m[00:36:14.902697] [I] [SingleNodeWorker] [WorkerThread-25] [] [SequenceShredder.cpp:55] [~SequenceShredder] Successfully validated SequenceShredder[m
[32m[00:36:14.903079] [I] [SingleNodeWorker] [WorkerThread-0] [Task:490280977-57] [VoidSink.cpp:42] [stop] Void Sink completed.[m
[36m[00:36:14.903212] [D] [SingleNodeWorker] [WorkerThread-0] [] [SourceThread.cpp:226] [tryStop] SourceThread 2: thread is not running[m
[36m[00:36:18.741615] [D] [Not A Worker] [unnamed] [queryId:729447186] [BufferManager.cpp:110] [initialize] NES memory allocation requires 1 out of 540577120256 (so 1.8498748143954595e-10%) available bytes[m
[36m[00:36:18.741664] [D] [Not A Worker] [unnamed] [queryId:729447186] [BufferManager.cpp:160] [initialize] BufferManager configuration bufferSize=1 numOfBuffers=1[m
[36m[00:36:18.741830] [D] [Not A Worker] [unnamed] [queryId:729447186] [PipeliningPhase.cpp:365] [apply] Constructed pipeline plan with 1 root pipelines.
PipelinedQueryPlan for Query: 729447186
Number of root pipelines: 1
------------------
Root Pipeline 0:
  Pipeline(ID(58), Provider(COMPILER))
  Operator chain:
    PhysicalOperator(NES::SourcePhysicalOperator)
  Successor Pipeline:
    Pipeline(ID(59), Provider(None))
      Operator chain:
        PhysicalOperator(NES::ScanPhysicalOperator)
          PhysicalOperator(NES::SelectionPhysicalOperator)
            PhysicalOperator(NES::MapPhysicalOperator)
              PhysicalOperator(NES::EmitPhysicalOperator)
      Successor Pipeline:
        Pipeline(ID(60), Provider(None))
          Operator chain:
            PhysicalOperator(NES::SinkPhysicalOperator)

[m
[36m[00:36:18.745190] [D] [Not A Worker] [unnamed] [] [SinkProvider.cpp:30] [lower] The sinkDescriptor is: SinkDescriptor: (name: variant("PERSON_ID_SINK"), type: Void, Config: )[m
[36m[00:36:18.745658] [D] [SingleNodeWorker] [WorkerThread-22] [Task:729447186-60] [VoidSink.cpp:37] [start] Setting up void sink: VoidSink[m
[36m[00:36:18.859161] [D] [SingleNodeWorker] [WorkerThread-34] [] [SourceThread.cpp:184] [start] Starting source with originId: 2[m
[36m[00:36:18.871236] [D] [SingleNodeWorker] [WorkerThread-34] [Task:729447186-59] [BufferManager.cpp:65] [~BufferManager] Calling BufferManager::destroy()[m
[36m[00:36:18.871275] [D] [SingleNodeWorker] [WorkerThread-34] [Task:729447186-59] [BufferManager.cpp:93] [~BufferManager] Shutting down Buffer Manager completed[m
[36m[00:36:19.813060] [D] [SingleNodeWorker] [WorkerThread-17] [Task:729447186] [SourceThread.cpp:230] [tryStop] SourceThread 2: attempting to stop source[m
[36m[00:36:19.813113] [D] [SingleNodeWorker] [WorkerThread-17] [Task:729447186] [SourceThread.cpp:248] [tryStop] SourceThread 2: stopped[m
[32m[00:36:19.839616] [I] [SingleNodeWorker] [WorkerThread-14] [Task:729447186-60] [VoidSink.cpp:42] [stop] Void Sink completed.[m
[36m[00:36:19.839742] [D] [SingleNodeWorker] [WorkerThread-14] [] [SourceThread.cpp:226] [tryStop] SourceThread 2: thread is not running[m
[32m[00:36:19.839877] [I] [SingleNodeWorker] [WorkerThread-15] [] [SequenceShredder.cpp:55] [~SequenceShredder] Successfully validated SequenceShredder[m
[36m[00:36:23.700952] [D] [Not A Worker] [unnamed] [queryId:1366137407] [BufferManager.cpp:110] [initialize] NES memory allocation requires 1 out of 540577120256 (so 1.8498748143954595e-10%) available bytes[m
[36m[00:36:23.701020] [D] [Not A Worker] [unnamed] [queryId:1366137407] [BufferManager.cpp:160] [initialize] BufferManager configuration bufferSize=1 numOfBuffers=1[m
[36m[00:36:23.701239] [D] [Not A Worker] [unnamed] [queryId:1366137407] [PipeliningPhase.cpp:365] [apply] Constructed pipeline plan with 1 root pipelines.
PipelinedQueryPlan for Query: 1366137407
Number of root pipelines: 1
------------------
Root Pipeline 0:
  Pipeline(ID(61), Provider(COMPILER))
  Operator chain:
    PhysicalOperator(NES::SourcePhysicalOperator)
  Successor Pipeline:
    Pipeline(ID(62), Provider(None))
      Operator chain:
        PhysicalOperator(NES::ScanPhysicalOperator)
          PhysicalOperator(NES::SelectionPhysicalOperator)
            PhysicalOperator(NES::MapPhysicalOperator)
              PhysicalOperator(NES::EmitPhysicalOperator)
      Successor Pipeline:
        Pipeline(ID(63), Provider(None))
          Operator chain:
            PhysicalOperator(NES::SinkPhysicalOperator)

[m
[36m[00:36:23.704738] [D] [Not A Worker] [unnamed] [] [SinkProvider.cpp:30] [lower] The sinkDescriptor is: SinkDescriptor: (name: variant("PERSON_ID_SINK"), type: Void, Config: )[m
[36m[00:36:23.705280] [D] [SingleNodeWorker] [WorkerThread-45] [Task:1366137407-63] [VoidSink.cpp:37] [start] Setting up void sink: VoidSink[m
[36m[00:36:23.851347] [D] [SingleNodeWorker] [WorkerThread-45] [] [SourceThread.cpp:184] [start] Starting source with originId: 2[m
[36m[00:36:23.861189] [D] [SingleNodeWorker] [WorkerThread-45] [Task:1366137407-62] [BufferManager.cpp:65] [~BufferManager] Calling BufferManager::destroy()[m
[36m[00:36:23.861216] [D] [SingleNodeWorker] [WorkerThread-45] [Task:1366137407-62] [BufferManager.cpp:93] [~BufferManager] Shutting down Buffer Manager completed[m
[36m[00:36:24.832475] [D] [SingleNodeWorker] [WorkerThread-38] [Task:1366137407] [SourceThread.cpp:230] [tryStop] SourceThread 2: attempting to stop source[m
[36m[00:36:24.832549] [D] [SingleNodeWorker] [WorkerThread-38] [Task:1366137407] [SourceThread.cpp:248] [tryStop] SourceThread 2: stopped[m
[32m[00:36:24.858374] [I] [SingleNodeWorker] [WorkerThread-25] [Task:1366137407-63] [VoidSink.cpp:42] [stop] Void Sink completed.[m
[36m[00:36:24.858511] [D] [SingleNodeWorker] [WorkerThread-25] [] [SourceThread.cpp:226] [tryStop] SourceThread 2: thread is not running[m
[32m[00:36:24.858704] [I] [SingleNodeWorker] [WorkerThread-46] [] [SequenceShredder.cpp:55] [~SequenceShredder] Successfully validated SequenceShredder[m
[36m[00:36:28.477082] [D] [Not A Worker] [unnamed] [queryId:475325068] [BufferManager.cpp:110] [initialize] NES memory allocation requires 1 out of 540577120256 (so 1.8498748143954595e-10%) available bytes[m
[36m[00:36:28.477132] [D] [Not A Worker] [unnamed] [queryId:475325068] [BufferManager.cpp:160] [initialize] BufferManager configuration bufferSize=1 numOfBuffers=1[m
[36m[00:36:28.477296] [D] [Not A Worker] [unnamed] [queryId:475325068] [PipeliningPhase.cpp:365] [apply] Constructed pipeline plan with 1 root pipelines.
PipelinedQueryPlan for Query: 475325068
Number of root pipelines: 1
------------------
Root Pipeline 0:
  Pipeline(ID(64), Provider(COMPILER))
  Operator chain:
    PhysicalOperator(NES::SourcePhysicalOperator)
  Successor Pipeline:
    Pipeline(ID(65), Provider(None))
      Operator chain:
        PhysicalOperator(NES::ScanPhysicalOperator)
          PhysicalOperator(NES::SelectionPhysicalOperator)
            PhysicalOperator(NES::MapPhysicalOperator)
              PhysicalOperator(NES::EmitPhysicalOperator)
      Successor Pipeline:
        Pipeline(ID(66), Provider(None))
          Operator chain:
            PhysicalOperator(NES::SinkPhysicalOperator)

[m
[36m[00:36:28.480986] [D] [Not A Worker] [unnamed] [] [SinkProvider.cpp:30] [lower] The sinkDescriptor is: SinkDescriptor: (name: variant("PERSON_ID_SINK"), type: Void, Config: )[m
[36m[00:36:28.481815] [D] [SingleNodeWorker] [WorkerThread-9] [Task:475325068-66] [VoidSink.cpp:37] [start] Setting up void sink: VoidSink[m
[36m[00:36:28.622523] [D] [SingleNodeWorker] [WorkerThread-9] [] [SourceThread.cpp:184] [start] Starting source with originId: 2[m
[36m[00:36:28.643528] [D] [SingleNodeWorker] [WorkerThread-41] [Task:475325068-65] [BufferManager.cpp:65] [~BufferManager] Calling BufferManager::destroy()[m
[36m[00:36:28.643588] [D] [SingleNodeWorker] [WorkerThread-41] [Task:475325068-65] [BufferManager.cpp:93] [~BufferManager] Shutting down Buffer Manager completed[m
[36m[00:36:29.781886] [D] [SingleNodeWorker] [WorkerThread-37] [Task:475325068] [SourceThread.cpp:230] [tryStop] SourceThread 2: attempting to stop source[m
[36m[00:36:29.781938] [D] [SingleNodeWorker] [WorkerThread-37] [Task:475325068] [SourceThread.cpp:248] [tryStop] SourceThread 2: stopped[m
[32m[00:36:29.807491] [I] [SingleNodeWorker] [WorkerThread-22] [] [SequenceShredder.cpp:55] [~SequenceShredder] Successfully validated SequenceShredder[m
[32m[00:36:29.807538] [I] [SingleNodeWorker] [WorkerThread-15] [Task:475325068-66] [VoidSink.cpp:42] [stop] Void Sink completed.[m
[36m[00:36:29.807646] [D] [SingleNodeWorker] [WorkerThread-15] [] [SourceThread.cpp:226] [tryStop] SourceThread 2: thread is not running[m
[36m[00:36:33.550021] [D] [Not A Worker] [unnamed] [queryId:1217416788] [BufferManager.cpp:110] [initialize] NES memory allocation requires 1 out of 540577120256 (so 1.8498748143954595e-10%) available bytes[m
[36m[00:36:33.550082] [D] [Not A Worker] [unnamed] [queryId:1217416788] [BufferManager.cpp:160] [initialize] BufferManager configuration bufferSize=1 numOfBuffers=1[m
[36m[00:36:33.550256] [D] [Not A Worker] [unnamed] [queryId:1217416788] [PipeliningPhase.cpp:365] [apply] Constructed pipeline plan with 1 root pipelines.
PipelinedQueryPlan for Query: 1217416788
Number of root pipelines: 1
------------------
Root Pipeline 0:
  Pipeline(ID(67), Provider(COMPILER))
  Operator chain:
    PhysicalOperator(NES::SourcePhysicalOperator)
  Successor Pipeline:
    Pipeline(ID(68), Provider(None))
      Operator chain:
        PhysicalOperator(NES::ScanPhysicalOperator)
          PhysicalOperator(NES::SelectionPhysicalOperator)
            PhysicalOperator(NES::MapPhysicalOperator)
              PhysicalOperator(NES::EmitPhysicalOperator)
      Successor Pipeline:
        Pipeline(ID(69), Provider(None))
          Operator chain:
            PhysicalOperator(NES::SinkPhysicalOperator)

[m
[36m[00:36:33.554352] [D] [Not A Worker] [unnamed] [] [SinkProvider.cpp:30] [lower] The sinkDescriptor is: SinkDescriptor: (name: variant("PERSON_ID_SINK"), type: Void, Config: )[m
[36m[00:36:33.555123] [D] [SingleNodeWorker] [WorkerThread-11] [Task:1217416788-69] [VoidSink.cpp:37] [start] Setting up void sink: VoidSink[m
[36m[00:36:33.697349] [D] [SingleNodeWorker] [WorkerThread-43] [] [SourceThread.cpp:184] [start] Starting source with originId: 2[m
[36m[00:36:33.711666] [D] [SingleNodeWorker] [WorkerThread-43] [Task:1217416788-68] [BufferManager.cpp:65] [~BufferManager] Calling BufferManager::destroy()[m
[36m[00:36:33.711704] [D] [SingleNodeWorker] [WorkerThread-43] [Task:1217416788-68] [BufferManager.cpp:93] [~BufferManager] Shutting down Buffer Manager completed[m
[36m[00:36:34.820967] [D] [SingleNodeWorker] [WorkerThread-25] [Task:1217416788] [SourceThread.cpp:230] [tryStop] SourceThread 2: attempting to stop source[m
[36m[00:36:34.821029] [D] [SingleNodeWorker] [WorkerThread-25] [Task:1217416788] [SourceThread.cpp:248] [tryStop] SourceThread 2: stopped[m
[32m[00:36:34.846675] [I] [SingleNodeWorker] [WorkerThread-37] [Task:1217416788-69] [VoidSink.cpp:42] [stop] Void Sink completed.[m
[36m[00:36:34.846801] [D] [SingleNodeWorker] [WorkerThread-37] [] [SourceThread.cpp:226] [tryStop] SourceThread 2: thread is not running[m
[32m[00:36:34.846838] [I] [SingleNodeWorker] [WorkerThread-15] [] [SequenceShredder.cpp:55] [~SequenceShredder] Successfully validated SequenceShredder[m
[36m[00:36:38.272061] [D] [Not A Worker] [unnamed] [queryId:408085908] [BufferManager.cpp:110] [initialize] NES memory allocation requires 1 out of 540577120256 (so 1.8498748143954595e-10%) available bytes[m
[36m[00:36:38.272128] [D] [Not A Worker] [unnamed] [queryId:408085908] [BufferManager.cpp:160] [initialize] BufferManager configuration bufferSize=1 numOfBuffers=1[m
[36m[00:36:38.272324] [D] [Not A Worker] [unnamed] [queryId:408085908] [PipeliningPhase.cpp:365] [apply] Constructed pipeline plan with 1 root pipelines.
PipelinedQueryPlan for Query: 408085908
Number of root pipelines: 1
------------------
Root Pipeline 0:
  Pipeline(ID(70), Provider(COMPILER))
  Operator chain:
    PhysicalOperator(NES::SourcePhysicalOperator)
  Successor Pipeline:
    Pipeline(ID(71), Provider(None))
      Operator chain:
        PhysicalOperator(NES::ScanPhysicalOperator)
          PhysicalOperator(NES::SelectionPhysicalOperator)
            PhysicalOperator(NES::MapPhysicalOperator)
              PhysicalOperator(NES::EmitPhysicalOperator)
      Successor Pipeline:
        Pipeline(ID(72), Provider(None))
          Operator chain:
            PhysicalOperator(NES::SinkPhysicalOperator)

[m
[36m[00:36:38.276428] [D] [Not A Worker] [unnamed] [] [SinkProvider.cpp:30] [lower] The sinkDescriptor is: SinkDescriptor: (name: variant("PERSON_ID_SINK"), type: Void, Config: )[m
[36m[00:36:38.277097] [D] [SingleNodeWorker] [WorkerThread-23] [Task:408085908-72] [VoidSink.cpp:37] [start] Setting up void sink: VoidSink[m
[36m[00:36:38.418418] [D] [SingleNodeWorker] [WorkerThread-42] [] [SourceThread.cpp:184] [start] Starting source with originId: 2[m
[36m[00:36:38.428446] [D] [SingleNodeWorker] [WorkerThread-42] [Task:408085908-71] [BufferManager.cpp:65] [~BufferManager] Calling BufferManager::destroy()[m
[36m[00:36:38.428474] [D] [SingleNodeWorker] [WorkerThread-42] [Task:408085908-71] [BufferManager.cpp:93] [~BufferManager] Shutting down Buffer Manager completed[m
[36m[00:36:39.378385] [D] [SingleNodeWorker] [WorkerThread-37] [Task:408085908] [SourceThread.cpp:230] [tryStop] SourceThread 2: attempting to stop source[m
[36m[00:36:39.378435] [D] [SingleNodeWorker] [WorkerThread-37] [Task:408085908] [SourceThread.cpp:248] [tryStop] SourceThread 2: stopped[m
[32m[00:36:39.403892] [I] [SingleNodeWorker] [WorkerThread-17] [Task:408085908-72] [VoidSink.cpp:42] [stop] Void Sink completed.[m
[36m[00:36:39.404021] [D] [SingleNodeWorker] [WorkerThread-17] [] [SourceThread.cpp:226] [tryStop] SourceThread 2: thread is not running[m
[32m[00:36:39.404236] [I] [SingleNodeWorker] [WorkerThread-2] [] [SequenceShredder.cpp:55] [~SequenceShredder] Successfully validated SequenceShredder[m
[36m[00:36:43.223152] [D] [Not A Worker] [unnamed] [queryId:783099505] [BufferManager.cpp:110] [initialize] NES memory allocation requires 1 out of 540577120256 (so 1.8498748143954595e-10%) available bytes[m
[36m[00:36:43.223205] [D] [Not A Worker] [unnamed] [queryId:783099505] [BufferManager.cpp:160] [initialize] BufferManager configuration bufferSize=1 numOfBuffers=1[m
[36m[00:36:43.223381] [D] [Not A Worker] [unnamed] [queryId:783099505] [PipeliningPhase.cpp:365] [apply] Constructed pipeline plan with 1 root pipelines.
PipelinedQueryPlan for Query: 783099505
Number of root pipelines: 1
------------------
Root Pipeline 0:
  Pipeline(ID(73), Provider(COMPILER))
  Operator chain:
    PhysicalOperator(NES::SourcePhysicalOperator)
  Successor Pipeline:
    Pipeline(ID(74), Provider(None))
      Operator chain:
        PhysicalOperator(NES::ScanPhysicalOperator)
          PhysicalOperator(NES::SelectionPhysicalOperator)
            PhysicalOperator(NES::MapPhysicalOperator)
              PhysicalOperator(NES::EmitPhysicalOperator)
      Successor Pipeline:
        Pipeline(ID(75), Provider(None))
          Operator chain:
            PhysicalOperator(NES::SinkPhysicalOperator)

[m
[36m[00:36:43.226623] [D] [Not A Worker] [unnamed] [] [SinkProvider.cpp:30] [lower] The sinkDescriptor is: SinkDescriptor: (name: variant("PERSON_ID_SINK"), type: Void, Config: )[m
[36m[00:36:43.227390] [D] [SingleNodeWorker] [WorkerThread-17] [Task:783099505-75] [VoidSink.cpp:37] [start] Setting up void sink: VoidSink[m
[36m[00:36:43.369419] [D] [SingleNodeWorker] [WorkerThread-39] [] [SourceThread.cpp:184] [start] Starting source with originId: 2[m
[36m[00:36:43.396300] [D] [SingleNodeWorker] [WorkerThread-7] [Task:783099505-74] [BufferManager.cpp:65] [~BufferManager] Calling BufferManager::destroy()[m
[36m[00:36:43.396344] [D] [SingleNodeWorker] [WorkerThread-7] [Task:783099505-74] [BufferManager.cpp:93] [~BufferManager] Shutting down Buffer Manager completed[m
[36m[00:36:44.464309] [D] [SingleNodeWorker] [WorkerThread-0] [Task:783099505] [SourceThread.cpp:230] [tryStop] SourceThread 2: attempting to stop source[m
[36m[00:36:44.464363] [D] [SingleNodeWorker] [WorkerThread-0] [Task:783099505] [SourceThread.cpp:248] [tryStop] SourceThread 2: stopped[m
[32m[00:36:44.490234] [I] [SingleNodeWorker] [WorkerThread-42] [] [SequenceShredder.cpp:55] [~SequenceShredder] Successfully validated SequenceShredder[m
[32m[00:36:44.490547] [I] [SingleNodeWorker] [WorkerThread-8] [Task:783099505-75] [VoidSink.cpp:42] [stop] Void Sink completed.[m
[36m[00:36:44.490674] [D] [SingleNodeWorker] [WorkerThread-8] [] [SourceThread.cpp:226] [tryStop] SourceThread 2: thread is not running[m
[36m[00:36:48.193638] [D] [Not A Worker] [unnamed] [queryId:1336618131] [BufferManager.cpp:110] [initialize] NES memory allocation requires 1 out of 540577120256 (so 1.8498748143954595e-10%) available bytes[m
[36m[00:36:48.193689] [D] [Not A Worker] [unnamed] [queryId:1336618131] [BufferManager.cpp:160] [initialize] BufferManager configuration bufferSize=1 numOfBuffers=1[m
[36m[00:36:48.193871] [D] [Not A Worker] [unnamed] [queryId:1336618131] [PipeliningPhase.cpp:365] [apply] Constructed pipeline plan with 1 root pipelines.
PipelinedQueryPlan for Query: 1336618131
Number of root pipelines: 1
------------------
Root Pipeline 0:
  Pipeline(ID(76), Provider(COMPILER))
  Operator chain:
    PhysicalOperator(NES::SourcePhysicalOperator)
  Successor Pipeline:
    Pipeline(ID(77), Provider(None))
      Operator chain:
        PhysicalOperator(NES::ScanPhysicalOperator)
          PhysicalOperator(NES::SelectionPhysicalOperator)
            PhysicalOperator(NES::MapPhysicalOperator)
              PhysicalOperator(NES::EmitPhysicalOperator)
      Successor Pipeline:
        Pipeline(ID(78), Provider(None))
          Operator chain:
            PhysicalOperator(NES::SinkPhysicalOperator)

[m
[36m[00:36:48.201431] [D] [Not A Worker] [unnamed] [] [SinkProvider.cpp:30] [lower] The sinkDescriptor is: SinkDescriptor: (name: variant("PERSON_ID_SINK"), type: Void, Config: )[m
[36m[00:36:48.202054] [D] [SingleNodeWorker] [WorkerThread-0] [Task:1336618131-78] [VoidSink.cpp:37] [start] Setting up void sink: VoidSink[m
[36m[00:36:48.344176] [D] [SingleNodeWorker] [WorkerThread-0] [] [SourceThread.cpp:184] [start] Starting source with originId: 2[m
[36m[00:36:48.356602] [D] [SingleNodeWorker] [WorkerThread-0] [Task:1336618131-77] [BufferManager.cpp:65] [~BufferManager] Calling BufferManager::destroy()[m
[36m[00:36:48.356637] [D] [SingleNodeWorker] [WorkerThread-0] [Task:1336618131-77] [BufferManager.cpp:93] [~BufferManager] Shutting down Buffer Manager completed[m
[36m[00:36:49.280124] [D] [SingleNodeWorker] [WorkerThread-31] [Task:1336618131] [SourceThread.cpp:230] [tryStop] SourceThread 2: attempting to stop source[m
[36m[00:36:49.280188] [D] [SingleNodeWorker] [WorkerThread-31] [Task:1336618131] [SourceThread.cpp:248] [tryStop] SourceThread 2: stopped[m
[32m[00:36:49.305835] [I] [SingleNodeWorker] [WorkerThread-17] [Task:1336618131-78] [VoidSink.cpp:42] [stop] Void Sink completed.[m
[36m[00:36:49.305911] [D] [SingleNodeWorker] [WorkerThread-17] [] [SourceThread.cpp:226] [tryStop] SourceThread 2: thread is not running[m
[32m[00:36:49.305927] [I] [SingleNodeWorker] [WorkerThread-45] [] [SequenceShredder.cpp:55] [~SequenceShredder] Successfully validated SequenceShredder[m
[36m[00:36:53.051812] [D] [Not A Worker] [unnamed] [queryId:1427501892] [BufferManager.cpp:110] [initialize] NES memory allocation requires 1 out of 540577120256 (so 1.8498748143954595e-10%) available bytes[m
[36m[00:36:53.051868] [D] [Not A Worker] [unnamed] [queryId:1427501892] [BufferManager.cpp:160] [initialize] BufferManager configuration bufferSize=1 numOfBuffers=1[m
[36m[00:36:53.052057] [D] [Not A Worker] [unnamed] [queryId:1427501892] [PipeliningPhase.cpp:365] [apply] Constructed pipeline plan with 1 root pipelines.
PipelinedQueryPlan for Query: 1427501892
Number of root pipelines: 1
------------------
Root Pipeline 0:
  Pipeline(ID(79), Provider(COMPILER))
  Operator chain:
    PhysicalOperator(NES::SourcePhysicalOperator)
  Successor Pipeline:
    Pipeline(ID(80), Provider(None))
      Operator chain:
        PhysicalOperator(NES::ScanPhysicalOperator)
          PhysicalOperator(NES::SelectionPhysicalOperator)
            PhysicalOperator(NES::MapPhysicalOperator)
              PhysicalOperator(NES::EmitPhysicalOperator)
      Successor Pipeline:
        Pipeline(ID(81), Provider(None))
          Operator chain:
            PhysicalOperator(NES::SinkPhysicalOperator)

[m
[36m[00:36:53.055867] [D] [Not A Worker] [unnamed] [] [SinkProvider.cpp:30] [lower] The sinkDescriptor is: SinkDescriptor: (name: variant("PERSON_ID_SINK"), type: Void, Config: )[m
[36m[00:36:53.060536] [D] [SingleNodeWorker] [WorkerThread-21] [Task:1427501892-81] [VoidSink.cpp:37] [start] Setting up void sink: VoidSink[m
[36m[00:36:53.203633] [D] [SingleNodeWorker] [WorkerThread-21] [] [SourceThread.cpp:184] [start] Starting source with originId: 2[m
[36m[00:36:53.229767] [D] [SingleNodeWorker] [WorkerThread-10] [Task:1427501892-80] [BufferManager.cpp:65] [~BufferManager] Calling BufferManager::destroy()[m
[36m[00:36:53.229821] [D] [SingleNodeWorker] [WorkerThread-10] [Task:1427501892-80] [BufferManager.cpp:93] [~BufferManager] Shutting down Buffer Manager completed[m
[36m[00:36:54.152366] [D] [SingleNodeWorker] [WorkerThread-46] [Task:1427501892] [SourceThread.cpp:230] [tryStop] SourceThread 2: attempting to stop source[m
[36m[00:36:54.152413] [D] [SingleNodeWorker] [WorkerThread-46] [Task:1427501892] [SourceThread.cpp:248] [tryStop] SourceThread 2: stopped[m
[32m[00:36:54.178352] [I] [SingleNodeWorker] [WorkerThread-46] [Task:1427501892-81] [VoidSink.cpp:42] [stop] Void Sink completed.[m
[32m[00:36:54.178463] [I] [SingleNodeWorker] [WorkerThread-21] [] [SequenceShredder.cpp:55] [~SequenceShredder] Successfully validated SequenceShredder[m
[36m[00:36:54.178500] [D] [SingleNodeWorker] [WorkerThread-46] [] [SourceThread.cpp:226] [tryStop] SourceThread 2: thread is not running[m
[36m[00:36:58.013500] [D] [Not A Worker] [unnamed] [queryId:1876862668] [BufferManager.cpp:110] [initialize] NES memory allocation requires 1 out of 540577120256 (so 1.8498748143954595e-10%) available bytes[m
[36m[00:36:58.013550] [D] [Not A Worker] [unnamed] [queryId:1876862668] [BufferManager.cpp:160] [initialize] BufferManager configuration bufferSize=1 numOfBuffers=1[m
[36m[00:36:58.013715] [D] [Not A Worker] [unnamed] [queryId:1876862668] [PipeliningPhase.cpp:365] [apply] Constructed pipeline plan with 1 root pipelines.
PipelinedQueryPlan for Query: 1876862668
Number of root pipelines: 1
------------------
Root Pipeline 0:
  Pipeline(ID(82), Provider(COMPILER))
  Operator chain:
    PhysicalOperator(NES::SourcePhysicalOperator)
  Successor Pipeline:
    Pipeline(ID(83), Provider(None))
      Operator chain:
        PhysicalOperator(NES::ScanPhysicalOperator)
          PhysicalOperator(NES::SelectionPhysicalOperator)
            PhysicalOperator(NES::MapPhysicalOperator)
              PhysicalOperator(NES::EmitPhysicalOperator)
      Successor Pipeline:
        Pipeline(ID(84), Provider(None))
          Operator chain:
            PhysicalOperator(NES::SinkPhysicalOperator)

[m
[36m[00:36:58.017836] [D] [Not A Worker] [unnamed] [] [SinkProvider.cpp:30] [lower] The sinkDescriptor is: SinkDescriptor: (name: variant("PERSON_ID_SINK"), type: Void, Config: )[m
[36m[00:36:58.018274] [D] [SingleNodeWorker] [WorkerThread-18] [Task:1876862668-84] [VoidSink.cpp:37] [start] Setting up void sink: VoidSink[m
[36m[00:36:58.158539] [D] [SingleNodeWorker] [WorkerThread-18] [] [SourceThread.cpp:184] [start] Starting source with originId: 2[m
[36m[00:36:58.179760] [D] [SingleNodeWorker] [WorkerThread-9] [Task:1876862668-83] [BufferManager.cpp:65] [~BufferManager] Calling BufferManager::destroy()[m
[36m[00:36:58.179799] [D] [SingleNodeWorker] [WorkerThread-9] [Task:1876862668-83] [BufferManager.cpp:93] [~BufferManager] Shutting down Buffer Manager completed[m
[36m[00:36:59.111411] [D] [SingleNodeWorker] [WorkerThread-46] [Task:1876862668] [SourceThread.cpp:230] [tryStop] SourceThread 2: attempting to stop source[m
[36m[00:36:59.111458] [D] [SingleNodeWorker] [WorkerThread-46] [Task:1876862668] [SourceThread.cpp:248] [tryStop] SourceThread 2: stopped[m
[32m[00:36:59.136791] [I] [SingleNodeWorker] [WorkerThread-9] [Task:1876862668-84] [VoidSink.cpp:42] [stop] Void Sink completed.[m
[36m[00:36:59.136849] [D] [SingleNodeWorker] [WorkerThread-9] [] [SourceThread.cpp:226] [tryStop] SourceThread 2: thread is not running[m
[32m[00:36:59.136885] [I] [SingleNodeWorker] [WorkerThread-47] [] [SequenceShredder.cpp:55] [~SequenceShredder] Successfully validated SequenceShredder[m
[36m[00:37:02.812579] [D] [Not A Worker] [unnamed] [queryId:1521190479] [BufferManager.cpp:110] [initialize] NES memory allocation requires 1 out of 540577120256 (so 1.8498748143954595e-10%) available bytes[m
[36m[00:37:02.812634] [D] [Not A Worker] [unnamed] [queryId:1521190479] [BufferManager.cpp:160] [initialize] BufferManager configuration bufferSize=1 numOfBuffers=1[m
[36m[00:37:02.812832] [D] [Not A Worker] [unnamed] [queryId:1521190479] [PipeliningPhase.cpp:365] [apply] Constructed pipeline plan with 1 root pipelines.
PipelinedQueryPlan for Query: 1521190479
Number of root pipelines: 1
------------------
Root Pipeline 0:
  Pipeline(ID(85), Provider(COMPILER))
  Operator chain:
    PhysicalOperator(NES::SourcePhysicalOperator)
  Successor Pipeline:
    Pipeline(ID(86), Provider(None))
      Operator chain:
        PhysicalOperator(NES::ScanPhysicalOperator)
          PhysicalOperator(NES::SelectionPhysicalOperator)
            PhysicalOperator(NES::MapPhysicalOperator)
              PhysicalOperator(NES::EmitPhysicalOperator)
      Successor Pipeline:
        Pipeline(ID(87), Provider(None))
          Operator chain:
            PhysicalOperator(NES::SinkPhysicalOperator)

[m
[36m[00:37:02.823108] [D] [Not A Worker] [unnamed] [] [SinkProvider.cpp:30] [lower] The sinkDescriptor is: SinkDescriptor: (name: variant("PERSON_ID_SINK"), type: Void, Config: )[m
[36m[00:37:02.823516] [D] [SingleNodeWorker] [WorkerThread-42] [Task:1521190479-87] [VoidSink.cpp:37] [start] Setting up void sink: VoidSink[m
[36m[00:37:02.964046] [D] [SingleNodeWorker] [WorkerThread-4] [] [SourceThread.cpp:184] [start] Starting source with originId: 2[m
[36m[00:37:02.973924] [D] [SingleNodeWorker] [WorkerThread-4] [Task:1521190479-86] [BufferManager.cpp:65] [~BufferManager] Calling BufferManager::destroy()[m
[36m[00:37:02.973951] [D] [SingleNodeWorker] [WorkerThread-4] [Task:1521190479-86] [BufferManager.cpp:93] [~BufferManager] Shutting down Buffer Manager completed[m
[36m[00:37:03.883037] [D] [SingleNodeWorker] [WorkerThread-28] [Task:1521190479] [SourceThread.cpp:230] [tryStop] SourceThread 2: attempting to stop source[m
[36m[00:37:03.883086] [D] [SingleNodeWorker] [WorkerThread-28] [Task:1521190479] [SourceThread.cpp:248] [tryStop] SourceThread 2: stopped[m
[32m[00:37:03.909037] [I] [SingleNodeWorker] [WorkerThread-15] [Task:1521190479-87] [VoidSink.cpp:42] [stop] Void Sink completed.[m
[32m[00:37:03.909144] [I] [SingleNodeWorker] [WorkerThread-11] [] [SequenceShredder.cpp:55] [~SequenceShredder] Successfully validated SequenceShredder[m
[36m[00:37:03.909174] [D] [SingleNodeWorker] [WorkerThread-15] [] [SourceThread.cpp:226] [tryStop] SourceThread 2: thread is not running[m
[36m[00:37:07.617593] [D] [Not A Worker] [unnamed] [queryId:1586974497] [BufferManager.cpp:110] [initialize] NES memory allocation requires 1 out of 540577120256 (so 1.8498748143954595e-10%) available bytes[m
[36m[00:37:07.617644] [D] [Not A Worker] [unnamed] [queryId:1586974497] [BufferManager.cpp:160] [initialize] BufferManager configuration bufferSize=1 numOfBuffers=1[m
[36m[00:37:07.617830] [D] [Not A Worker] [unnamed] [queryId:1586974497] [PipeliningPhase.cpp:365] [apply] Constructed pipeline plan with 1 root pipelines.
PipelinedQueryPlan for Query: 1586974497
Number of root pipelines: 1
------------------
Root Pipeline 0:
  Pipeline(ID(88), Provider(COMPILER))
  Operator chain:
    PhysicalOperator(NES::SourcePhysicalOperator)
  Successor Pipeline:
    Pipeline(ID(89), Provider(None))
      Operator chain:
        PhysicalOperator(NES::ScanPhysicalOperator)
          PhysicalOperator(NES::SelectionPhysicalOperator)
            PhysicalOperator(NES::MapPhysicalOperator)
              PhysicalOperator(NES::EmitPhysicalOperator)
      Successor Pipeline:
        Pipeline(ID(90), Provider(None))
          Operator chain:
            PhysicalOperator(NES::SinkPhysicalOperator)

[m
[36m[00:37:07.621510] [D] [Not A Worker] [unnamed] [] [SinkProvider.cpp:30] [lower] The sinkDescriptor is: SinkDescriptor: (name: variant("PERSON_ID_SINK"), type: Void, Config: )[m
[36m[00:37:07.622216] [D] [SingleNodeWorker] [WorkerThread-37] [Task:1586974497-90] [VoidSink.cpp:37] [start] Setting up void sink: VoidSink[m
[36m[00:37:07.763318] [D] [SingleNodeWorker] [WorkerThread-37] [] [SourceThread.cpp:184] [start] Starting source with originId: 2[m
[36m[00:37:07.784089] [D] [SingleNodeWorker] [WorkerThread-11] [Task:1586974497-89] [BufferManager.cpp:65] [~BufferManager] Calling BufferManager::destroy()[m
[36m[00:37:07.784141] [D] [SingleNodeWorker] [WorkerThread-11] [Task:1586974497-89] [BufferManager.cpp:93] [~BufferManager] Shutting down Buffer Manager completed[m
[36m[00:37:08.710996] [D] [SingleNodeWorker] [WorkerThread-21] [Task:1586974497] [SourceThread.cpp:230] [tryStop] SourceThread 2: attempting to stop source[m
[36m[00:37:08.711058] [D] [SingleNodeWorker] [WorkerThread-21] [Task:1586974497] [SourceThread.cpp:248] [tryStop] SourceThread 2: stopped[m
[32m[00:37:08.736663] [I] [SingleNodeWorker] [WorkerThread-41] [Task:1586974497-90] [VoidSink.cpp:42] [stop] Void Sink completed.[m
[36m[00:37:08.736800] [D] [SingleNodeWorker] [WorkerThread-41] [] [SourceThread.cpp:226] [tryStop] SourceThread 2: thread is not running[m
[32m[00:37:08.736977] [I] [SingleNodeWorker] [WorkerThread-0] [] [SequenceShredder.cpp:55] [~SequenceShredder] Successfully validated SequenceShredder[m
[36m[00:37:12.421644] [D] [Not A Worker] [unnamed] [queryId:1090134154] [BufferManager.cpp:110] [initialize] NES memory allocation requires 1 out of 540577120256 (so 1.8498748143954595e-10%) available bytes[m
[36m[00:37:12.421698] [D] [Not A Worker] [unnamed] [queryId:1090134154] [BufferManager.cpp:160] [initialize] BufferManager configuration bufferSize=1 numOfBuffers=1[m
[36m[00:37:12.422036] [D] [Not A Worker] [unnamed] [queryId:1090134154] [PipeliningPhase.cpp:365] [apply] Constructed pipeline plan with 1 root pipelines.
PipelinedQueryPlan for Query: 1090134154
Number of root pipelines: 1
------------------
Root Pipeline 0:
  Pipeline(ID(91), Provider(COMPILER))
  Operator chain:
    PhysicalOperator(NES::SourcePhysicalOperator)
  Successor Pipeline:
    Pipeline(ID(92), Provider(None))
      Operator chain:
        PhysicalOperator(NES::ScanPhysicalOperator)
          PhysicalOperator(NES::MapPhysicalOperator)
            PhysicalOperator(NES::EmitPhysicalOperator)
      Successor Pipeline:
        Pipeline(ID(93), Provider(None))
          Operator chain:
            PhysicalOperator(NES::SinkPhysicalOperator)

[m
[36m[00:37:12.425989] [D] [Not A Worker] [unnamed] [] [SinkProvider.cpp:30] [lower] The sinkDescriptor is: SinkDescriptor: (name: variant("EXTRA_SINK"), type: Void, Config: )[m
[36m[00:37:12.426419] [D] [SingleNodeWorker] [WorkerThread-9] [Task:1090134154-93] [VoidSink.cpp:37] [start] Setting up void sink: VoidSink[m
[36m[00:37:12.501376] [D] [SingleNodeWorker] [WorkerThread-29] [] [SourceThread.cpp:184] [start] Starting source with originId: 2[m
[36m[00:37:12.511255] [D] [SingleNodeWorker] [WorkerThread-29] [Task:1090134154-92] [BufferManager.cpp:65] [~BufferManager] Calling BufferManager::destroy()[m
[36m[00:37:12.511288] [D] [SingleNodeWorker] [WorkerThread-29] [Task:1090134154-92] [BufferManager.cpp:93] [~BufferManager] Shutting down Buffer Manager completed[m
[36m[00:37:13.499680] [D] [SingleNodeWorker] [WorkerThread-36] [Task:1090134154] [SourceThread.cpp:230] [tryStop] SourceThread 2: attempting to stop source[m
[36m[00:37:13.499744] [D] [SingleNodeWorker] [WorkerThread-36] [Task:1090134154] [SourceThread.cpp:248] [tryStop] SourceThread 2: stopped[m
[32m[00:37:13.525183] [I] [SingleNodeWorker] [WorkerThread-47] [] [SequenceShredder.cpp:55] [~SequenceShredder] Successfully validated SequenceShredder[m
[32m[00:37:13.525568] [I] [SingleNodeWorker] [WorkerThread-29] [Task:1090134154-93] [VoidSink.cpp:42] [stop] Void Sink completed.[m
[36m[00:37:13.525690] [D] [SingleNodeWorker] [WorkerThread-29] [] [SourceThread.cpp:226] [tryStop] SourceThread 2: thread is not running[m
[36m[00:37:17.303174] [D] [Not A Worker] [unnamed] [queryId:157364053] [BufferManager.cpp:110] [initialize] NES memory allocation requires 1 out of 540577120256 (so 1.8498748143954595e-10%) available bytes[m
[36m[00:37:17.303229] [D] [Not A Worker] [unnamed] [queryId:157364053] [BufferManager.cpp:160] [initialize] BufferManager configuration bufferSize=1 numOfBuffers=1[m
[36m[00:37:17.303577] [D] [Not A Worker] [unnamed] [queryId:157364053] [PipeliningPhase.cpp:365] [apply] Constructed pipeline plan with 1 root pipelines.
PipelinedQueryPlan for Query: 157364053
Number of root pipelines: 1
------------------
Root Pipeline 0:
  Pipeline(ID(94), Provider(COMPILER))
  Operator chain:
    PhysicalOperator(NES::SourcePhysicalOperator)
  Successor Pipeline:
    Pipeline(ID(95), Provider(None))
      Operator chain:
        PhysicalOperator(NES::ScanPhysicalOperator)
          PhysicalOperator(NES::MapPhysicalOperator)
            PhysicalOperator(NES::EmitPhysicalOperator)
      Successor Pipeline:
        Pipeline(ID(96), Provider(None))
          Operator chain:
            PhysicalOperator(NES::SinkPhysicalOperator)

[m
[36m[00:37:17.307241] [D] [Not A Worker] [unnamed] [] [SinkProvider.cpp:30] [lower] The sinkDescriptor is: SinkDescriptor: (name: variant("EXTRA_SINK"), type: Void, Config: )[m
[36m[00:37:17.307724] [D] [SingleNodeWorker] [WorkerThread-5] [Task:157364053-96] [VoidSink.cpp:37] [start] Setting up void sink: VoidSink[m
[36m[00:37:17.384475] [D] [SingleNodeWorker] [WorkerThread-39] [] [SourceThread.cpp:184] [start] Starting source with originId: 2[m
[36m[00:37:17.405507] [D] [SingleNodeWorker] [WorkerThread-43] [Task:157364053-95] [BufferManager.cpp:65] [~BufferManager] Calling BufferManager::destroy()[m
[36m[00:37:17.405541] [D] [SingleNodeWorker] [WorkerThread-43] [Task:157364053-95] [BufferManager.cpp:93] [~BufferManager] Shutting down Buffer Manager completed[m
[36m[00:37:18.359321] [D] [SingleNodeWorker] [WorkerThread-8] [Task:157364053] [SourceThread.cpp:230] [tryStop] SourceThread 2: attempting to stop source[m
[36m[00:37:18.359392] [D] [SingleNodeWorker] [WorkerThread-8] [Task:157364053] [SourceThread.cpp:248] [tryStop] SourceThread 2: stopped[m
[32m[00:37:18.385849] [I] [SingleNodeWorker] [WorkerThread-15] [] [SequenceShredder.cpp:55] [~SequenceShredder] Successfully validated SequenceShredder[m
[32m[00:37:18.386134] [I] [SingleNodeWorker] [WorkerThread-31] [Task:157364053-96] [VoidSink.cpp:42] [stop] Void Sink completed.[m
[36m[00:37:18.386262] [D] [SingleNodeWorker] [WorkerThread-31] [] [SourceThread.cpp:226] [tryStop] SourceThread 2: thread is not running[m
[36m[00:37:22.041469] [D] [Not A Worker] [unnamed] [queryId:1593242718] [BufferManager.cpp:110] [initialize] NES memory allocation requires 1 out of 540577120256 (so 1.8498748143954595e-10%) available bytes[m
[36m[00:37:22.041519] [D] [Not A Worker] [unnamed] [queryId:1593242718] [BufferManager.cpp:160] [initialize] BufferManager configuration bufferSize=1 numOfBuffers=1[m
[36m[00:37:22.041842] [D] [Not A Worker] [unnamed] [queryId:1593242718] [PipeliningPhase.cpp:365] [apply] Constructed pipeline plan with 1 root pipelines.
PipelinedQueryPlan for Query: 1593242718
Number of root pipelines: 1
------------------
Root Pipeline 0:
  Pipeline(ID(97), Provider(COMPILER))
  Operator chain:
    PhysicalOperator(NES::SourcePhysicalOperator)
  Successor Pipeline:
    Pipeline(ID(98), Provider(None))
      Operator chain:
        PhysicalOperator(NES::ScanPhysicalOperator)
          PhysicalOperator(NES::MapPhysicalOperator)
            PhysicalOperator(NES::EmitPhysicalOperator)
      Successor Pipeline:
        Pipeline(ID(99), Provider(None))
          Operator chain:
            PhysicalOperator(NES::SinkPhysicalOperator)

[m
[36m[00:37:22.045511] [D] [Not A Worker] [unnamed] [] [SinkProvider.cpp:30] [lower] The sinkDescriptor is: SinkDescriptor: (name: variant("EXTRA_SINK"), type: Void, Config: )[m
[36m[00:37:22.045796] [D] [SingleNodeWorker] [WorkerThread-26] [Task:1593242718-99] [VoidSink.cpp:37] [start] Setting up void sink: VoidSink[m
[36m[00:37:22.123173] [D] [SingleNodeWorker] [WorkerThread-20] [] [SourceThread.cpp:184] [start] Starting source with originId: 2[m
[36m[00:37:22.134986] [D] [SingleNodeWorker] [WorkerThread-20] [Task:1593242718-98] [BufferManager.cpp:65] [~BufferManager] Calling BufferManager::destroy()[m
[36m[00:37:22.135023] [D] [SingleNodeWorker] [WorkerThread-20] [Task:1593242718-98] [BufferManager.cpp:93] [~BufferManager] Shutting down Buffer Manager completed[m
[36m[00:37:23.103880] [D] [SingleNodeWorker] [WorkerThread-40] [Task:1593242718] [SourceThread.cpp:230] [tryStop] SourceThread 2: attempting to stop source[m
[36m[00:37:23.103955] [D] [SingleNodeWorker] [WorkerThread-40] [Task:1593242718] [SourceThread.cpp:248] [tryStop] SourceThread 2: stopped[m
[32m[00:37:23.129620] [I] [SingleNodeWorker] [WorkerThread-21] [Task:1593242718-99] [VoidSink.cpp:42] [stop] Void Sink completed.[m
[36m[00:37:23.129694] [D] [SingleNodeWorker] [WorkerThread-21] [] [SourceThread.cpp:226] [tryStop] SourceThread 2: thread is not running[m
[32m[00:37:23.129738] [I] [SingleNodeWorker] [WorkerThread-31] [] [SequenceShredder.cpp:55] [~SequenceShredder] Successfully validated SequenceShredder[m
[36m[00:37:26.831528] [D] [Not A Worker] [unnamed] [queryId:1096291298] [BufferManager.cpp:110] [initialize] NES memory allocation requires 1 out of 540577120256 (so 1.8498748143954595e-10%) available bytes[m
[36m[00:37:26.831582] [D] [Not A Worker] [unnamed] [queryId:1096291298] [BufferManager.cpp:160] [initialize] BufferManager configuration bufferSize=1 numOfBuffers=1[m
[36m[00:37:26.831933] [D] [Not A Worker] [unnamed] [queryId:1096291298] [PipeliningPhase.cpp:365] [apply] Constructed pipeline plan with 1 root pipelines.
PipelinedQueryPlan for Query: 1096291298
Number of root pipelines: 1
------------------
Root Pipeline 0:
  Pipeline(ID(100), Provider(COMPILER))
  Operator chain:
    PhysicalOperator(NES::SourcePhysicalOperator)
  Successor Pipeline:
    Pipeline(ID(101), Provider(None))
      Operator chain:
        PhysicalOperator(NES::ScanPhysicalOperator)
          PhysicalOperator(NES::MapPhysicalOperator)
            PhysicalOperator(NES::EmitPhysicalOperator)
      Successor Pipeline:
        Pipeline(ID(102), Provider(None))
          Operator chain:
            PhysicalOperator(NES::SinkPhysicalOperator)

[m
[36m[00:37:26.834801] [D] [Not A Worker] [unnamed] [] [SinkProvider.cpp:30] [lower] The sinkDescriptor is: SinkDescriptor: (name: variant("EXTRA_SINK"), type: Void, Config: )[m
[36m[00:37:26.835223] [D] [SingleNodeWorker] [WorkerThread-14] [Task:1096291298-102] [VoidSink.cpp:37] [start] Setting up void sink: VoidSink[m
[36m[00:37:26.913810] [D] [SingleNodeWorker] [WorkerThread-14] [] [SourceThread.cpp:184] [start] Starting source with originId: 2[m
[36m[00:37:26.924251] [D] [SingleNodeWorker] [WorkerThread-14] [Task:1096291298-101] [BufferManager.cpp:65] [~BufferManager] Calling BufferManager::destroy()[m
[36m[00:37:26.924279] [D] [SingleNodeWorker] [WorkerThread-14] [Task:1096291298-101] [BufferManager.cpp:93] [~BufferManager] Shutting down Buffer Manager completed[m
[36m[00:37:27.922773] [D] [SingleNodeWorker] [WorkerThread-23] [Task:1096291298] [SourceThread.cpp:230] [tryStop] SourceThread 2: attempting to stop source[m
[36m[00:37:27.922820] [D] [SingleNodeWorker] [WorkerThread-23] [Task:1096291298] [SourceThread.cpp:248] [tryStop] SourceThread 2: stopped[m
[32m[00:37:27.948329] [I] [SingleNodeWorker] [WorkerThread-15] [Task:1096291298-102] [VoidSink.cpp:42] [stop] Void Sink completed.[m
[36m[00:37:27.948464] [D] [SingleNodeWorker] [WorkerThread-15] [] [SourceThread.cpp:226] [tryStop] SourceThread 2: thread is not running[m
[32m[00:37:27.948523] [I] [SingleNodeWorker] [WorkerThread-20] [] [SequenceShredder.cpp:55] [~SequenceShredder] Successfully validated SequenceShredder[m
[36m[00:37:31.557912] [D] [Not A Worker] [unnamed] [queryId:146207963] [BufferManager.cpp:110] [initialize] NES memory allocation requires 1 out of 540577120256 (so 1.8498748143954595e-10%) available bytes[m
[36m[00:37:31.557958] [D] [Not A Worker] [unnamed] [queryId:146207963] [BufferManager.cpp:160] [initialize] BufferManager configuration bufferSize=1 numOfBuffers=1[m
[36m[00:37:31.558297] [D] [Not A Worker] [unnamed] [queryId:146207963] [PipeliningPhase.cpp:365] [apply] Constructed pipeline plan with 1 root pipelines.
PipelinedQueryPlan for Query: 146207963
Number of root pipelines: 1
------------------
Root Pipeline 0:
  Pipeline(ID(103), Provider(COMPILER))
  Operator chain:
    PhysicalOperator(NES::SourcePhysicalOperator)
  Successor Pipeline:
    Pipeline(ID(104), Provider(None))
      Operator chain:
        PhysicalOperator(NES::ScanPhysicalOperator)
          PhysicalOperator(NES::MapPhysicalOperator)
            PhysicalOperator(NES::EmitPhysicalOperator)
      Successor Pipeline:
        Pipeline(ID(105), Provider(None))
          Operator chain:
            PhysicalOperator(NES::SinkPhysicalOperator)

[m
[36m[00:37:31.561999] [D] [Not A Worker] [unnamed] [] [SinkProvider.cpp:30] [lower] The sinkDescriptor is: SinkDescriptor: (name: variant("EXTRA_SINK"), type: Void, Config: )[m
[36m[00:37:31.562407] [D] [SingleNodeWorker] [WorkerThread-4] [Task:146207963-105] [VoidSink.cpp:37] [start] Setting up void sink: VoidSink[m
[36m[00:37:31.640372] [D] [SingleNodeWorker] [WorkerThread-46] [] [SourceThread.cpp:184] [start] Starting source with originId: 2[m
[36m[00:37:31.662714] [D] [SingleNodeWorker] [WorkerThread-32] [Task:146207963-104] [BufferManager.cpp:65] [~BufferManager] Calling BufferManager::destroy()[m
[36m[00:37:31.662756] [D] [SingleNodeWorker] [WorkerThread-32] [Task:146207963-104] [BufferManager.cpp:93] [~BufferManager] Shutting down Buffer Manager completed[m
[36m[00:37:32.635115] [D] [SingleNodeWorker] [WorkerThread-2] [Task:146207963] [SourceThread.cpp:230] [tryStop] SourceThread 2: attempting to stop source[m
[36m[00:37:32.635223] [D] [SingleNodeWorker] [WorkerThread-2] [Task:146207963] [SourceThread.cpp:248] [tryStop] SourceThread 2: stopped[m
[32m[00:37:32.661114] [I] [SingleNodeWorker] [WorkerThread-31] [Task:146207963-105] [VoidSink.cpp:42] [stop] Void Sink completed.[m
[36m[00:37:32.661258] [D] [SingleNodeWorker] [WorkerThread-31] [] [SourceThread.cpp:226] [tryStop] SourceThread 2: thread is not running[m
[32m[00:37:32.661376] [I] [SingleNodeWorker] [WorkerThread-16] [] [SequenceShredder.cpp:55] [~SequenceShredder] Successfully validated SequenceShredder[m
[36m[00:37:36.456480] [D] [Not A Worker] [unnamed] [queryId:815674657] [BufferManager.cpp:110] [initialize] NES memory allocation requires 1 out of 540577120256 (so 1.8498748143954595e-10%) available bytes[m
[36m[00:37:36.456546] [D] [Not A Worker] [unnamed] [queryId:815674657] [BufferManager.cpp:160] [initialize] BufferManager configuration bufferSize=1 numOfBuffers=1[m
[36m[00:37:36.456974] [D] [Not A Worker] [unnamed] [queryId:815674657] [PipeliningPhase.cpp:365] [apply] Constructed pipeline plan with 1 root pipelines.
PipelinedQueryPlan for Query: 815674657
Number of root pipelines: 1
------------------
Root Pipeline 0:
  Pipeline(ID(106), Provider(COMPILER))
  Operator chain:
    PhysicalOperator(NES::SourcePhysicalOperator)
  Successor Pipeline:
    Pipeline(ID(107), Provider(None))
      Operator chain:
        PhysicalOperator(NES::ScanPhysicalOperator)
          PhysicalOperator(NES::MapPhysicalOperator)
            PhysicalOperator(NES::EmitPhysicalOperator)
      Successor Pipeline:
        Pipeline(ID(108), Provider(None))
          Operator chain:
            PhysicalOperator(NES::SinkPhysicalOperator)

[m
[36m[00:37:36.460411] [D] [Not A Worker] [unnamed] [] [SinkProvider.cpp:30] [lower] The sinkDescriptor is: SinkDescriptor: (name: variant("EXTRA_SINK"), type: Void, Config: )[m
[36m[00:37:36.461017] [D] [SingleNodeWorker] [WorkerThread-7] [Task:815674657-108] [VoidSink.cpp:37] [start] Setting up void sink: VoidSink[m
[36m[00:37:36.538321] [D] [SingleNodeWorker] [WorkerThread-26] [] [SourceThread.cpp:184] [start] Starting source with originId: 2[m
[36m[00:37:36.559015] [D] [SingleNodeWorker] [WorkerThread-45] [Task:815674657-107] [BufferManager.cpp:65] [~BufferManager] Calling BufferManager::destroy()[m
[36m[00:37:36.559053] [D] [SingleNodeWorker] [WorkerThread-45] [Task:815674657-107] [BufferManager.cpp:93] [~BufferManager] Shutting down Buffer Manager completed[m
[36m[00:37:37.556528] [D] [SingleNodeWorker] [WorkerThread-25] [Task:815674657] [SourceThread.cpp:230] [tryStop] SourceThread 2: attempting to stop source[m
[36m[00:37:37.556583] [D] [SingleNodeWorker] [WorkerThread-25] [Task:815674657] [SourceThread.cpp:248] [tryStop] SourceThread 2: stopped[m
[32m[00:37:37.582434] [I] [SingleNodeWorker] [WorkerThread-8] [Task:815674657-108] [VoidSink.cpp:42] [stop] Void Sink completed.[m
[36m[00:37:37.582597] [D] [SingleNodeWorker] [WorkerThread-8] [] [SourceThread.cpp:226] [tryStop] SourceThread 2: thread is not running[m
[32m[00:37:37.582648] [I] [SingleNodeWorker] [WorkerThread-31] [] [SequenceShredder.cpp:55] [~SequenceShredder] Successfully validated SequenceShredder[m
[36m[00:37:41.303343] [D] [Not A Worker] [unnamed] [queryId:1294430444] [BufferManager.cpp:110] [initialize] NES memory allocation requires 1 out of 540577120256 (so 1.8498748143954595e-10%) available bytes[m
[36m[00:37:41.303400] [D] [Not A Worker] [unnamed] [queryId:1294430444] [BufferManager.cpp:160] [initialize] BufferManager configuration bufferSize=1 numOfBuffers=1[m
[36m[00:37:41.303780] [D] [Not A Worker] [unnamed] [queryId:1294430444] [PipeliningPhase.cpp:365] [apply] Constructed pipeline plan with 1 root pipelines.
PipelinedQueryPlan for Query: 1294430444
Number of root pipelines: 1
------------------
Root Pipeline 0:
  Pipeline(ID(109), Provider(COMPILER))
  Operator chain:
    PhysicalOperator(NES::SourcePhysicalOperator)
  Successor Pipeline:
    Pipeline(ID(110), Provider(None))
      Operator chain:
        PhysicalOperator(NES::ScanPhysicalOperator)
          PhysicalOperator(NES::MapPhysicalOperator)
            PhysicalOperator(NES::EmitPhysicalOperator)
      Successor Pipeline:
        Pipeline(ID(111), Provider(None))
          Operator chain:
            PhysicalOperator(NES::SinkPhysicalOperator)

[m
[36m[00:37:41.307086] [D] [Not A Worker] [unnamed] [] [SinkProvider.cpp:30] [lower] The sinkDescriptor is: SinkDescriptor: (name: variant("EXTRA_SINK"), type: Void, Config: )[m
[36m[00:37:41.307732] [D] [SingleNodeWorker] [WorkerThread-22] [Task:1294430444-111] [VoidSink.cpp:37] [start] Setting up void sink: VoidSink[m
[36m[00:37:41.383188] [D] [SingleNodeWorker] [WorkerThread-22] [] [SourceThread.cpp:184] [start] Starting source with originId: 2[m
[36m[00:37:41.404345] [D] [SingleNodeWorker] [WorkerThread-23] [Task:1294430444-110] [BufferManager.cpp:65] [~BufferManager] Calling BufferManager::destroy()[m
[36m[00:37:41.404394] [D] [SingleNodeWorker] [WorkerThread-23] [Task:1294430444-110] [BufferManager.cpp:93] [~BufferManager] Shutting down Buffer Manager completed[m
[36m[00:37:42.361817] [D] [SingleNodeWorker] [WorkerThread-23] [Task:1294430444] [SourceThread.cpp:230] [tryStop] SourceThread 2: attempting to stop source[m
[36m[00:37:42.361862] [D] [SingleNodeWorker] [WorkerThread-23] [Task:1294430444] [SourceThread.cpp:248] [tryStop] SourceThread 2: stopped[m
[32m[00:37:42.387229] [I] [SingleNodeWorker] [WorkerThread-12] [] [SequenceShredder.cpp:55] [~SequenceShredder] Successfully validated SequenceShredder[m
[32m[00:37:42.387371] [I] [SingleNodeWorker] [WorkerThread-17] [Task:1294430444-111] [VoidSink.cpp:42] [stop] Void Sink completed.[m
[36m[00:37:42.387440] [D] [SingleNodeWorker] [WorkerThread-17] [] [SourceThread.cpp:226] [tryStop] SourceThread 2: thread is not running[m
[36m[00:37:46.119792] [D] [Not A Worker] [unnamed] [queryId:667958101] [BufferManager.cpp:110] [initialize] NES memory allocation requires 1 out of 540577120256 (so 1.8498748143954595e-10%) available bytes[m
[36m[00:37:46.119843] [D] [Not A Worker] [unnamed] [queryId:667958101] [BufferManager.cpp:160] [initialize] BufferManager configuration bufferSize=1 numOfBuffers=1[m
[36m[00:37:46.120174] [D] [Not A Worker] [unnamed] [queryId:667958101] [PipeliningPhase.cpp:365] [apply] Constructed pipeline plan with 1 root pipelines.
PipelinedQueryPlan for Query: 667958101
Number of root pipelines: 1
------------------
Root Pipeline 0:
  Pipeline(ID(112), Provider(COMPILER))
  Operator chain:
    PhysicalOperator(NES::SourcePhysicalOperator)
  Successor Pipeline:
    Pipeline(ID(113), Provider(None))
      Operator chain:
        PhysicalOperator(NES::ScanPhysicalOperator)
          PhysicalOperator(NES::MapPhysicalOperator)
            PhysicalOperator(NES::EmitPhysicalOperator)
      Successor Pipeline:
        Pipeline(ID(114), Provider(None))
          Operator chain:
            PhysicalOperator(NES::SinkPhysicalOperator)

[m
[36m[00:37:46.124288] [D] [Not A Worker] [unnamed] [] [SinkProvider.cpp:30] [lower] The sinkDescriptor is: SinkDescriptor: (name: variant("EXTRA_SINK"), type: Void, Config: )[m
[36m[00:37:46.125501] [D] [SingleNodeWorker] [WorkerThread-6] [Task:667958101-114] [VoidSink.cpp:37] [start] Setting up void sink: VoidSink[m
[36m[00:37:46.202451] [D] [SingleNodeWorker] [WorkerThread-2] [] [SourceThread.cpp:184] [start] Starting source with originId: 2[m
[36m[00:37:46.212584] [D] [SingleNodeWorker] [WorkerThread-2] [Task:667958101-113] [BufferManager.cpp:65] [~BufferManager] Calling BufferManager::destroy()[m
[36m[00:37:46.212615] [D] [SingleNodeWorker] [WorkerThread-2] [Task:667958101-113] [BufferManager.cpp:93] [~BufferManager] Shutting down Buffer Manager completed[m
[36m[00:37:47.196462] [D] [SingleNodeWorker] [WorkerThread-38] [Task:667958101] [SourceThread.cpp:230] [tryStop] SourceThread 2: attempting to stop source[m
[36m[00:37:47.196538] [D] [SingleNodeWorker] [WorkerThread-38] [Task:667958101] [SourceThread.cpp:248] [tryStop] SourceThread 2: stopped[m
[32m[00:37:47.222349] [I] [SingleNodeWorker] [WorkerThread-29] [Task:667958101-114] [VoidSink.cpp:42] [stop] Void Sink completed.[m
[36m[00:37:47.222486] [D] [SingleNodeWorker] [WorkerThread-29] [] [SourceThread.cpp:226] [tryStop] SourceThread 2: thread is not running[m
[32m[00:37:47.222572] [I] [SingleNodeWorker] [WorkerThread-33] [] [SequenceShredder.cpp:55] [~SequenceShredder] Successfully validated SequenceShredder[m
[36m[00:37:50.911695] [D] [Not A Worker] [unnamed] [queryId:456705528] [BufferManager.cpp:110] [initialize] NES memory allocation requires 1 out of 540577120256 (so 1.8498748143954595e-10%) available bytes[m
[36m[00:37:50.911751] [D] [Not A Worker] [unnamed] [queryId:456705528] [BufferManager.cpp:160] [initialize] BufferManager configuration bufferSize=1 numOfBuffers=1[m
[36m[00:37:50.912102] [D] [Not A Worker] [unnamed] [queryId:456705528] [PipeliningPhase.cpp:365] [apply] Constructed pipeline plan with 1 root pipelines.
PipelinedQueryPlan for Query: 456705528
Number of root pipelines: 1
------------------
Root Pipeline 0:
  Pipeline(ID(115), Provider(COMPILER))
  Operator chain:
    PhysicalOperator(NES::SourcePhysicalOperator)
  Successor Pipeline:
    Pipeline(ID(116), Provider(None))
      Operator chain:
        PhysicalOperator(NES::ScanPhysicalOperator)
          PhysicalOperator(NES::MapPhysicalOperator)
            PhysicalOperator(NES::EmitPhysicalOperator)
      Successor Pipeline:
        Pipeline(ID(117), Provider(None))
          Operator chain:
            PhysicalOperator(NES::SinkPhysicalOperator)

[m
[36m[00:37:50.915561] [D] [Not A Worker] [unnamed] [] [SinkProvider.cpp:30] [lower] The sinkDescriptor is: SinkDescriptor: (name: variant("EXTRA_SINK"), type: Void, Config: )[m
[36m[00:37:50.915960] [D] [SingleNodeWorker] [WorkerThread-28] [Task:456705528-117] [VoidSink.cpp:37] [start] Setting up void sink: VoidSink[m
[36m[00:37:50.991396] [D] [SingleNodeWorker] [WorkerThread-28] [] [SourceThread.cpp:184] [start] Starting source with originId: 2[m
[36m[00:37:51.017238] [D] [SingleNodeWorker] [WorkerThread-43] [Task:456705528-116] [BufferManager.cpp:65] [~BufferManager] Calling BufferManager::destroy()[m
[36m[00:37:51.017292] [D] [SingleNodeWorker] [WorkerThread-43] [Task:456705528-116] [BufferManager.cpp:93] [~BufferManager] Shutting down Buffer Manager completed[m
[36m[00:37:52.012850] [D] [SingleNodeWorker] [WorkerThread-9] [Task:456705528] [SourceThread.cpp:230] [tryStop] SourceThread 2: attempting to stop source[m
[36m[00:37:52.012919] [D] [SingleNodeWorker] [WorkerThread-9] [Task:456705528] [SourceThread.cpp:248] [tryStop] SourceThread 2: stopped[m
[32m[00:37:52.038577] [I] [SingleNodeWorker] [WorkerThread-15] [Task:456705528-117] [VoidSink.cpp:42] [stop] Void Sink completed.[m
[36m[00:37:52.038706] [D] [SingleNodeWorker] [WorkerThread-15] [] [SourceThread.cpp:226] [tryStop] SourceThread 2: thread is not running[m
[32m[00:37:52.038750] [I] [SingleNodeWorker] [WorkerThread-7] [] [SequenceShredder.cpp:55] [~SequenceShredder] Successfully validated SequenceShredder[m
[36m[00:37:55.684435] [D] [Not A Worker] [unnamed] [queryId:71304433] [BufferManager.cpp:110] [initialize] NES memory allocation requires 1 out of 540577120256 (so 1.8498748143954595e-10%) available bytes[m
[36m[00:37:55.684511] [D] [Not A Worker] [unnamed] [queryId:71304433] [BufferManager.cpp:160] [initialize] BufferManager configuration bufferSize=1 numOfBuffers=1[m
[36m[00:37:55.685007] [D] [Not A Worker] [unnamed] [queryId:71304433] [PipeliningPhase.cpp:365] [apply] Constructed pipeline plan with 1 root pipelines.
PipelinedQueryPlan for Query: 71304433
Number of root pipelines: 1
------------------
Root Pipeline 0:
  Pipeline(ID(118), Provider(COMPILER))
  Operator chain:
    PhysicalOperator(NES::SourcePhysicalOperator)
  Successor Pipeline:
    Pipeline(ID(119), Provider(None))
      Operator chain:
        PhysicalOperator(NES::ScanPhysicalOperator)
          PhysicalOperator(NES::MapPhysicalOperator)
            PhysicalOperator(NES::EmitPhysicalOperator)
      Successor Pipeline:
        Pipeline(ID(120), Provider(None))
          Operator chain:
            PhysicalOperator(NES::SinkPhysicalOperator)

[m
[36m[00:37:55.689004] [D] [Not A Worker] [unnamed] [] [SinkProvider.cpp:30] [lower] The sinkDescriptor is: SinkDescriptor: (name: variant("EXTRA_SINK"), type: Void, Config: )[m
[36m[00:37:55.689386] [D] [SingleNodeWorker] [WorkerThread-19] [Task:71304433-120] [VoidSink.cpp:37] [start] Setting up void sink: VoidSink[m
[36m[00:37:55.767734] [D] [SingleNodeWorker] [WorkerThread-19] [] [SourceThread.cpp:184] [start] Starting source with originId: 2[m
[36m[00:37:55.788271] [D] [SingleNodeWorker] [WorkerThread-22] [Task:71304433-119] [BufferManager.cpp:65] [~BufferManager] Calling BufferManager::destroy()[m
[36m[00:37:55.788316] [D] [SingleNodeWorker] [WorkerThread-22] [Task:71304433-119] [BufferManager.cpp:93] [~BufferManager] Shutting down Buffer Manager completed[m
[36m[00:37:56.770570] [D] [SingleNodeWorker] [WorkerThread-23] [Task:71304433] [SourceThread.cpp:230] [tryStop] SourceThread 2: attempting to stop source[m
[36m[00:37:56.770621] [D] [SingleNodeWorker] [WorkerThread-23] [Task:71304433] [SourceThread.cpp:248] [tryStop] SourceThread 2: stopped[m
[32m[00:37:56.796901] [I] [SingleNodeWorker] [WorkerThread-14] [] [SequenceShredder.cpp:55] [~SequenceShredder] Successfully validated SequenceShredder[m
[32m[00:37:56.797045] [I] [SingleNodeWorker] [WorkerThread-31] [Task:71304433-120] [VoidSink.cpp:42] [stop] Void Sink completed.[m
[36m[00:37:56.797179] [D] [SingleNodeWorker] [WorkerThread-31] [] [SourceThread.cpp:226] [tryStop] SourceThread 2: thread is not running[m
[36m[00:38:00.561226] [D] [Not A Worker] [unnamed] [queryId:872807916] [BufferManager.cpp:110] [initialize] NES memory allocation requires 1 out of 540577120256 (so 1.8498748143954595e-10%) available bytes[m
[36m[00:38:00.561279] [D] [Not A Worker] [unnamed] [queryId:872807916] [BufferManager.cpp:160] [initialize] BufferManager configuration bufferSize=1 numOfBuffers=1[m
[36m[00:38:00.561459] [D] [Not A Worker] [unnamed] [queryId:872807916] [PipeliningPhase.cpp:365] [apply] Constructed pipeline plan with 1 root pipelines.
PipelinedQueryPlan for Query: 872807916
Number of root pipelines: 1
------------------
Root Pipeline 0:
  Pipeline(ID(121), Provider(COMPILER))
  Operator chain:
    PhysicalOperator(NES::SourcePhysicalOperator)
  Successor Pipeline:
    Pipeline(ID(122), Provider(None))
      Operator chain:
        PhysicalOperator(NES::ScanPhysicalOperator)
          PhysicalOperator(NES::SelectionPhysicalOperator)
            PhysicalOperator(NES::MapPhysicalOperator)
              PhysicalOperator(NES::EmitPhysicalOperator)
      Successor Pipeline:
        Pipeline(ID(123), Provider(None))
          Operator chain:
            PhysicalOperator(NES::SinkPhysicalOperator)

[m
[36m[00:38:00.564632] [D] [Not A Worker] [unnamed] [] [SinkProvider.cpp:30] [lower] The sinkDescriptor is: SinkDescriptor: (name: variant("PERSON_ID_SINK"), type: Void, Config: )[m
[36m[00:38:00.565075] [D] [SingleNodeWorker] [WorkerThread-25] [Task:872807916-123] [VoidSink.cpp:37] [start] Setting up void sink: VoidSink[m
[36m[00:38:00.663645] [D] [SingleNodeWorker] [WorkerThread-14] [] [SourceThread.cpp:184] [start] Starting source with originId: 2[m
[36m[00:38:00.673520] [D] [SingleNodeWorker] [WorkerThread-14] [Task:872807916-122] [BufferManager.cpp:65] [~BufferManager] Calling BufferManager::destroy()[m
[36m[00:38:00.673549] [D] [SingleNodeWorker] [WorkerThread-14] [Task:872807916-122] [BufferManager.cpp:93] [~BufferManager] Shutting down Buffer Manager completed[m
[36m[00:38:01.611961] [D] [SingleNodeWorker] [WorkerThread-4] [Task:872807916] [SourceThread.cpp:230] [tryStop] SourceThread 2: attempting to stop source[m
[36m[00:38:01.612025] [D] [SingleNodeWorker] [WorkerThread-4] [Task:872807916] [SourceThread.cpp:248] [tryStop] SourceThread 2: stopped[m
[32m[00:38:01.638025] [I] [SingleNodeWorker] [WorkerThread-12] [] [SequenceShredder.cpp:55] [~SequenceShredder] Successfully validated SequenceShredder[m
[32m[00:38:01.638191] [I] [SingleNodeWorker] [WorkerThread-41] [Task:872807916-123] [VoidSink.cpp:42] [stop] Void Sink completed.[m
[36m[00:38:01.638363] [D] [SingleNodeWorker] [WorkerThread-41] [] [SourceThread.cpp:226] [tryStop] SourceThread 2: thread is not running[m
[36m[00:38:05.492952] [D] [Not A Worker] [unnamed] [queryId:440867896] [BufferManager.cpp:110] [initialize] NES memory allocation requires 1 out of 540577120256 (so 1.8498748143954595e-10%) available bytes[m
[36m[00:38:05.493022] [D] [Not A Worker] [unnamed] [queryId:440867896] [BufferManager.cpp:160] [initialize] BufferManager configuration bufferSize=1 numOfBuffers=1[m
[36m[00:38:05.493190] [D] [Not A Worker] [unnamed] [queryId:440867896] [PipeliningPhase.cpp:365] [apply] Constructed pipeline plan with 1 root pipelines.
PipelinedQueryPlan for Query: 440867896
Number of root pipelines: 1
------------------
Root Pipeline 0:
  Pipeline(ID(124), Provider(COMPILER))
  Operator chain:
    PhysicalOperator(NES::SourcePhysicalOperator)
  Successor Pipeline:
    Pipeline(ID(125), Provider(None))
      Operator chain:
        PhysicalOperator(NES::ScanPhysicalOperator)
          PhysicalOperator(NES::SelectionPhysicalOperator)
            PhysicalOperator(NES::MapPhysicalOperator)
              PhysicalOperator(NES::EmitPhysicalOperator)
      Successor Pipeline:
        Pipeline(ID(126), Provider(None))
          Operator chain:
            PhysicalOperator(NES::SinkPhysicalOperator)

[m
[36m[00:38:05.496984] [D] [Not A Worker] [unnamed] [] [SinkProvider.cpp:30] [lower] The sinkDescriptor is: SinkDescriptor: (name: variant("PERSON_ID_SINK"), type: Void, Config: )[m
[36m[00:38:05.498100] [D] [SingleNodeWorker] [WorkerThread-34] [Task:440867896-126] [VoidSink.cpp:37] [start] Setting up void sink: VoidSink[m
[36m[00:38:05.594754] [D] [SingleNodeWorker] [WorkerThread-36] [] [SourceThread.cpp:184] [start] Starting source with originId: 2[m
[36m[00:38:05.616631] [D] [SingleNodeWorker] [WorkerThread-2] [Task:440867896-125] [BufferManager.cpp:65] [~BufferManager] Calling BufferManager::destroy()[m
[36m[00:38:05.616679] [D] [SingleNodeWorker] [WorkerThread-2] [Task:440867896-125] [BufferManager.cpp:93] [~BufferManager] Shutting down Buffer Manager completed[m
[36m[00:38:06.561062] [D] [SingleNodeWorker] [WorkerThread-45] [Task:440867896] [SourceThread.cpp:230] [tryStop] SourceThread 2: attempting to stop source[m
[36m[00:38:06.561128] [D] [SingleNodeWorker] [WorkerThread-45] [Task:440867896] [SourceThread.cpp:248] [tryStop] SourceThread 2: stopped[m
[32m[00:38:06.587201] [I] [SingleNodeWorker] [WorkerThread-7] [Task:440867896-126] [VoidSink.cpp:42] [stop] Void Sink completed.[m
[32m[00:38:06.587337] [I] [SingleNodeWorker] [WorkerThread-40] [] [SequenceShredder.cpp:55] [~SequenceShredder] Successfully validated SequenceShredder[m
[36m[00:38:06.587348] [D] [SingleNodeWorker] [WorkerThread-7] [] [SourceThread.cpp:226] [tryStop] SourceThread 2: thread is not running[m
[36m[00:38:10.309720] [D] [Not A Worker] [unnamed] [queryId:322996808] [BufferManager.cpp:110] [initialize] NES memory allocation requires 1 out of 540577120256 (so 1.8498748143954595e-10%) available bytes[m
[36m[00:38:10.309776] [D] [Not A Worker] [unnamed] [queryId:322996808] [BufferManager.cpp:160] [initialize] BufferManager configuration bufferSize=1 numOfBuffers=1[m
[36m[00:38:10.309963] [D] [Not A Worker] [unnamed] [queryId:322996808] [PipeliningPhase.cpp:365] [apply] Constructed pipeline plan with 1 root pipelines.
PipelinedQueryPlan for Query: 322996808
Number of root pipelines: 1
------------------
Root Pipeline 0:
  Pipeline(ID(127), Provider(COMPILER))
  Operator chain:
    PhysicalOperator(NES::SourcePhysicalOperator)
  Successor Pipeline:
    Pipeline(ID(128), Provider(None))
      Operator chain:
        PhysicalOperator(NES::ScanPhysicalOperator)
          PhysicalOperator(NES::SelectionPhysicalOperator)
            PhysicalOperator(NES::MapPhysicalOperator)
              PhysicalOperator(NES::EmitPhysicalOperator)
      Successor Pipeline:
        Pipeline(ID(129), Provider(None))
          Operator chain:
            PhysicalOperator(NES::SinkPhysicalOperator)

[m
[36m[00:38:10.313698] [D] [Not A Worker] [unnamed] [] [SinkProvider.cpp:30] [lower] The sinkDescriptor is: SinkDescriptor: (name: variant("PERSON_ID_SINK"), type: Void, Config: )[m
[36m[00:38:10.315511] [D] [SingleNodeWorker] [WorkerThread-7] [Task:322996808-129] [VoidSink.cpp:37] [start] Setting up void sink: VoidSink[m
[36m[00:38:10.413205] [D] [SingleNodeWorker] [WorkerThread-7] [] [SourceThread.cpp:184] [start] Starting source with originId: 2[m
[36m[00:38:10.438723] [D] [SingleNodeWorker] [WorkerThread-19] [Task:322996808-128] [BufferManager.cpp:65] [~BufferManager] Calling BufferManager::destroy()[m
[36m[00:38:10.438765] [D] [SingleNodeWorker] [WorkerThread-19] [Task:322996808-128] [BufferManager.cpp:93] [~BufferManager] Shutting down Buffer Manager completed[m
[36m[00:38:11.380206] [D] [SingleNodeWorker] [WorkerThread-13] [Task:322996808] [SourceThread.cpp:230] [tryStop] SourceThread 2: attempting to stop source[m
[36m[00:38:11.380251] [D] [SingleNodeWorker] [WorkerThread-13] [Task:322996808] [SourceThread.cpp:248] [tryStop] SourceThread 2: stopped[m
[32m[00:38:11.406419] [I] [SingleNodeWorker] [WorkerThread-47] [Task:322996808-129] [VoidSink.cpp:42] [stop] Void Sink completed.[m
[36m[00:38:11.406498] [D] [SingleNodeWorker] [WorkerThread-47] [] [SourceThread.cpp:226] [tryStop] SourceThread 2: thread is not running[m
[32m[00:38:11.406639] [I] [SingleNodeWorker] [WorkerThread-3] [] [SequenceShredder.cpp:55] [~SequenceShredder] Successfully validated SequenceShredder[m
[36m[00:38:15.127981] [D] [Not A Worker] [unnamed] [queryId:2134837933] [BufferManager.cpp:110] [initialize] NES memory allocation requires 1 out of 540577120256 (so 1.8498748143954595e-10%) available bytes[m
[36m[00:38:15.128031] [D] [Not A Worker] [unnamed] [queryId:2134837933] [BufferManager.cpp:160] [initialize] BufferManager configuration bufferSize=1 numOfBuffers=1[m
[36m[00:38:15.128205] [D] [Not A Worker] [unnamed] [queryId:2134837933] [PipeliningPhase.cpp:365] [apply] Constructed pipeline plan with 1 root pipelines.
PipelinedQueryPlan for Query: 2134837933
Number of root pipelines: 1
------------------
Root Pipeline 0:
  Pipeline(ID(130), Provider(COMPILER))
  Operator chain:
    PhysicalOperator(NES::SourcePhysicalOperator)
  Successor Pipeline:
    Pipeline(ID(131), Provider(None))
      Operator chain:
        PhysicalOperator(NES::ScanPhysicalOperator)
          PhysicalOperator(NES::SelectionPhysicalOperator)
            PhysicalOperator(NES::MapPhysicalOperator)
              PhysicalOperator(NES::EmitPhysicalOperator)
      Successor Pipeline:
        Pipeline(ID(132), Provider(None))
          Operator chain:
            PhysicalOperator(NES::SinkPhysicalOperator)

[m
[36m[00:38:15.131681] [D] [Not A Worker] [unnamed] [] [SinkProvider.cpp:30] [lower] The sinkDescriptor is: SinkDescriptor: (name: variant("PERSON_ID_SINK"), type: Void, Config: )[m
[36m[00:38:15.133193] [D] [SingleNodeWorker] [WorkerThread-22] [Task:2134837933-132] [VoidSink.cpp:37] [start] Setting up void sink: VoidSink[m
[36m[00:38:15.230906] [D] [SingleNodeWorker] [WorkerThread-6] [] [SourceThread.cpp:184] [start] Starting source with originId: 2[m
[36m[00:38:15.252596] [D] [SingleNodeWorker] [WorkerThread-4] [Task:2134837933-131] [BufferManager.cpp:65] [~BufferManager] Calling BufferManager::destroy()[m
[36m[00:38:15.252634] [D] [SingleNodeWorker] [WorkerThread-4] [Task:2134837933-131] [BufferManager.cpp:93] [~BufferManager] Shutting down Buffer Manager completed[m
[36m[00:38:16.165016] [D] [SingleNodeWorker] [WorkerThread-27] [Task:2134837933] [SourceThread.cpp:230] [tryStop] SourceThread 2: attempting to stop source[m
[36m[00:38:16.165064] [D] [SingleNodeWorker] [WorkerThread-27] [Task:2134837933] [SourceThread.cpp:248] [tryStop] SourceThread 2: stopped[m
[32m[00:38:16.190540] [I] [SingleNodeWorker] [WorkerThread-23] [Task:2134837933-132] [VoidSink.cpp:42] [stop] Void Sink completed.[m
[36m[00:38:16.190662] [D] [SingleNodeWorker] [WorkerThread-23] [] [SourceThread.cpp:226] [tryStop] SourceThread 2: thread is not running[m
[32m[00:38:16.190741] [I] [SingleNodeWorker] [WorkerThread-25] [] [SequenceShredder.cpp:55] [~SequenceShredder] Successfully validated SequenceShredder[m
[36m[00:38:20.020227] [D] [Not A Worker] [unnamed] [queryId:1798792527] [BufferManager.cpp:110] [initialize] NES memory allocation requires 1 out of 540577120256 (so 1.8498748143954595e-10%) available bytes[m
[36m[00:38:20.020278] [D] [Not A Worker] [unnamed] [queryId:1798792527] [BufferManager.cpp:160] [initialize] BufferManager configuration bufferSize=1 numOfBuffers=1[m
[36m[00:38:20.020455] [D] [Not A Worker] [unnamed] [queryId:1798792527] [PipeliningPhase.cpp:365] [apply] Constructed pipeline plan with 1 root pipelines.
PipelinedQueryPlan for Query: 1798792527
Number of root pipelines: 1
------------------
Root Pipeline 0:
  Pipeline(ID(133), Provider(COMPILER))
  Operator chain:
    PhysicalOperator(NES::SourcePhysicalOperator)
  Successor Pipeline:
    Pipeline(ID(134), Provider(None))
      Operator chain:
        PhysicalOperator(NES::ScanPhysicalOperator)
          PhysicalOperator(NES::SelectionPhysicalOperator)
            PhysicalOperator(NES::MapPhysicalOperator)
              PhysicalOperator(NES::EmitPhysicalOperator)
      Successor Pipeline:
        Pipeline(ID(135), Provider(None))
          Operator chain:
            PhysicalOperator(NES::SinkPhysicalOperator)

[m
[36m[00:38:20.023341] [D] [Not A Worker] [unnamed] [] [SinkProvider.cpp:30] [lower] The sinkDescriptor is: SinkDescriptor: (name: variant("PERSON_ID_SINK"), type: Void, Config: )[m
[36m[00:38:20.024429] [D] [SingleNodeWorker] [WorkerThread-8] [Task:1798792527-135] [VoidSink.cpp:37] [start] Setting up void sink: VoidSink[m
[36m[00:38:20.123882] [D] [SingleNodeWorker] [WorkerThread-23] [] [SourceThread.cpp:184] [start] Starting source with originId: 2[m
[36m[00:38:20.149974] [D] [SingleNodeWorker] [WorkerThread-27] [Task:1798792527-134] [BufferManager.cpp:65] [~BufferManager] Calling BufferManager::destroy()[m
[36m[00:38:20.150020] [D] [SingleNodeWorker] [WorkerThread-27] [Task:1798792527-134] [BufferManager.cpp:93] [~BufferManager] Shutting down Buffer Manager completed[m
[36m[00:38:21.084501] [D] [SingleNodeWorker] [WorkerThread-41] [Task:1798792527] [SourceThread.cpp:230] [tryStop] SourceThread 2: attempting to stop source[m
[36m[00:38:21.084554] [D] [SingleNodeWorker] [WorkerThread-41] [Task:1798792527] [SourceThread.cpp:248] [tryStop] SourceThread 2: stopped[m
[32m[00:38:21.110382] [I] [SingleNodeWorker] [WorkerThread-7] [] [SequenceShredder.cpp:55] [~SequenceShredder] Successfully validated SequenceShredder[m
[32m[00:38:21.110485] [I] [SingleNodeWorker] [WorkerThread-21] [Task:1798792527-135] [VoidSink.cpp:42] [stop] Void Sink completed.[m
[36m[00:38:21.110555] [D] [SingleNodeWorker] [WorkerThread-21] [] [SourceThread.cpp:226] [tryStop] SourceThread 2: thread is not running[m
[36m[00:38:24.733358] [D] [Not A Worker] [unnamed] [queryId:483800081] [BufferManager.cpp:110] [initialize] NES memory allocation requires 1 out of 540577120256 (so 1.8498748143954595e-10%) available bytes[m
[36m[00:38:24.733418] [D] [Not A Worker] [unnamed] [queryId:483800081] [BufferManager.cpp:160] [initialize] BufferManager configuration bufferSize=1 numOfBuffers=1[m
[36m[00:38:24.733619] [D] [Not A Worker] [unnamed] [queryId:483800081] [PipeliningPhase.cpp:365] [apply] Constructed pipeline plan with 1 root pipelines.
PipelinedQueryPlan for Query: 483800081
Number of root pipelines: 1
------------------
Root Pipeline 0:
  Pipeline(ID(136), Provider(COMPILER))
  Operator chain:
    PhysicalOperator(NES::SourcePhysicalOperator)
  Successor Pipeline:
    Pipeline(ID(137), Provider(None))
      Operator chain:
        PhysicalOperator(NES::ScanPhysicalOperator)
          PhysicalOperator(NES::SelectionPhysicalOperator)
            PhysicalOperator(NES::MapPhysicalOperator)
              PhysicalOperator(NES::EmitPhysicalOperator)
      Successor Pipeline:
        Pipeline(ID(138), Provider(None))
          Operator chain:
            PhysicalOperator(NES::SinkPhysicalOperator)

[m
[36m[00:38:24.737112] [D] [Not A Worker] [unnamed] [] [SinkProvider.cpp:30] [lower] The sinkDescriptor is: SinkDescriptor: (name: variant("PERSON_ID_SINK"), type: Void, Config: )[m
[36m[00:38:24.737653] [D] [SingleNodeWorker] [WorkerThread-15] [Task:483800081-138] [VoidSink.cpp:37] [start] Setting up void sink: VoidSink[m
[36m[00:38:24.835724] [D] [SingleNodeWorker] [WorkerThread-33] [] [SourceThread.cpp:184] [start] Starting source with originId: 2[m
[36m[00:38:24.848974] [D] [SingleNodeWorker] [WorkerThread-33] [Task:483800081-137] [BufferManager.cpp:65] [~BufferManager] Calling BufferManager::destroy()[m
[36m[00:38:24.849010] [D] [SingleNodeWorker] [WorkerThread-33] [Task:483800081-137] [BufferManager.cpp:93] [~BufferManager] Shutting down Buffer Manager completed[m
[36m[00:38:25.785428] [D] [SingleNodeWorker] [WorkerThread-46] [Task:483800081] [SourceThread.cpp:230] [tryStop] SourceThread 2: attempting to stop source[m
[36m[00:38:25.785474] [D] [SingleNodeWorker] [WorkerThread-46] [Task:483800081] [SourceThread.cpp:248] [tryStop] SourceThread 2: stopped[m
[32m[00:38:25.810964] [I] [SingleNodeWorker] [WorkerThread-32] [Task:483800081-138] [VoidSink.cpp:42] [stop] Void Sink completed.[m
[36m[00:38:25.811110] [D] [SingleNodeWorker] [WorkerThread-32] [] [SourceThread.cpp:226] [tryStop] SourceThread 2: thread is not running[m
[32m[00:38:25.811217] [I] [SingleNodeWorker] [WorkerThread-45] [] [SequenceShredder.cpp:55] [~SequenceShredder] Successfully validated SequenceShredder[m
[36m[00:38:29.512584] [D] [Not A Worker] [unnamed] [queryId:1108588727] [BufferManager.cpp:110] [initialize] NES memory allocation requires 1 out of 540577120256 (so 1.8498748143954595e-10%) available bytes[m
[36m[00:38:29.512639] [D] [Not A Worker] [unnamed] [queryId:1108588727] [BufferManager.cpp:160] [initialize] BufferManager configuration bufferSize=1 numOfBuffers=1[m
[36m[00:38:29.512818] [D] [Not A Worker] [unnamed] [queryId:1108588727] [PipeliningPhase.cpp:365] [apply] Constructed pipeline plan with 1 root pipelines.
PipelinedQueryPlan for Query: 1108588727
Number of root pipelines: 1
------------------
Root Pipeline 0:
  Pipeline(ID(139), Provider(COMPILER))
  Operator chain:
    PhysicalOperator(NES::SourcePhysicalOperator)
  Successor Pipeline:
    Pipeline(ID(140), Provider(None))
      Operator chain:
        PhysicalOperator(NES::ScanPhysicalOperator)
          PhysicalOperator(NES::SelectionPhysicalOperator)
            PhysicalOperator(NES::MapPhysicalOperator)
              PhysicalOperator(NES::EmitPhysicalOperator)
      Successor Pipeline:
        Pipeline(ID(141), Provider(None))
          Operator chain:
            PhysicalOperator(NES::SinkPhysicalOperator)

[m
[36m[00:38:29.515884] [D] [Not A Worker] [unnamed] [] [SinkProvider.cpp:30] [lower] The sinkDescriptor is: SinkDescriptor: (name: variant("PERSON_ID_SINK"), type: Void, Config: )[m
[36m[00:38:29.516475] [D] [SingleNodeWorker] [WorkerThread-30] [Task:1108588727-141] [VoidSink.cpp:37] [start] Setting up void sink: VoidSink[m
[36m[00:38:29.613834] [D] [SingleNodeWorker] [WorkerThread-30] [] [SourceThread.cpp:184] [start] Starting source with originId: 2[m
[36m[00:38:29.623798] [D] [SingleNodeWorker] [WorkerThread-30] [Task:1108588727-140] [BufferManager.cpp:65] [~BufferManager] Calling BufferManager::destroy()[m
[36m[00:38:29.623824] [D] [SingleNodeWorker] [WorkerThread-30] [Task:1108588727-140] [BufferManager.cpp:93] [~BufferManager] Shutting down Buffer Manager completed[m
[36m[00:38:30.565085] [D] [SingleNodeWorker] [WorkerThread-42] [Task:1108588727] [SourceThread.cpp:230] [tryStop] SourceThread 2: attempting to stop source[m
[36m[00:38:30.565138] [D] [SingleNodeWorker] [WorkerThread-42] [Task:1108588727] [SourceThread.cpp:248] [tryStop] SourceThread 2: stopped[m
[32m[00:38:30.590728] [I] [SingleNodeWorker] [WorkerThread-37] [] [SequenceShredder.cpp:55] [~SequenceShredder] Successfully validated SequenceShredder[m
[32m[00:38:30.590816] [I] [SingleNodeWorker] [WorkerThread-43] [Task:1108588727-141] [VoidSink.cpp:42] [stop] Void Sink completed.[m
[36m[00:38:30.590880] [D] [SingleNodeWorker] [WorkerThread-43] [] [SourceThread.cpp:226] [tryStop] SourceThread 2: thread is not running[m
[36m[00:38:34.307482] [D] [Not A Worker] [unnamed] [queryId:803027979] [BufferManager.cpp:110] [initialize] NES memory allocation requires 1 out of 540577120256 (so 1.8498748143954595e-10%) available bytes[m
[36m[00:38:34.307537] [D] [Not A Worker] [unnamed] [queryId:803027979] [BufferManager.cpp:160] [initialize] BufferManager configuration bufferSize=1 numOfBuffers=1[m
[36m[00:38:34.307710] [D] [Not A Worker] [unnamed] [queryId:803027979] [PipeliningPhase.cpp:365] [apply] Constructed pipeline plan with 1 root pipelines.
PipelinedQueryPlan for Query: 803027979
Number of root pipelines: 1
------------------
Root Pipeline 0:
  Pipeline(ID(142), Provider(COMPILER))
  Operator chain:
    PhysicalOperator(NES::SourcePhysicalOperator)
  Successor Pipeline:
    Pipeline(ID(143), Provider(None))
      Operator chain:
        PhysicalOperator(NES::ScanPhysicalOperator)
          PhysicalOperator(NES::SelectionPhysicalOperator)
            PhysicalOperator(NES::MapPhysicalOperator)
              PhysicalOperator(NES::EmitPhysicalOperator)
      Successor Pipeline:
        Pipeline(ID(144), Provider(None))
          Operator chain:
            PhysicalOperator(NES::SinkPhysicalOperator)

[m
[36m[00:38:34.318437] [D] [Not A Worker] [unnamed] [] [SinkProvider.cpp:30] [lower] The sinkDescriptor is: SinkDescriptor: (name: variant("PERSON_ID_SINK"), type: Void, Config: )[m
[36m[00:38:34.318974] [D] [SingleNodeWorker] [WorkerThread-37] [Task:803027979-144] [VoidSink.cpp:37] [start] Setting up void sink: VoidSink[m
[36m[00:38:34.418684] [D] [SingleNodeWorker] [WorkerThread-9] [] [SourceThread.cpp:184] [start] Starting source with originId: 2[m
[36m[00:38:34.429975] [D] [SingleNodeWorker] [WorkerThread-9] [Task:803027979-143] [BufferManager.cpp:65] [~BufferManager] Calling BufferManager::destroy()[m
[36m[00:38:34.430009] [D] [SingleNodeWorker] [WorkerThread-9] [Task:803027979-143] [BufferManager.cpp:93] [~BufferManager] Shutting down Buffer Manager completed[m
[36m[00:38:35.383672] [D] [SingleNodeWorker] [WorkerThread-44] [Task:803027979] [SourceThread.cpp:230] [tryStop] SourceThread 2: attempting to stop source[m
[36m[00:38:35.383730] [D] [SingleNodeWorker] [WorkerThread-44] [Task:803027979] [SourceThread.cpp:248] [tryStop] SourceThread 2: stopped[m
[32m[00:38:35.409544] [I] [SingleNodeWorker] [WorkerThread-13] [Task:803027979-144] [VoidSink.cpp:42] [stop] Void Sink completed.[m
[32m[00:38:35.409563] [I] [SingleNodeWorker] [WorkerThread-4] [] [SequenceShredder.cpp:55] [~SequenceShredder] Successfully validated SequenceShredder[m
[36m[00:38:35.409626] [D] [SingleNodeWorker] [WorkerThread-13] [] [SourceThread.cpp:226] [tryStop] SourceThread 2: thread is not running[m
[36m[00:38:39.158875] [D] [Not A Worker] [unnamed] [queryId:135446047] [BufferManager.cpp:110] [initialize] NES memory allocation requires 1 out of 540577120256 (so 1.8498748143954595e-10%) available bytes[m
[36m[00:38:39.158949] [D] [Not A Worker] [unnamed] [queryId:135446047] [BufferManager.cpp:160] [initialize] BufferManager configuration bufferSize=1 numOfBuffers=1[m
[36m[00:38:39.159123] [D] [Not A Worker] [unnamed] [queryId:135446047] [PipeliningPhase.cpp:365] [apply] Constructed pipeline plan with 1 root pipelines.
PipelinedQueryPlan for Query: 135446047
Number of root pipelines: 1
------------------
Root Pipeline 0:
  Pipeline(ID(145), Provider(COMPILER))
  Operator chain:
    PhysicalOperator(NES::SourcePhysicalOperator)
  Successor Pipeline:
    Pipeline(ID(146), Provider(None))
      Operator chain:
        PhysicalOperator(NES::ScanPhysicalOperator)
          PhysicalOperator(NES::SelectionPhysicalOperator)
            PhysicalOperator(NES::MapPhysicalOperator)
              PhysicalOperator(NES::EmitPhysicalOperator)
      Successor Pipeline:
        Pipeline(ID(147), Provider(None))
          Operator chain:
            PhysicalOperator(NES::SinkPhysicalOperator)

[m
[36m[00:38:39.161768] [D] [Not A Worker] [unnamed] [] [SinkProvider.cpp:30] [lower] The sinkDescriptor is: SinkDescriptor: (name: variant("PERSON_ID_SINK"), type: Void, Config: )[m
[36m[00:38:39.162691] [D] [SingleNodeWorker] [WorkerThread-28] [Task:135446047-147] [VoidSink.cpp:37] [start] Setting up void sink: VoidSink[m
[36m[00:38:39.258749] [D] [SingleNodeWorker] [WorkerThread-28] [] [SourceThread.cpp:184] [start] Starting source with originId: 2[m
[36m[00:38:39.285203] [D] [SingleNodeWorker] [WorkerThread-47] [Task:135446047-146] [BufferManager.cpp:65] [~BufferManager] Calling BufferManager::destroy()[m
[36m[00:38:39.285247] [D] [SingleNodeWorker] [WorkerThread-47] [Task:135446047-146] [BufferManager.cpp:93] [~BufferManager] Shutting down Buffer Manager completed[m
[36m[00:38:40.212021] [D] [SingleNodeWorker] [WorkerThread-23] [Task:135446047] [SourceThread.cpp:230] [tryStop] SourceThread 2: attempting to stop source[m
[36m[00:38:40.212077] [D] [SingleNodeWorker] [WorkerThread-23] [Task:135446047] [SourceThread.cpp:248] [tryStop] SourceThread 2: stopped[m
[32m[00:38:40.237566] [I] [SingleNodeWorker] [WorkerThread-25] [Task:135446047-147] [VoidSink.cpp:42] [stop] Void Sink completed.[m
[36m[00:38:40.237643] [D] [SingleNodeWorker] [WorkerThread-25] [] [SourceThread.cpp:226] [tryStop] SourceThread 2: thread is not running[m
[32m[00:38:40.237793] [I] [SingleNodeWorker] [WorkerThread-46] [] [SequenceShredder.cpp:55] [~SequenceShredder] Successfully validated SequenceShredder[m
[36m[00:38:43.923716] [D] [Not A Worker] [unnamed] [queryId:1982734498] [BufferManager.cpp:110] [initialize] NES memory allocation requires 1 out of 540577120256 (so 1.8498748143954595e-10%) available bytes[m
[36m[00:38:43.923772] [D] [Not A Worker] [unnamed] [queryId:1982734498] [BufferManager.cpp:160] [initialize] BufferManager configuration bufferSize=1 numOfBuffers=1[m
[36m[00:38:43.923948] [D] [Not A Worker] [unnamed] [queryId:1982734498] [PipeliningPhase.cpp:365] [apply] Constructed pipeline plan with 1 root pipelines.
PipelinedQueryPlan for Query: 1982734498
Number of root pipelines: 1
------------------
Root Pipeline 0:
  Pipeline(ID(148), Provider(COMPILER))
  Operator chain:
    PhysicalOperator(NES::SourcePhysicalOperator)
  Successor Pipeline:
    Pipeline(ID(149), Provider(None))
      Operator chain:
        PhysicalOperator(NES::ScanPhysicalOperator)
          PhysicalOperator(NES::SelectionPhysicalOperator)
            PhysicalOperator(NES::MapPhysicalOperator)
              PhysicalOperator(NES::EmitPhysicalOperator)
      Successor Pipeline:
        Pipeline(ID(150), Provider(None))
          Operator chain:
            PhysicalOperator(NES::SinkPhysicalOperator)

[m
[36m[00:38:43.927482] [D] [Not A Worker] [unnamed] [] [SinkProvider.cpp:30] [lower] The sinkDescriptor is: SinkDescriptor: (name: variant("PERSON_ID_SINK"), type: Void, Config: )[m
[36m[00:38:43.927952] [D] [SingleNodeWorker] [WorkerThread-18] [Task:1982734498-150] [VoidSink.cpp:37] [start] Setting up void sink: VoidSink[m
[36m[00:38:44.025304] [D] [SingleNodeWorker] [WorkerThread-20] [] [SourceThread.cpp:184] [start] Starting source with originId: 2[m
[36m[00:38:44.044938] [D] [SingleNodeWorker] [WorkerThread-10] [Task:1982734498-149] [BufferManager.cpp:65] [~BufferManager] Calling BufferManager::destroy()[m
[36m[00:38:44.044991] [D] [SingleNodeWorker] [WorkerThread-10] [Task:1982734498-149] [BufferManager.cpp:93] [~BufferManager] Shutting down Buffer Manager completed[m
[36m[00:38:44.979453] [D] [SingleNodeWorker] [WorkerThread-22] [Task:1982734498] [SourceThread.cpp:230] [tryStop] SourceThread 2: attempting to stop source[m
[36m[00:38:44.979538] [D] [SingleNodeWorker] [WorkerThread-22] [Task:1982734498] [SourceThread.cpp:248] [tryStop] SourceThread 2: stopped[m
[32m[00:38:45.006046] [I] [SingleNodeWorker] [WorkerThread-29] [Task:1982734498-150] [VoidSink.cpp:42] [stop] Void Sink completed.[m
[32m[00:38:45.006122] [I] [SingleNodeWorker] [WorkerThread-5] [] [SequenceShredder.cpp:55] [~SequenceShredder] Successfully validated SequenceShredder[m
[36m[00:38:45.006179] [D] [SingleNodeWorker] [WorkerThread-29] [] [SourceThread.cpp:226] [tryStop] SourceThread 2: thread is not running[m
