[32m[00:10:49.013592] [I] [Not A Worker] [unnamed] [] [SingleNodeWorker.cpp:63] [SingleNodeWorker] Starting SingleNodeWorker SingleNodeWorker with configuration:
worker.query_engine.number_of_worker_threads: 4
worker.query_engine.admission_queue_size: 1000 (default)
worker.default_query_execution.execution_mode: COMPILER (default)
worker.default_query_execution.page_size: 1024 (default)
worker.default_query_execution.number_of_partitions: 100 (default)
worker.default_query_execution.number_of_records_per_key: 10 (default)
worker.default_query_execution.max_number_of_buckets: 10000 (default)
worker.default_query_execution.operator_buffer_size: 262144
worker.default_query_optimization.join_strategy: OPTIMIZER_CHOOSES (default)
worker.number_of_buffers_in_global_buffer_manager: 32768 (default)
worker.default_max_inflight_buffers: 64 (default)
worker.dump_compilation_result: NONE (default)
worker.dump_graph: 0 (default)
grpc: [::]:8080 (default)
enable_event_trace: 0 (default)
[m
[36m[00:10:49.015409] [D] [Not A Worker] [unnamed] [] [BufferManager.cpp:110] [initialize] NES memory allocation requires 8589934592 out of 540577120256 (so 1.5890303659045137%) available bytes[m
[36m[00:10:49.106308] [D] [Not A Worker] [unnamed] [] [BufferManager.cpp:160] [initialize] BufferManager configuration bufferSize=262144 numOfBuffers=32768[m
[32m[00:10:49.113240] [I] [Not A Worker] [unnamed] [] [SingleNodeWorkerStarter.cpp:93] [main] Server listening on [::]:8080[m
[36m[00:10:51.585901] [D] [Not A Worker] [unnamed] [queryId:1024979534] [BufferManager.cpp:110] [initialize] NES memory allocation requires 1 out of 540577120256 (so 1.8498748143954595e-10%) available bytes[m
[36m[00:10:51.585951] [D] [Not A Worker] [unnamed] [queryId:1024979534] [BufferManager.cpp:160] [initialize] BufferManager configuration bufferSize=1 numOfBuffers=1[m
[36m[00:10:51.586166] [D] [Not A Worker] [unnamed] [queryId:1024979534] [PipeliningPhase.cpp:365] [apply] Constructed pipeline plan with 1 root pipelines.
PipelinedQueryPlan for Query: 1024979534
Number of root pipelines: 1
------------------
Root Pipeline 0:
  Pipeline(ID(1), Provider(COMPILER))
  Operator chain:
    PhysicalOperator(NES::SourcePhysicalOperator)
  Successor Pipeline:
    Pipeline(ID(2), Provider(None))
      Operator chain:
        PhysicalOperator(NES::ScanPhysicalOperator)
          PhysicalOperator(NES::SelectionPhysicalOperator)
            PhysicalOperator(NES::MapPhysicalOperator)
              PhysicalOperator(NES::EmitPhysicalOperator)
      Successor Pipeline:
        Pipeline(ID(3), Provider(None))
          Operator chain:
            PhysicalOperator(NES::SinkPhysicalOperator)

[m
[36m[00:10:51.589825] [D] [Not A Worker] [unnamed] [] [SinkProvider.cpp:30] [lower] The sinkDescriptor is: SinkDescriptor: (name: variant("PERSON_ID_SINK"), type: Void, Config: )[m
[36m[00:10:51.592333] [D] [SingleNodeWorker] [WorkerThread-2] [Task:1024979534-3] [VoidSink.cpp:37] [start] Setting up void sink: VoidSink[m
[36m[00:10:51.705160] [D] [SingleNodeWorker] [WorkerThread-2] [] [SourceThread.cpp:184] [start] Starting source with originId: 2[m
[36m[00:10:51.714837] [D] [SingleNodeWorker] [WorkerThread-2] [Task:1024979534-2] [BufferManager.cpp:65] [~BufferManager] Calling BufferManager::destroy()[m
[36m[00:10:51.714866] [D] [SingleNodeWorker] [WorkerThread-2] [Task:1024979534-2] [BufferManager.cpp:93] [~BufferManager] Shutting down Buffer Manager completed[m
[36m[00:10:59.018996] [D] [SingleNodeWorker] [WorkerThread-2] [Task:1024979534] [SourceThread.cpp:230] [tryStop] SourceThread 2: attempting to stop source[m
[36m[00:10:59.019092] [D] [SingleNodeWorker] [WorkerThread-2] [Task:1024979534] [SourceThread.cpp:248] [tryStop] SourceThread 2: stopped[m
[32m[00:10:59.046796] [I] [SingleNodeWorker] [WorkerThread-0] [] [SequenceShredder.cpp:55] [~SequenceShredder] Successfully validated SequenceShredder[m
[32m[00:10:59.047428] [I] [SingleNodeWorker] [WorkerThread-3] [Task:1024979534-3] [VoidSink.cpp:42] [stop] Void Sink completed.[m
[36m[00:10:59.047563] [D] [SingleNodeWorker] [WorkerThread-3] [] [SourceThread.cpp:226] [tryStop] SourceThread 2: thread is not running[m
[36m[00:11:02.318944] [D] [Not A Worker] [unnamed] [queryId:79339223] [BufferManager.cpp:110] [initialize] NES memory allocation requires 1 out of 540577120256 (so 1.8498748143954595e-10%) available bytes[m
[36m[00:11:02.319010] [D] [Not A Worker] [unnamed] [queryId:79339223] [BufferManager.cpp:160] [initialize] BufferManager configuration bufferSize=1 numOfBuffers=1[m
[36m[00:11:02.319196] [D] [Not A Worker] [unnamed] [queryId:79339223] [PipeliningPhase.cpp:365] [apply] Constructed pipeline plan with 1 root pipelines.
PipelinedQueryPlan for Query: 79339223
Number of root pipelines: 1
------------------
Root Pipeline 0:
  Pipeline(ID(4), Provider(COMPILER))
  Operator chain:
    PhysicalOperator(NES::SourcePhysicalOperator)
  Successor Pipeline:
    Pipeline(ID(5), Provider(None))
      Operator chain:
        PhysicalOperator(NES::ScanPhysicalOperator)
          PhysicalOperator(NES::SelectionPhysicalOperator)
            PhysicalOperator(NES::MapPhysicalOperator)
              PhysicalOperator(NES::EmitPhysicalOperator)
      Successor Pipeline:
        Pipeline(ID(6), Provider(None))
          Operator chain:
            PhysicalOperator(NES::SinkPhysicalOperator)

[m
[36m[00:11:02.322251] [D] [Not A Worker] [unnamed] [] [SinkProvider.cpp:30] [lower] The sinkDescriptor is: SinkDescriptor: (name: variant("PERSON_ID_SINK"), type: Void, Config: )[m
[36m[00:11:02.322787] [D] [SingleNodeWorker] [WorkerThread-0] [Task:79339223-6] [VoidSink.cpp:37] [start] Setting up void sink: VoidSink[m
[36m[00:11:02.433466] [D] [SingleNodeWorker] [WorkerThread-0] [] [SourceThread.cpp:184] [start] Starting source with originId: 2[m
[36m[00:11:02.442999] [D] [SingleNodeWorker] [WorkerThread-0] [Task:79339223-5] [BufferManager.cpp:65] [~BufferManager] Calling BufferManager::destroy()[m
[36m[00:11:02.443026] [D] [SingleNodeWorker] [WorkerThread-0] [Task:79339223-5] [BufferManager.cpp:93] [~BufferManager] Shutting down Buffer Manager completed[m
[36m[00:11:09.730028] [D] [SingleNodeWorker] [WorkerThread-2] [Task:79339223] [SourceThread.cpp:230] [tryStop] SourceThread 2: attempting to stop source[m
[36m[00:11:09.730084] [D] [SingleNodeWorker] [WorkerThread-2] [Task:79339223] [SourceThread.cpp:248] [tryStop] SourceThread 2: stopped[m
[32m[00:11:09.758805] [I] [SingleNodeWorker] [WorkerThread-3] [] [SequenceShredder.cpp:55] [~SequenceShredder] Successfully validated SequenceShredder[m
[32m[00:11:09.759058] [I] [SingleNodeWorker] [WorkerThread-0] [Task:79339223-6] [VoidSink.cpp:42] [stop] Void Sink completed.[m
[36m[00:11:09.759214] [D] [SingleNodeWorker] [WorkerThread-0] [] [SourceThread.cpp:226] [tryStop] SourceThread 2: thread is not running[m
[36m[00:11:12.889561] [D] [Not A Worker] [unnamed] [queryId:1758085091] [BufferManager.cpp:110] [initialize] NES memory allocation requires 1 out of 540577120256 (so 1.8498748143954595e-10%) available bytes[m
[36m[00:11:12.889616] [D] [Not A Worker] [unnamed] [queryId:1758085091] [BufferManager.cpp:160] [initialize] BufferManager configuration bufferSize=1 numOfBuffers=1[m
[36m[00:11:12.889805] [D] [Not A Worker] [unnamed] [queryId:1758085091] [PipeliningPhase.cpp:365] [apply] Constructed pipeline plan with 1 root pipelines.
PipelinedQueryPlan for Query: 1758085091
Number of root pipelines: 1
------------------
Root Pipeline 0:
  Pipeline(ID(7), Provider(COMPILER))
  Operator chain:
    PhysicalOperator(NES::SourcePhysicalOperator)
  Successor Pipeline:
    Pipeline(ID(8), Provider(None))
      Operator chain:
        PhysicalOperator(NES::ScanPhysicalOperator)
          PhysicalOperator(NES::SelectionPhysicalOperator)
            PhysicalOperator(NES::MapPhysicalOperator)
              PhysicalOperator(NES::EmitPhysicalOperator)
      Successor Pipeline:
        Pipeline(ID(9), Provider(None))
          Operator chain:
            PhysicalOperator(NES::SinkPhysicalOperator)

[m
[36m[00:11:12.892555] [D] [Not A Worker] [unnamed] [] [SinkProvider.cpp:30] [lower] The sinkDescriptor is: SinkDescriptor: (name: variant("PERSON_ID_SINK"), type: Void, Config: )[m
[36m[00:11:12.896469] [D] [SingleNodeWorker] [WorkerThread-2] [Task:1758085091-9] [VoidSink.cpp:37] [start] Setting up void sink: VoidSink[m
[36m[00:11:13.005420] [D] [SingleNodeWorker] [WorkerThread-2] [] [SourceThread.cpp:184] [start] Starting source with originId: 2[m
[36m[00:11:13.015203] [D] [SingleNodeWorker] [WorkerThread-2] [Task:1758085091-8] [BufferManager.cpp:65] [~BufferManager] Calling BufferManager::destroy()[m
[36m[00:11:13.015233] [D] [SingleNodeWorker] [WorkerThread-2] [Task:1758085091-8] [BufferManager.cpp:93] [~BufferManager] Shutting down Buffer Manager completed[m
[36m[00:11:20.301027] [D] [SingleNodeWorker] [WorkerThread-0] [Task:1758085091] [SourceThread.cpp:230] [tryStop] SourceThread 2: attempting to stop source[m
[36m[00:11:20.301073] [D] [SingleNodeWorker] [WorkerThread-0] [Task:1758085091] [SourceThread.cpp:248] [tryStop] SourceThread 2: stopped[m
[32m[00:11:20.328073] [I] [SingleNodeWorker] [WorkerThread-1] [] [SequenceShredder.cpp:55] [~SequenceShredder] Successfully validated SequenceShredder[m
[32m[00:11:20.328593] [I] [SingleNodeWorker] [WorkerThread-2] [Task:1758085091-9] [VoidSink.cpp:42] [stop] Void Sink completed.[m
[36m[00:11:20.328798] [D] [SingleNodeWorker] [WorkerThread-2] [] [SourceThread.cpp:226] [tryStop] SourceThread 2: thread is not running[m
[36m[00:11:23.532899] [D] [Not A Worker] [unnamed] [queryId:357526924] [BufferManager.cpp:110] [initialize] NES memory allocation requires 1 out of 540577120256 (so 1.8498748143954595e-10%) available bytes[m
[36m[00:11:23.532954] [D] [Not A Worker] [unnamed] [queryId:357526924] [BufferManager.cpp:160] [initialize] BufferManager configuration bufferSize=1 numOfBuffers=1[m
[36m[00:11:23.533167] [D] [Not A Worker] [unnamed] [queryId:357526924] [PipeliningPhase.cpp:365] [apply] Constructed pipeline plan with 1 root pipelines.
PipelinedQueryPlan for Query: 357526924
Number of root pipelines: 1
------------------
Root Pipeline 0:
  Pipeline(ID(10), Provider(COMPILER))
  Operator chain:
    PhysicalOperator(NES::SourcePhysicalOperator)
  Successor Pipeline:
    Pipeline(ID(11), Provider(None))
      Operator chain:
        PhysicalOperator(NES::ScanPhysicalOperator)
          PhysicalOperator(NES::SelectionPhysicalOperator)
            PhysicalOperator(NES::MapPhysicalOperator)
              PhysicalOperator(NES::EmitPhysicalOperator)
      Successor Pipeline:
        Pipeline(ID(12), Provider(None))
          Operator chain:
            PhysicalOperator(NES::SinkPhysicalOperator)

[m
[36m[00:11:23.536103] [D] [Not A Worker] [unnamed] [] [SinkProvider.cpp:30] [lower] The sinkDescriptor is: SinkDescriptor: (name: variant("PERSON_ID_SINK"), type: Void, Config: )[m
[36m[00:11:23.536891] [D] [SingleNodeWorker] [WorkerThread-0] [Task:357526924-12] [VoidSink.cpp:37] [start] Setting up void sink: VoidSink[m
[36m[00:11:23.637439] [D] [SingleNodeWorker] [WorkerThread-0] [] [SourceThread.cpp:184] [start] Starting source with originId: 2[m
[36m[00:11:23.647176] [D] [SingleNodeWorker] [WorkerThread-0] [Task:357526924-11] [BufferManager.cpp:65] [~BufferManager] Calling BufferManager::destroy()[m
[36m[00:11:23.647201] [D] [SingleNodeWorker] [WorkerThread-0] [Task:357526924-11] [BufferManager.cpp:93] [~BufferManager] Shutting down Buffer Manager completed[m
[36m[00:11:30.888603] [D] [SingleNodeWorker] [WorkerThread-3] [Task:357526924] [SourceThread.cpp:230] [tryStop] SourceThread 2: attempting to stop source[m
[36m[00:11:30.888662] [D] [SingleNodeWorker] [WorkerThread-3] [Task:357526924] [SourceThread.cpp:248] [tryStop] SourceThread 2: stopped[m
[32m[00:11:30.915612] [I] [SingleNodeWorker] [WorkerThread-2] [] [SequenceShredder.cpp:55] [~SequenceShredder] Successfully validated SequenceShredder[m
[32m[00:11:30.915969] [I] [SingleNodeWorker] [WorkerThread-0] [Task:357526924-12] [VoidSink.cpp:42] [stop] Void Sink completed.[m
[36m[00:11:30.916124] [D] [SingleNodeWorker] [WorkerThread-0] [] [SourceThread.cpp:226] [tryStop] SourceThread 2: thread is not running[m
[36m[00:11:34.152553] [D] [Not A Worker] [unnamed] [queryId:1498861242] [BufferManager.cpp:110] [initialize] NES memory allocation requires 1 out of 540577120256 (so 1.8498748143954595e-10%) available bytes[m
[36m[00:11:34.152606] [D] [Not A Worker] [unnamed] [queryId:1498861242] [BufferManager.cpp:160] [initialize] BufferManager configuration bufferSize=1 numOfBuffers=1[m
[36m[00:11:34.152814] [D] [Not A Worker] [unnamed] [queryId:1498861242] [PipeliningPhase.cpp:365] [apply] Constructed pipeline plan with 1 root pipelines.
PipelinedQueryPlan for Query: 1498861242
Number of root pipelines: 1
------------------
Root Pipeline 0:
  Pipeline(ID(13), Provider(COMPILER))
  Operator chain:
    PhysicalOperator(NES::SourcePhysicalOperator)
  Successor Pipeline:
    Pipeline(ID(14), Provider(None))
      Operator chain:
        PhysicalOperator(NES::ScanPhysicalOperator)
          PhysicalOperator(NES::SelectionPhysicalOperator)
            PhysicalOperator(NES::MapPhysicalOperator)
              PhysicalOperator(NES::EmitPhysicalOperator)
      Successor Pipeline:
        Pipeline(ID(15), Provider(None))
          Operator chain:
            PhysicalOperator(NES::SinkPhysicalOperator)

[m
[36m[00:11:34.156743] [D] [Not A Worker] [unnamed] [] [SinkProvider.cpp:30] [lower] The sinkDescriptor is: SinkDescriptor: (name: variant("PERSON_ID_SINK"), type: Void, Config: )[m
[36m[00:11:34.162648] [D] [SingleNodeWorker] [WorkerThread-2] [Task:1498861242-15] [VoidSink.cpp:37] [start] Setting up void sink: VoidSink[m
[36m[00:11:34.274293] [D] [SingleNodeWorker] [WorkerThread-2] [] [SourceThread.cpp:184] [start] Starting source with originId: 2[m
[36m[00:11:34.284324] [D] [SingleNodeWorker] [WorkerThread-2] [Task:1498861242-14] [BufferManager.cpp:65] [~BufferManager] Calling BufferManager::destroy()[m
[36m[00:11:34.284352] [D] [SingleNodeWorker] [WorkerThread-2] [Task:1498861242-14] [BufferManager.cpp:93] [~BufferManager] Shutting down Buffer Manager completed[m
[36m[00:11:41.542994] [D] [SingleNodeWorker] [WorkerThread-3] [Task:1498861242] [SourceThread.cpp:230] [tryStop] SourceThread 2: attempting to stop source[m
[36m[00:11:41.543044] [D] [SingleNodeWorker] [WorkerThread-3] [Task:1498861242] [SourceThread.cpp:248] [tryStop] SourceThread 2: stopped[m
[32m[00:11:41.569602] [I] [SingleNodeWorker] [WorkerThread-2] [Task:1498861242-15] [VoidSink.cpp:42] [stop] Void Sink completed.[m
[36m[00:11:41.569726] [D] [SingleNodeWorker] [WorkerThread-2] [] [SourceThread.cpp:226] [tryStop] SourceThread 2: thread is not running[m
[32m[00:11:41.569735] [I] [SingleNodeWorker] [WorkerThread-0] [] [SequenceShredder.cpp:55] [~SequenceShredder] Successfully validated SequenceShredder[m
[36m[00:11:44.859825] [D] [Not A Worker] [unnamed] [queryId:1658059750] [BufferManager.cpp:110] [initialize] NES memory allocation requires 1 out of 540577120256 (so 1.8498748143954595e-10%) available bytes[m
[36m[00:11:44.859896] [D] [Not A Worker] [unnamed] [queryId:1658059750] [BufferManager.cpp:160] [initialize] BufferManager configuration bufferSize=1 numOfBuffers=1[m
[36m[00:11:44.860075] [D] [Not A Worker] [unnamed] [queryId:1658059750] [PipeliningPhase.cpp:365] [apply] Constructed pipeline plan with 1 root pipelines.
PipelinedQueryPlan for Query: 1658059750
Number of root pipelines: 1
------------------
Root Pipeline 0:
  Pipeline(ID(16), Provider(COMPILER))
  Operator chain:
    PhysicalOperator(NES::SourcePhysicalOperator)
  Successor Pipeline:
    Pipeline(ID(17), Provider(None))
      Operator chain:
        PhysicalOperator(NES::ScanPhysicalOperator)
          PhysicalOperator(NES::SelectionPhysicalOperator)
            PhysicalOperator(NES::MapPhysicalOperator)
              PhysicalOperator(NES::EmitPhysicalOperator)
      Successor Pipeline:
        Pipeline(ID(18), Provider(None))
          Operator chain:
            PhysicalOperator(NES::SinkPhysicalOperator)

[m
[36m[00:11:44.863426] [D] [Not A Worker] [unnamed] [] [SinkProvider.cpp:30] [lower] The sinkDescriptor is: SinkDescriptor: (name: variant("PERSON_ID_SINK"), type: Void, Config: )[m
[36m[00:11:44.864412] [D] [SingleNodeWorker] [WorkerThread-0] [Task:1658059750-18] [VoidSink.cpp:37] [start] Setting up void sink: VoidSink[m
[36m[00:11:44.978075] [D] [SingleNodeWorker] [WorkerThread-0] [] [SourceThread.cpp:184] [start] Starting source with originId: 2[m
[36m[00:11:44.988084] [D] [SingleNodeWorker] [WorkerThread-0] [Task:1658059750-17] [BufferManager.cpp:65] [~BufferManager] Calling BufferManager::destroy()[m
[36m[00:11:44.988114] [D] [SingleNodeWorker] [WorkerThread-0] [Task:1658059750-17] [BufferManager.cpp:93] [~BufferManager] Shutting down Buffer Manager completed[m
[36m[00:11:52.289407] [D] [SingleNodeWorker] [WorkerThread-1] [Task:1658059750] [SourceThread.cpp:230] [tryStop] SourceThread 2: attempting to stop source[m
[36m[00:11:52.289455] [D] [SingleNodeWorker] [WorkerThread-1] [Task:1658059750] [SourceThread.cpp:248] [tryStop] SourceThread 2: stopped[m
[32m[00:11:52.318537] [I] [SingleNodeWorker] [WorkerThread-0] [] [SequenceShredder.cpp:55] [~SequenceShredder] Successfully validated SequenceShredder[m
[32m[00:11:52.324308] [I] [SingleNodeWorker] [WorkerThread-1] [Task:1658059750-18] [VoidSink.cpp:42] [stop] Void Sink completed.[m
[36m[00:11:52.324449] [D] [SingleNodeWorker] [WorkerThread-1] [] [SourceThread.cpp:226] [tryStop] SourceThread 2: thread is not running[m
[36m[00:11:55.571594] [D] [Not A Worker] [unnamed] [queryId:1662190715] [BufferManager.cpp:110] [initialize] NES memory allocation requires 1 out of 540577120256 (so 1.8498748143954595e-10%) available bytes[m
[36m[00:11:55.571644] [D] [Not A Worker] [unnamed] [queryId:1662190715] [BufferManager.cpp:160] [initialize] BufferManager configuration bufferSize=1 numOfBuffers=1[m
[36m[00:11:55.571836] [D] [Not A Worker] [unnamed] [queryId:1662190715] [PipeliningPhase.cpp:365] [apply] Constructed pipeline plan with 1 root pipelines.
PipelinedQueryPlan for Query: 1662190715
Number of root pipelines: 1
------------------
Root Pipeline 0:
  Pipeline(ID(19), Provider(COMPILER))
  Operator chain:
    PhysicalOperator(NES::SourcePhysicalOperator)
  Successor Pipeline:
    Pipeline(ID(20), Provider(None))
      Operator chain:
        PhysicalOperator(NES::ScanPhysicalOperator)
          PhysicalOperator(NES::SelectionPhysicalOperator)
            PhysicalOperator(NES::MapPhysicalOperator)
              PhysicalOperator(NES::EmitPhysicalOperator)
      Successor Pipeline:
        Pipeline(ID(21), Provider(None))
          Operator chain:
            PhysicalOperator(NES::SinkPhysicalOperator)

[m
[36m[00:11:55.575187] [D] [Not A Worker] [unnamed] [] [SinkProvider.cpp:30] [lower] The sinkDescriptor is: SinkDescriptor: (name: variant("PERSON_ID_SINK"), type: Void, Config: )[m
[36m[00:11:55.580786] [D] [SingleNodeWorker] [WorkerThread-1] [Task:1662190715-21] [VoidSink.cpp:37] [start] Setting up void sink: VoidSink[m
[36m[00:11:55.693919] [D] [SingleNodeWorker] [WorkerThread-1] [] [SourceThread.cpp:184] [start] Starting source with originId: 2[m
[36m[00:11:55.703705] [D] [SingleNodeWorker] [WorkerThread-1] [Task:1662190715-20] [BufferManager.cpp:65] [~BufferManager] Calling BufferManager::destroy()[m
[36m[00:11:55.703735] [D] [SingleNodeWorker] [WorkerThread-1] [Task:1662190715-20] [BufferManager.cpp:93] [~BufferManager] Shutting down Buffer Manager completed[m
[36m[00:12:02.997256] [D] [SingleNodeWorker] [WorkerThread-1] [Task:1662190715] [SourceThread.cpp:230] [tryStop] SourceThread 2: attempting to stop source[m
[36m[00:12:02.997298] [D] [SingleNodeWorker] [WorkerThread-1] [Task:1662190715] [SourceThread.cpp:248] [tryStop] SourceThread 2: stopped[m
[32m[00:12:03.024740] [I] [SingleNodeWorker] [WorkerThread-3] [] [SequenceShredder.cpp:55] [~SequenceShredder] Successfully validated SequenceShredder[m
[32m[00:12:03.025707] [I] [SingleNodeWorker] [WorkerThread-2] [Task:1662190715-21] [VoidSink.cpp:42] [stop] Void Sink completed.[m
[36m[00:12:03.025846] [D] [SingleNodeWorker] [WorkerThread-2] [] [SourceThread.cpp:226] [tryStop] SourceThread 2: thread is not running[m
[36m[00:12:06.314996] [D] [Not A Worker] [unnamed] [queryId:1500164764] [BufferManager.cpp:110] [initialize] NES memory allocation requires 1 out of 540577120256 (so 1.8498748143954595e-10%) available bytes[m
[36m[00:12:06.315050] [D] [Not A Worker] [unnamed] [queryId:1500164764] [BufferManager.cpp:160] [initialize] BufferManager configuration bufferSize=1 numOfBuffers=1[m
[36m[00:12:06.315235] [D] [Not A Worker] [unnamed] [queryId:1500164764] [PipeliningPhase.cpp:365] [apply] Constructed pipeline plan with 1 root pipelines.
PipelinedQueryPlan for Query: 1500164764
Number of root pipelines: 1
------------------
Root Pipeline 0:
  Pipeline(ID(22), Provider(COMPILER))
  Operator chain:
    PhysicalOperator(NES::SourcePhysicalOperator)
  Successor Pipeline:
    Pipeline(ID(23), Provider(None))
      Operator chain:
        PhysicalOperator(NES::ScanPhysicalOperator)
          PhysicalOperator(NES::SelectionPhysicalOperator)
            PhysicalOperator(NES::MapPhysicalOperator)
              PhysicalOperator(NES::EmitPhysicalOperator)
      Successor Pipeline:
        Pipeline(ID(24), Provider(None))
          Operator chain:
            PhysicalOperator(NES::SinkPhysicalOperator)

[m
[36m[00:12:06.319009] [D] [Not A Worker] [unnamed] [] [SinkProvider.cpp:30] [lower] The sinkDescriptor is: SinkDescriptor: (name: variant("PERSON_ID_SINK"), type: Void, Config: )[m
[36m[00:12:06.327935] [D] [SingleNodeWorker] [WorkerThread-0] [Task:1500164764-24] [VoidSink.cpp:37] [start] Setting up void sink: VoidSink[m
[36m[00:12:06.431824] [D] [SingleNodeWorker] [WorkerThread-0] [] [SourceThread.cpp:184] [start] Starting source with originId: 2[m
[36m[00:12:06.441553] [D] [SingleNodeWorker] [WorkerThread-0] [Task:1500164764-23] [BufferManager.cpp:65] [~BufferManager] Calling BufferManager::destroy()[m
[36m[00:12:06.441577] [D] [SingleNodeWorker] [WorkerThread-0] [Task:1500164764-23] [BufferManager.cpp:93] [~BufferManager] Shutting down Buffer Manager completed[m
[36m[00:12:13.690609] [D] [SingleNodeWorker] [WorkerThread-3] [Task:1500164764] [SourceThread.cpp:230] [tryStop] SourceThread 2: attempting to stop source[m
[36m[00:12:13.690665] [D] [SingleNodeWorker] [WorkerThread-3] [Task:1500164764] [SourceThread.cpp:248] [tryStop] SourceThread 2: stopped[m
[32m[00:12:13.718827] [I] [SingleNodeWorker] [WorkerThread-1] [] [SequenceShredder.cpp:55] [~SequenceShredder] Successfully validated SequenceShredder[m
[32m[00:12:13.718840] [I] [SingleNodeWorker] [WorkerThread-2] [Task:1500164764-24] [VoidSink.cpp:42] [stop] Void Sink completed.[m
[36m[00:12:13.719083] [D] [SingleNodeWorker] [WorkerThread-2] [] [SourceThread.cpp:226] [tryStop] SourceThread 2: thread is not running[m
[36m[00:12:17.044272] [D] [Not A Worker] [unnamed] [queryId:1309061375] [BufferManager.cpp:110] [initialize] NES memory allocation requires 1 out of 540577120256 (so 1.8498748143954595e-10%) available bytes[m
[36m[00:12:17.044332] [D] [Not A Worker] [unnamed] [queryId:1309061375] [BufferManager.cpp:160] [initialize] BufferManager configuration bufferSize=1 numOfBuffers=1[m
[36m[00:12:17.044578] [D] [Not A Worker] [unnamed] [queryId:1309061375] [PipeliningPhase.cpp:365] [apply] Constructed pipeline plan with 1 root pipelines.
PipelinedQueryPlan for Query: 1309061375
Number of root pipelines: 1
------------------
Root Pipeline 0:
  Pipeline(ID(25), Provider(COMPILER))
  Operator chain:
    PhysicalOperator(NES::SourcePhysicalOperator)
  Successor Pipeline:
    Pipeline(ID(26), Provider(None))
      Operator chain:
        PhysicalOperator(NES::ScanPhysicalOperator)
          PhysicalOperator(NES::SelectionPhysicalOperator)
            PhysicalOperator(NES::MapPhysicalOperator)
              PhysicalOperator(NES::EmitPhysicalOperator)
      Successor Pipeline:
        Pipeline(ID(27), Provider(None))
          Operator chain:
            PhysicalOperator(NES::SinkPhysicalOperator)

[m
[36m[00:12:17.048279] [D] [Not A Worker] [unnamed] [] [SinkProvider.cpp:30] [lower] The sinkDescriptor is: SinkDescriptor: (name: variant("PERSON_ID_SINK"), type: Void, Config: )[m
[36m[00:12:17.050964] [D] [SingleNodeWorker] [WorkerThread-1] [Task:1309061375-27] [VoidSink.cpp:37] [start] Setting up void sink: VoidSink[m
[36m[00:12:17.162954] [D] [SingleNodeWorker] [WorkerThread-1] [] [SourceThread.cpp:184] [start] Starting source with originId: 2[m
[36m[00:12:17.173078] [D] [SingleNodeWorker] [WorkerThread-1] [Task:1309061375-26] [BufferManager.cpp:65] [~BufferManager] Calling BufferManager::destroy()[m
[36m[00:12:17.173106] [D] [SingleNodeWorker] [WorkerThread-1] [Task:1309061375-26] [BufferManager.cpp:93] [~BufferManager] Shutting down Buffer Manager completed[m
[36m[00:12:24.407893] [D] [SingleNodeWorker] [WorkerThread-1] [Task:1309061375] [SourceThread.cpp:230] [tryStop] SourceThread 2: attempting to stop source[m
[36m[00:12:24.407938] [D] [SingleNodeWorker] [WorkerThread-1] [Task:1309061375] [SourceThread.cpp:248] [tryStop] SourceThread 2: stopped[m
[32m[00:12:24.434258] [I] [SingleNodeWorker] [WorkerThread-0] [Task:1309061375-27] [VoidSink.cpp:42] [stop] Void Sink completed.[m
[32m[00:12:24.434265] [I] [SingleNodeWorker] [WorkerThread-2] [] [SequenceShredder.cpp:55] [~SequenceShredder] Successfully validated SequenceShredder[m
[36m[00:12:24.434393] [D] [SingleNodeWorker] [WorkerThread-0] [] [SourceThread.cpp:226] [tryStop] SourceThread 2: thread is not running[m
[36m[00:12:27.820360] [D] [Not A Worker] [unnamed] [queryId:1408235658] [BufferManager.cpp:110] [initialize] NES memory allocation requires 1 out of 540577120256 (so 1.8498748143954595e-10%) available bytes[m
[36m[00:12:27.820408] [D] [Not A Worker] [unnamed] [queryId:1408235658] [BufferManager.cpp:160] [initialize] BufferManager configuration bufferSize=1 numOfBuffers=1[m
[36m[00:12:27.820600] [D] [Not A Worker] [unnamed] [queryId:1408235658] [PipeliningPhase.cpp:365] [apply] Constructed pipeline plan with 1 root pipelines.
PipelinedQueryPlan for Query: 1408235658
Number of root pipelines: 1
------------------
Root Pipeline 0:
  Pipeline(ID(28), Provider(COMPILER))
  Operator chain:
    PhysicalOperator(NES::SourcePhysicalOperator)
  Successor Pipeline:
    Pipeline(ID(29), Provider(None))
      Operator chain:
        PhysicalOperator(NES::ScanPhysicalOperator)
          PhysicalOperator(NES::SelectionPhysicalOperator)
            PhysicalOperator(NES::MapPhysicalOperator)
              PhysicalOperator(NES::EmitPhysicalOperator)
      Successor Pipeline:
        Pipeline(ID(30), Provider(None))
          Operator chain:
            PhysicalOperator(NES::SinkPhysicalOperator)

[m
[36m[00:12:27.823906] [D] [Not A Worker] [unnamed] [] [SinkProvider.cpp:30] [lower] The sinkDescriptor is: SinkDescriptor: (name: variant("PERSON_ID_SINK"), type: Void, Config: )[m
[36m[00:12:27.825002] [D] [SingleNodeWorker] [WorkerThread-2] [Task:1408235658-30] [VoidSink.cpp:37] [start] Setting up void sink: VoidSink[m
[36m[00:12:27.938126] [D] [SingleNodeWorker] [WorkerThread-2] [] [SourceThread.cpp:184] [start] Starting source with originId: 2[m
[36m[00:12:27.947757] [D] [SingleNodeWorker] [WorkerThread-2] [Task:1408235658-29] [BufferManager.cpp:65] [~BufferManager] Calling BufferManager::destroy()[m
[36m[00:12:27.947785] [D] [SingleNodeWorker] [WorkerThread-2] [Task:1408235658-29] [BufferManager.cpp:93] [~BufferManager] Shutting down Buffer Manager completed[m
[36m[00:12:35.200857] [D] [SingleNodeWorker] [WorkerThread-0] [Task:1408235658] [SourceThread.cpp:230] [tryStop] SourceThread 2: attempting to stop source[m
[36m[00:12:35.200900] [D] [SingleNodeWorker] [WorkerThread-0] [Task:1408235658] [SourceThread.cpp:248] [tryStop] SourceThread 2: stopped[m
[32m[00:12:35.226939] [I] [SingleNodeWorker] [WorkerThread-1] [] [SequenceShredder.cpp:55] [~SequenceShredder] Successfully validated SequenceShredder[m
[32m[00:12:35.230178] [I] [SingleNodeWorker] [WorkerThread-3] [Task:1408235658-30] [VoidSink.cpp:42] [stop] Void Sink completed.[m
[36m[00:12:35.230322] [D] [SingleNodeWorker] [WorkerThread-3] [] [SourceThread.cpp:226] [tryStop] SourceThread 2: thread is not running[m
[36m[00:12:38.489702] [D] [Not A Worker] [unnamed] [queryId:1539019655] [BufferManager.cpp:110] [initialize] NES memory allocation requires 1 out of 540577120256 (so 1.8498748143954595e-10%) available bytes[m
[36m[00:12:38.489747] [D] [Not A Worker] [unnamed] [queryId:1539019655] [BufferManager.cpp:160] [initialize] BufferManager configuration bufferSize=1 numOfBuffers=1[m
[36m[00:12:38.489948] [D] [Not A Worker] [unnamed] [queryId:1539019655] [PipeliningPhase.cpp:365] [apply] Constructed pipeline plan with 1 root pipelines.
PipelinedQueryPlan for Query: 1539019655
Number of root pipelines: 1
------------------
Root Pipeline 0:
  Pipeline(ID(31), Provider(COMPILER))
  Operator chain:
    PhysicalOperator(NES::SourcePhysicalOperator)
  Successor Pipeline:
    Pipeline(ID(32), Provider(None))
      Operator chain:
        PhysicalOperator(NES::ScanPhysicalOperator)
          PhysicalOperator(NES::SelectionPhysicalOperator)
            PhysicalOperator(NES::MapPhysicalOperator)
              PhysicalOperator(NES::EmitPhysicalOperator)
      Successor Pipeline:
        Pipeline(ID(33), Provider(None))
          Operator chain:
            PhysicalOperator(NES::SinkPhysicalOperator)

[m
[36m[00:12:38.493416] [D] [Not A Worker] [unnamed] [] [SinkProvider.cpp:30] [lower] The sinkDescriptor is: SinkDescriptor: (name: variant("PERSON_ID_SINK"), type: Void, Config: )[m
[36m[00:12:38.495967] [D] [SingleNodeWorker] [WorkerThread-3] [Task:1539019655-33] [VoidSink.cpp:37] [start] Setting up void sink: VoidSink[m
[36m[00:12:38.607753] [D] [SingleNodeWorker] [WorkerThread-3] [] [SourceThread.cpp:184] [start] Starting source with originId: 2[m
[36m[00:12:38.625824] [D] [SingleNodeWorker] [WorkerThread-0] [Task:1539019655-32] [BufferManager.cpp:65] [~BufferManager] Calling BufferManager::destroy()[m
[36m[00:12:38.625866] [D] [SingleNodeWorker] [WorkerThread-0] [Task:1539019655-32] [BufferManager.cpp:93] [~BufferManager] Shutting down Buffer Manager completed[m
[36m[00:12:45.877473] [D] [SingleNodeWorker] [WorkerThread-2] [Task:1539019655] [SourceThread.cpp:230] [tryStop] SourceThread 2: attempting to stop source[m
[36m[00:12:45.877517] [D] [SingleNodeWorker] [WorkerThread-2] [Task:1539019655] [SourceThread.cpp:248] [tryStop] SourceThread 2: stopped[m
[32m[00:12:45.903916] [I] [SingleNodeWorker] [WorkerThread-0] [] [SequenceShredder.cpp:55] [~SequenceShredder] Successfully validated SequenceShredder[m
[32m[00:12:45.904044] [I] [SingleNodeWorker] [WorkerThread-1] [Task:1539019655-33] [VoidSink.cpp:42] [stop] Void Sink completed.[m
[36m[00:12:45.904200] [D] [SingleNodeWorker] [WorkerThread-1] [] [SourceThread.cpp:226] [tryStop] SourceThread 2: thread is not running[m
[36m[00:12:49.234798] [D] [Not A Worker] [unnamed] [queryId:1483973896] [BufferManager.cpp:110] [initialize] NES memory allocation requires 1 out of 540577120256 (so 1.8498748143954595e-10%) available bytes[m
[36m[00:12:49.234864] [D] [Not A Worker] [unnamed] [queryId:1483973896] [BufferManager.cpp:160] [initialize] BufferManager configuration bufferSize=1 numOfBuffers=1[m
[36m[00:12:49.235059] [D] [Not A Worker] [unnamed] [queryId:1483973896] [PipeliningPhase.cpp:365] [apply] Constructed pipeline plan with 1 root pipelines.
PipelinedQueryPlan for Query: 1483973896
Number of root pipelines: 1
------------------
Root Pipeline 0:
  Pipeline(ID(34), Provider(COMPILER))
  Operator chain:
    PhysicalOperator(NES::SourcePhysicalOperator)
  Successor Pipeline:
    Pipeline(ID(35), Provider(None))
      Operator chain:
        PhysicalOperator(NES::ScanPhysicalOperator)
          PhysicalOperator(NES::SelectionPhysicalOperator)
            PhysicalOperator(NES::MapPhysicalOperator)
              PhysicalOperator(NES::EmitPhysicalOperator)
      Successor Pipeline:
        Pipeline(ID(36), Provider(None))
          Operator chain:
            PhysicalOperator(NES::SinkPhysicalOperator)

[m
[36m[00:12:49.238035] [D] [Not A Worker] [unnamed] [] [SinkProvider.cpp:30] [lower] The sinkDescriptor is: SinkDescriptor: (name: variant("PERSON_ID_SINK"), type: Void, Config: )[m
[36m[00:12:49.240103] [D] [SingleNodeWorker] [WorkerThread-0] [Task:1483973896-36] [VoidSink.cpp:37] [start] Setting up void sink: VoidSink[m
[36m[00:12:49.352169] [D] [SingleNodeWorker] [WorkerThread-0] [] [SourceThread.cpp:184] [start] Starting source with originId: 2[m
[36m[00:12:49.361608] [D] [SingleNodeWorker] [WorkerThread-0] [Task:1483973896-35] [BufferManager.cpp:65] [~BufferManager] Calling BufferManager::destroy()[m
[36m[00:12:49.361631] [D] [SingleNodeWorker] [WorkerThread-0] [Task:1483973896-35] [BufferManager.cpp:93] [~BufferManager] Shutting down Buffer Manager completed[m
[36m[00:12:56.615808] [D] [SingleNodeWorker] [WorkerThread-2] [Task:1483973896] [SourceThread.cpp:230] [tryStop] SourceThread 2: attempting to stop source[m
[36m[00:12:56.615852] [D] [SingleNodeWorker] [WorkerThread-2] [Task:1483973896] [SourceThread.cpp:248] [tryStop] SourceThread 2: stopped[m
[32m[00:12:56.642120] [I] [SingleNodeWorker] [WorkerThread-3] [Task:1483973896-36] [VoidSink.cpp:42] [stop] Void Sink completed.[m
[36m[00:12:56.642272] [D] [SingleNodeWorker] [WorkerThread-3] [] [SourceThread.cpp:226] [tryStop] SourceThread 2: thread is not running[m
[32m[00:12:56.642423] [I] [SingleNodeWorker] [WorkerThread-0] [] [SequenceShredder.cpp:55] [~SequenceShredder] Successfully validated SequenceShredder[m
[36m[00:12:59.989414] [D] [Not A Worker] [unnamed] [queryId:929366364] [BufferManager.cpp:110] [initialize] NES memory allocation requires 1 out of 540577120256 (so 1.8498748143954595e-10%) available bytes[m
[36m[00:12:59.989479] [D] [Not A Worker] [unnamed] [queryId:929366364] [BufferManager.cpp:160] [initialize] BufferManager configuration bufferSize=1 numOfBuffers=1[m
[36m[00:12:59.989676] [D] [Not A Worker] [unnamed] [queryId:929366364] [PipeliningPhase.cpp:365] [apply] Constructed pipeline plan with 1 root pipelines.
PipelinedQueryPlan for Query: 929366364
Number of root pipelines: 1
------------------
Root Pipeline 0:
  Pipeline(ID(37), Provider(COMPILER))
  Operator chain:
    PhysicalOperator(NES::SourcePhysicalOperator)
  Successor Pipeline:
    Pipeline(ID(38), Provider(None))
      Operator chain:
        PhysicalOperator(NES::ScanPhysicalOperator)
          PhysicalOperator(NES::SelectionPhysicalOperator)
            PhysicalOperator(NES::MapPhysicalOperator)
              PhysicalOperator(NES::EmitPhysicalOperator)
      Successor Pipeline:
        Pipeline(ID(39), Provider(None))
          Operator chain:
            PhysicalOperator(NES::SinkPhysicalOperator)

[m
[36m[00:12:59.992390] [D] [Not A Worker] [unnamed] [] [SinkProvider.cpp:30] [lower] The sinkDescriptor is: SinkDescriptor: (name: variant("PERSON_ID_SINK"), type: Void, Config: )[m
[36m[00:12:59.994054] [D] [SingleNodeWorker] [WorkerThread-1] [Task:929366364-39] [VoidSink.cpp:37] [start] Setting up void sink: VoidSink[m
[36m[00:13:00.109648] [D] [SingleNodeWorker] [WorkerThread-1] [] [SourceThread.cpp:184] [start] Starting source with originId: 2[m
[36m[00:13:00.119291] [D] [SingleNodeWorker] [WorkerThread-1] [Task:929366364-38] [BufferManager.cpp:65] [~BufferManager] Calling BufferManager::destroy()[m
[36m[00:13:00.119321] [D] [SingleNodeWorker] [WorkerThread-1] [Task:929366364-38] [BufferManager.cpp:93] [~BufferManager] Shutting down Buffer Manager completed[m
[36m[00:13:07.380868] [D] [SingleNodeWorker] [WorkerThread-2] [Task:929366364] [SourceThread.cpp:230] [tryStop] SourceThread 2: attempting to stop source[m
[36m[00:13:07.380912] [D] [SingleNodeWorker] [WorkerThread-2] [Task:929366364] [SourceThread.cpp:248] [tryStop] SourceThread 2: stopped[m
[32m[00:13:07.408389] [I] [SingleNodeWorker] [WorkerThread-3] [] [SequenceShredder.cpp:55] [~SequenceShredder] Successfully validated SequenceShredder[m
[32m[00:13:07.410822] [I] [SingleNodeWorker] [WorkerThread-1] [Task:929366364-39] [VoidSink.cpp:42] [stop] Void Sink completed.[m
[36m[00:13:07.410892] [D] [SingleNodeWorker] [WorkerThread-1] [] [SourceThread.cpp:226] [tryStop] SourceThread 2: thread is not running[m
[36m[00:13:10.648614] [D] [Not A Worker] [unnamed] [queryId:544871483] [BufferManager.cpp:110] [initialize] NES memory allocation requires 1 out of 540577120256 (so 1.8498748143954595e-10%) available bytes[m
[36m[00:13:10.648663] [D] [Not A Worker] [unnamed] [queryId:544871483] [BufferManager.cpp:160] [initialize] BufferManager configuration bufferSize=1 numOfBuffers=1[m
[36m[00:13:10.648834] [D] [Not A Worker] [unnamed] [queryId:544871483] [PipeliningPhase.cpp:365] [apply] Constructed pipeline plan with 1 root pipelines.
PipelinedQueryPlan for Query: 544871483
Number of root pipelines: 1
------------------
Root Pipeline 0:
  Pipeline(ID(40), Provider(COMPILER))
  Operator chain:
    PhysicalOperator(NES::SourcePhysicalOperator)
  Successor Pipeline:
    Pipeline(ID(41), Provider(None))
      Operator chain:
        PhysicalOperator(NES::ScanPhysicalOperator)
          PhysicalOperator(NES::SelectionPhysicalOperator)
            PhysicalOperator(NES::MapPhysicalOperator)
              PhysicalOperator(NES::EmitPhysicalOperator)
      Successor Pipeline:
        Pipeline(ID(42), Provider(None))
          Operator chain:
            PhysicalOperator(NES::SinkPhysicalOperator)

[m
[36m[00:13:10.652123] [D] [Not A Worker] [unnamed] [] [SinkProvider.cpp:30] [lower] The sinkDescriptor is: SinkDescriptor: (name: variant("PERSON_ID_SINK"), type: Void, Config: )[m
[36m[00:13:10.652908] [D] [SingleNodeWorker] [WorkerThread-2] [Task:544871483-42] [VoidSink.cpp:37] [start] Setting up void sink: VoidSink[m
[36m[00:13:10.765403] [D] [SingleNodeWorker] [WorkerThread-2] [] [SourceThread.cpp:184] [start] Starting source with originId: 2[m
[36m[00:13:10.775318] [D] [SingleNodeWorker] [WorkerThread-2] [Task:544871483-41] [BufferManager.cpp:65] [~BufferManager] Calling BufferManager::destroy()[m
[36m[00:13:10.775345] [D] [SingleNodeWorker] [WorkerThread-2] [Task:544871483-41] [BufferManager.cpp:93] [~BufferManager] Shutting down Buffer Manager completed[m
[36m[00:13:18.021646] [D] [SingleNodeWorker] [WorkerThread-3] [Task:544871483] [SourceThread.cpp:230] [tryStop] SourceThread 2: attempting to stop source[m
[36m[00:13:18.021704] [D] [SingleNodeWorker] [WorkerThread-3] [Task:544871483] [SourceThread.cpp:248] [tryStop] SourceThread 2: stopped[m
[32m[00:13:18.049580] [I] [SingleNodeWorker] [WorkerThread-2] [] [SequenceShredder.cpp:55] [~SequenceShredder] Successfully validated SequenceShredder[m
[32m[00:13:18.052912] [I] [SingleNodeWorker] [WorkerThread-0] [Task:544871483-42] [VoidSink.cpp:42] [stop] Void Sink completed.[m
[36m[00:13:18.053036] [D] [SingleNodeWorker] [WorkerThread-0] [] [SourceThread.cpp:226] [tryStop] SourceThread 2: thread is not running[m
[36m[00:13:21.294210] [D] [Not A Worker] [unnamed] [queryId:1783526196] [BufferManager.cpp:110] [initialize] NES memory allocation requires 1 out of 540577120256 (so 1.8498748143954595e-10%) available bytes[m
[36m[00:13:21.294256] [D] [Not A Worker] [unnamed] [queryId:1783526196] [BufferManager.cpp:160] [initialize] BufferManager configuration bufferSize=1 numOfBuffers=1[m
[36m[00:13:21.294435] [D] [Not A Worker] [unnamed] [queryId:1783526196] [PipeliningPhase.cpp:365] [apply] Constructed pipeline plan with 1 root pipelines.
PipelinedQueryPlan for Query: 1783526196
Number of root pipelines: 1
------------------
Root Pipeline 0:
  Pipeline(ID(43), Provider(COMPILER))
  Operator chain:
    PhysicalOperator(NES::SourcePhysicalOperator)
  Successor Pipeline:
    Pipeline(ID(44), Provider(None))
      Operator chain:
        PhysicalOperator(NES::ScanPhysicalOperator)
          PhysicalOperator(NES::SelectionPhysicalOperator)
            PhysicalOperator(NES::MapPhysicalOperator)
              PhysicalOperator(NES::EmitPhysicalOperator)
      Successor Pipeline:
        Pipeline(ID(45), Provider(None))
          Operator chain:
            PhysicalOperator(NES::SinkPhysicalOperator)

[m
[36m[00:13:21.297159] [D] [Not A Worker] [unnamed] [] [SinkProvider.cpp:30] [lower] The sinkDescriptor is: SinkDescriptor: (name: variant("PERSON_ID_SINK"), type: Void, Config: )[m
[36m[00:13:21.299930] [D] [SingleNodeWorker] [WorkerThread-1] [Task:1783526196-45] [VoidSink.cpp:37] [start] Setting up void sink: VoidSink[m
[36m[00:13:21.409831] [D] [SingleNodeWorker] [WorkerThread-1] [] [SourceThread.cpp:184] [start] Starting source with originId: 2[m
[36m[00:13:21.419306] [D] [SingleNodeWorker] [WorkerThread-1] [Task:1783526196-44] [BufferManager.cpp:65] [~BufferManager] Calling BufferManager::destroy()[m
[36m[00:13:21.419332] [D] [SingleNodeWorker] [WorkerThread-1] [Task:1783526196-44] [BufferManager.cpp:93] [~BufferManager] Shutting down Buffer Manager completed[m
[36m[00:13:28.661924] [D] [SingleNodeWorker] [WorkerThread-0] [Task:1783526196] [SourceThread.cpp:230] [tryStop] SourceThread 2: attempting to stop source[m
[36m[00:13:28.661969] [D] [SingleNodeWorker] [WorkerThread-0] [Task:1783526196] [SourceThread.cpp:248] [tryStop] SourceThread 2: stopped[m
[32m[00:13:28.690288] [I] [SingleNodeWorker] [WorkerThread-1] [] [SequenceShredder.cpp:55] [~SequenceShredder] Successfully validated SequenceShredder[m
[32m[00:13:28.690782] [I] [SingleNodeWorker] [WorkerThread-2] [Task:1783526196-45] [VoidSink.cpp:42] [stop] Void Sink completed.[m
[36m[00:13:28.690927] [D] [SingleNodeWorker] [WorkerThread-2] [] [SourceThread.cpp:226] [tryStop] SourceThread 2: thread is not running[m
[36m[00:13:31.982772] [D] [Not A Worker] [unnamed] [queryId:2049827170] [BufferManager.cpp:110] [initialize] NES memory allocation requires 1 out of 540577120256 (so 1.8498748143954595e-10%) available bytes[m
[36m[00:13:31.982818] [D] [Not A Worker] [unnamed] [queryId:2049827170] [BufferManager.cpp:160] [initialize] BufferManager configuration bufferSize=1 numOfBuffers=1[m
[36m[00:13:31.983047] [D] [Not A Worker] [unnamed] [queryId:2049827170] [PipeliningPhase.cpp:365] [apply] Constructed pipeline plan with 1 root pipelines.
PipelinedQueryPlan for Query: 2049827170
Number of root pipelines: 1
------------------
Root Pipeline 0:
  Pipeline(ID(46), Provider(COMPILER))
  Operator chain:
    PhysicalOperator(NES::SourcePhysicalOperator)
  Successor Pipeline:
    Pipeline(ID(47), Provider(None))
      Operator chain:
        PhysicalOperator(NES::ScanPhysicalOperator)
          PhysicalOperator(NES::SelectionPhysicalOperator)
            PhysicalOperator(NES::MapPhysicalOperator)
              PhysicalOperator(NES::EmitPhysicalOperator)
      Successor Pipeline:
        Pipeline(ID(48), Provider(None))
          Operator chain:
            PhysicalOperator(NES::SinkPhysicalOperator)

[m
[36m[00:13:31.986414] [D] [Not A Worker] [unnamed] [] [SinkProvider.cpp:30] [lower] The sinkDescriptor is: SinkDescriptor: (name: variant("PERSON_ID_SINK"), type: Void, Config: )[m
[36m[00:13:31.989932] [D] [SingleNodeWorker] [WorkerThread-0] [Task:2049827170-48] [VoidSink.cpp:37] [start] Setting up void sink: VoidSink[m
[36m[00:13:32.103205] [D] [SingleNodeWorker] [WorkerThread-0] [] [SourceThread.cpp:184] [start] Starting source with originId: 2[m
[36m[00:13:32.113309] [D] [SingleNodeWorker] [WorkerThread-0] [Task:2049827170-47] [BufferManager.cpp:65] [~BufferManager] Calling BufferManager::destroy()[m
[36m[00:13:32.113336] [D] [SingleNodeWorker] [WorkerThread-0] [Task:2049827170-47] [BufferManager.cpp:93] [~BufferManager] Shutting down Buffer Manager completed[m
[36m[00:13:39.359844] [D] [SingleNodeWorker] [WorkerThread-1] [Task:2049827170] [SourceThread.cpp:230] [tryStop] SourceThread 2: attempting to stop source[m
[36m[00:13:39.359901] [D] [SingleNodeWorker] [WorkerThread-1] [Task:2049827170] [SourceThread.cpp:248] [tryStop] SourceThread 2: stopped[m
[32m[00:13:39.390681] [I] [SingleNodeWorker] [WorkerThread-3] [] [SequenceShredder.cpp:55] [~SequenceShredder] Successfully validated SequenceShredder[m
[32m[00:13:39.391091] [I] [SingleNodeWorker] [WorkerThread-0] [Task:2049827170-48] [VoidSink.cpp:42] [stop] Void Sink completed.[m
[36m[00:13:39.391240] [D] [SingleNodeWorker] [WorkerThread-0] [] [SourceThread.cpp:226] [tryStop] SourceThread 2: thread is not running[m
[36m[00:13:42.726943] [D] [Not A Worker] [unnamed] [queryId:2071076575] [BufferManager.cpp:110] [initialize] NES memory allocation requires 1 out of 540577120256 (so 1.8498748143954595e-10%) available bytes[m
[36m[00:13:42.726993] [D] [Not A Worker] [unnamed] [queryId:2071076575] [BufferManager.cpp:160] [initialize] BufferManager configuration bufferSize=1 numOfBuffers=1[m
[36m[00:13:42.727191] [D] [Not A Worker] [unnamed] [queryId:2071076575] [PipeliningPhase.cpp:365] [apply] Constructed pipeline plan with 1 root pipelines.
PipelinedQueryPlan for Query: 2071076575
Number of root pipelines: 1
------------------
Root Pipeline 0:
  Pipeline(ID(49), Provider(COMPILER))
  Operator chain:
    PhysicalOperator(NES::SourcePhysicalOperator)
  Successor Pipeline:
    Pipeline(ID(50), Provider(None))
      Operator chain:
        PhysicalOperator(NES::ScanPhysicalOperator)
          PhysicalOperator(NES::SelectionPhysicalOperator)
            PhysicalOperator(NES::MapPhysicalOperator)
              PhysicalOperator(NES::EmitPhysicalOperator)
      Successor Pipeline:
        Pipeline(ID(51), Provider(None))
          Operator chain:
            PhysicalOperator(NES::SinkPhysicalOperator)

[m
[36m[00:13:42.730625] [D] [Not A Worker] [unnamed] [] [SinkProvider.cpp:30] [lower] The sinkDescriptor is: SinkDescriptor: (name: variant("PERSON_ID_SINK"), type: Void, Config: )[m
[36m[00:13:42.734212] [D] [SingleNodeWorker] [WorkerThread-0] [Task:2071076575-51] [VoidSink.cpp:37] [start] Setting up void sink: VoidSink[m
[36m[00:13:42.846950] [D] [SingleNodeWorker] [WorkerThread-0] [] [SourceThread.cpp:184] [start] Starting source with originId: 2[m
[36m[00:13:42.856874] [D] [SingleNodeWorker] [WorkerThread-0] [Task:2071076575-50] [BufferManager.cpp:65] [~BufferManager] Calling BufferManager::destroy()[m
[36m[00:13:42.856901] [D] [SingleNodeWorker] [WorkerThread-0] [Task:2071076575-50] [BufferManager.cpp:93] [~BufferManager] Shutting down Buffer Manager completed[m
[36m[00:13:50.087969] [D] [SingleNodeWorker] [WorkerThread-1] [Task:2071076575] [SourceThread.cpp:230] [tryStop] SourceThread 2: attempting to stop source[m
[36m[00:13:50.088021] [D] [SingleNodeWorker] [WorkerThread-1] [Task:2071076575] [SourceThread.cpp:248] [tryStop] SourceThread 2: stopped[m
[32m[00:13:50.114526] [I] [SingleNodeWorker] [WorkerThread-2] [] [SequenceShredder.cpp:55] [~SequenceShredder] Successfully validated SequenceShredder[m
[32m[00:13:50.114702] [I] [SingleNodeWorker] [WorkerThread-3] [Task:2071076575-51] [VoidSink.cpp:42] [stop] Void Sink completed.[m
[36m[00:13:50.114829] [D] [SingleNodeWorker] [WorkerThread-3] [] [SourceThread.cpp:226] [tryStop] SourceThread 2: thread is not running[m
[36m[00:13:53.525585] [D] [Not A Worker] [unnamed] [queryId:1710026896] [BufferManager.cpp:110] [initialize] NES memory allocation requires 1 out of 540577120256 (so 1.8498748143954595e-10%) available bytes[m
[36m[00:13:53.525633] [D] [Not A Worker] [unnamed] [queryId:1710026896] [BufferManager.cpp:160] [initialize] BufferManager configuration bufferSize=1 numOfBuffers=1[m
[36m[00:13:53.525815] [D] [Not A Worker] [unnamed] [queryId:1710026896] [PipeliningPhase.cpp:365] [apply] Constructed pipeline plan with 1 root pipelines.
PipelinedQueryPlan for Query: 1710026896
Number of root pipelines: 1
------------------
Root Pipeline 0:
  Pipeline(ID(52), Provider(COMPILER))
  Operator chain:
    PhysicalOperator(NES::SourcePhysicalOperator)
  Successor Pipeline:
    Pipeline(ID(53), Provider(None))
      Operator chain:
        PhysicalOperator(NES::ScanPhysicalOperator)
          PhysicalOperator(NES::SelectionPhysicalOperator)
            PhysicalOperator(NES::MapPhysicalOperator)
              PhysicalOperator(NES::EmitPhysicalOperator)
      Successor Pipeline:
        Pipeline(ID(54), Provider(None))
          Operator chain:
            PhysicalOperator(NES::SinkPhysicalOperator)

[m
[36m[00:13:53.528708] [D] [Not A Worker] [unnamed] [] [SinkProvider.cpp:30] [lower] The sinkDescriptor is: SinkDescriptor: (name: variant("PERSON_ID_SINK"), type: Void, Config: )[m
[36m[00:13:53.529927] [D] [SingleNodeWorker] [WorkerThread-2] [Task:1710026896-54] [VoidSink.cpp:37] [start] Setting up void sink: VoidSink[m
[36m[00:13:53.643760] [D] [SingleNodeWorker] [WorkerThread-2] [] [SourceThread.cpp:184] [start] Starting source with originId: 2[m
[36m[00:13:53.653338] [D] [SingleNodeWorker] [WorkerThread-2] [Task:1710026896-53] [BufferManager.cpp:65] [~BufferManager] Calling BufferManager::destroy()[m
[36m[00:13:53.653362] [D] [SingleNodeWorker] [WorkerThread-2] [Task:1710026896-53] [BufferManager.cpp:93] [~BufferManager] Shutting down Buffer Manager completed[m
[36m[00:14:00.885563] [D] [SingleNodeWorker] [WorkerThread-1] [Task:1710026896] [SourceThread.cpp:230] [tryStop] SourceThread 2: attempting to stop source[m
[36m[00:14:00.885614] [D] [SingleNodeWorker] [WorkerThread-1] [Task:1710026896] [SourceThread.cpp:248] [tryStop] SourceThread 2: stopped[m
[32m[00:14:00.913460] [I] [SingleNodeWorker] [WorkerThread-2] [Task:1710026896-54] [VoidSink.cpp:42] [stop] Void Sink completed.[m
[32m[00:14:00.913488] [I] [SingleNodeWorker] [WorkerThread-3] [] [SequenceShredder.cpp:55] [~SequenceShredder] Successfully validated SequenceShredder[m
[36m[00:14:00.913608] [D] [SingleNodeWorker] [WorkerThread-2] [] [SourceThread.cpp:226] [tryStop] SourceThread 2: thread is not running[m
[36m[00:14:04.194918] [D] [Not A Worker] [unnamed] [queryId:1972571823] [BufferManager.cpp:110] [initialize] NES memory allocation requires 1 out of 540577120256 (so 1.8498748143954595e-10%) available bytes[m
[36m[00:14:04.194992] [D] [Not A Worker] [unnamed] [queryId:1972571823] [BufferManager.cpp:160] [initialize] BufferManager configuration bufferSize=1 numOfBuffers=1[m
[36m[00:14:04.195175] [D] [Not A Worker] [unnamed] [queryId:1972571823] [PipeliningPhase.cpp:365] [apply] Constructed pipeline plan with 1 root pipelines.
PipelinedQueryPlan for Query: 1972571823
Number of root pipelines: 1
------------------
Root Pipeline 0:
  Pipeline(ID(55), Provider(COMPILER))
  Operator chain:
    PhysicalOperator(NES::SourcePhysicalOperator)
  Successor Pipeline:
    Pipeline(ID(56), Provider(None))
      Operator chain:
        PhysicalOperator(NES::ScanPhysicalOperator)
          PhysicalOperator(NES::SelectionPhysicalOperator)
            PhysicalOperator(NES::MapPhysicalOperator)
              PhysicalOperator(NES::EmitPhysicalOperator)
      Successor Pipeline:
        Pipeline(ID(57), Provider(None))
          Operator chain:
            PhysicalOperator(NES::SinkPhysicalOperator)

[m
[36m[00:14:04.198566] [D] [Not A Worker] [unnamed] [] [SinkProvider.cpp:30] [lower] The sinkDescriptor is: SinkDescriptor: (name: variant("PERSON_ID_SINK"), type: Void, Config: )[m
[36m[00:14:04.200899] [D] [SingleNodeWorker] [WorkerThread-0] [Task:1972571823-57] [VoidSink.cpp:37] [start] Setting up void sink: VoidSink[m
[36m[00:14:04.310103] [D] [SingleNodeWorker] [WorkerThread-0] [] [SourceThread.cpp:184] [start] Starting source with originId: 2[m
[36m[00:14:04.320098] [D] [SingleNodeWorker] [WorkerThread-0] [Task:1972571823-56] [BufferManager.cpp:65] [~BufferManager] Calling BufferManager::destroy()[m
[36m[00:14:04.320125] [D] [SingleNodeWorker] [WorkerThread-0] [Task:1972571823-56] [BufferManager.cpp:93] [~BufferManager] Shutting down Buffer Manager completed[m
[36m[00:14:11.578909] [D] [SingleNodeWorker] [WorkerThread-1] [Task:1972571823] [SourceThread.cpp:230] [tryStop] SourceThread 2: attempting to stop source[m
[36m[00:14:11.578977] [D] [SingleNodeWorker] [WorkerThread-1] [Task:1972571823] [SourceThread.cpp:248] [tryStop] SourceThread 2: stopped[m
[32m[00:14:11.606171] [I] [SingleNodeWorker] [WorkerThread-3] [] [SequenceShredder.cpp:55] [~SequenceShredder] Successfully validated SequenceShredder[m
[32m[00:14:11.606477] [I] [SingleNodeWorker] [WorkerThread-2] [Task:1972571823-57] [VoidSink.cpp:42] [stop] Void Sink completed.[m
[36m[00:14:11.606620] [D] [SingleNodeWorker] [WorkerThread-2] [] [SourceThread.cpp:226] [tryStop] SourceThread 2: thread is not running[m
[36m[00:14:14.915156] [D] [Not A Worker] [unnamed] [queryId:1263313933] [BufferManager.cpp:110] [initialize] NES memory allocation requires 1 out of 540577120256 (so 1.8498748143954595e-10%) available bytes[m
[36m[00:14:14.915210] [D] [Not A Worker] [unnamed] [queryId:1263313933] [BufferManager.cpp:160] [initialize] BufferManager configuration bufferSize=1 numOfBuffers=1[m
[36m[00:14:14.915399] [D] [Not A Worker] [unnamed] [queryId:1263313933] [PipeliningPhase.cpp:365] [apply] Constructed pipeline plan with 1 root pipelines.
PipelinedQueryPlan for Query: 1263313933
Number of root pipelines: 1
------------------
Root Pipeline 0:
  Pipeline(ID(58), Provider(COMPILER))
  Operator chain:
    PhysicalOperator(NES::SourcePhysicalOperator)
  Successor Pipeline:
    Pipeline(ID(59), Provider(None))
      Operator chain:
        PhysicalOperator(NES::ScanPhysicalOperator)
          PhysicalOperator(NES::SelectionPhysicalOperator)
            PhysicalOperator(NES::MapPhysicalOperator)
              PhysicalOperator(NES::EmitPhysicalOperator)
      Successor Pipeline:
        Pipeline(ID(60), Provider(None))
          Operator chain:
            PhysicalOperator(NES::SinkPhysicalOperator)

[m
[36m[00:14:14.919375] [D] [Not A Worker] [unnamed] [] [SinkProvider.cpp:30] [lower] The sinkDescriptor is: SinkDescriptor: (name: variant("PERSON_ID_SINK"), type: Void, Config: )[m
[36m[00:14:14.924393] [D] [SingleNodeWorker] [WorkerThread-2] [Task:1263313933-60] [VoidSink.cpp:37] [start] Setting up void sink: VoidSink[m
[36m[00:14:15.046102] [D] [SingleNodeWorker] [WorkerThread-2] [] [SourceThread.cpp:184] [start] Starting source with originId: 2[m
[36m[00:14:15.056173] [D] [SingleNodeWorker] [WorkerThread-2] [Task:1263313933-59] [BufferManager.cpp:65] [~BufferManager] Calling BufferManager::destroy()[m
[36m[00:14:15.056269] [D] [SingleNodeWorker] [WorkerThread-2] [Task:1263313933-59] [BufferManager.cpp:93] [~BufferManager] Shutting down Buffer Manager completed[m
[36m[00:14:22.270358] [D] [SingleNodeWorker] [WorkerThread-0] [Task:1263313933] [SourceThread.cpp:230] [tryStop] SourceThread 2: attempting to stop source[m
[36m[00:14:22.270401] [D] [SingleNodeWorker] [WorkerThread-0] [Task:1263313933] [SourceThread.cpp:248] [tryStop] SourceThread 2: stopped[m
[32m[00:14:22.297089] [I] [SingleNodeWorker] [WorkerThread-3] [] [SequenceShredder.cpp:55] [~SequenceShredder] Successfully validated SequenceShredder[m
[32m[00:14:22.297373] [I] [SingleNodeWorker] [WorkerThread-2] [Task:1263313933-60] [VoidSink.cpp:42] [stop] Void Sink completed.[m
[36m[00:14:22.297495] [D] [SingleNodeWorker] [WorkerThread-2] [] [SourceThread.cpp:226] [tryStop] SourceThread 2: thread is not running[m
[36m[00:14:25.544621] [D] [Not A Worker] [unnamed] [queryId:1730708153] [BufferManager.cpp:110] [initialize] NES memory allocation requires 1 out of 540577120256 (so 1.8498748143954595e-10%) available bytes[m
[36m[00:14:25.544687] [D] [Not A Worker] [unnamed] [queryId:1730708153] [BufferManager.cpp:160] [initialize] BufferManager configuration bufferSize=1 numOfBuffers=1[m
[36m[00:14:25.544873] [D] [Not A Worker] [unnamed] [queryId:1730708153] [PipeliningPhase.cpp:365] [apply] Constructed pipeline plan with 1 root pipelines.
PipelinedQueryPlan for Query: 1730708153
Number of root pipelines: 1
------------------
Root Pipeline 0:
  Pipeline(ID(61), Provider(COMPILER))
  Operator chain:
    PhysicalOperator(NES::SourcePhysicalOperator)
  Successor Pipeline:
    Pipeline(ID(62), Provider(None))
      Operator chain:
        PhysicalOperator(NES::ScanPhysicalOperator)
          PhysicalOperator(NES::SelectionPhysicalOperator)
            PhysicalOperator(NES::MapPhysicalOperator)
              PhysicalOperator(NES::EmitPhysicalOperator)
      Successor Pipeline:
        Pipeline(ID(63), Provider(None))
          Operator chain:
            PhysicalOperator(NES::SinkPhysicalOperator)

[m
[36m[00:14:25.548081] [D] [Not A Worker] [unnamed] [] [SinkProvider.cpp:30] [lower] The sinkDescriptor is: SinkDescriptor: (name: variant("PERSON_ID_SINK"), type: Void, Config: )[m
[36m[00:14:25.551258] [D] [SingleNodeWorker] [WorkerThread-1] [Task:1730708153-63] [VoidSink.cpp:37] [start] Setting up void sink: VoidSink[m
[36m[00:14:25.688205] [D] [SingleNodeWorker] [WorkerThread-1] [] [SourceThread.cpp:184] [start] Starting source with originId: 2[m
[36m[00:14:25.697835] [D] [SingleNodeWorker] [WorkerThread-1] [Task:1730708153-62] [BufferManager.cpp:65] [~BufferManager] Calling BufferManager::destroy()[m
[36m[00:14:25.697861] [D] [SingleNodeWorker] [WorkerThread-1] [Task:1730708153-62] [BufferManager.cpp:93] [~BufferManager] Shutting down Buffer Manager completed[m
[36m[00:14:32.967152] [D] [SingleNodeWorker] [WorkerThread-0] [Task:1730708153] [SourceThread.cpp:230] [tryStop] SourceThread 2: attempting to stop source[m
[36m[00:14:32.967198] [D] [SingleNodeWorker] [WorkerThread-0] [Task:1730708153] [SourceThread.cpp:248] [tryStop] SourceThread 2: stopped[m
[32m[00:14:32.994336] [I] [SingleNodeWorker] [WorkerThread-3] [] [SequenceShredder.cpp:55] [~SequenceShredder] Successfully validated SequenceShredder[m
[32m[00:14:32.994821] [I] [SingleNodeWorker] [WorkerThread-1] [Task:1730708153-63] [VoidSink.cpp:42] [stop] Void Sink completed.[m
[36m[00:14:32.994971] [D] [SingleNodeWorker] [WorkerThread-1] [] [SourceThread.cpp:226] [tryStop] SourceThread 2: thread is not running[m
[36m[00:14:36.422809] [D] [Not A Worker] [unnamed] [queryId:1900049607] [BufferManager.cpp:110] [initialize] NES memory allocation requires 1 out of 540577120256 (so 1.8498748143954595e-10%) available bytes[m
[36m[00:14:36.422859] [D] [Not A Worker] [unnamed] [queryId:1900049607] [BufferManager.cpp:160] [initialize] BufferManager configuration bufferSize=1 numOfBuffers=1[m
[36m[00:14:36.423035] [D] [Not A Worker] [unnamed] [queryId:1900049607] [PipeliningPhase.cpp:365] [apply] Constructed pipeline plan with 1 root pipelines.
PipelinedQueryPlan for Query: 1900049607
Number of root pipelines: 1
------------------
Root Pipeline 0:
  Pipeline(ID(64), Provider(COMPILER))
  Operator chain:
    PhysicalOperator(NES::SourcePhysicalOperator)
  Successor Pipeline:
    Pipeline(ID(65), Provider(None))
      Operator chain:
        PhysicalOperator(NES::ScanPhysicalOperator)
          PhysicalOperator(NES::SelectionPhysicalOperator)
            PhysicalOperator(NES::MapPhysicalOperator)
              PhysicalOperator(NES::EmitPhysicalOperator)
      Successor Pipeline:
        Pipeline(ID(66), Provider(None))
          Operator chain:
            PhysicalOperator(NES::SinkPhysicalOperator)

[m
[36m[00:14:36.426425] [D] [Not A Worker] [unnamed] [] [SinkProvider.cpp:30] [lower] The sinkDescriptor is: SinkDescriptor: (name: variant("PERSON_ID_SINK"), type: Void, Config: )[m
[36m[00:14:36.428257] [D] [SingleNodeWorker] [WorkerThread-3] [Task:1900049607-66] [VoidSink.cpp:37] [start] Setting up void sink: VoidSink[m
[36m[00:14:36.567107] [D] [SingleNodeWorker] [WorkerThread-3] [] [SourceThread.cpp:184] [start] Starting source with originId: 2[m
[36m[00:14:36.577163] [D] [SingleNodeWorker] [WorkerThread-3] [Task:1900049607-65] [BufferManager.cpp:65] [~BufferManager] Calling BufferManager::destroy()[m
[36m[00:14:36.577200] [D] [SingleNodeWorker] [WorkerThread-3] [Task:1900049607-65] [BufferManager.cpp:93] [~BufferManager] Shutting down Buffer Manager completed[m
[36m[00:14:43.811699] [D] [SingleNodeWorker] [WorkerThread-3] [Task:1900049607] [SourceThread.cpp:230] [tryStop] SourceThread 2: attempting to stop source[m
[36m[00:14:43.811752] [D] [SingleNodeWorker] [WorkerThread-3] [Task:1900049607] [SourceThread.cpp:248] [tryStop] SourceThread 2: stopped[m
[32m[00:14:43.838524] [I] [SingleNodeWorker] [WorkerThread-2] [] [SequenceShredder.cpp:55] [~SequenceShredder] Successfully validated SequenceShredder[m
[32m[00:14:43.847022] [I] [SingleNodeWorker] [WorkerThread-1] [Task:1900049607-66] [VoidSink.cpp:42] [stop] Void Sink completed.[m
[36m[00:14:43.847161] [D] [SingleNodeWorker] [WorkerThread-1] [] [SourceThread.cpp:226] [tryStop] SourceThread 2: thread is not running[m
[36m[00:14:47.009627] [D] [Not A Worker] [unnamed] [queryId:723545638] [BufferManager.cpp:110] [initialize] NES memory allocation requires 1 out of 540577120256 (so 1.8498748143954595e-10%) available bytes[m
[36m[00:14:47.009675] [D] [Not A Worker] [unnamed] [queryId:723545638] [BufferManager.cpp:160] [initialize] BufferManager configuration bufferSize=1 numOfBuffers=1[m
[36m[00:14:47.009865] [D] [Not A Worker] [unnamed] [queryId:723545638] [PipeliningPhase.cpp:365] [apply] Constructed pipeline plan with 1 root pipelines.
PipelinedQueryPlan for Query: 723545638
Number of root pipelines: 1
------------------
Root Pipeline 0:
  Pipeline(ID(67), Provider(COMPILER))
  Operator chain:
    PhysicalOperator(NES::SourcePhysicalOperator)
  Successor Pipeline:
    Pipeline(ID(68), Provider(None))
      Operator chain:
        PhysicalOperator(NES::ScanPhysicalOperator)
          PhysicalOperator(NES::SelectionPhysicalOperator)
            PhysicalOperator(NES::MapPhysicalOperator)
              PhysicalOperator(NES::EmitPhysicalOperator)
      Successor Pipeline:
        Pipeline(ID(69), Provider(None))
          Operator chain:
            PhysicalOperator(NES::SinkPhysicalOperator)

[m
[36m[00:14:47.013559] [D] [Not A Worker] [unnamed] [] [SinkProvider.cpp:30] [lower] The sinkDescriptor is: SinkDescriptor: (name: variant("PERSON_ID_SINK"), type: Void, Config: )[m
[36m[00:14:47.013985] [D] [SingleNodeWorker] [WorkerThread-3] [Task:723545638-69] [VoidSink.cpp:37] [start] Setting up void sink: VoidSink[m
[36m[00:14:47.152723] [D] [SingleNodeWorker] [WorkerThread-3] [] [SourceThread.cpp:184] [start] Starting source with originId: 2[m
[36m[00:14:47.162403] [D] [SingleNodeWorker] [WorkerThread-3] [Task:723545638-68] [BufferManager.cpp:65] [~BufferManager] Calling BufferManager::destroy()[m
[36m[00:14:47.162432] [D] [SingleNodeWorker] [WorkerThread-3] [Task:723545638-68] [BufferManager.cpp:93] [~BufferManager] Shutting down Buffer Manager completed[m
[36m[00:14:54.454554] [D] [SingleNodeWorker] [WorkerThread-2] [Task:723545638] [SourceThread.cpp:230] [tryStop] SourceThread 2: attempting to stop source[m
[36m[00:14:54.454601] [D] [SingleNodeWorker] [WorkerThread-2] [Task:723545638] [SourceThread.cpp:248] [tryStop] SourceThread 2: stopped[m
[32m[00:14:54.481819] [I] [SingleNodeWorker] [WorkerThread-3] [] [SequenceShredder.cpp:55] [~SequenceShredder] Successfully validated SequenceShredder[m
[32m[00:14:54.483426] [I] [SingleNodeWorker] [WorkerThread-1] [Task:723545638-69] [VoidSink.cpp:42] [stop] Void Sink completed.[m
[36m[00:14:54.483551] [D] [SingleNodeWorker] [WorkerThread-1] [] [SourceThread.cpp:226] [tryStop] SourceThread 2: thread is not running[m
[36m[00:14:57.778735] [D] [Not A Worker] [unnamed] [queryId:573133228] [BufferManager.cpp:110] [initialize] NES memory allocation requires 1 out of 540577120256 (so 1.8498748143954595e-10%) available bytes[m
[36m[00:14:57.778780] [D] [Not A Worker] [unnamed] [queryId:573133228] [BufferManager.cpp:160] [initialize] BufferManager configuration bufferSize=1 numOfBuffers=1[m
[36m[00:14:57.778988] [D] [Not A Worker] [unnamed] [queryId:573133228] [PipeliningPhase.cpp:365] [apply] Constructed pipeline plan with 1 root pipelines.
PipelinedQueryPlan for Query: 573133228
Number of root pipelines: 1
------------------
Root Pipeline 0:
  Pipeline(ID(70), Provider(COMPILER))
  Operator chain:
    PhysicalOperator(NES::SourcePhysicalOperator)
  Successor Pipeline:
    Pipeline(ID(71), Provider(None))
      Operator chain:
        PhysicalOperator(NES::ScanPhysicalOperator)
          PhysicalOperator(NES::SelectionPhysicalOperator)
            PhysicalOperator(NES::MapPhysicalOperator)
              PhysicalOperator(NES::EmitPhysicalOperator)
      Successor Pipeline:
        Pipeline(ID(72), Provider(None))
          Operator chain:
            PhysicalOperator(NES::SinkPhysicalOperator)

[m
[36m[00:14:57.782556] [D] [Not A Worker] [unnamed] [] [SinkProvider.cpp:30] [lower] The sinkDescriptor is: SinkDescriptor: (name: variant("PERSON_ID_SINK"), type: Void, Config: )[m
[36m[00:14:57.784020] [D] [SingleNodeWorker] [WorkerThread-0] [Task:573133228-72] [VoidSink.cpp:37] [start] Setting up void sink: VoidSink[m
[36m[00:14:57.924526] [D] [SingleNodeWorker] [WorkerThread-0] [] [SourceThread.cpp:184] [start] Starting source with originId: 2[m
[36m[00:14:57.933996] [D] [SingleNodeWorker] [WorkerThread-0] [Task:573133228-71] [BufferManager.cpp:65] [~BufferManager] Calling BufferManager::destroy()[m
[36m[00:14:57.934019] [D] [SingleNodeWorker] [WorkerThread-0] [Task:573133228-71] [BufferManager.cpp:93] [~BufferManager] Shutting down Buffer Manager completed[m
[36m[00:15:05.198266] [D] [SingleNodeWorker] [WorkerThread-2] [Task:573133228] [SourceThread.cpp:230] [tryStop] SourceThread 2: attempting to stop source[m
[36m[00:15:05.198307] [D] [SingleNodeWorker] [WorkerThread-2] [Task:573133228] [SourceThread.cpp:248] [tryStop] SourceThread 2: stopped[m
[32m[00:15:05.225248] [I] [SingleNodeWorker] [WorkerThread-0] [] [SequenceShredder.cpp:55] [~SequenceShredder] Successfully validated SequenceShredder[m
[32m[00:15:05.228561] [I] [SingleNodeWorker] [WorkerThread-3] [Task:573133228-72] [VoidSink.cpp:42] [stop] Void Sink completed.[m
[36m[00:15:05.228703] [D] [SingleNodeWorker] [WorkerThread-3] [] [SourceThread.cpp:226] [tryStop] SourceThread 2: thread is not running[m
[36m[00:15:08.533631] [D] [Not A Worker] [unnamed] [queryId:1363543247] [BufferManager.cpp:110] [initialize] NES memory allocation requires 1 out of 540577120256 (so 1.8498748143954595e-10%) available bytes[m
[36m[00:15:08.533679] [D] [Not A Worker] [unnamed] [queryId:1363543247] [BufferManager.cpp:160] [initialize] BufferManager configuration bufferSize=1 numOfBuffers=1[m
[36m[00:15:08.533840] [D] [Not A Worker] [unnamed] [queryId:1363543247] [PipeliningPhase.cpp:365] [apply] Constructed pipeline plan with 1 root pipelines.
PipelinedQueryPlan for Query: 1363543247
Number of root pipelines: 1
------------------
Root Pipeline 0:
  Pipeline(ID(73), Provider(COMPILER))
  Operator chain:
    PhysicalOperator(NES::SourcePhysicalOperator)
  Successor Pipeline:
    Pipeline(ID(74), Provider(None))
      Operator chain:
        PhysicalOperator(NES::ScanPhysicalOperator)
          PhysicalOperator(NES::SelectionPhysicalOperator)
            PhysicalOperator(NES::MapPhysicalOperator)
              PhysicalOperator(NES::EmitPhysicalOperator)
      Successor Pipeline:
        Pipeline(ID(75), Provider(None))
          Operator chain:
            PhysicalOperator(NES::SinkPhysicalOperator)

[m
[36m[00:15:08.537474] [D] [Not A Worker] [unnamed] [] [SinkProvider.cpp:30] [lower] The sinkDescriptor is: SinkDescriptor: (name: variant("PERSON_ID_SINK"), type: Void, Config: )[m
[36m[00:15:08.539441] [D] [SingleNodeWorker] [WorkerThread-3] [Task:1363543247-75] [VoidSink.cpp:37] [start] Setting up void sink: VoidSink[m
[36m[00:15:08.675954] [D] [SingleNodeWorker] [WorkerThread-1] [] [SourceThread.cpp:184] [start] Starting source with originId: 2[m
[36m[00:15:08.685661] [D] [SingleNodeWorker] [WorkerThread-1] [Task:1363543247-74] [BufferManager.cpp:65] [~BufferManager] Calling BufferManager::destroy()[m
[36m[00:15:08.685689] [D] [SingleNodeWorker] [WorkerThread-1] [Task:1363543247-74] [BufferManager.cpp:93] [~BufferManager] Shutting down Buffer Manager completed[m
[36m[00:15:15.939982] [D] [SingleNodeWorker] [WorkerThread-3] [Task:1363543247] [SourceThread.cpp:230] [tryStop] SourceThread 2: attempting to stop source[m
[36m[00:15:15.940034] [D] [SingleNodeWorker] [WorkerThread-3] [Task:1363543247] [SourceThread.cpp:248] [tryStop] SourceThread 2: stopped[m
[32m[00:15:15.965823] [I] [SingleNodeWorker] [WorkerThread-0] [] [SequenceShredder.cpp:55] [~SequenceShredder] Successfully validated SequenceShredder[m
[32m[00:15:15.967551] [I] [SingleNodeWorker] [WorkerThread-1] [Task:1363543247-75] [VoidSink.cpp:42] [stop] Void Sink completed.[m
[36m[00:15:15.967674] [D] [SingleNodeWorker] [WorkerThread-1] [] [SourceThread.cpp:226] [tryStop] SourceThread 2: thread is not running[m
[36m[00:15:19.158912] [D] [Not A Worker] [unnamed] [queryId:576037391] [BufferManager.cpp:110] [initialize] NES memory allocation requires 1 out of 540577120256 (so 1.8498748143954595e-10%) available bytes[m
[36m[00:15:19.158976] [D] [Not A Worker] [unnamed] [queryId:576037391] [BufferManager.cpp:160] [initialize] BufferManager configuration bufferSize=1 numOfBuffers=1[m
[36m[00:15:19.159137] [D] [Not A Worker] [unnamed] [queryId:576037391] [PipeliningPhase.cpp:365] [apply] Constructed pipeline plan with 1 root pipelines.
PipelinedQueryPlan for Query: 576037391
Number of root pipelines: 1
------------------
Root Pipeline 0:
  Pipeline(ID(76), Provider(COMPILER))
  Operator chain:
    PhysicalOperator(NES::SourcePhysicalOperator)
  Successor Pipeline:
    Pipeline(ID(77), Provider(None))
      Operator chain:
        PhysicalOperator(NES::ScanPhysicalOperator)
          PhysicalOperator(NES::SelectionPhysicalOperator)
            PhysicalOperator(NES::MapPhysicalOperator)
              PhysicalOperator(NES::EmitPhysicalOperator)
      Successor Pipeline:
        Pipeline(ID(78), Provider(None))
          Operator chain:
            PhysicalOperator(NES::SinkPhysicalOperator)

[m
[36m[00:15:19.162982] [D] [Not A Worker] [unnamed] [] [SinkProvider.cpp:30] [lower] The sinkDescriptor is: SinkDescriptor: (name: variant("PERSON_ID_SINK"), type: Void, Config: )[m
[36m[00:15:19.164861] [D] [SingleNodeWorker] [WorkerThread-1] [Task:576037391-78] [VoidSink.cpp:37] [start] Setting up void sink: VoidSink[m
[36m[00:15:19.309182] [D] [SingleNodeWorker] [WorkerThread-1] [] [SourceThread.cpp:184] [start] Starting source with originId: 2[m
[36m[00:15:19.319115] [D] [SingleNodeWorker] [WorkerThread-1] [Task:576037391-77] [BufferManager.cpp:65] [~BufferManager] Calling BufferManager::destroy()[m
[36m[00:15:19.319143] [D] [SingleNodeWorker] [WorkerThread-1] [Task:576037391-77] [BufferManager.cpp:93] [~BufferManager] Shutting down Buffer Manager completed[m
[36m[00:15:26.582330] [D] [SingleNodeWorker] [WorkerThread-1] [Task:576037391] [SourceThread.cpp:230] [tryStop] SourceThread 2: attempting to stop source[m
[36m[00:15:26.582380] [D] [SingleNodeWorker] [WorkerThread-1] [Task:576037391] [SourceThread.cpp:248] [tryStop] SourceThread 2: stopped[m
[32m[00:15:26.609760] [I] [SingleNodeWorker] [WorkerThread-0] [Task:576037391-78] [VoidSink.cpp:42] [stop] Void Sink completed.[m
[36m[00:15:26.609902] [D] [SingleNodeWorker] [WorkerThread-0] [] [SourceThread.cpp:226] [tryStop] SourceThread 2: thread is not running[m
[32m[00:15:26.609934] [I] [SingleNodeWorker] [WorkerThread-2] [] [SequenceShredder.cpp:55] [~SequenceShredder] Successfully validated SequenceShredder[m
[36m[00:15:29.835982] [D] [Not A Worker] [unnamed] [queryId:742937687] [BufferManager.cpp:110] [initialize] NES memory allocation requires 1 out of 540577120256 (so 1.8498748143954595e-10%) available bytes[m
[36m[00:15:29.836043] [D] [Not A Worker] [unnamed] [queryId:742937687] [BufferManager.cpp:160] [initialize] BufferManager configuration bufferSize=1 numOfBuffers=1[m
[36m[00:15:29.836216] [D] [Not A Worker] [unnamed] [queryId:742937687] [PipeliningPhase.cpp:365] [apply] Constructed pipeline plan with 1 root pipelines.
PipelinedQueryPlan for Query: 742937687
Number of root pipelines: 1
------------------
Root Pipeline 0:
  Pipeline(ID(79), Provider(COMPILER))
  Operator chain:
    PhysicalOperator(NES::SourcePhysicalOperator)
  Successor Pipeline:
    Pipeline(ID(80), Provider(None))
      Operator chain:
        PhysicalOperator(NES::ScanPhysicalOperator)
          PhysicalOperator(NES::SelectionPhysicalOperator)
            PhysicalOperator(NES::MapPhysicalOperator)
              PhysicalOperator(NES::EmitPhysicalOperator)
      Successor Pipeline:
        Pipeline(ID(81), Provider(None))
          Operator chain:
            PhysicalOperator(NES::SinkPhysicalOperator)

[m
[36m[00:15:29.839786] [D] [Not A Worker] [unnamed] [] [SinkProvider.cpp:30] [lower] The sinkDescriptor is: SinkDescriptor: (name: variant("PERSON_ID_SINK"), type: Void, Config: )[m
[36m[00:15:29.846361] [D] [SingleNodeWorker] [WorkerThread-1] [Task:742937687-81] [VoidSink.cpp:37] [start] Setting up void sink: VoidSink[m
[36m[00:15:29.982154] [D] [SingleNodeWorker] [WorkerThread-1] [] [SourceThread.cpp:184] [start] Starting source with originId: 2[m
[36m[00:15:29.991545] [D] [SingleNodeWorker] [WorkerThread-1] [Task:742937687-80] [BufferManager.cpp:65] [~BufferManager] Calling BufferManager::destroy()[m
[36m[00:15:29.991570] [D] [SingleNodeWorker] [WorkerThread-1] [Task:742937687-80] [BufferManager.cpp:93] [~BufferManager] Shutting down Buffer Manager completed[m
[36m[00:15:37.323659] [D] [SingleNodeWorker] [WorkerThread-1] [Task:742937687] [SourceThread.cpp:230] [tryStop] SourceThread 2: attempting to stop source[m
[36m[00:15:37.323709] [D] [SingleNodeWorker] [WorkerThread-1] [Task:742937687] [SourceThread.cpp:248] [tryStop] SourceThread 2: stopped[m
[32m[00:15:37.352383] [I] [SingleNodeWorker] [WorkerThread-2] [Task:742937687-81] [VoidSink.cpp:42] [stop] Void Sink completed.[m
[36m[00:15:37.352516] [D] [SingleNodeWorker] [WorkerThread-2] [] [SourceThread.cpp:226] [tryStop] SourceThread 2: thread is not running[m
[32m[00:15:37.352693] [I] [SingleNodeWorker] [WorkerThread-3] [] [SequenceShredder.cpp:55] [~SequenceShredder] Successfully validated SequenceShredder[m
[36m[00:15:40.504388] [D] [Not A Worker] [unnamed] [queryId:1679619707] [BufferManager.cpp:110] [initialize] NES memory allocation requires 1 out of 540577120256 (so 1.8498748143954595e-10%) available bytes[m
[36m[00:15:40.504436] [D] [Not A Worker] [unnamed] [queryId:1679619707] [BufferManager.cpp:160] [initialize] BufferManager configuration bufferSize=1 numOfBuffers=1[m
[36m[00:15:40.504625] [D] [Not A Worker] [unnamed] [queryId:1679619707] [PipeliningPhase.cpp:365] [apply] Constructed pipeline plan with 1 root pipelines.
PipelinedQueryPlan for Query: 1679619707
Number of root pipelines: 1
------------------
Root Pipeline 0:
  Pipeline(ID(82), Provider(COMPILER))
  Operator chain:
    PhysicalOperator(NES::SourcePhysicalOperator)
  Successor Pipeline:
    Pipeline(ID(83), Provider(None))
      Operator chain:
        PhysicalOperator(NES::ScanPhysicalOperator)
          PhysicalOperator(NES::SelectionPhysicalOperator)
            PhysicalOperator(NES::MapPhysicalOperator)
              PhysicalOperator(NES::EmitPhysicalOperator)
      Successor Pipeline:
        Pipeline(ID(84), Provider(None))
          Operator chain:
            PhysicalOperator(NES::SinkPhysicalOperator)

[m
[36m[00:15:40.508888] [D] [Not A Worker] [unnamed] [] [SinkProvider.cpp:30] [lower] The sinkDescriptor is: SinkDescriptor: (name: variant("PERSON_ID_SINK"), type: Void, Config: )[m
[36m[00:15:40.509839] [D] [SingleNodeWorker] [WorkerThread-2] [Task:1679619707-84] [VoidSink.cpp:37] [start] Setting up void sink: VoidSink[m
[36m[00:15:40.648623] [D] [SingleNodeWorker] [WorkerThread-2] [] [SourceThread.cpp:184] [start] Starting source with originId: 2[m
[36m[00:15:40.658274] [D] [SingleNodeWorker] [WorkerThread-2] [Task:1679619707-83] [BufferManager.cpp:65] [~BufferManager] Calling BufferManager::destroy()[m
[36m[00:15:40.658297] [D] [SingleNodeWorker] [WorkerThread-2] [Task:1679619707-83] [BufferManager.cpp:93] [~BufferManager] Shutting down Buffer Manager completed[m
[36m[00:15:47.899145] [D] [SingleNodeWorker] [WorkerThread-2] [Task:1679619707] [SourceThread.cpp:230] [tryStop] SourceThread 2: attempting to stop source[m
[36m[00:15:47.899192] [D] [SingleNodeWorker] [WorkerThread-2] [Task:1679619707] [SourceThread.cpp:248] [tryStop] SourceThread 2: stopped[m
[32m[00:15:47.925202] [I] [SingleNodeWorker] [WorkerThread-0] [] [SequenceShredder.cpp:55] [~SequenceShredder] Successfully validated SequenceShredder[m
[32m[00:15:47.926294] [I] [SingleNodeWorker] [WorkerThread-3] [Task:1679619707-84] [VoidSink.cpp:42] [stop] Void Sink completed.[m
[36m[00:15:47.926458] [D] [SingleNodeWorker] [WorkerThread-3] [] [SourceThread.cpp:226] [tryStop] SourceThread 2: thread is not running[m
[36m[00:15:51.093752] [D] [Not A Worker] [unnamed] [queryId:1761042155] [BufferManager.cpp:110] [initialize] NES memory allocation requires 1 out of 540577120256 (so 1.8498748143954595e-10%) available bytes[m
[36m[00:15:51.093800] [D] [Not A Worker] [unnamed] [queryId:1761042155] [BufferManager.cpp:160] [initialize] BufferManager configuration bufferSize=1 numOfBuffers=1[m
[36m[00:15:51.093988] [D] [Not A Worker] [unnamed] [queryId:1761042155] [PipeliningPhase.cpp:365] [apply] Constructed pipeline plan with 1 root pipelines.
PipelinedQueryPlan for Query: 1761042155
Number of root pipelines: 1
------------------
Root Pipeline 0:
  Pipeline(ID(85), Provider(COMPILER))
  Operator chain:
    PhysicalOperator(NES::SourcePhysicalOperator)
  Successor Pipeline:
    Pipeline(ID(86), Provider(None))
      Operator chain:
        PhysicalOperator(NES::ScanPhysicalOperator)
          PhysicalOperator(NES::SelectionPhysicalOperator)
            PhysicalOperator(NES::MapPhysicalOperator)
              PhysicalOperator(NES::EmitPhysicalOperator)
      Successor Pipeline:
        Pipeline(ID(87), Provider(None))
          Operator chain:
            PhysicalOperator(NES::SinkPhysicalOperator)

[m
[36m[00:15:51.097184] [D] [Not A Worker] [unnamed] [] [SinkProvider.cpp:30] [lower] The sinkDescriptor is: SinkDescriptor: (name: variant("PERSON_ID_SINK"), type: Void, Config: )[m
[36m[00:15:51.098474] [D] [SingleNodeWorker] [WorkerThread-0] [Task:1761042155-87] [VoidSink.cpp:37] [start] Setting up void sink: VoidSink[m
[36m[00:15:51.237039] [D] [SingleNodeWorker] [WorkerThread-0] [] [SourceThread.cpp:184] [start] Starting source with originId: 2[m
[36m[00:15:51.246789] [D] [SingleNodeWorker] [WorkerThread-0] [Task:1761042155-86] [BufferManager.cpp:65] [~BufferManager] Calling BufferManager::destroy()[m
[36m[00:15:51.246813] [D] [SingleNodeWorker] [WorkerThread-0] [Task:1761042155-86] [BufferManager.cpp:93] [~BufferManager] Shutting down Buffer Manager completed[m
[36m[00:15:58.502057] [D] [SingleNodeWorker] [WorkerThread-0] [Task:1761042155] [SourceThread.cpp:230] [tryStop] SourceThread 2: attempting to stop source[m
[36m[00:15:58.502099] [D] [SingleNodeWorker] [WorkerThread-0] [Task:1761042155] [SourceThread.cpp:248] [tryStop] SourceThread 2: stopped[m
[32m[00:15:58.528951] [I] [SingleNodeWorker] [WorkerThread-3] [] [SequenceShredder.cpp:55] [~SequenceShredder] Successfully validated SequenceShredder[m
[32m[00:15:58.537086] [I] [SingleNodeWorker] [WorkerThread-0] [Task:1761042155-87] [VoidSink.cpp:42] [stop] Void Sink completed.[m
[36m[00:15:58.537212] [D] [SingleNodeWorker] [WorkerThread-0] [] [SourceThread.cpp:226] [tryStop] SourceThread 2: thread is not running[m
[36m[00:16:01.720354] [D] [Not A Worker] [unnamed] [queryId:1247910171] [BufferManager.cpp:110] [initialize] NES memory allocation requires 1 out of 540577120256 (so 1.8498748143954595e-10%) available bytes[m
[36m[00:16:01.720403] [D] [Not A Worker] [unnamed] [queryId:1247910171] [BufferManager.cpp:160] [initialize] BufferManager configuration bufferSize=1 numOfBuffers=1[m
[36m[00:16:01.720598] [D] [Not A Worker] [unnamed] [queryId:1247910171] [PipeliningPhase.cpp:365] [apply] Constructed pipeline plan with 1 root pipelines.
PipelinedQueryPlan for Query: 1247910171
Number of root pipelines: 1
------------------
Root Pipeline 0:
  Pipeline(ID(88), Provider(COMPILER))
  Operator chain:
    PhysicalOperator(NES::SourcePhysicalOperator)
  Successor Pipeline:
    Pipeline(ID(89), Provider(None))
      Operator chain:
        PhysicalOperator(NES::ScanPhysicalOperator)
          PhysicalOperator(NES::SelectionPhysicalOperator)
            PhysicalOperator(NES::MapPhysicalOperator)
              PhysicalOperator(NES::EmitPhysicalOperator)
      Successor Pipeline:
        Pipeline(ID(90), Provider(None))
          Operator chain:
            PhysicalOperator(NES::SinkPhysicalOperator)

[m
[36m[00:16:01.723965] [D] [Not A Worker] [unnamed] [] [SinkProvider.cpp:30] [lower] The sinkDescriptor is: SinkDescriptor: (name: variant("PERSON_ID_SINK"), type: Void, Config: )[m
[36m[00:16:01.729890] [D] [SingleNodeWorker] [WorkerThread-0] [Task:1247910171-90] [VoidSink.cpp:37] [start] Setting up void sink: VoidSink[m
[36m[00:16:01.867367] [D] [SingleNodeWorker] [WorkerThread-0] [] [SourceThread.cpp:184] [start] Starting source with originId: 2[m
[36m[00:16:01.877209] [D] [SingleNodeWorker] [WorkerThread-0] [Task:1247910171-89] [BufferManager.cpp:65] [~BufferManager] Calling BufferManager::destroy()[m
[36m[00:16:01.877231] [D] [SingleNodeWorker] [WorkerThread-0] [Task:1247910171-89] [BufferManager.cpp:93] [~BufferManager] Shutting down Buffer Manager completed[m
[36m[00:16:09.140690] [D] [SingleNodeWorker] [WorkerThread-2] [Task:1247910171] [SourceThread.cpp:230] [tryStop] SourceThread 2: attempting to stop source[m
[36m[00:16:09.140731] [D] [SingleNodeWorker] [WorkerThread-2] [Task:1247910171] [SourceThread.cpp:248] [tryStop] SourceThread 2: stopped[m
[32m[00:16:09.176553] [I] [SingleNodeWorker] [WorkerThread-2] [] [SequenceShredder.cpp:55] [~SequenceShredder] Successfully validated SequenceShredder[m
[32m[00:16:09.176775] [I] [SingleNodeWorker] [WorkerThread-0] [Task:1247910171-90] [VoidSink.cpp:42] [stop] Void Sink completed.[m
[36m[00:16:09.176896] [D] [SingleNodeWorker] [WorkerThread-0] [] [SourceThread.cpp:226] [tryStop] SourceThread 2: thread is not running[m
[36m[00:16:12.442709] [D] [Not A Worker] [unnamed] [queryId:359543653] [BufferManager.cpp:110] [initialize] NES memory allocation requires 1 out of 540577120256 (so 1.8498748143954595e-10%) available bytes[m
[36m[00:16:12.442765] [D] [Not A Worker] [unnamed] [queryId:359543653] [BufferManager.cpp:160] [initialize] BufferManager configuration bufferSize=1 numOfBuffers=1[m
[36m[00:16:12.443154] [D] [Not A Worker] [unnamed] [queryId:359543653] [PipeliningPhase.cpp:365] [apply] Constructed pipeline plan with 1 root pipelines.
PipelinedQueryPlan for Query: 359543653
Number of root pipelines: 1
------------------
Root Pipeline 0:
  Pipeline(ID(91), Provider(COMPILER))
  Operator chain:
    PhysicalOperator(NES::SourcePhysicalOperator)
  Successor Pipeline:
    Pipeline(ID(92), Provider(None))
      Operator chain:
        PhysicalOperator(NES::ScanPhysicalOperator)
          PhysicalOperator(NES::MapPhysicalOperator)
            PhysicalOperator(NES::EmitPhysicalOperator)
      Successor Pipeline:
        Pipeline(ID(93), Provider(None))
          Operator chain:
            PhysicalOperator(NES::SinkPhysicalOperator)

[m
[36m[00:16:12.446697] [D] [Not A Worker] [unnamed] [] [SinkProvider.cpp:30] [lower] The sinkDescriptor is: SinkDescriptor: (name: variant("EXTRA_SINK"), type: Void, Config: )[m
[36m[00:16:12.450100] [D] [SingleNodeWorker] [WorkerThread-1] [Task:359543653-93] [VoidSink.cpp:37] [start] Setting up void sink: VoidSink[m
[36m[00:16:12.532341] [D] [SingleNodeWorker] [WorkerThread-1] [] [SourceThread.cpp:184] [start] Starting source with originId: 2[m
[36m[00:16:12.542425] [D] [SingleNodeWorker] [WorkerThread-1] [Task:359543653-92] [BufferManager.cpp:65] [~BufferManager] Calling BufferManager::destroy()[m
[36m[00:16:12.542452] [D] [SingleNodeWorker] [WorkerThread-1] [Task:359543653-92] [BufferManager.cpp:93] [~BufferManager] Shutting down Buffer Manager completed[m
[36m[00:16:20.255399] [D] [SingleNodeWorker] [WorkerThread-1] [Task:359543653] [SourceThread.cpp:230] [tryStop] SourceThread 2: attempting to stop source[m
[36m[00:16:20.255450] [D] [SingleNodeWorker] [WorkerThread-1] [Task:359543653] [SourceThread.cpp:248] [tryStop] SourceThread 2: stopped[m
[32m[00:16:20.281995] [I] [SingleNodeWorker] [WorkerThread-3] [] [SequenceShredder.cpp:55] [~SequenceShredder] Successfully validated SequenceShredder[m
[32m[00:16:20.282913] [I] [SingleNodeWorker] [WorkerThread-0] [Task:359543653-93] [VoidSink.cpp:42] [stop] Void Sink completed.[m
[36m[00:16:20.283054] [D] [SingleNodeWorker] [WorkerThread-0] [] [SourceThread.cpp:226] [tryStop] SourceThread 2: thread is not running[m
[36m[00:16:23.093596] [D] [Not A Worker] [unnamed] [queryId:960957209] [BufferManager.cpp:110] [initialize] NES memory allocation requires 1 out of 540577120256 (so 1.8498748143954595e-10%) available bytes[m
[36m[00:16:23.093657] [D] [Not A Worker] [unnamed] [queryId:960957209] [BufferManager.cpp:160] [initialize] BufferManager configuration bufferSize=1 numOfBuffers=1[m
[36m[00:16:23.094108] [D] [Not A Worker] [unnamed] [queryId:960957209] [PipeliningPhase.cpp:365] [apply] Constructed pipeline plan with 1 root pipelines.
PipelinedQueryPlan for Query: 960957209
Number of root pipelines: 1
------------------
Root Pipeline 0:
  Pipeline(ID(94), Provider(COMPILER))
  Operator chain:
    PhysicalOperator(NES::SourcePhysicalOperator)
  Successor Pipeline:
    Pipeline(ID(95), Provider(None))
      Operator chain:
        PhysicalOperator(NES::ScanPhysicalOperator)
          PhysicalOperator(NES::MapPhysicalOperator)
            PhysicalOperator(NES::EmitPhysicalOperator)
      Successor Pipeline:
        Pipeline(ID(96), Provider(None))
          Operator chain:
            PhysicalOperator(NES::SinkPhysicalOperator)

[m
[36m[00:16:23.097421] [D] [Not A Worker] [unnamed] [] [SinkProvider.cpp:30] [lower] The sinkDescriptor is: SinkDescriptor: (name: variant("EXTRA_SINK"), type: Void, Config: )[m
[36m[00:16:23.097836] [D] [SingleNodeWorker] [WorkerThread-0] [Task:960957209-96] [VoidSink.cpp:37] [start] Setting up void sink: VoidSink[m
[36m[00:16:23.173928] [D] [SingleNodeWorker] [WorkerThread-0] [] [SourceThread.cpp:184] [start] Starting source with originId: 2[m
[36m[00:16:23.184138] [D] [SingleNodeWorker] [WorkerThread-0] [Task:960957209-95] [BufferManager.cpp:65] [~BufferManager] Calling BufferManager::destroy()[m
[36m[00:16:23.184170] [D] [SingleNodeWorker] [WorkerThread-0] [Task:960957209-95] [BufferManager.cpp:93] [~BufferManager] Shutting down Buffer Manager completed[m
[36m[00:16:30.924841] [D] [SingleNodeWorker] [WorkerThread-1] [Task:960957209] [SourceThread.cpp:230] [tryStop] SourceThread 2: attempting to stop source[m
[36m[00:16:30.924891] [D] [SingleNodeWorker] [WorkerThread-1] [Task:960957209] [SourceThread.cpp:248] [tryStop] SourceThread 2: stopped[m
[32m[00:16:30.950701] [I] [SingleNodeWorker] [WorkerThread-3] [] [SequenceShredder.cpp:55] [~SequenceShredder] Successfully validated SequenceShredder[m
[32m[00:16:30.952340] [I] [SingleNodeWorker] [WorkerThread-2] [Task:960957209-96] [VoidSink.cpp:42] [stop] Void Sink completed.[m
[36m[00:16:30.952504] [D] [SingleNodeWorker] [WorkerThread-2] [] [SourceThread.cpp:226] [tryStop] SourceThread 2: thread is not running[m
[36m[00:16:33.715126] [D] [Not A Worker] [unnamed] [queryId:835363019] [BufferManager.cpp:110] [initialize] NES memory allocation requires 1 out of 540577120256 (so 1.8498748143954595e-10%) available bytes[m
[36m[00:16:33.715188] [D] [Not A Worker] [unnamed] [queryId:835363019] [BufferManager.cpp:160] [initialize] BufferManager configuration bufferSize=1 numOfBuffers=1[m
[36m[00:16:33.715624] [D] [Not A Worker] [unnamed] [queryId:835363019] [PipeliningPhase.cpp:365] [apply] Constructed pipeline plan with 1 root pipelines.
PipelinedQueryPlan for Query: 835363019
Number of root pipelines: 1
------------------
Root Pipeline 0:
  Pipeline(ID(97), Provider(COMPILER))
  Operator chain:
    PhysicalOperator(NES::SourcePhysicalOperator)
  Successor Pipeline:
    Pipeline(ID(98), Provider(None))
      Operator chain:
        PhysicalOperator(NES::ScanPhysicalOperator)
          PhysicalOperator(NES::MapPhysicalOperator)
            PhysicalOperator(NES::EmitPhysicalOperator)
      Successor Pipeline:
        Pipeline(ID(99), Provider(None))
          Operator chain:
            PhysicalOperator(NES::SinkPhysicalOperator)

[m
[36m[00:16:33.719471] [D] [Not A Worker] [unnamed] [] [SinkProvider.cpp:30] [lower] The sinkDescriptor is: SinkDescriptor: (name: variant("EXTRA_SINK"), type: Void, Config: )[m
[36m[00:16:33.723408] [D] [SingleNodeWorker] [WorkerThread-0] [Task:835363019-99] [VoidSink.cpp:37] [start] Setting up void sink: VoidSink[m
[36m[00:16:33.797951] [D] [SingleNodeWorker] [WorkerThread-0] [] [SourceThread.cpp:184] [start] Starting source with originId: 2[m
[36m[00:16:33.807630] [D] [SingleNodeWorker] [WorkerThread-0] [Task:835363019-98] [BufferManager.cpp:65] [~BufferManager] Calling BufferManager::destroy()[m
[36m[00:16:33.807653] [D] [SingleNodeWorker] [WorkerThread-0] [Task:835363019-98] [BufferManager.cpp:93] [~BufferManager] Shutting down Buffer Manager completed[m
[36m[00:16:41.553768] [D] [SingleNodeWorker] [WorkerThread-0] [Task:835363019] [SourceThread.cpp:230] [tryStop] SourceThread 2: attempting to stop source[m
[36m[00:16:41.553811] [D] [SingleNodeWorker] [WorkerThread-0] [Task:835363019] [SourceThread.cpp:248] [tryStop] SourceThread 2: stopped[m
[32m[00:16:41.583454] [I] [SingleNodeWorker] [WorkerThread-3] [] [SequenceShredder.cpp:55] [~SequenceShredder] Successfully validated SequenceShredder[m
[32m[00:16:41.584351] [I] [SingleNodeWorker] [WorkerThread-1] [Task:835363019-99] [VoidSink.cpp:42] [stop] Void Sink completed.[m
[36m[00:16:41.584473] [D] [SingleNodeWorker] [WorkerThread-1] [] [SourceThread.cpp:226] [tryStop] SourceThread 2: thread is not running[m
[36m[00:16:44.490585] [D] [Not A Worker] [unnamed] [queryId:684947883] [BufferManager.cpp:110] [initialize] NES memory allocation requires 1 out of 540577120256 (so 1.8498748143954595e-10%) available bytes[m
[36m[00:16:44.490638] [D] [Not A Worker] [unnamed] [queryId:684947883] [BufferManager.cpp:160] [initialize] BufferManager configuration bufferSize=1 numOfBuffers=1[m
[36m[00:16:44.490997] [D] [Not A Worker] [unnamed] [queryId:684947883] [PipeliningPhase.cpp:365] [apply] Constructed pipeline plan with 1 root pipelines.
PipelinedQueryPlan for Query: 684947883
Number of root pipelines: 1
------------------
Root Pipeline 0:
  Pipeline(ID(100), Provider(COMPILER))
  Operator chain:
    PhysicalOperator(NES::SourcePhysicalOperator)
  Successor Pipeline:
    Pipeline(ID(101), Provider(None))
      Operator chain:
        PhysicalOperator(NES::ScanPhysicalOperator)
          PhysicalOperator(NES::MapPhysicalOperator)
            PhysicalOperator(NES::EmitPhysicalOperator)
      Successor Pipeline:
        Pipeline(ID(102), Provider(None))
          Operator chain:
            PhysicalOperator(NES::SinkPhysicalOperator)

[m
[36m[00:16:44.494879] [D] [Not A Worker] [unnamed] [] [SinkProvider.cpp:30] [lower] The sinkDescriptor is: SinkDescriptor: (name: variant("EXTRA_SINK"), type: Void, Config: )[m
[36m[00:16:44.497689] [D] [SingleNodeWorker] [WorkerThread-3] [Task:684947883-102] [VoidSink.cpp:37] [start] Setting up void sink: VoidSink[m
[36m[00:16:44.575709] [D] [SingleNodeWorker] [WorkerThread-3] [] [SourceThread.cpp:184] [start] Starting source with originId: 2[m
[36m[00:16:44.586087] [D] [SingleNodeWorker] [WorkerThread-3] [Task:684947883-101] [BufferManager.cpp:65] [~BufferManager] Calling BufferManager::destroy()[m
[36m[00:16:44.586118] [D] [SingleNodeWorker] [WorkerThread-3] [Task:684947883-101] [BufferManager.cpp:93] [~BufferManager] Shutting down Buffer Manager completed[m
[36m[00:16:52.396791] [D] [SingleNodeWorker] [WorkerThread-1] [Task:684947883] [SourceThread.cpp:230] [tryStop] SourceThread 2: attempting to stop source[m
[36m[00:16:52.396834] [D] [SingleNodeWorker] [WorkerThread-1] [Task:684947883] [SourceThread.cpp:248] [tryStop] SourceThread 2: stopped[m
[32m[00:16:52.426067] [I] [SingleNodeWorker] [WorkerThread-0] [] [SequenceShredder.cpp:55] [~SequenceShredder] Successfully validated SequenceShredder[m
[32m[00:16:52.427442] [I] [SingleNodeWorker] [WorkerThread-3] [Task:684947883-102] [VoidSink.cpp:42] [stop] Void Sink completed.[m
[36m[00:16:52.427582] [D] [SingleNodeWorker] [WorkerThread-3] [] [SourceThread.cpp:226] [tryStop] SourceThread 2: thread is not running[m
[36m[00:16:55.200902] [D] [Not A Worker] [unnamed] [queryId:1386538011] [BufferManager.cpp:110] [initialize] NES memory allocation requires 1 out of 540577120256 (so 1.8498748143954595e-10%) available bytes[m
[36m[00:16:55.200965] [D] [Not A Worker] [unnamed] [queryId:1386538011] [BufferManager.cpp:160] [initialize] BufferManager configuration bufferSize=1 numOfBuffers=1[m
[36m[00:16:55.201417] [D] [Not A Worker] [unnamed] [queryId:1386538011] [PipeliningPhase.cpp:365] [apply] Constructed pipeline plan with 1 root pipelines.
PipelinedQueryPlan for Query: 1386538011
Number of root pipelines: 1
------------------
Root Pipeline 0:
  Pipeline(ID(103), Provider(COMPILER))
  Operator chain:
    PhysicalOperator(NES::SourcePhysicalOperator)
  Successor Pipeline:
    Pipeline(ID(104), Provider(None))
      Operator chain:
        PhysicalOperator(NES::ScanPhysicalOperator)
          PhysicalOperator(NES::MapPhysicalOperator)
            PhysicalOperator(NES::EmitPhysicalOperator)
      Successor Pipeline:
        Pipeline(ID(105), Provider(None))
          Operator chain:
            PhysicalOperator(NES::SinkPhysicalOperator)

[m
[36m[00:16:55.205516] [D] [Not A Worker] [unnamed] [] [SinkProvider.cpp:30] [lower] The sinkDescriptor is: SinkDescriptor: (name: variant("EXTRA_SINK"), type: Void, Config: )[m
[36m[00:16:55.207163] [D] [SingleNodeWorker] [WorkerThread-1] [Task:1386538011-105] [VoidSink.cpp:37] [start] Setting up void sink: VoidSink[m
[36m[00:16:55.284304] [D] [SingleNodeWorker] [WorkerThread-1] [] [SourceThread.cpp:184] [start] Starting source with originId: 2[m
[36m[00:16:55.294147] [D] [SingleNodeWorker] [WorkerThread-1] [Task:1386538011-104] [BufferManager.cpp:65] [~BufferManager] Calling BufferManager::destroy()[m
[36m[00:16:55.294173] [D] [SingleNodeWorker] [WorkerThread-1] [Task:1386538011-104] [BufferManager.cpp:93] [~BufferManager] Shutting down Buffer Manager completed[m
[36m[00:17:02.947678] [D] [SingleNodeWorker] [WorkerThread-1] [Task:1386538011] [SourceThread.cpp:230] [tryStop] SourceThread 2: attempting to stop source[m
[36m[00:17:02.947722] [D] [SingleNodeWorker] [WorkerThread-1] [Task:1386538011] [SourceThread.cpp:248] [tryStop] SourceThread 2: stopped[m
[32m[00:17:02.974276] [I] [SingleNodeWorker] [WorkerThread-0] [] [SequenceShredder.cpp:55] [~SequenceShredder] Successfully validated SequenceShredder[m
[32m[00:17:02.974795] [I] [SingleNodeWorker] [WorkerThread-3] [Task:1386538011-105] [VoidSink.cpp:42] [stop] Void Sink completed.[m
[36m[00:17:02.974958] [D] [SingleNodeWorker] [WorkerThread-3] [] [SourceThread.cpp:226] [tryStop] SourceThread 2: thread is not running[m
[36m[00:17:05.885027] [D] [Not A Worker] [unnamed] [queryId:179970292] [BufferManager.cpp:110] [initialize] NES memory allocation requires 1 out of 540577120256 (so 1.8498748143954595e-10%) available bytes[m
[36m[00:17:05.885079] [D] [Not A Worker] [unnamed] [queryId:179970292] [BufferManager.cpp:160] [initialize] BufferManager configuration bufferSize=1 numOfBuffers=1[m
[36m[00:17:05.885454] [D] [Not A Worker] [unnamed] [queryId:179970292] [PipeliningPhase.cpp:365] [apply] Constructed pipeline plan with 1 root pipelines.
PipelinedQueryPlan for Query: 179970292
Number of root pipelines: 1
------------------
Root Pipeline 0:
  Pipeline(ID(106), Provider(COMPILER))
  Operator chain:
    PhysicalOperator(NES::SourcePhysicalOperator)
  Successor Pipeline:
    Pipeline(ID(107), Provider(None))
      Operator chain:
        PhysicalOperator(NES::ScanPhysicalOperator)
          PhysicalOperator(NES::MapPhysicalOperator)
            PhysicalOperator(NES::EmitPhysicalOperator)
      Successor Pipeline:
        Pipeline(ID(108), Provider(None))
          Operator chain:
            PhysicalOperator(NES::SinkPhysicalOperator)

[m
[36m[00:17:05.888730] [D] [Not A Worker] [unnamed] [] [SinkProvider.cpp:30] [lower] The sinkDescriptor is: SinkDescriptor: (name: variant("EXTRA_SINK"), type: Void, Config: )[m
[36m[00:17:05.894830] [D] [SingleNodeWorker] [WorkerThread-3] [Task:179970292-108] [VoidSink.cpp:37] [start] Setting up void sink: VoidSink[m
[36m[00:17:05.970962] [D] [SingleNodeWorker] [WorkerThread-3] [] [SourceThread.cpp:184] [start] Starting source with originId: 2[m
[36m[00:17:05.980693] [D] [SingleNodeWorker] [WorkerThread-3] [Task:179970292-107] [BufferManager.cpp:65] [~BufferManager] Calling BufferManager::destroy()[m
[36m[00:17:05.980718] [D] [SingleNodeWorker] [WorkerThread-3] [Task:179970292-107] [BufferManager.cpp:93] [~BufferManager] Shutting down Buffer Manager completed[m
[36m[00:17:13.622350] [D] [SingleNodeWorker] [WorkerThread-3] [Task:179970292] [SourceThread.cpp:230] [tryStop] SourceThread 2: attempting to stop source[m
[36m[00:17:13.622407] [D] [SingleNodeWorker] [WorkerThread-3] [Task:179970292] [SourceThread.cpp:248] [tryStop] SourceThread 2: stopped[m
[32m[00:17:13.650352] [I] [SingleNodeWorker] [WorkerThread-0] [] [SequenceShredder.cpp:55] [~SequenceShredder] Successfully validated SequenceShredder[m
[32m[00:17:13.656056] [I] [SingleNodeWorker] [WorkerThread-3] [Task:179970292-108] [VoidSink.cpp:42] [stop] Void Sink completed.[m
[36m[00:17:13.656190] [D] [SingleNodeWorker] [WorkerThread-3] [] [SourceThread.cpp:226] [tryStop] SourceThread 2: thread is not running[m
[36m[00:17:16.388081] [D] [Not A Worker] [unnamed] [queryId:594552878] [BufferManager.cpp:110] [initialize] NES memory allocation requires 1 out of 540577120256 (so 1.8498748143954595e-10%) available bytes[m
[36m[00:17:16.388139] [D] [Not A Worker] [unnamed] [queryId:594552878] [BufferManager.cpp:160] [initialize] BufferManager configuration bufferSize=1 numOfBuffers=1[m
[36m[00:17:16.388544] [D] [Not A Worker] [unnamed] [queryId:594552878] [PipeliningPhase.cpp:365] [apply] Constructed pipeline plan with 1 root pipelines.
PipelinedQueryPlan for Query: 594552878
Number of root pipelines: 1
------------------
Root Pipeline 0:
  Pipeline(ID(109), Provider(COMPILER))
  Operator chain:
    PhysicalOperator(NES::SourcePhysicalOperator)
  Successor Pipeline:
    Pipeline(ID(110), Provider(None))
      Operator chain:
        PhysicalOperator(NES::ScanPhysicalOperator)
          PhysicalOperator(NES::MapPhysicalOperator)
            PhysicalOperator(NES::EmitPhysicalOperator)
      Successor Pipeline:
        Pipeline(ID(111), Provider(None))
          Operator chain:
            PhysicalOperator(NES::SinkPhysicalOperator)

[m
[36m[00:17:16.391290] [D] [Not A Worker] [unnamed] [] [SinkProvider.cpp:30] [lower] The sinkDescriptor is: SinkDescriptor: (name: variant("EXTRA_SINK"), type: Void, Config: )[m
[36m[00:17:16.392133] [D] [SingleNodeWorker] [WorkerThread-1] [Task:594552878-111] [VoidSink.cpp:37] [start] Setting up void sink: VoidSink[m
[36m[00:17:16.470565] [D] [SingleNodeWorker] [WorkerThread-1] [] [SourceThread.cpp:184] [start] Starting source with originId: 2[m
[36m[00:17:16.480586] [D] [SingleNodeWorker] [WorkerThread-1] [Task:594552878-110] [BufferManager.cpp:65] [~BufferManager] Calling BufferManager::destroy()[m
[36m[00:17:16.480614] [D] [SingleNodeWorker] [WorkerThread-1] [Task:594552878-110] [BufferManager.cpp:93] [~BufferManager] Shutting down Buffer Manager completed[m
[36m[00:17:24.149808] [D] [SingleNodeWorker] [WorkerThread-0] [Task:594552878] [SourceThread.cpp:230] [tryStop] SourceThread 2: attempting to stop source[m
[36m[00:17:24.149851] [D] [SingleNodeWorker] [WorkerThread-0] [Task:594552878] [SourceThread.cpp:248] [tryStop] SourceThread 2: stopped[m
[32m[00:17:24.177004] [I] [SingleNodeWorker] [WorkerThread-3] [] [SequenceShredder.cpp:55] [~SequenceShredder] Successfully validated SequenceShredder[m
[32m[00:17:24.179154] [I] [SingleNodeWorker] [WorkerThread-1] [Task:594552878-111] [VoidSink.cpp:42] [stop] Void Sink completed.[m
[36m[00:17:24.179276] [D] [SingleNodeWorker] [WorkerThread-1] [] [SourceThread.cpp:226] [tryStop] SourceThread 2: thread is not running[m
[36m[00:17:27.027275] [D] [Not A Worker] [unnamed] [queryId:276648044] [BufferManager.cpp:110] [initialize] NES memory allocation requires 1 out of 540577120256 (so 1.8498748143954595e-10%) available bytes[m
[36m[00:17:27.027335] [D] [Not A Worker] [unnamed] [queryId:276648044] [BufferManager.cpp:160] [initialize] BufferManager configuration bufferSize=1 numOfBuffers=1[m
[36m[00:17:27.027748] [D] [Not A Worker] [unnamed] [queryId:276648044] [PipeliningPhase.cpp:365] [apply] Constructed pipeline plan with 1 root pipelines.
PipelinedQueryPlan for Query: 276648044
Number of root pipelines: 1
------------------
Root Pipeline 0:
  Pipeline(ID(112), Provider(COMPILER))
  Operator chain:
    PhysicalOperator(NES::SourcePhysicalOperator)
  Successor Pipeline:
    Pipeline(ID(113), Provider(None))
      Operator chain:
        PhysicalOperator(NES::ScanPhysicalOperator)
          PhysicalOperator(NES::MapPhysicalOperator)
            PhysicalOperator(NES::EmitPhysicalOperator)
      Successor Pipeline:
        Pipeline(ID(114), Provider(None))
          Operator chain:
            PhysicalOperator(NES::SinkPhysicalOperator)

[m
[36m[00:17:27.030689] [D] [Not A Worker] [unnamed] [] [SinkProvider.cpp:30] [lower] The sinkDescriptor is: SinkDescriptor: (name: variant("EXTRA_SINK"), type: Void, Config: )[m
[36m[00:17:27.040698] [D] [SingleNodeWorker] [WorkerThread-0] [Task:276648044-114] [VoidSink.cpp:37] [start] Setting up void sink: VoidSink[m
[36m[00:17:27.120445] [D] [SingleNodeWorker] [WorkerThread-0] [] [SourceThread.cpp:184] [start] Starting source with originId: 2[m
[36m[00:17:27.142514] [D] [SingleNodeWorker] [WorkerThread-3] [Task:276648044-113] [BufferManager.cpp:65] [~BufferManager] Calling BufferManager::destroy()[m
[36m[00:17:27.142567] [D] [SingleNodeWorker] [WorkerThread-3] [Task:276648044-113] [BufferManager.cpp:93] [~BufferManager] Shutting down Buffer Manager completed[m
[36m[00:17:34.775698] [D] [SingleNodeWorker] [WorkerThread-3] [Task:276648044] [SourceThread.cpp:230] [tryStop] SourceThread 2: attempting to stop source[m
[36m[00:17:34.775748] [D] [SingleNodeWorker] [WorkerThread-3] [Task:276648044] [SourceThread.cpp:248] [tryStop] SourceThread 2: stopped[m
[32m[00:17:34.804823] [I] [SingleNodeWorker] [WorkerThread-1] [] [SequenceShredder.cpp:55] [~SequenceShredder] Successfully validated SequenceShredder[m
[32m[00:17:34.807678] [I] [SingleNodeWorker] [WorkerThread-2] [Task:276648044-114] [VoidSink.cpp:42] [stop] Void Sink completed.[m
[36m[00:17:34.807801] [D] [SingleNodeWorker] [WorkerThread-2] [] [SourceThread.cpp:226] [tryStop] SourceThread 2: thread is not running[m
[36m[00:17:37.622417] [D] [Not A Worker] [unnamed] [queryId:2101734591] [BufferManager.cpp:110] [initialize] NES memory allocation requires 1 out of 540577120256 (so 1.8498748143954595e-10%) available bytes[m
[36m[00:17:37.622471] [D] [Not A Worker] [unnamed] [queryId:2101734591] [BufferManager.cpp:160] [initialize] BufferManager configuration bufferSize=1 numOfBuffers=1[m
[36m[00:17:37.622883] [D] [Not A Worker] [unnamed] [queryId:2101734591] [PipeliningPhase.cpp:365] [apply] Constructed pipeline plan with 1 root pipelines.
PipelinedQueryPlan for Query: 2101734591
Number of root pipelines: 1
------------------
Root Pipeline 0:
  Pipeline(ID(115), Provider(COMPILER))
  Operator chain:
    PhysicalOperator(NES::SourcePhysicalOperator)
  Successor Pipeline:
    Pipeline(ID(116), Provider(None))
      Operator chain:
        PhysicalOperator(NES::ScanPhysicalOperator)
          PhysicalOperator(NES::MapPhysicalOperator)
            PhysicalOperator(NES::EmitPhysicalOperator)
      Successor Pipeline:
        Pipeline(ID(117), Provider(None))
          Operator chain:
            PhysicalOperator(NES::SinkPhysicalOperator)

[m
[36m[00:17:37.626524] [D] [Not A Worker] [unnamed] [] [SinkProvider.cpp:30] [lower] The sinkDescriptor is: SinkDescriptor: (name: variant("EXTRA_SINK"), type: Void, Config: )[m
[36m[00:17:37.627438] [D] [SingleNodeWorker] [WorkerThread-2] [Task:2101734591-117] [VoidSink.cpp:37] [start] Setting up void sink: VoidSink[m
[36m[00:17:37.704173] [D] [SingleNodeWorker] [WorkerThread-2] [] [SourceThread.cpp:184] [start] Starting source with originId: 2[m
[36m[00:17:37.713918] [D] [SingleNodeWorker] [WorkerThread-2] [Task:2101734591-116] [BufferManager.cpp:65] [~BufferManager] Calling BufferManager::destroy()[m
[36m[00:17:37.713944] [D] [SingleNodeWorker] [WorkerThread-2] [Task:2101734591-116] [BufferManager.cpp:93] [~BufferManager] Shutting down Buffer Manager completed[m
[36m[00:17:45.374791] [D] [SingleNodeWorker] [WorkerThread-3] [Task:2101734591] [SourceThread.cpp:230] [tryStop] SourceThread 2: attempting to stop source[m
[36m[00:17:45.374842] [D] [SingleNodeWorker] [WorkerThread-3] [Task:2101734591] [SourceThread.cpp:248] [tryStop] SourceThread 2: stopped[m
[32m[00:17:45.400989] [I] [SingleNodeWorker] [WorkerThread-1] [Task:2101734591-117] [VoidSink.cpp:42] [stop] Void Sink completed.[m
[36m[00:17:45.401126] [D] [SingleNodeWorker] [WorkerThread-1] [] [SourceThread.cpp:226] [tryStop] SourceThread 2: thread is not running[m
[32m[00:17:45.401196] [I] [SingleNodeWorker] [WorkerThread-2] [] [SequenceShredder.cpp:55] [~SequenceShredder] Successfully validated SequenceShredder[m
[36m[00:17:48.365451] [D] [Not A Worker] [unnamed] [queryId:850146015] [BufferManager.cpp:110] [initialize] NES memory allocation requires 1 out of 540577120256 (so 1.8498748143954595e-10%) available bytes[m
[36m[00:17:48.365503] [D] [Not A Worker] [unnamed] [queryId:850146015] [BufferManager.cpp:160] [initialize] BufferManager configuration bufferSize=1 numOfBuffers=1[m
[36m[00:17:48.365847] [D] [Not A Worker] [unnamed] [queryId:850146015] [PipeliningPhase.cpp:365] [apply] Constructed pipeline plan with 1 root pipelines.
PipelinedQueryPlan for Query: 850146015
Number of root pipelines: 1
------------------
Root Pipeline 0:
  Pipeline(ID(118), Provider(COMPILER))
  Operator chain:
    PhysicalOperator(NES::SourcePhysicalOperator)
  Successor Pipeline:
    Pipeline(ID(119), Provider(None))
      Operator chain:
        PhysicalOperator(NES::ScanPhysicalOperator)
          PhysicalOperator(NES::MapPhysicalOperator)
            PhysicalOperator(NES::EmitPhysicalOperator)
      Successor Pipeline:
        Pipeline(ID(120), Provider(None))
          Operator chain:
            PhysicalOperator(NES::SinkPhysicalOperator)

[m
[36m[00:17:48.369856] [D] [Not A Worker] [unnamed] [] [SinkProvider.cpp:30] [lower] The sinkDescriptor is: SinkDescriptor: (name: variant("EXTRA_SINK"), type: Void, Config: )[m
[36m[00:17:48.373307] [D] [SingleNodeWorker] [WorkerThread-0] [Task:850146015-120] [VoidSink.cpp:37] [start] Setting up void sink: VoidSink[m
[36m[00:17:48.446352] [D] [SingleNodeWorker] [WorkerThread-0] [] [SourceThread.cpp:184] [start] Starting source with originId: 2[m
[36m[00:17:48.468765] [D] [SingleNodeWorker] [WorkerThread-1] [Task:850146015-119] [BufferManager.cpp:65] [~BufferManager] Calling BufferManager::destroy()[m
[36m[00:17:48.468805] [D] [SingleNodeWorker] [WorkerThread-1] [Task:850146015-119] [BufferManager.cpp:93] [~BufferManager] Shutting down Buffer Manager completed[m
[36m[00:17:56.117328] [D] [SingleNodeWorker] [WorkerThread-2] [Task:850146015] [SourceThread.cpp:230] [tryStop] SourceThread 2: attempting to stop source[m
[36m[00:17:56.117398] [D] [SingleNodeWorker] [WorkerThread-2] [Task:850146015] [SourceThread.cpp:248] [tryStop] SourceThread 2: stopped[m
[32m[00:17:56.143601] [I] [SingleNodeWorker] [WorkerThread-3] [] [SequenceShredder.cpp:55] [~SequenceShredder] Successfully validated SequenceShredder[m
[32m[00:17:56.144328] [I] [SingleNodeWorker] [WorkerThread-1] [Task:850146015-120] [VoidSink.cpp:42] [stop] Void Sink completed.[m
[36m[00:17:56.144469] [D] [SingleNodeWorker] [WorkerThread-1] [] [SourceThread.cpp:226] [tryStop] SourceThread 2: thread is not running[m
[36m[00:17:59.039952] [D] [Not A Worker] [unnamed] [queryId:622697233] [BufferManager.cpp:110] [initialize] NES memory allocation requires 1 out of 540577120256 (so 1.8498748143954595e-10%) available bytes[m
[36m[00:17:59.040007] [D] [Not A Worker] [unnamed] [queryId:622697233] [BufferManager.cpp:160] [initialize] BufferManager configuration bufferSize=1 numOfBuffers=1[m
[36m[00:17:59.040172] [D] [Not A Worker] [unnamed] [queryId:622697233] [PipeliningPhase.cpp:365] [apply] Constructed pipeline plan with 1 root pipelines.
PipelinedQueryPlan for Query: 622697233
Number of root pipelines: 1
------------------
Root Pipeline 0:
  Pipeline(ID(121), Provider(COMPILER))
  Operator chain:
    PhysicalOperator(NES::SourcePhysicalOperator)
  Successor Pipeline:
    Pipeline(ID(122), Provider(None))
      Operator chain:
        PhysicalOperator(NES::ScanPhysicalOperator)
          PhysicalOperator(NES::SelectionPhysicalOperator)
            PhysicalOperator(NES::MapPhysicalOperator)
              PhysicalOperator(NES::EmitPhysicalOperator)
      Successor Pipeline:
        Pipeline(ID(123), Provider(None))
          Operator chain:
            PhysicalOperator(NES::SinkPhysicalOperator)

[m
[36m[00:17:59.043006] [D] [Not A Worker] [unnamed] [] [SinkProvider.cpp:30] [lower] The sinkDescriptor is: SinkDescriptor: (name: variant("PERSON_ID_SINK"), type: Void, Config: )[m
[36m[00:17:59.048085] [D] [SingleNodeWorker] [WorkerThread-2] [Task:622697233-123] [VoidSink.cpp:37] [start] Setting up void sink: VoidSink[m
[36m[00:17:59.144510] [D] [SingleNodeWorker] [WorkerThread-2] [] [SourceThread.cpp:184] [start] Starting source with originId: 2[m
[36m[00:17:59.153950] [D] [SingleNodeWorker] [WorkerThread-2] [Task:622697233-122] [BufferManager.cpp:65] [~BufferManager] Calling BufferManager::destroy()[m
[36m[00:17:59.153976] [D] [SingleNodeWorker] [WorkerThread-2] [Task:622697233-122] [BufferManager.cpp:93] [~BufferManager] Shutting down Buffer Manager completed[m
[36m[00:18:06.388216] [D] [SingleNodeWorker] [WorkerThread-1] [Task:622697233] [SourceThread.cpp:230] [tryStop] SourceThread 2: attempting to stop source[m
[36m[00:18:06.388263] [D] [SingleNodeWorker] [WorkerThread-1] [Task:622697233] [SourceThread.cpp:248] [tryStop] SourceThread 2: stopped[m
[32m[00:18:06.415322] [I] [SingleNodeWorker] [WorkerThread-0] [] [SequenceShredder.cpp:55] [~SequenceShredder] Successfully validated SequenceShredder[m
[32m[00:18:06.423324] [I] [SingleNodeWorker] [WorkerThread-1] [Task:622697233-123] [VoidSink.cpp:42] [stop] Void Sink completed.[m
[36m[00:18:06.423446] [D] [SingleNodeWorker] [WorkerThread-1] [] [SourceThread.cpp:226] [tryStop] SourceThread 2: thread is not running[m
[36m[00:18:09.725343] [D] [Not A Worker] [unnamed] [queryId:770043617] [BufferManager.cpp:110] [initialize] NES memory allocation requires 1 out of 540577120256 (so 1.8498748143954595e-10%) available bytes[m
[36m[00:18:09.725392] [D] [Not A Worker] [unnamed] [queryId:770043617] [BufferManager.cpp:160] [initialize] BufferManager configuration bufferSize=1 numOfBuffers=1[m
[36m[00:18:09.725566] [D] [Not A Worker] [unnamed] [queryId:770043617] [PipeliningPhase.cpp:365] [apply] Constructed pipeline plan with 1 root pipelines.
PipelinedQueryPlan for Query: 770043617
Number of root pipelines: 1
------------------
Root Pipeline 0:
  Pipeline(ID(124), Provider(COMPILER))
  Operator chain:
    PhysicalOperator(NES::SourcePhysicalOperator)
  Successor Pipeline:
    Pipeline(ID(125), Provider(None))
      Operator chain:
        PhysicalOperator(NES::ScanPhysicalOperator)
          PhysicalOperator(NES::SelectionPhysicalOperator)
            PhysicalOperator(NES::MapPhysicalOperator)
              PhysicalOperator(NES::EmitPhysicalOperator)
      Successor Pipeline:
        Pipeline(ID(126), Provider(None))
          Operator chain:
            PhysicalOperator(NES::SinkPhysicalOperator)

[m
[36m[00:18:09.729101] [D] [Not A Worker] [unnamed] [] [SinkProvider.cpp:30] [lower] The sinkDescriptor is: SinkDescriptor: (name: variant("PERSON_ID_SINK"), type: Void, Config: )[m
[36m[00:18:09.731275] [D] [SingleNodeWorker] [WorkerThread-2] [Task:770043617-126] [VoidSink.cpp:37] [start] Setting up void sink: VoidSink[m
[36m[00:18:09.834086] [D] [SingleNodeWorker] [WorkerThread-2] [] [SourceThread.cpp:184] [start] Starting source with originId: 2[m
[36m[00:18:09.844176] [D] [SingleNodeWorker] [WorkerThread-2] [Task:770043617-125] [BufferManager.cpp:65] [~BufferManager] Calling BufferManager::destroy()[m
[36m[00:18:09.844206] [D] [SingleNodeWorker] [WorkerThread-2] [Task:770043617-125] [BufferManager.cpp:93] [~BufferManager] Shutting down Buffer Manager completed[m
[36m[00:18:17.097123] [D] [SingleNodeWorker] [WorkerThread-3] [Task:770043617] [SourceThread.cpp:230] [tryStop] SourceThread 2: attempting to stop source[m
[36m[00:18:17.097173] [D] [SingleNodeWorker] [WorkerThread-3] [Task:770043617] [SourceThread.cpp:248] [tryStop] SourceThread 2: stopped[m
[32m[00:18:17.125439] [I] [SingleNodeWorker] [WorkerThread-0] [] [SequenceShredder.cpp:55] [~SequenceShredder] Successfully validated SequenceShredder[m
[32m[00:18:17.127095] [I] [SingleNodeWorker] [WorkerThread-2] [Task:770043617-126] [VoidSink.cpp:42] [stop] Void Sink completed.[m
[36m[00:18:17.127219] [D] [SingleNodeWorker] [WorkerThread-2] [] [SourceThread.cpp:226] [tryStop] SourceThread 2: thread is not running[m
[36m[00:18:20.433263] [D] [Not A Worker] [unnamed] [queryId:1768410989] [BufferManager.cpp:110] [initialize] NES memory allocation requires 1 out of 540577120256 (so 1.8498748143954595e-10%) available bytes[m
[36m[00:18:20.433319] [D] [Not A Worker] [unnamed] [queryId:1768410989] [BufferManager.cpp:160] [initialize] BufferManager configuration bufferSize=1 numOfBuffers=1[m
[36m[00:18:20.433544] [D] [Not A Worker] [unnamed] [queryId:1768410989] [PipeliningPhase.cpp:365] [apply] Constructed pipeline plan with 1 root pipelines.
PipelinedQueryPlan for Query: 1768410989
Number of root pipelines: 1
------------------
Root Pipeline 0:
  Pipeline(ID(127), Provider(COMPILER))
  Operator chain:
    PhysicalOperator(NES::SourcePhysicalOperator)
  Successor Pipeline:
    Pipeline(ID(128), Provider(None))
      Operator chain:
        PhysicalOperator(NES::ScanPhysicalOperator)
          PhysicalOperator(NES::SelectionPhysicalOperator)
            PhysicalOperator(NES::MapPhysicalOperator)
              PhysicalOperator(NES::EmitPhysicalOperator)
      Successor Pipeline:
        Pipeline(ID(129), Provider(None))
          Operator chain:
            PhysicalOperator(NES::SinkPhysicalOperator)

[m
[36m[00:18:20.437134] [D] [Not A Worker] [unnamed] [] [SinkProvider.cpp:30] [lower] The sinkDescriptor is: SinkDescriptor: (name: variant("PERSON_ID_SINK"), type: Void, Config: )[m
[36m[00:18:20.438080] [D] [SingleNodeWorker] [WorkerThread-0] [Task:1768410989-129] [VoidSink.cpp:37] [start] Setting up void sink: VoidSink[m
[36m[00:18:20.531703] [D] [SingleNodeWorker] [WorkerThread-0] [] [SourceThread.cpp:184] [start] Starting source with originId: 2[m
[36m[00:18:20.541353] [D] [SingleNodeWorker] [WorkerThread-0] [Task:1768410989-128] [BufferManager.cpp:65] [~BufferManager] Calling BufferManager::destroy()[m
[36m[00:18:20.541379] [D] [SingleNodeWorker] [WorkerThread-0] [Task:1768410989-128] [BufferManager.cpp:93] [~BufferManager] Shutting down Buffer Manager completed[m
[36m[00:18:27.770313] [D] [SingleNodeWorker] [WorkerThread-2] [Task:1768410989] [SourceThread.cpp:230] [tryStop] SourceThread 2: attempting to stop source[m
[36m[00:18:27.770367] [D] [SingleNodeWorker] [WorkerThread-2] [Task:1768410989] [SourceThread.cpp:248] [tryStop] SourceThread 2: stopped[m
[32m[00:18:27.800206] [I] [SingleNodeWorker] [WorkerThread-0] [] [SequenceShredder.cpp:55] [~SequenceShredder] Successfully validated SequenceShredder[m
[32m[00:18:27.801648] [I] [SingleNodeWorker] [WorkerThread-3] [Task:1768410989-129] [VoidSink.cpp:42] [stop] Void Sink completed.[m
[36m[00:18:27.801770] [D] [SingleNodeWorker] [WorkerThread-3] [] [SourceThread.cpp:226] [tryStop] SourceThread 2: thread is not running[m
[36m[00:18:31.164589] [D] [Not A Worker] [unnamed] [queryId:639837467] [BufferManager.cpp:110] [initialize] NES memory allocation requires 1 out of 540577120256 (so 1.8498748143954595e-10%) available bytes[m
[36m[00:18:31.164655] [D] [Not A Worker] [unnamed] [queryId:639837467] [BufferManager.cpp:160] [initialize] BufferManager configuration bufferSize=1 numOfBuffers=1[m
[36m[00:18:31.164833] [D] [Not A Worker] [unnamed] [queryId:639837467] [PipeliningPhase.cpp:365] [apply] Constructed pipeline plan with 1 root pipelines.
PipelinedQueryPlan for Query: 639837467
Number of root pipelines: 1
------------------
Root Pipeline 0:
  Pipeline(ID(130), Provider(COMPILER))
  Operator chain:
    PhysicalOperator(NES::SourcePhysicalOperator)
  Successor Pipeline:
    Pipeline(ID(131), Provider(None))
      Operator chain:
        PhysicalOperator(NES::ScanPhysicalOperator)
          PhysicalOperator(NES::SelectionPhysicalOperator)
            PhysicalOperator(NES::MapPhysicalOperator)
              PhysicalOperator(NES::EmitPhysicalOperator)
      Successor Pipeline:
        Pipeline(ID(132), Provider(None))
          Operator chain:
            PhysicalOperator(NES::SinkPhysicalOperator)

[m
[36m[00:18:31.168173] [D] [Not A Worker] [unnamed] [] [SinkProvider.cpp:30] [lower] The sinkDescriptor is: SinkDescriptor: (name: variant("PERSON_ID_SINK"), type: Void, Config: )[m
[36m[00:18:31.178853] [D] [SingleNodeWorker] [WorkerThread-3] [Task:639837467-132] [VoidSink.cpp:37] [start] Setting up void sink: VoidSink[m
[36m[00:18:31.265733] [D] [SingleNodeWorker] [WorkerThread-3] [] [SourceThread.cpp:184] [start] Starting source with originId: 2[m
[36m[00:18:31.275611] [D] [SingleNodeWorker] [WorkerThread-3] [Task:639837467-131] [BufferManager.cpp:65] [~BufferManager] Calling BufferManager::destroy()[m
[36m[00:18:31.275639] [D] [SingleNodeWorker] [WorkerThread-3] [Task:639837467-131] [BufferManager.cpp:93] [~BufferManager] Shutting down Buffer Manager completed[m
[36m[00:18:38.523739] [D] [SingleNodeWorker] [WorkerThread-1] [Task:639837467] [SourceThread.cpp:230] [tryStop] SourceThread 2: attempting to stop source[m
[36m[00:18:38.523783] [D] [SingleNodeWorker] [WorkerThread-1] [Task:639837467] [SourceThread.cpp:248] [tryStop] SourceThread 2: stopped[m
[32m[00:18:38.552580] [I] [SingleNodeWorker] [WorkerThread-0] [] [SequenceShredder.cpp:55] [~SequenceShredder] Successfully validated SequenceShredder[m
[32m[00:18:38.553927] [I] [SingleNodeWorker] [WorkerThread-3] [Task:639837467-132] [VoidSink.cpp:42] [stop] Void Sink completed.[m
[36m[00:18:38.554063] [D] [SingleNodeWorker] [WorkerThread-3] [] [SourceThread.cpp:226] [tryStop] SourceThread 2: thread is not running[m
[36m[00:18:41.821853] [D] [Not A Worker] [unnamed] [queryId:929112084] [BufferManager.cpp:110] [initialize] NES memory allocation requires 1 out of 540577120256 (so 1.8498748143954595e-10%) available bytes[m
[36m[00:18:41.821902] [D] [Not A Worker] [unnamed] [queryId:929112084] [BufferManager.cpp:160] [initialize] BufferManager configuration bufferSize=1 numOfBuffers=1[m
[36m[00:18:41.822108] [D] [Not A Worker] [unnamed] [queryId:929112084] [PipeliningPhase.cpp:365] [apply] Constructed pipeline plan with 1 root pipelines.
PipelinedQueryPlan for Query: 929112084
Number of root pipelines: 1
------------------
Root Pipeline 0:
  Pipeline(ID(133), Provider(COMPILER))
  Operator chain:
    PhysicalOperator(NES::SourcePhysicalOperator)
  Successor Pipeline:
    Pipeline(ID(134), Provider(None))
      Operator chain:
        PhysicalOperator(NES::ScanPhysicalOperator)
          PhysicalOperator(NES::SelectionPhysicalOperator)
            PhysicalOperator(NES::MapPhysicalOperator)
              PhysicalOperator(NES::EmitPhysicalOperator)
      Successor Pipeline:
        Pipeline(ID(135), Provider(None))
          Operator chain:
            PhysicalOperator(NES::SinkPhysicalOperator)

[m
[36m[00:18:41.824805] [D] [Not A Worker] [unnamed] [] [SinkProvider.cpp:30] [lower] The sinkDescriptor is: SinkDescriptor: (name: variant("PERSON_ID_SINK"), type: Void, Config: )[m
[36m[00:18:41.827305] [D] [SingleNodeWorker] [WorkerThread-1] [Task:929112084-135] [VoidSink.cpp:37] [start] Setting up void sink: VoidSink[m
[36m[00:18:41.925714] [D] [SingleNodeWorker] [WorkerThread-1] [] [SourceThread.cpp:184] [start] Starting source with originId: 2[m
[36m[00:18:41.935652] [D] [SingleNodeWorker] [WorkerThread-1] [Task:929112084-134] [BufferManager.cpp:65] [~BufferManager] Calling BufferManager::destroy()[m
[36m[00:18:41.935680] [D] [SingleNodeWorker] [WorkerThread-1] [Task:929112084-134] [BufferManager.cpp:93] [~BufferManager] Shutting down Buffer Manager completed[m
[36m[00:18:49.171975] [D] [SingleNodeWorker] [WorkerThread-2] [Task:929112084] [SourceThread.cpp:230] [tryStop] SourceThread 2: attempting to stop source[m
[36m[00:18:49.172026] [D] [SingleNodeWorker] [WorkerThread-2] [Task:929112084] [SourceThread.cpp:248] [tryStop] SourceThread 2: stopped[m
[32m[00:18:49.202023] [I] [SingleNodeWorker] [WorkerThread-1] [] [SequenceShredder.cpp:55] [~SequenceShredder] Successfully validated SequenceShredder[m
[32m[00:18:49.202960] [I] [SingleNodeWorker] [WorkerThread-3] [Task:929112084-135] [VoidSink.cpp:42] [stop] Void Sink completed.[m
[36m[00:18:49.203086] [D] [SingleNodeWorker] [WorkerThread-3] [] [SourceThread.cpp:226] [tryStop] SourceThread 2: thread is not running[m
[36m[00:18:52.499540] [D] [Not A Worker] [unnamed] [queryId:1576123189] [BufferManager.cpp:110] [initialize] NES memory allocation requires 1 out of 540577120256 (so 1.8498748143954595e-10%) available bytes[m
[36m[00:18:52.499593] [D] [Not A Worker] [unnamed] [queryId:1576123189] [BufferManager.cpp:160] [initialize] BufferManager configuration bufferSize=1 numOfBuffers=1[m
[36m[00:18:52.499766] [D] [Not A Worker] [unnamed] [queryId:1576123189] [PipeliningPhase.cpp:365] [apply] Constructed pipeline plan with 1 root pipelines.
PipelinedQueryPlan for Query: 1576123189
Number of root pipelines: 1
------------------
Root Pipeline 0:
  Pipeline(ID(136), Provider(COMPILER))
  Operator chain:
    PhysicalOperator(NES::SourcePhysicalOperator)
  Successor Pipeline:
    Pipeline(ID(137), Provider(None))
      Operator chain:
        PhysicalOperator(NES::ScanPhysicalOperator)
          PhysicalOperator(NES::SelectionPhysicalOperator)
            PhysicalOperator(NES::MapPhysicalOperator)
              PhysicalOperator(NES::EmitPhysicalOperator)
      Successor Pipeline:
        Pipeline(ID(138), Provider(None))
          Operator chain:
            PhysicalOperator(NES::SinkPhysicalOperator)

[m
[36m[00:18:52.503358] [D] [Not A Worker] [unnamed] [] [SinkProvider.cpp:30] [lower] The sinkDescriptor is: SinkDescriptor: (name: variant("PERSON_ID_SINK"), type: Void, Config: )[m
[36m[00:18:52.509869] [D] [SingleNodeWorker] [WorkerThread-0] [Task:1576123189-138] [VoidSink.cpp:37] [start] Setting up void sink: VoidSink[m
[36m[00:18:52.609433] [D] [SingleNodeWorker] [WorkerThread-0] [] [SourceThread.cpp:184] [start] Starting source with originId: 2[m
[36m[00:18:52.619364] [D] [SingleNodeWorker] [WorkerThread-0] [Task:1576123189-137] [BufferManager.cpp:65] [~BufferManager] Calling BufferManager::destroy()[m
[36m[00:18:52.619398] [D] [SingleNodeWorker] [WorkerThread-0] [Task:1576123189-137] [BufferManager.cpp:93] [~BufferManager] Shutting down Buffer Manager completed[m
[36m[00:18:59.902856] [D] [SingleNodeWorker] [WorkerThread-3] [Task:1576123189] [SourceThread.cpp:230] [tryStop] SourceThread 2: attempting to stop source[m
[36m[00:18:59.902913] [D] [SingleNodeWorker] [WorkerThread-3] [Task:1576123189] [SourceThread.cpp:248] [tryStop] SourceThread 2: stopped[m
[32m[00:18:59.932419] [I] [SingleNodeWorker] [WorkerThread-2] [] [SequenceShredder.cpp:55] [~SequenceShredder] Successfully validated SequenceShredder[m
[32m[00:18:59.933537] [I] [SingleNodeWorker] [WorkerThread-1] [Task:1576123189-138] [VoidSink.cpp:42] [stop] Void Sink completed.[m
[36m[00:18:59.933677] [D] [SingleNodeWorker] [WorkerThread-1] [] [SourceThread.cpp:226] [tryStop] SourceThread 2: thread is not running[m
[36m[00:19:03.314003] [D] [Not A Worker] [unnamed] [queryId:1495430065] [BufferManager.cpp:110] [initialize] NES memory allocation requires 1 out of 540577120256 (so 1.8498748143954595e-10%) available bytes[m
[36m[00:19:03.314059] [D] [Not A Worker] [unnamed] [queryId:1495430065] [BufferManager.cpp:160] [initialize] BufferManager configuration bufferSize=1 numOfBuffers=1[m
[36m[00:19:03.314239] [D] [Not A Worker] [unnamed] [queryId:1495430065] [PipeliningPhase.cpp:365] [apply] Constructed pipeline plan with 1 root pipelines.
PipelinedQueryPlan for Query: 1495430065
Number of root pipelines: 1
------------------
Root Pipeline 0:
  Pipeline(ID(139), Provider(COMPILER))
  Operator chain:
    PhysicalOperator(NES::SourcePhysicalOperator)
  Successor Pipeline:
    Pipeline(ID(140), Provider(None))
      Operator chain:
        PhysicalOperator(NES::ScanPhysicalOperator)
          PhysicalOperator(NES::SelectionPhysicalOperator)
            PhysicalOperator(NES::MapPhysicalOperator)
              PhysicalOperator(NES::EmitPhysicalOperator)
      Successor Pipeline:
        Pipeline(ID(141), Provider(None))
          Operator chain:
            PhysicalOperator(NES::SinkPhysicalOperator)

[m
[36m[00:19:03.317703] [D] [Not A Worker] [unnamed] [] [SinkProvider.cpp:30] [lower] The sinkDescriptor is: SinkDescriptor: (name: variant("PERSON_ID_SINK"), type: Void, Config: )[m
[36m[00:19:03.322046] [D] [SingleNodeWorker] [WorkerThread-2] [Task:1495430065-141] [VoidSink.cpp:37] [start] Setting up void sink: VoidSink[m
[36m[00:19:03.421456] [D] [SingleNodeWorker] [WorkerThread-2] [] [SourceThread.cpp:184] [start] Starting source with originId: 2[m
[36m[00:19:03.431602] [D] [SingleNodeWorker] [WorkerThread-2] [Task:1495430065-140] [BufferManager.cpp:65] [~BufferManager] Calling BufferManager::destroy()[m
[36m[00:19:03.431632] [D] [SingleNodeWorker] [WorkerThread-2] [Task:1495430065-140] [BufferManager.cpp:93] [~BufferManager] Shutting down Buffer Manager completed[m
[36m[00:19:10.717729] [D] [SingleNodeWorker] [WorkerThread-3] [Task:1495430065] [SourceThread.cpp:230] [tryStop] SourceThread 2: attempting to stop source[m
[36m[00:19:10.717789] [D] [SingleNodeWorker] [WorkerThread-3] [Task:1495430065] [SourceThread.cpp:248] [tryStop] SourceThread 2: stopped[m
[32m[00:19:10.744119] [I] [SingleNodeWorker] [WorkerThread-1] [] [SequenceShredder.cpp:55] [~SequenceShredder] Successfully validated SequenceShredder[m
[32m[00:19:10.753571] [I] [SingleNodeWorker] [WorkerThread-0] [Task:1495430065-141] [VoidSink.cpp:42] [stop] Void Sink completed.[m
[36m[00:19:10.753702] [D] [SingleNodeWorker] [WorkerThread-0] [] [SourceThread.cpp:226] [tryStop] SourceThread 2: thread is not running[m
[36m[00:19:14.041389] [D] [Not A Worker] [unnamed] [queryId:37833680] [BufferManager.cpp:110] [initialize] NES memory allocation requires 1 out of 540577120256 (so 1.8498748143954595e-10%) available bytes[m
[36m[00:19:14.041440] [D] [Not A Worker] [unnamed] [queryId:37833680] [BufferManager.cpp:160] [initialize] BufferManager configuration bufferSize=1 numOfBuffers=1[m
[36m[00:19:14.041608] [D] [Not A Worker] [unnamed] [queryId:37833680] [PipeliningPhase.cpp:365] [apply] Constructed pipeline plan with 1 root pipelines.
PipelinedQueryPlan for Query: 37833680
Number of root pipelines: 1
------------------
Root Pipeline 0:
  Pipeline(ID(142), Provider(COMPILER))
  Operator chain:
    PhysicalOperator(NES::SourcePhysicalOperator)
  Successor Pipeline:
    Pipeline(ID(143), Provider(None))
      Operator chain:
        PhysicalOperator(NES::ScanPhysicalOperator)
          PhysicalOperator(NES::SelectionPhysicalOperator)
            PhysicalOperator(NES::MapPhysicalOperator)
              PhysicalOperator(NES::EmitPhysicalOperator)
      Successor Pipeline:
        Pipeline(ID(144), Provider(None))
          Operator chain:
            PhysicalOperator(NES::SinkPhysicalOperator)

[m
[36m[00:19:14.045328] [D] [Not A Worker] [unnamed] [] [SinkProvider.cpp:30] [lower] The sinkDescriptor is: SinkDescriptor: (name: variant("PERSON_ID_SINK"), type: Void, Config: )[m
[36m[00:19:14.051106] [D] [SingleNodeWorker] [WorkerThread-3] [Task:37833680-144] [VoidSink.cpp:37] [start] Setting up void sink: VoidSink[m
[36m[00:19:14.148641] [D] [SingleNodeWorker] [WorkerThread-3] [] [SourceThread.cpp:184] [start] Starting source with originId: 2[m
[36m[00:19:14.158777] [D] [SingleNodeWorker] [WorkerThread-3] [Task:37833680-143] [BufferManager.cpp:65] [~BufferManager] Calling BufferManager::destroy()[m
[36m[00:19:14.158803] [D] [SingleNodeWorker] [WorkerThread-3] [Task:37833680-143] [BufferManager.cpp:93] [~BufferManager] Shutting down Buffer Manager completed[m
[36m[00:19:21.387566] [D] [SingleNodeWorker] [WorkerThread-3] [Task:37833680] [SourceThread.cpp:230] [tryStop] SourceThread 2: attempting to stop source[m
[36m[00:19:21.387616] [D] [SingleNodeWorker] [WorkerThread-3] [Task:37833680] [SourceThread.cpp:248] [tryStop] SourceThread 2: stopped[m
[32m[00:19:21.415059] [I] [SingleNodeWorker] [WorkerThread-0] [] [SequenceShredder.cpp:55] [~SequenceShredder] Successfully validated SequenceShredder[m
[32m[00:19:21.422437] [I] [SingleNodeWorker] [WorkerThread-0] [Task:37833680-144] [VoidSink.cpp:42] [stop] Void Sink completed.[m
[36m[00:19:21.422499] [D] [SingleNodeWorker] [WorkerThread-0] [] [SourceThread.cpp:226] [tryStop] SourceThread 2: thread is not running[m
[36m[00:19:24.673335] [D] [Not A Worker] [unnamed] [queryId:37054278] [BufferManager.cpp:110] [initialize] NES memory allocation requires 1 out of 540577120256 (so 1.8498748143954595e-10%) available bytes[m
[36m[00:19:24.673386] [D] [Not A Worker] [unnamed] [queryId:37054278] [BufferManager.cpp:160] [initialize] BufferManager configuration bufferSize=1 numOfBuffers=1[m
[36m[00:19:24.673548] [D] [Not A Worker] [unnamed] [queryId:37054278] [PipeliningPhase.cpp:365] [apply] Constructed pipeline plan with 1 root pipelines.
PipelinedQueryPlan for Query: 37054278
Number of root pipelines: 1
------------------
Root Pipeline 0:
  Pipeline(ID(145), Provider(COMPILER))
  Operator chain:
    PhysicalOperator(NES::SourcePhysicalOperator)
  Successor Pipeline:
    Pipeline(ID(146), Provider(None))
      Operator chain:
        PhysicalOperator(NES::ScanPhysicalOperator)
          PhysicalOperator(NES::SelectionPhysicalOperator)
            PhysicalOperator(NES::MapPhysicalOperator)
              PhysicalOperator(NES::EmitPhysicalOperator)
      Successor Pipeline:
        Pipeline(ID(147), Provider(None))
          Operator chain:
            PhysicalOperator(NES::SinkPhysicalOperator)

[m
[36m[00:19:24.676720] [D] [Not A Worker] [unnamed] [] [SinkProvider.cpp:30] [lower] The sinkDescriptor is: SinkDescriptor: (name: variant("PERSON_ID_SINK"), type: Void, Config: )[m
[36m[00:19:24.680630] [D] [SingleNodeWorker] [WorkerThread-1] [Task:37054278-147] [VoidSink.cpp:37] [start] Setting up void sink: VoidSink[m
[36m[00:19:24.776983] [D] [SingleNodeWorker] [WorkerThread-1] [] [SourceThread.cpp:184] [start] Starting source with originId: 2[m
[36m[00:19:24.787037] [D] [SingleNodeWorker] [WorkerThread-1] [Task:37054278-146] [BufferManager.cpp:65] [~BufferManager] Calling BufferManager::destroy()[m
[36m[00:19:24.787067] [D] [SingleNodeWorker] [WorkerThread-1] [Task:37054278-146] [BufferManager.cpp:93] [~BufferManager] Shutting down Buffer Manager completed[m
[36m[00:19:32.014056] [D] [SingleNodeWorker] [WorkerThread-0] [Task:37054278] [SourceThread.cpp:230] [tryStop] SourceThread 2: attempting to stop source[m
[36m[00:19:32.014097] [D] [SingleNodeWorker] [WorkerThread-0] [Task:37054278] [SourceThread.cpp:248] [tryStop] SourceThread 2: stopped[m
[32m[00:19:32.040228] [I] [SingleNodeWorker] [WorkerThread-1] [Task:37054278-147] [VoidSink.cpp:42] [stop] Void Sink completed.[m
[32m[00:19:32.040258] [I] [SingleNodeWorker] [WorkerThread-2] [] [SequenceShredder.cpp:55] [~SequenceShredder] Successfully validated SequenceShredder[m
[36m[00:19:32.040359] [D] [SingleNodeWorker] [WorkerThread-1] [] [SourceThread.cpp:226] [tryStop] SourceThread 2: thread is not running[m
[36m[00:19:35.270136] [D] [Not A Worker] [unnamed] [queryId:927289624] [BufferManager.cpp:110] [initialize] NES memory allocation requires 1 out of 540577120256 (so 1.8498748143954595e-10%) available bytes[m
[36m[00:19:35.270190] [D] [Not A Worker] [unnamed] [queryId:927289624] [BufferManager.cpp:160] [initialize] BufferManager configuration bufferSize=1 numOfBuffers=1[m
[36m[00:19:35.270356] [D] [Not A Worker] [unnamed] [queryId:927289624] [PipeliningPhase.cpp:365] [apply] Constructed pipeline plan with 1 root pipelines.
PipelinedQueryPlan for Query: 927289624
Number of root pipelines: 1
------------------
Root Pipeline 0:
  Pipeline(ID(148), Provider(COMPILER))
  Operator chain:
    PhysicalOperator(NES::SourcePhysicalOperator)
  Successor Pipeline:
    Pipeline(ID(149), Provider(None))
      Operator chain:
        PhysicalOperator(NES::ScanPhysicalOperator)
          PhysicalOperator(NES::SelectionPhysicalOperator)
            PhysicalOperator(NES::MapPhysicalOperator)
              PhysicalOperator(NES::EmitPhysicalOperator)
      Successor Pipeline:
        Pipeline(ID(150), Provider(None))
          Operator chain:
            PhysicalOperator(NES::SinkPhysicalOperator)

[m
[36m[00:19:35.273279] [D] [Not A Worker] [unnamed] [] [SinkProvider.cpp:30] [lower] The sinkDescriptor is: SinkDescriptor: (name: variant("PERSON_ID_SINK"), type: Void, Config: )[m
[36m[00:19:35.274010] [D] [SingleNodeWorker] [WorkerThread-0] [Task:927289624-150] [VoidSink.cpp:37] [start] Setting up void sink: VoidSink[m
[36m[00:19:35.374106] [D] [SingleNodeWorker] [WorkerThread-0] [] [SourceThread.cpp:184] [start] Starting source with originId: 2[m
[36m[00:19:35.384120] [D] [SingleNodeWorker] [WorkerThread-0] [Task:927289624-149] [BufferManager.cpp:65] [~BufferManager] Calling BufferManager::destroy()[m
[36m[00:19:35.384147] [D] [SingleNodeWorker] [WorkerThread-0] [Task:927289624-149] [BufferManager.cpp:93] [~BufferManager] Shutting down Buffer Manager completed[m
[36m[00:19:42.605053] [D] [SingleNodeWorker] [WorkerThread-2] [Task:927289624] [SourceThread.cpp:230] [tryStop] SourceThread 2: attempting to stop source[m
[36m[00:19:42.605103] [D] [SingleNodeWorker] [WorkerThread-2] [Task:927289624] [SourceThread.cpp:248] [tryStop] SourceThread 2: stopped[m
[32m[00:19:42.632356] [I] [SingleNodeWorker] [WorkerThread-0] [Task:927289624-150] [VoidSink.cpp:42] [stop] Void Sink completed.[m
[36m[00:19:42.632493] [D] [SingleNodeWorker] [WorkerThread-0] [] [SourceThread.cpp:226] [tryStop] SourceThread 2: thread is not running[m
[32m[00:19:42.632625] [I] [SingleNodeWorker] [WorkerThread-1] [] [SequenceShredder.cpp:55] [~SequenceShredder] Successfully validated SequenceShredder[m
