[32m[01:21:24.299391] [I] [Not A Worker] [unnamed] [] [SingleNodeWorker.cpp:63] [SingleNodeWorker] Starting SingleNodeWorker SingleNodeWorker with configuration:
worker.query_engine.number_of_worker_threads: 2
worker.query_engine.admission_queue_size: 1000 (default)
worker.default_query_execution.execution_mode: COMPILER (default)
worker.default_query_execution.page_size: 1024 (default)
worker.default_query_execution.number_of_partitions: 100 (default)
worker.default_query_execution.number_of_records_per_key: 10 (default)
worker.default_query_execution.max_number_of_buckets: 10000 (default)
worker.default_query_execution.operator_buffer_size: 262144
worker.default_query_optimization.join_strategy: OPTIMIZER_CHOOSES (default)
worker.number_of_buffers_in_global_buffer_manager: 32768 (default)
worker.default_max_inflight_buffers: 64 (default)
worker.dump_compilation_result: NONE (default)
worker.dump_graph: 0 (default)
grpc: [::]:8080 (default)
enable_event_trace: 0 (default)
[m
[36m[01:21:24.300779] [D] [Not A Worker] [unnamed] [] [BufferManager.cpp:110] [initialize] NES memory allocation requires 8589934592 out of 540577120256 (so 1.5890303659045137%) available bytes[m
[36m[01:21:24.393974] [D] [Not A Worker] [unnamed] [] [BufferManager.cpp:160] [initialize] BufferManager configuration bufferSize=262144 numOfBuffers=32768[m
[32m[01:21:24.402363] [I] [Not A Worker] [unnamed] [] [SingleNodeWorkerStarter.cpp:93] [main] Server listening on [::]:8080[m
[36m[01:21:26.843313] [D] [Not A Worker] [unnamed] [queryId:803328674] [BufferManager.cpp:110] [initialize] NES memory allocation requires 1 out of 540577120256 (so 1.8498748143954595e-10%) available bytes[m
[36m[01:21:26.843363] [D] [Not A Worker] [unnamed] [queryId:803328674] [BufferManager.cpp:160] [initialize] BufferManager configuration bufferSize=1 numOfBuffers=1[m
[36m[01:21:26.843553] [D] [Not A Worker] [unnamed] [queryId:803328674] [PipeliningPhase.cpp:365] [apply] Constructed pipeline plan with 1 root pipelines.
PipelinedQueryPlan for Query: 803328674
Number of root pipelines: 1
------------------
Root Pipeline 0:
  Pipeline(ID(1), Provider(COMPILER))
  Operator chain:
    PhysicalOperator(NES::SourcePhysicalOperator)
  Successor Pipeline:
    Pipeline(ID(2), Provider(None))
      Operator chain:
        PhysicalOperator(NES::ScanPhysicalOperator)
          PhysicalOperator(NES::SelectionPhysicalOperator)
            PhysicalOperator(NES::MapPhysicalOperator)
              PhysicalOperator(NES::EmitPhysicalOperator)
      Successor Pipeline:
        Pipeline(ID(3), Provider(None))
          Operator chain:
            PhysicalOperator(NES::SinkPhysicalOperator)

[m
[36m[01:21:26.847507] [D] [Not A Worker] [unnamed] [] [SinkProvider.cpp:30] [lower] The sinkDescriptor is: SinkDescriptor: (name: variant("PERSON_ID_SINK"), type: Void, Config: )[m
[36m[01:21:26.854679] [D] [SingleNodeWorker] [WorkerThread-1] [Task:803328674-3] [VoidSink.cpp:37] [start] Setting up void sink: VoidSink[m
[36m[01:21:26.950305] [D] [SingleNodeWorker] [WorkerThread-1] [] [SourceThread.cpp:184] [start] Starting source with originId: 2[m
[36m[01:21:26.952002] [D] [SingleNodeWorker] [WorkerThread-1] [Task:803328674-2] [BufferManager.cpp:65] [~BufferManager] Calling BufferManager::destroy()[m
[36m[01:21:26.952028] [D] [SingleNodeWorker] [WorkerThread-1] [Task:803328674-2] [BufferManager.cpp:93] [~BufferManager] Shutting down Buffer Manager completed[m
[36m[01:21:37.460484] [D] [SingleNodeWorker] [WorkerThread-0] [Task:803328674] [SourceThread.cpp:230] [tryStop] SourceThread 2: attempting to stop source[m
[36m[01:21:37.460541] [D] [SingleNodeWorker] [WorkerThread-0] [Task:803328674] [SourceThread.cpp:248] [tryStop] SourceThread 2: stopped[m
[32m[01:21:37.488384] [I] [SingleNodeWorker] [WorkerThread-1] [] [SequenceShredder.cpp:55] [~SequenceShredder] Successfully validated SequenceShredder[m
[32m[01:21:37.496448] [I] [SingleNodeWorker] [WorkerThread-0] [Task:803328674-3] [VoidSink.cpp:42] [stop] Void Sink completed.[m
[36m[01:21:37.496601] [D] [SingleNodeWorker] [WorkerThread-0] [] [SourceThread.cpp:226] [tryStop] SourceThread 2: thread is not running[m
[36m[01:21:40.474207] [D] [Not A Worker] [unnamed] [queryId:1211641821] [BufferManager.cpp:110] [initialize] NES memory allocation requires 1 out of 540577120256 (so 1.8498748143954595e-10%) available bytes[m
[36m[01:21:40.474256] [D] [Not A Worker] [unnamed] [queryId:1211641821] [BufferManager.cpp:160] [initialize] BufferManager configuration bufferSize=1 numOfBuffers=1[m
[36m[01:21:40.474442] [D] [Not A Worker] [unnamed] [queryId:1211641821] [PipeliningPhase.cpp:365] [apply] Constructed pipeline plan with 1 root pipelines.
PipelinedQueryPlan for Query: 1211641821
Number of root pipelines: 1
------------------
Root Pipeline 0:
  Pipeline(ID(4), Provider(COMPILER))
  Operator chain:
    PhysicalOperator(NES::SourcePhysicalOperator)
  Successor Pipeline:
    Pipeline(ID(5), Provider(None))
      Operator chain:
        PhysicalOperator(NES::ScanPhysicalOperator)
          PhysicalOperator(NES::SelectionPhysicalOperator)
            PhysicalOperator(NES::MapPhysicalOperator)
              PhysicalOperator(NES::EmitPhysicalOperator)
      Successor Pipeline:
        Pipeline(ID(6), Provider(None))
          Operator chain:
            PhysicalOperator(NES::SinkPhysicalOperator)

[m
[36m[01:21:40.478140] [D] [Not A Worker] [unnamed] [] [SinkProvider.cpp:30] [lower] The sinkDescriptor is: SinkDescriptor: (name: variant("PERSON_ID_SINK"), type: Void, Config: )[m
[36m[01:21:40.496626] [D] [SingleNodeWorker] [WorkerThread-1] [Task:1211641821-6] [VoidSink.cpp:37] [start] Setting up void sink: VoidSink[m
[36m[01:21:40.593627] [D] [SingleNodeWorker] [WorkerThread-1] [] [SourceThread.cpp:184] [start] Starting source with originId: 2[m
[36m[01:21:40.595478] [D] [SingleNodeWorker] [WorkerThread-1] [Task:1211641821-5] [BufferManager.cpp:65] [~BufferManager] Calling BufferManager::destroy()[m
[36m[01:21:40.595511] [D] [SingleNodeWorker] [WorkerThread-1] [Task:1211641821-5] [BufferManager.cpp:93] [~BufferManager] Shutting down Buffer Manager completed[m
[36m[01:21:51.147033] [D] [SingleNodeWorker] [WorkerThread-0] [Task:1211641821] [SourceThread.cpp:230] [tryStop] SourceThread 2: attempting to stop source[m
[36m[01:21:51.147083] [D] [SingleNodeWorker] [WorkerThread-0] [Task:1211641821] [SourceThread.cpp:248] [tryStop] SourceThread 2: stopped[m
[32m[01:21:51.183436] [I] [SingleNodeWorker] [WorkerThread-0] [] [SequenceShredder.cpp:55] [~SequenceShredder] Successfully validated SequenceShredder[m
[32m[01:21:51.183835] [I] [SingleNodeWorker] [WorkerThread-1] [Task:1211641821-6] [VoidSink.cpp:42] [stop] Void Sink completed.[m
[36m[01:21:51.184071] [D] [SingleNodeWorker] [WorkerThread-1] [] [SourceThread.cpp:226] [tryStop] SourceThread 2: thread is not running[m
[36m[01:21:54.201892] [D] [Not A Worker] [unnamed] [queryId:937568076] [BufferManager.cpp:110] [initialize] NES memory allocation requires 1 out of 540577120256 (so 1.8498748143954595e-10%) available bytes[m
[36m[01:21:54.201973] [D] [Not A Worker] [unnamed] [queryId:937568076] [BufferManager.cpp:160] [initialize] BufferManager configuration bufferSize=1 numOfBuffers=1[m
[36m[01:21:54.202208] [D] [Not A Worker] [unnamed] [queryId:937568076] [PipeliningPhase.cpp:365] [apply] Constructed pipeline plan with 1 root pipelines.
PipelinedQueryPlan for Query: 937568076
Number of root pipelines: 1
------------------
Root Pipeline 0:
  Pipeline(ID(7), Provider(COMPILER))
  Operator chain:
    PhysicalOperator(NES::SourcePhysicalOperator)
  Successor Pipeline:
    Pipeline(ID(8), Provider(None))
      Operator chain:
        PhysicalOperator(NES::ScanPhysicalOperator)
          PhysicalOperator(NES::SelectionPhysicalOperator)
            PhysicalOperator(NES::MapPhysicalOperator)
              PhysicalOperator(NES::EmitPhysicalOperator)
      Successor Pipeline:
        Pipeline(ID(9), Provider(None))
          Operator chain:
            PhysicalOperator(NES::SinkPhysicalOperator)

[m
[36m[01:21:54.206173] [D] [Not A Worker] [unnamed] [] [SinkProvider.cpp:30] [lower] The sinkDescriptor is: SinkDescriptor: (name: variant("PERSON_ID_SINK"), type: Void, Config: )[m
[36m[01:21:54.207500] [D] [SingleNodeWorker] [WorkerThread-0] [Task:937568076-9] [VoidSink.cpp:37] [start] Setting up void sink: VoidSink[m
[36m[01:21:54.310780] [D] [SingleNodeWorker] [WorkerThread-0] [] [SourceThread.cpp:184] [start] Starting source with originId: 2[m
[36m[01:21:54.312001] [D] [SingleNodeWorker] [WorkerThread-0] [Task:937568076-8] [BufferManager.cpp:65] [~BufferManager] Calling BufferManager::destroy()[m
[36m[01:21:54.312026] [D] [SingleNodeWorker] [WorkerThread-0] [Task:937568076-8] [BufferManager.cpp:93] [~BufferManager] Shutting down Buffer Manager completed[m
[36m[01:22:04.866152] [D] [SingleNodeWorker] [WorkerThread-0] [Task:937568076] [SourceThread.cpp:230] [tryStop] SourceThread 2: attempting to stop source[m
[36m[01:22:04.866194] [D] [SingleNodeWorker] [WorkerThread-0] [Task:937568076] [SourceThread.cpp:248] [tryStop] SourceThread 2: stopped[m
[32m[01:22:04.894223] [I] [SingleNodeWorker] [WorkerThread-1] [] [SequenceShredder.cpp:55] [~SequenceShredder] Successfully validated SequenceShredder[m
[32m[01:22:04.903068] [I] [SingleNodeWorker] [WorkerThread-0] [Task:937568076-9] [VoidSink.cpp:42] [stop] Void Sink completed.[m
[36m[01:22:04.903200] [D] [SingleNodeWorker] [WorkerThread-0] [] [SourceThread.cpp:226] [tryStop] SourceThread 2: thread is not running[m
[36m[01:22:07.746137] [D] [Not A Worker] [unnamed] [queryId:820328962] [BufferManager.cpp:110] [initialize] NES memory allocation requires 1 out of 540577120256 (so 1.8498748143954595e-10%) available bytes[m
[36m[01:22:07.746183] [D] [Not A Worker] [unnamed] [queryId:820328962] [BufferManager.cpp:160] [initialize] BufferManager configuration bufferSize=1 numOfBuffers=1[m
[36m[01:22:07.746363] [D] [Not A Worker] [unnamed] [queryId:820328962] [PipeliningPhase.cpp:365] [apply] Constructed pipeline plan with 1 root pipelines.
PipelinedQueryPlan for Query: 820328962
Number of root pipelines: 1
------------------
Root Pipeline 0:
  Pipeline(ID(10), Provider(COMPILER))
  Operator chain:
    PhysicalOperator(NES::SourcePhysicalOperator)
  Successor Pipeline:
    Pipeline(ID(11), Provider(None))
      Operator chain:
        PhysicalOperator(NES::ScanPhysicalOperator)
          PhysicalOperator(NES::SelectionPhysicalOperator)
            PhysicalOperator(NES::MapPhysicalOperator)
              PhysicalOperator(NES::EmitPhysicalOperator)
      Successor Pipeline:
        Pipeline(ID(12), Provider(None))
          Operator chain:
            PhysicalOperator(NES::SinkPhysicalOperator)

[m
[36m[01:22:07.750339] [D] [Not A Worker] [unnamed] [] [SinkProvider.cpp:30] [lower] The sinkDescriptor is: SinkDescriptor: (name: variant("PERSON_ID_SINK"), type: Void, Config: )[m
[36m[01:22:07.780471] [D] [SingleNodeWorker] [WorkerThread-1] [Task:820328962-12] [VoidSink.cpp:37] [start] Setting up void sink: VoidSink[m
[36m[01:22:07.873540] [D] [SingleNodeWorker] [WorkerThread-1] [] [SourceThread.cpp:184] [start] Starting source with originId: 2[m
[36m[01:22:07.875832] [D] [SingleNodeWorker] [WorkerThread-1] [Task:820328962-11] [BufferManager.cpp:65] [~BufferManager] Calling BufferManager::destroy()[m
[36m[01:22:07.875863] [D] [SingleNodeWorker] [WorkerThread-1] [Task:820328962-11] [BufferManager.cpp:93] [~BufferManager] Shutting down Buffer Manager completed[m
[36m[01:22:18.314128] [D] [SingleNodeWorker] [WorkerThread-0] [Task:820328962] [SourceThread.cpp:230] [tryStop] SourceThread 2: attempting to stop source[m
[36m[01:22:18.314173] [D] [SingleNodeWorker] [WorkerThread-0] [Task:820328962] [SourceThread.cpp:248] [tryStop] SourceThread 2: stopped[m
[32m[01:22:18.340531] [I] [SingleNodeWorker] [WorkerThread-1] [] [SequenceShredder.cpp:55] [~SequenceShredder] Successfully validated SequenceShredder[m
[32m[01:22:18.350459] [I] [SingleNodeWorker] [WorkerThread-0] [Task:820328962-12] [VoidSink.cpp:42] [stop] Void Sink completed.[m
[36m[01:22:18.350585] [D] [SingleNodeWorker] [WorkerThread-0] [] [SourceThread.cpp:226] [tryStop] SourceThread 2: thread is not running[m
[36m[01:22:21.225477] [D] [Not A Worker] [unnamed] [queryId:261128811] [BufferManager.cpp:110] [initialize] NES memory allocation requires 1 out of 540577120256 (so 1.8498748143954595e-10%) available bytes[m
[36m[01:22:21.225540] [D] [Not A Worker] [unnamed] [queryId:261128811] [BufferManager.cpp:160] [initialize] BufferManager configuration bufferSize=1 numOfBuffers=1[m
[36m[01:22:21.225748] [D] [Not A Worker] [unnamed] [queryId:261128811] [PipeliningPhase.cpp:365] [apply] Constructed pipeline plan with 1 root pipelines.
PipelinedQueryPlan for Query: 261128811
Number of root pipelines: 1
------------------
Root Pipeline 0:
  Pipeline(ID(13), Provider(COMPILER))
  Operator chain:
    PhysicalOperator(NES::SourcePhysicalOperator)
  Successor Pipeline:
    Pipeline(ID(14), Provider(None))
      Operator chain:
        PhysicalOperator(NES::ScanPhysicalOperator)
          PhysicalOperator(NES::SelectionPhysicalOperator)
            PhysicalOperator(NES::MapPhysicalOperator)
              PhysicalOperator(NES::EmitPhysicalOperator)
      Successor Pipeline:
        Pipeline(ID(15), Provider(None))
          Operator chain:
            PhysicalOperator(NES::SinkPhysicalOperator)

[m
[36m[01:22:21.229909] [D] [Not A Worker] [unnamed] [] [SinkProvider.cpp:30] [lower] The sinkDescriptor is: SinkDescriptor: (name: variant("PERSON_ID_SINK"), type: Void, Config: )[m
[36m[01:22:21.234532] [D] [SingleNodeWorker] [WorkerThread-1] [Task:261128811-15] [VoidSink.cpp:37] [start] Setting up void sink: VoidSink[m
[36m[01:22:21.323834] [D] [SingleNodeWorker] [WorkerThread-1] [] [SourceThread.cpp:184] [start] Starting source with originId: 2[m
[36m[01:22:21.325439] [D] [SingleNodeWorker] [WorkerThread-1] [Task:261128811-14] [BufferManager.cpp:65] [~BufferManager] Calling BufferManager::destroy()[m
[36m[01:22:21.325464] [D] [SingleNodeWorker] [WorkerThread-1] [Task:261128811-14] [BufferManager.cpp:93] [~BufferManager] Shutting down Buffer Manager completed[m
[36m[01:22:31.788907] [D] [SingleNodeWorker] [WorkerThread-0] [Task:261128811] [SourceThread.cpp:230] [tryStop] SourceThread 2: attempting to stop source[m
[36m[01:22:31.788950] [D] [SingleNodeWorker] [WorkerThread-0] [Task:261128811] [SourceThread.cpp:248] [tryStop] SourceThread 2: stopped[m
[32m[01:22:31.817545] [I] [SingleNodeWorker] [WorkerThread-1] [] [SequenceShredder.cpp:55] [~SequenceShredder] Successfully validated SequenceShredder[m
[32m[01:22:31.824924] [I] [SingleNodeWorker] [WorkerThread-0] [Task:261128811-15] [VoidSink.cpp:42] [stop] Void Sink completed.[m
[36m[01:22:31.825059] [D] [SingleNodeWorker] [WorkerThread-0] [] [SourceThread.cpp:226] [tryStop] SourceThread 2: thread is not running[m
[36m[01:22:34.845349] [D] [Not A Worker] [unnamed] [queryId:334545882] [BufferManager.cpp:110] [initialize] NES memory allocation requires 1 out of 540577120256 (so 1.8498748143954595e-10%) available bytes[m
[36m[01:22:34.845397] [D] [Not A Worker] [unnamed] [queryId:334545882] [BufferManager.cpp:160] [initialize] BufferManager configuration bufferSize=1 numOfBuffers=1[m
[36m[01:22:34.845602] [D] [Not A Worker] [unnamed] [queryId:334545882] [PipeliningPhase.cpp:365] [apply] Constructed pipeline plan with 1 root pipelines.
PipelinedQueryPlan for Query: 334545882
Number of root pipelines: 1
------------------
Root Pipeline 0:
  Pipeline(ID(16), Provider(COMPILER))
  Operator chain:
    PhysicalOperator(NES::SourcePhysicalOperator)
  Successor Pipeline:
    Pipeline(ID(17), Provider(None))
      Operator chain:
        PhysicalOperator(NES::ScanPhysicalOperator)
          PhysicalOperator(NES::SelectionPhysicalOperator)
            PhysicalOperator(NES::MapPhysicalOperator)
              PhysicalOperator(NES::EmitPhysicalOperator)
      Successor Pipeline:
        Pipeline(ID(18), Provider(None))
          Operator chain:
            PhysicalOperator(NES::SinkPhysicalOperator)

[m
[36m[01:22:34.849163] [D] [Not A Worker] [unnamed] [] [SinkProvider.cpp:30] [lower] The sinkDescriptor is: SinkDescriptor: (name: variant("PERSON_ID_SINK"), type: Void, Config: )[m
[36m[01:22:34.860566] [D] [SingleNodeWorker] [WorkerThread-0] [Task:334545882-18] [VoidSink.cpp:37] [start] Setting up void sink: VoidSink[m
[36m[01:22:34.953320] [D] [SingleNodeWorker] [WorkerThread-0] [] [SourceThread.cpp:184] [start] Starting source with originId: 2[m
[36m[01:22:34.955550] [D] [SingleNodeWorker] [WorkerThread-0] [Task:334545882-17] [BufferManager.cpp:65] [~BufferManager] Calling BufferManager::destroy()[m
[36m[01:22:34.955576] [D] [SingleNodeWorker] [WorkerThread-0] [Task:334545882-17] [BufferManager.cpp:93] [~BufferManager] Shutting down Buffer Manager completed[m
[36m[01:22:45.404672] [D] [SingleNodeWorker] [WorkerThread-0] [Task:334545882] [SourceThread.cpp:230] [tryStop] SourceThread 2: attempting to stop source[m
[36m[01:22:45.404714] [D] [SingleNodeWorker] [WorkerThread-0] [Task:334545882] [SourceThread.cpp:248] [tryStop] SourceThread 2: stopped[m
[32m[01:22:45.431134] [I] [SingleNodeWorker] [WorkerThread-1] [] [SequenceShredder.cpp:55] [~SequenceShredder] Successfully validated SequenceShredder[m
[32m[01:22:45.440360] [I] [SingleNodeWorker] [WorkerThread-0] [Task:334545882-18] [VoidSink.cpp:42] [stop] Void Sink completed.[m
[36m[01:22:45.440532] [D] [SingleNodeWorker] [WorkerThread-0] [] [SourceThread.cpp:226] [tryStop] SourceThread 2: thread is not running[m
[36m[01:22:48.192169] [D] [Not A Worker] [unnamed] [queryId:649488275] [BufferManager.cpp:110] [initialize] NES memory allocation requires 1 out of 540577120256 (so 1.8498748143954595e-10%) available bytes[m
[36m[01:22:48.192234] [D] [Not A Worker] [unnamed] [queryId:649488275] [BufferManager.cpp:160] [initialize] BufferManager configuration bufferSize=1 numOfBuffers=1[m
[36m[01:22:48.192443] [D] [Not A Worker] [unnamed] [queryId:649488275] [PipeliningPhase.cpp:365] [apply] Constructed pipeline plan with 1 root pipelines.
PipelinedQueryPlan for Query: 649488275
Number of root pipelines: 1
------------------
Root Pipeline 0:
  Pipeline(ID(19), Provider(COMPILER))
  Operator chain:
    PhysicalOperator(NES::SourcePhysicalOperator)
  Successor Pipeline:
    Pipeline(ID(20), Provider(None))
      Operator chain:
        PhysicalOperator(NES::ScanPhysicalOperator)
          PhysicalOperator(NES::SelectionPhysicalOperator)
            PhysicalOperator(NES::MapPhysicalOperator)
              PhysicalOperator(NES::EmitPhysicalOperator)
      Successor Pipeline:
        Pipeline(ID(21), Provider(None))
          Operator chain:
            PhysicalOperator(NES::SinkPhysicalOperator)

[m
[36m[01:22:48.195997] [D] [Not A Worker] [unnamed] [] [SinkProvider.cpp:30] [lower] The sinkDescriptor is: SinkDescriptor: (name: variant("PERSON_ID_SINK"), type: Void, Config: )[m
[36m[01:22:48.210083] [D] [SingleNodeWorker] [WorkerThread-1] [Task:649488275-21] [VoidSink.cpp:37] [start] Setting up void sink: VoidSink[m
[36m[01:22:48.299231] [D] [SingleNodeWorker] [WorkerThread-1] [] [SourceThread.cpp:184] [start] Starting source with originId: 2[m
[36m[01:22:48.300802] [D] [SingleNodeWorker] [WorkerThread-1] [Task:649488275-20] [BufferManager.cpp:65] [~BufferManager] Calling BufferManager::destroy()[m
[36m[01:22:48.300825] [D] [SingleNodeWorker] [WorkerThread-1] [Task:649488275-20] [BufferManager.cpp:93] [~BufferManager] Shutting down Buffer Manager completed[m
[36m[01:22:58.762762] [D] [SingleNodeWorker] [WorkerThread-0] [Task:649488275] [SourceThread.cpp:230] [tryStop] SourceThread 2: attempting to stop source[m
[36m[01:22:58.762808] [D] [SingleNodeWorker] [WorkerThread-0] [Task:649488275] [SourceThread.cpp:248] [tryStop] SourceThread 2: stopped[m
[32m[01:22:58.790170] [I] [SingleNodeWorker] [WorkerThread-1] [] [SequenceShredder.cpp:55] [~SequenceShredder] Successfully validated SequenceShredder[m
[32m[01:22:58.798380] [I] [SingleNodeWorker] [WorkerThread-0] [Task:649488275-21] [VoidSink.cpp:42] [stop] Void Sink completed.[m
[36m[01:22:58.798502] [D] [SingleNodeWorker] [WorkerThread-0] [] [SourceThread.cpp:226] [tryStop] SourceThread 2: thread is not running[m
[36m[01:23:01.645584] [D] [Not A Worker] [unnamed] [queryId:1269738473] [BufferManager.cpp:110] [initialize] NES memory allocation requires 1 out of 540577120256 (so 1.8498748143954595e-10%) available bytes[m
[36m[01:23:01.645634] [D] [Not A Worker] [unnamed] [queryId:1269738473] [BufferManager.cpp:160] [initialize] BufferManager configuration bufferSize=1 numOfBuffers=1[m
[36m[01:23:01.645804] [D] [Not A Worker] [unnamed] [queryId:1269738473] [PipeliningPhase.cpp:365] [apply] Constructed pipeline plan with 1 root pipelines.
PipelinedQueryPlan for Query: 1269738473
Number of root pipelines: 1
------------------
Root Pipeline 0:
  Pipeline(ID(22), Provider(COMPILER))
  Operator chain:
    PhysicalOperator(NES::SourcePhysicalOperator)
  Successor Pipeline:
    Pipeline(ID(23), Provider(None))
      Operator chain:
        PhysicalOperator(NES::ScanPhysicalOperator)
          PhysicalOperator(NES::SelectionPhysicalOperator)
            PhysicalOperator(NES::MapPhysicalOperator)
              PhysicalOperator(NES::EmitPhysicalOperator)
      Successor Pipeline:
        Pipeline(ID(24), Provider(None))
          Operator chain:
            PhysicalOperator(NES::SinkPhysicalOperator)

[m
[36m[01:23:01.649130] [D] [Not A Worker] [unnamed] [] [SinkProvider.cpp:30] [lower] The sinkDescriptor is: SinkDescriptor: (name: variant("PERSON_ID_SINK"), type: Void, Config: )[m
[36m[01:23:01.660545] [D] [SingleNodeWorker] [WorkerThread-1] [Task:1269738473-24] [VoidSink.cpp:37] [start] Setting up void sink: VoidSink[m
[36m[01:23:01.749953] [D] [SingleNodeWorker] [WorkerThread-1] [] [SourceThread.cpp:184] [start] Starting source with originId: 2[m
[36m[01:23:01.752112] [D] [SingleNodeWorker] [WorkerThread-1] [Task:1269738473-23] [BufferManager.cpp:65] [~BufferManager] Calling BufferManager::destroy()[m
[36m[01:23:01.752145] [D] [SingleNodeWorker] [WorkerThread-1] [Task:1269738473-23] [BufferManager.cpp:93] [~BufferManager] Shutting down Buffer Manager completed[m
[36m[01:23:12.190212] [D] [SingleNodeWorker] [WorkerThread-1] [Task:1269738473] [SourceThread.cpp:230] [tryStop] SourceThread 2: attempting to stop source[m
[36m[01:23:12.190264] [D] [SingleNodeWorker] [WorkerThread-1] [Task:1269738473] [SourceThread.cpp:248] [tryStop] SourceThread 2: stopped[m
[32m[01:23:12.217775] [I] [SingleNodeWorker] [WorkerThread-0] [] [SequenceShredder.cpp:55] [~SequenceShredder] Successfully validated SequenceShredder[m
[32m[01:23:12.227349] [I] [SingleNodeWorker] [WorkerThread-1] [Task:1269738473-24] [VoidSink.cpp:42] [stop] Void Sink completed.[m
[36m[01:23:12.227501] [D] [SingleNodeWorker] [WorkerThread-1] [] [SourceThread.cpp:226] [tryStop] SourceThread 2: thread is not running[m
[36m[01:23:15.147681] [D] [Not A Worker] [unnamed] [queryId:999473396] [BufferManager.cpp:110] [initialize] NES memory allocation requires 1 out of 540577120256 (so 1.8498748143954595e-10%) available bytes[m
[36m[01:23:15.147745] [D] [Not A Worker] [unnamed] [queryId:999473396] [BufferManager.cpp:160] [initialize] BufferManager configuration bufferSize=1 numOfBuffers=1[m
[36m[01:23:15.147945] [D] [Not A Worker] [unnamed] [queryId:999473396] [PipeliningPhase.cpp:365] [apply] Constructed pipeline plan with 1 root pipelines.
PipelinedQueryPlan for Query: 999473396
Number of root pipelines: 1
------------------
Root Pipeline 0:
  Pipeline(ID(25), Provider(COMPILER))
  Operator chain:
    PhysicalOperator(NES::SourcePhysicalOperator)
  Successor Pipeline:
    Pipeline(ID(26), Provider(None))
      Operator chain:
        PhysicalOperator(NES::ScanPhysicalOperator)
          PhysicalOperator(NES::SelectionPhysicalOperator)
            PhysicalOperator(NES::MapPhysicalOperator)
              PhysicalOperator(NES::EmitPhysicalOperator)
      Successor Pipeline:
        Pipeline(ID(27), Provider(None))
          Operator chain:
            PhysicalOperator(NES::SinkPhysicalOperator)

[m
[36m[01:23:15.151939] [D] [Not A Worker] [unnamed] [] [SinkProvider.cpp:30] [lower] The sinkDescriptor is: SinkDescriptor: (name: variant("PERSON_ID_SINK"), type: Void, Config: )[m
[36m[01:23:15.154379] [D] [SingleNodeWorker] [WorkerThread-0] [Task:999473396-27] [VoidSink.cpp:37] [start] Setting up void sink: VoidSink[m
[36m[01:23:15.250321] [D] [SingleNodeWorker] [WorkerThread-0] [] [SourceThread.cpp:184] [start] Starting source with originId: 2[m
[36m[01:23:15.251922] [D] [SingleNodeWorker] [WorkerThread-0] [Task:999473396-26] [BufferManager.cpp:65] [~BufferManager] Calling BufferManager::destroy()[m
[36m[01:23:15.251949] [D] [SingleNodeWorker] [WorkerThread-0] [Task:999473396-26] [BufferManager.cpp:93] [~BufferManager] Shutting down Buffer Manager completed[m
[36m[01:23:25.697732] [D] [SingleNodeWorker] [WorkerThread-1] [Task:999473396] [SourceThread.cpp:230] [tryStop] SourceThread 2: attempting to stop source[m
[36m[01:23:25.697783] [D] [SingleNodeWorker] [WorkerThread-1] [Task:999473396] [SourceThread.cpp:248] [tryStop] SourceThread 2: stopped[m
[32m[01:23:25.724776] [I] [SingleNodeWorker] [WorkerThread-0] [] [SequenceShredder.cpp:55] [~SequenceShredder] Successfully validated SequenceShredder[m
[32m[01:23:25.735200] [I] [SingleNodeWorker] [WorkerThread-1] [Task:999473396-27] [VoidSink.cpp:42] [stop] Void Sink completed.[m
[36m[01:23:25.735329] [D] [SingleNodeWorker] [WorkerThread-1] [] [SourceThread.cpp:226] [tryStop] SourceThread 2: thread is not running[m
[36m[01:23:28.663380] [D] [Not A Worker] [unnamed] [queryId:1050925819] [BufferManager.cpp:110] [initialize] NES memory allocation requires 1 out of 540577120256 (so 1.8498748143954595e-10%) available bytes[m
[36m[01:23:28.663433] [D] [Not A Worker] [unnamed] [queryId:1050925819] [BufferManager.cpp:160] [initialize] BufferManager configuration bufferSize=1 numOfBuffers=1[m
[36m[01:23:28.663617] [D] [Not A Worker] [unnamed] [queryId:1050925819] [PipeliningPhase.cpp:365] [apply] Constructed pipeline plan with 1 root pipelines.
PipelinedQueryPlan for Query: 1050925819
Number of root pipelines: 1
------------------
Root Pipeline 0:
  Pipeline(ID(28), Provider(COMPILER))
  Operator chain:
    PhysicalOperator(NES::SourcePhysicalOperator)
  Successor Pipeline:
    Pipeline(ID(29), Provider(None))
      Operator chain:
        PhysicalOperator(NES::ScanPhysicalOperator)
          PhysicalOperator(NES::SelectionPhysicalOperator)
            PhysicalOperator(NES::MapPhysicalOperator)
              PhysicalOperator(NES::EmitPhysicalOperator)
      Successor Pipeline:
        Pipeline(ID(30), Provider(None))
          Operator chain:
            PhysicalOperator(NES::SinkPhysicalOperator)

[m
[36m[01:23:28.667238] [D] [Not A Worker] [unnamed] [] [SinkProvider.cpp:30] [lower] The sinkDescriptor is: SinkDescriptor: (name: variant("PERSON_ID_SINK"), type: Void, Config: )[m
[36m[01:23:28.668986] [D] [SingleNodeWorker] [WorkerThread-1] [Task:1050925819-30] [VoidSink.cpp:37] [start] Setting up void sink: VoidSink[m
[36m[01:23:28.757526] [D] [SingleNodeWorker] [WorkerThread-1] [] [SourceThread.cpp:184] [start] Starting source with originId: 2[m
[36m[01:23:28.759731] [D] [SingleNodeWorker] [WorkerThread-1] [Task:1050925819-29] [BufferManager.cpp:65] [~BufferManager] Calling BufferManager::destroy()[m
[36m[01:23:28.759762] [D] [SingleNodeWorker] [WorkerThread-1] [Task:1050925819-29] [BufferManager.cpp:93] [~BufferManager] Shutting down Buffer Manager completed[m
[36m[01:23:34.432832] [D] [SingleNodeWorker] [WorkerThread-1] [Task:1050925819-29] [InputFormatter.hpp:348] [indexTrailingSpanningTupleProxy] last offset: 262143, first offset: 327[m
[36m[01:23:39.187761] [D] [SingleNodeWorker] [WorkerThread-0] [Task:1050925819] [SourceThread.cpp:230] [tryStop] SourceThread 2: attempting to stop source[m
[36m[01:23:39.187807] [D] [SingleNodeWorker] [WorkerThread-0] [Task:1050925819] [SourceThread.cpp:248] [tryStop] SourceThread 2: stopped[m
[32m[01:23:39.213846] [I] [SingleNodeWorker] [WorkerThread-0] [] [SequenceShredder.cpp:55] [~SequenceShredder] Successfully validated SequenceShredder[m
[32m[01:23:39.224430] [I] [SingleNodeWorker] [WorkerThread-1] [Task:1050925819-30] [VoidSink.cpp:42] [stop] Void Sink completed.[m
[36m[01:23:39.224572] [D] [SingleNodeWorker] [WorkerThread-1] [] [SourceThread.cpp:226] [tryStop] SourceThread 2: thread is not running[m
[36m[01:23:42.090962] [D] [Not A Worker] [unnamed] [queryId:847145423] [BufferManager.cpp:110] [initialize] NES memory allocation requires 1 out of 540577120256 (so 1.8498748143954595e-10%) available bytes[m
[36m[01:23:42.091017] [D] [Not A Worker] [unnamed] [queryId:847145423] [BufferManager.cpp:160] [initialize] BufferManager configuration bufferSize=1 numOfBuffers=1[m
[36m[01:23:42.091210] [D] [Not A Worker] [unnamed] [queryId:847145423] [PipeliningPhase.cpp:365] [apply] Constructed pipeline plan with 1 root pipelines.
PipelinedQueryPlan for Query: 847145423
Number of root pipelines: 1
------------------
Root Pipeline 0:
  Pipeline(ID(31), Provider(COMPILER))
  Operator chain:
    PhysicalOperator(NES::SourcePhysicalOperator)
  Successor Pipeline:
    Pipeline(ID(32), Provider(None))
      Operator chain:
        PhysicalOperator(NES::ScanPhysicalOperator)
          PhysicalOperator(NES::SelectionPhysicalOperator)
            PhysicalOperator(NES::MapPhysicalOperator)
              PhysicalOperator(NES::EmitPhysicalOperator)
      Successor Pipeline:
        Pipeline(ID(33), Provider(None))
          Operator chain:
            PhysicalOperator(NES::SinkPhysicalOperator)

[m
[36m[01:23:42.094728] [D] [Not A Worker] [unnamed] [] [SinkProvider.cpp:30] [lower] The sinkDescriptor is: SinkDescriptor: (name: variant("PERSON_ID_SINK"), type: Void, Config: )[m
[36m[01:23:42.096981] [D] [SingleNodeWorker] [WorkerThread-0] [Task:847145423-33] [VoidSink.cpp:37] [start] Setting up void sink: VoidSink[m
[36m[01:23:42.190970] [D] [SingleNodeWorker] [WorkerThread-0] [] [SourceThread.cpp:184] [start] Starting source with originId: 2[m
[36m[01:23:42.193491] [D] [SingleNodeWorker] [WorkerThread-0] [Task:847145423-32] [BufferManager.cpp:65] [~BufferManager] Calling BufferManager::destroy()[m
[36m[01:23:42.193519] [D] [SingleNodeWorker] [WorkerThread-0] [Task:847145423-32] [BufferManager.cpp:93] [~BufferManager] Shutting down Buffer Manager completed[m
[36m[01:23:52.639483] [D] [SingleNodeWorker] [WorkerThread-1] [Task:847145423] [SourceThread.cpp:230] [tryStop] SourceThread 2: attempting to stop source[m
[36m[01:23:52.639553] [D] [SingleNodeWorker] [WorkerThread-1] [Task:847145423] [SourceThread.cpp:248] [tryStop] SourceThread 2: stopped[m
[32m[01:23:52.639628] [I] [SingleNodeWorker] [WorkerThread-0] [Task:847145423-33] [VoidSink.cpp:42] [stop] Void Sink completed.[m
[36m[01:23:52.639686] [D] [SingleNodeWorker] [WorkerThread-0] [] [SourceThread.cpp:226] [tryStop] SourceThread 2: thread is not running[m
[32m[01:23:52.639758] [I] [SingleNodeWorker] [WorkerThread-1] [] [SequenceShredder.cpp:55] [~SequenceShredder] Successfully validated SequenceShredder[m
[36m[01:23:55.303821] [D] [Not A Worker] [unnamed] [queryId:154309746] [BufferManager.cpp:110] [initialize] NES memory allocation requires 1 out of 540577120256 (so 1.8498748143954595e-10%) available bytes[m
[36m[01:23:55.303869] [D] [Not A Worker] [unnamed] [queryId:154309746] [BufferManager.cpp:160] [initialize] BufferManager configuration bufferSize=1 numOfBuffers=1[m
[36m[01:23:55.304044] [D] [Not A Worker] [unnamed] [queryId:154309746] [PipeliningPhase.cpp:365] [apply] Constructed pipeline plan with 1 root pipelines.
PipelinedQueryPlan for Query: 154309746
Number of root pipelines: 1
------------------
Root Pipeline 0:
  Pipeline(ID(34), Provider(COMPILER))
  Operator chain:
    PhysicalOperator(NES::SourcePhysicalOperator)
  Successor Pipeline:
    Pipeline(ID(35), Provider(None))
      Operator chain:
        PhysicalOperator(NES::ScanPhysicalOperator)
          PhysicalOperator(NES::SelectionPhysicalOperator)
            PhysicalOperator(NES::MapPhysicalOperator)
              PhysicalOperator(NES::EmitPhysicalOperator)
      Successor Pipeline:
        Pipeline(ID(36), Provider(None))
          Operator chain:
            PhysicalOperator(NES::SinkPhysicalOperator)

[m
[36m[01:23:55.307530] [D] [Not A Worker] [unnamed] [] [SinkProvider.cpp:30] [lower] The sinkDescriptor is: SinkDescriptor: (name: variant("PERSON_ID_SINK"), type: Void, Config: )[m
[36m[01:23:55.317100] [D] [SingleNodeWorker] [WorkerThread-0] [Task:154309746-36] [VoidSink.cpp:37] [start] Setting up void sink: VoidSink[m
[36m[01:23:55.412582] [D] [SingleNodeWorker] [WorkerThread-0] [] [SourceThread.cpp:184] [start] Starting source with originId: 2[m
[36m[01:23:55.414123] [D] [SingleNodeWorker] [WorkerThread-0] [Task:154309746-35] [BufferManager.cpp:65] [~BufferManager] Calling BufferManager::destroy()[m
[36m[01:23:55.414149] [D] [SingleNodeWorker] [WorkerThread-0] [Task:154309746-35] [BufferManager.cpp:93] [~BufferManager] Shutting down Buffer Manager completed[m
[36m[01:24:05.819139] [D] [SingleNodeWorker] [WorkerThread-0] [Task:154309746] [SourceThread.cpp:230] [tryStop] SourceThread 2: attempting to stop source[m
[36m[01:24:05.819179] [D] [SingleNodeWorker] [WorkerThread-0] [Task:154309746] [SourceThread.cpp:248] [tryStop] SourceThread 2: stopped[m
[32m[01:24:05.845140] [I] [SingleNodeWorker] [WorkerThread-1] [] [SequenceShredder.cpp:55] [~SequenceShredder] Successfully validated SequenceShredder[m
[32m[01:24:05.855120] [I] [SingleNodeWorker] [WorkerThread-0] [Task:154309746-36] [VoidSink.cpp:42] [stop] Void Sink completed.[m
[36m[01:24:05.855239] [D] [SingleNodeWorker] [WorkerThread-0] [] [SourceThread.cpp:226] [tryStop] SourceThread 2: thread is not running[m
[36m[01:24:08.777229] [D] [Not A Worker] [unnamed] [queryId:1198706845] [BufferManager.cpp:110] [initialize] NES memory allocation requires 1 out of 540577120256 (so 1.8498748143954595e-10%) available bytes[m
[36m[01:24:08.777278] [D] [Not A Worker] [unnamed] [queryId:1198706845] [BufferManager.cpp:160] [initialize] BufferManager configuration bufferSize=1 numOfBuffers=1[m
[36m[01:24:08.777471] [D] [Not A Worker] [unnamed] [queryId:1198706845] [PipeliningPhase.cpp:365] [apply] Constructed pipeline plan with 1 root pipelines.
PipelinedQueryPlan for Query: 1198706845
Number of root pipelines: 1
------------------
Root Pipeline 0:
  Pipeline(ID(37), Provider(COMPILER))
  Operator chain:
    PhysicalOperator(NES::SourcePhysicalOperator)
  Successor Pipeline:
    Pipeline(ID(38), Provider(None))
      Operator chain:
        PhysicalOperator(NES::ScanPhysicalOperator)
          PhysicalOperator(NES::SelectionPhysicalOperator)
            PhysicalOperator(NES::MapPhysicalOperator)
              PhysicalOperator(NES::EmitPhysicalOperator)
      Successor Pipeline:
        Pipeline(ID(39), Provider(None))
          Operator chain:
            PhysicalOperator(NES::SinkPhysicalOperator)

[m
[36m[01:24:08.780488] [D] [Not A Worker] [unnamed] [] [SinkProvider.cpp:30] [lower] The sinkDescriptor is: SinkDescriptor: (name: variant("PERSON_ID_SINK"), type: Void, Config: )[m
[36m[01:24:08.784069] [D] [SingleNodeWorker] [WorkerThread-1] [Task:1198706845-39] [VoidSink.cpp:37] [start] Setting up void sink: VoidSink[m
[36m[01:24:08.872379] [D] [SingleNodeWorker] [WorkerThread-1] [] [SourceThread.cpp:184] [start] Starting source with originId: 2[m
[36m[01:24:08.873943] [D] [SingleNodeWorker] [WorkerThread-1] [Task:1198706845-38] [BufferManager.cpp:65] [~BufferManager] Calling BufferManager::destroy()[m
[36m[01:24:08.873968] [D] [SingleNodeWorker] [WorkerThread-1] [Task:1198706845-38] [BufferManager.cpp:93] [~BufferManager] Shutting down Buffer Manager completed[m
[36m[01:24:19.347018] [D] [SingleNodeWorker] [WorkerThread-1] [Task:1198706845] [SourceThread.cpp:230] [tryStop] SourceThread 2: attempting to stop source[m
[36m[01:24:19.347061] [D] [SingleNodeWorker] [WorkerThread-1] [Task:1198706845] [SourceThread.cpp:248] [tryStop] SourceThread 2: stopped[m
[32m[01:24:19.373314] [I] [SingleNodeWorker] [WorkerThread-0] [] [SequenceShredder.cpp:55] [~SequenceShredder] Successfully validated SequenceShredder[m
[32m[01:24:19.383670] [I] [SingleNodeWorker] [WorkerThread-1] [Task:1198706845-39] [VoidSink.cpp:42] [stop] Void Sink completed.[m
[36m[01:24:19.383788] [D] [SingleNodeWorker] [WorkerThread-1] [] [SourceThread.cpp:226] [tryStop] SourceThread 2: thread is not running[m
[36m[01:24:22.308667] [D] [Not A Worker] [unnamed] [queryId:1223664510] [BufferManager.cpp:110] [initialize] NES memory allocation requires 1 out of 540577120256 (so 1.8498748143954595e-10%) available bytes[m
[36m[01:24:22.308747] [D] [Not A Worker] [unnamed] [queryId:1223664510] [BufferManager.cpp:160] [initialize] BufferManager configuration bufferSize=1 numOfBuffers=1[m
[36m[01:24:22.308926] [D] [Not A Worker] [unnamed] [queryId:1223664510] [PipeliningPhase.cpp:365] [apply] Constructed pipeline plan with 1 root pipelines.
PipelinedQueryPlan for Query: 1223664510
Number of root pipelines: 1
------------------
Root Pipeline 0:
  Pipeline(ID(40), Provider(COMPILER))
  Operator chain:
    PhysicalOperator(NES::SourcePhysicalOperator)
  Successor Pipeline:
    Pipeline(ID(41), Provider(None))
      Operator chain:
        PhysicalOperator(NES::ScanPhysicalOperator)
          PhysicalOperator(NES::SelectionPhysicalOperator)
            PhysicalOperator(NES::MapPhysicalOperator)
              PhysicalOperator(NES::EmitPhysicalOperator)
      Successor Pipeline:
        Pipeline(ID(42), Provider(None))
          Operator chain:
            PhysicalOperator(NES::SinkPhysicalOperator)

[m
[36m[01:24:22.312713] [D] [Not A Worker] [unnamed] [] [SinkProvider.cpp:30] [lower] The sinkDescriptor is: SinkDescriptor: (name: variant("PERSON_ID_SINK"), type: Void, Config: )[m
[36m[01:24:22.329042] [D] [SingleNodeWorker] [WorkerThread-0] [Task:1223664510-42] [VoidSink.cpp:37] [start] Setting up void sink: VoidSink[m
[36m[01:24:22.418703] [D] [SingleNodeWorker] [WorkerThread-0] [] [SourceThread.cpp:184] [start] Starting source with originId: 2[m
[36m[01:24:22.420246] [D] [SingleNodeWorker] [WorkerThread-0] [Task:1223664510-41] [BufferManager.cpp:65] [~BufferManager] Calling BufferManager::destroy()[m
[36m[01:24:22.420269] [D] [SingleNodeWorker] [WorkerThread-0] [Task:1223664510-41] [BufferManager.cpp:93] [~BufferManager] Shutting down Buffer Manager completed[m
[36m[01:24:32.886402] [D] [SingleNodeWorker] [WorkerThread-1] [Task:1223664510] [SourceThread.cpp:230] [tryStop] SourceThread 2: attempting to stop source[m
[36m[01:24:32.886460] [D] [SingleNodeWorker] [WorkerThread-1] [Task:1223664510] [SourceThread.cpp:248] [tryStop] SourceThread 2: stopped[m
[32m[01:24:32.923071] [I] [SingleNodeWorker] [WorkerThread-1] [] [SequenceShredder.cpp:55] [~SequenceShredder] Successfully validated SequenceShredder[m
[32m[01:24:32.923831] [I] [SingleNodeWorker] [WorkerThread-0] [Task:1223664510-42] [VoidSink.cpp:42] [stop] Void Sink completed.[m
[36m[01:24:32.923983] [D] [SingleNodeWorker] [WorkerThread-0] [] [SourceThread.cpp:226] [tryStop] SourceThread 2: thread is not running[m
[36m[01:24:35.922154] [D] [Not A Worker] [unnamed] [queryId:1401912142] [BufferManager.cpp:110] [initialize] NES memory allocation requires 1 out of 540577120256 (so 1.8498748143954595e-10%) available bytes[m
[36m[01:24:35.922202] [D] [Not A Worker] [unnamed] [queryId:1401912142] [BufferManager.cpp:160] [initialize] BufferManager configuration bufferSize=1 numOfBuffers=1[m
[36m[01:24:35.922415] [D] [Not A Worker] [unnamed] [queryId:1401912142] [PipeliningPhase.cpp:365] [apply] Constructed pipeline plan with 1 root pipelines.
PipelinedQueryPlan for Query: 1401912142
Number of root pipelines: 1
------------------
Root Pipeline 0:
  Pipeline(ID(43), Provider(COMPILER))
  Operator chain:
    PhysicalOperator(NES::SourcePhysicalOperator)
  Successor Pipeline:
    Pipeline(ID(44), Provider(None))
      Operator chain:
        PhysicalOperator(NES::ScanPhysicalOperator)
          PhysicalOperator(NES::SelectionPhysicalOperator)
            PhysicalOperator(NES::MapPhysicalOperator)
              PhysicalOperator(NES::EmitPhysicalOperator)
      Successor Pipeline:
        Pipeline(ID(45), Provider(None))
          Operator chain:
            PhysicalOperator(NES::SinkPhysicalOperator)

[m
[36m[01:24:35.925786] [D] [Not A Worker] [unnamed] [] [SinkProvider.cpp:30] [lower] The sinkDescriptor is: SinkDescriptor: (name: variant("PERSON_ID_SINK"), type: Void, Config: )[m
[36m[01:24:35.939472] [D] [SingleNodeWorker] [WorkerThread-1] [Task:1401912142-45] [VoidSink.cpp:37] [start] Setting up void sink: VoidSink[m
[36m[01:24:36.033940] [D] [SingleNodeWorker] [WorkerThread-1] [] [SourceThread.cpp:184] [start] Starting source with originId: 2[m
[36m[01:24:36.035571] [D] [SingleNodeWorker] [WorkerThread-1] [Task:1401912142-44] [BufferManager.cpp:65] [~BufferManager] Calling BufferManager::destroy()[m
[36m[01:24:36.035601] [D] [SingleNodeWorker] [WorkerThread-1] [Task:1401912142-44] [BufferManager.cpp:93] [~BufferManager] Shutting down Buffer Manager completed[m
[36m[01:24:46.475426] [D] [SingleNodeWorker] [WorkerThread-0] [Task:1401912142] [SourceThread.cpp:230] [tryStop] SourceThread 2: attempting to stop source[m
[36m[01:24:46.475468] [D] [SingleNodeWorker] [WorkerThread-0] [Task:1401912142] [SourceThread.cpp:248] [tryStop] SourceThread 2: stopped[m
[32m[01:24:46.510774] [I] [SingleNodeWorker] [WorkerThread-0] [] [SequenceShredder.cpp:55] [~SequenceShredder] Successfully validated SequenceShredder[m
[32m[01:24:46.512804] [I] [SingleNodeWorker] [WorkerThread-1] [Task:1401912142-45] [VoidSink.cpp:42] [stop] Void Sink completed.[m
[36m[01:24:46.512945] [D] [SingleNodeWorker] [WorkerThread-1] [] [SourceThread.cpp:226] [tryStop] SourceThread 2: thread is not running[m
[36m[01:24:49.432972] [D] [Not A Worker] [unnamed] [queryId:1628699217] [BufferManager.cpp:110] [initialize] NES memory allocation requires 1 out of 540577120256 (so 1.8498748143954595e-10%) available bytes[m
[36m[01:24:49.433020] [D] [Not A Worker] [unnamed] [queryId:1628699217] [BufferManager.cpp:160] [initialize] BufferManager configuration bufferSize=1 numOfBuffers=1[m
[36m[01:24:49.433182] [D] [Not A Worker] [unnamed] [queryId:1628699217] [PipeliningPhase.cpp:365] [apply] Constructed pipeline plan with 1 root pipelines.
PipelinedQueryPlan for Query: 1628699217
Number of root pipelines: 1
------------------
Root Pipeline 0:
  Pipeline(ID(46), Provider(COMPILER))
  Operator chain:
    PhysicalOperator(NES::SourcePhysicalOperator)
  Successor Pipeline:
    Pipeline(ID(47), Provider(None))
      Operator chain:
        PhysicalOperator(NES::ScanPhysicalOperator)
          PhysicalOperator(NES::SelectionPhysicalOperator)
            PhysicalOperator(NES::MapPhysicalOperator)
              PhysicalOperator(NES::EmitPhysicalOperator)
      Successor Pipeline:
        Pipeline(ID(48), Provider(None))
          Operator chain:
            PhysicalOperator(NES::SinkPhysicalOperator)

[m
[36m[01:24:49.437052] [D] [Not A Worker] [unnamed] [] [SinkProvider.cpp:30] [lower] The sinkDescriptor is: SinkDescriptor: (name: variant("PERSON_ID_SINK"), type: Void, Config: )[m
[36m[01:24:49.443153] [D] [SingleNodeWorker] [WorkerThread-0] [Task:1628699217-48] [VoidSink.cpp:37] [start] Setting up void sink: VoidSink[m
[36m[01:24:49.536053] [D] [SingleNodeWorker] [WorkerThread-0] [] [SourceThread.cpp:184] [start] Starting source with originId: 2[m
[36m[01:24:49.538272] [D] [SingleNodeWorker] [WorkerThread-0] [Task:1628699217-47] [BufferManager.cpp:65] [~BufferManager] Calling BufferManager::destroy()[m
[36m[01:24:49.538296] [D] [SingleNodeWorker] [WorkerThread-0] [Task:1628699217-47] [BufferManager.cpp:93] [~BufferManager] Shutting down Buffer Manager completed[m
[36m[01:24:59.997859] [D] [SingleNodeWorker] [WorkerThread-0] [Task:1628699217] [SourceThread.cpp:230] [tryStop] SourceThread 2: attempting to stop source[m
[36m[01:24:59.997899] [D] [SingleNodeWorker] [WorkerThread-0] [Task:1628699217] [SourceThread.cpp:248] [tryStop] SourceThread 2: stopped[m
[32m[01:25:00.035256] [I] [SingleNodeWorker] [WorkerThread-1] [Task:1628699217-48] [VoidSink.cpp:42] [stop] Void Sink completed.[m
[36m[01:25:00.035403] [D] [SingleNodeWorker] [WorkerThread-1] [] [SourceThread.cpp:226] [tryStop] SourceThread 2: thread is not running[m
[32m[01:25:00.035493] [I] [SingleNodeWorker] [WorkerThread-0] [] [SequenceShredder.cpp:55] [~SequenceShredder] Successfully validated SequenceShredder[m
[36m[01:25:03.022931] [D] [Not A Worker] [unnamed] [queryId:721173498] [BufferManager.cpp:110] [initialize] NES memory allocation requires 1 out of 540577120256 (so 1.8498748143954595e-10%) available bytes[m
[36m[01:25:03.023008] [D] [Not A Worker] [unnamed] [queryId:721173498] [BufferManager.cpp:160] [initialize] BufferManager configuration bufferSize=1 numOfBuffers=1[m
[36m[01:25:03.023183] [D] [Not A Worker] [unnamed] [queryId:721173498] [PipeliningPhase.cpp:365] [apply] Constructed pipeline plan with 1 root pipelines.
PipelinedQueryPlan for Query: 721173498
Number of root pipelines: 1
------------------
Root Pipeline 0:
  Pipeline(ID(49), Provider(COMPILER))
  Operator chain:
    PhysicalOperator(NES::SourcePhysicalOperator)
  Successor Pipeline:
    Pipeline(ID(50), Provider(None))
      Operator chain:
        PhysicalOperator(NES::ScanPhysicalOperator)
          PhysicalOperator(NES::SelectionPhysicalOperator)
            PhysicalOperator(NES::MapPhysicalOperator)
              PhysicalOperator(NES::EmitPhysicalOperator)
      Successor Pipeline:
        Pipeline(ID(51), Provider(None))
          Operator chain:
            PhysicalOperator(NES::SinkPhysicalOperator)

[m
[36m[01:25:03.026752] [D] [Not A Worker] [unnamed] [] [SinkProvider.cpp:30] [lower] The sinkDescriptor is: SinkDescriptor: (name: variant("PERSON_ID_SINK"), type: Void, Config: )[m
[36m[01:25:03.042518] [D] [SingleNodeWorker] [WorkerThread-1] [Task:721173498-51] [VoidSink.cpp:37] [start] Setting up void sink: VoidSink[m
[36m[01:25:03.132663] [D] [SingleNodeWorker] [WorkerThread-1] [] [SourceThread.cpp:184] [start] Starting source with originId: 2[m
[36m[01:25:03.134226] [D] [SingleNodeWorker] [WorkerThread-1] [Task:721173498-50] [BufferManager.cpp:65] [~BufferManager] Calling BufferManager::destroy()[m
[36m[01:25:03.134250] [D] [SingleNodeWorker] [WorkerThread-1] [Task:721173498-50] [BufferManager.cpp:93] [~BufferManager] Shutting down Buffer Manager completed[m
[36m[01:25:13.557857] [D] [SingleNodeWorker] [WorkerThread-1] [Task:721173498] [SourceThread.cpp:230] [tryStop] SourceThread 2: attempting to stop source[m
[36m[01:25:13.557923] [D] [SingleNodeWorker] [WorkerThread-1] [Task:721173498] [SourceThread.cpp:248] [tryStop] SourceThread 2: stopped[m
[32m[01:25:13.584242] [I] [SingleNodeWorker] [WorkerThread-0] [] [SequenceShredder.cpp:55] [~SequenceShredder] Successfully validated SequenceShredder[m
[32m[01:25:13.595443] [I] [SingleNodeWorker] [WorkerThread-1] [Task:721173498-51] [VoidSink.cpp:42] [stop] Void Sink completed.[m
[36m[01:25:13.595581] [D] [SingleNodeWorker] [WorkerThread-1] [] [SourceThread.cpp:226] [tryStop] SourceThread 2: thread is not running[m
[36m[01:25:16.561878] [D] [Not A Worker] [unnamed] [queryId:1372429910] [BufferManager.cpp:110] [initialize] NES memory allocation requires 1 out of 540577120256 (so 1.8498748143954595e-10%) available bytes[m
[36m[01:25:16.561926] [D] [Not A Worker] [unnamed] [queryId:1372429910] [BufferManager.cpp:160] [initialize] BufferManager configuration bufferSize=1 numOfBuffers=1[m
[36m[01:25:16.562098] [D] [Not A Worker] [unnamed] [queryId:1372429910] [PipeliningPhase.cpp:365] [apply] Constructed pipeline plan with 1 root pipelines.
PipelinedQueryPlan for Query: 1372429910
Number of root pipelines: 1
------------------
Root Pipeline 0:
  Pipeline(ID(52), Provider(COMPILER))
  Operator chain:
    PhysicalOperator(NES::SourcePhysicalOperator)
  Successor Pipeline:
    Pipeline(ID(53), Provider(None))
      Operator chain:
        PhysicalOperator(NES::ScanPhysicalOperator)
          PhysicalOperator(NES::SelectionPhysicalOperator)
            PhysicalOperator(NES::MapPhysicalOperator)
              PhysicalOperator(NES::EmitPhysicalOperator)
      Successor Pipeline:
        Pipeline(ID(54), Provider(None))
          Operator chain:
            PhysicalOperator(NES::SinkPhysicalOperator)

[m
[36m[01:25:16.565541] [D] [Not A Worker] [unnamed] [] [SinkProvider.cpp:30] [lower] The sinkDescriptor is: SinkDescriptor: (name: variant("PERSON_ID_SINK"), type: Void, Config: )[m
[36m[01:25:16.576325] [D] [SingleNodeWorker] [WorkerThread-0] [Task:1372429910-54] [VoidSink.cpp:37] [start] Setting up void sink: VoidSink[m
[36m[01:25:16.668852] [D] [SingleNodeWorker] [WorkerThread-0] [] [SourceThread.cpp:184] [start] Starting source with originId: 2[m
[36m[01:25:16.670440] [D] [SingleNodeWorker] [WorkerThread-0] [Task:1372429910-53] [BufferManager.cpp:65] [~BufferManager] Calling BufferManager::destroy()[m
[36m[01:25:16.670464] [D] [SingleNodeWorker] [WorkerThread-0] [Task:1372429910-53] [BufferManager.cpp:93] [~BufferManager] Shutting down Buffer Manager completed[m
[36m[01:25:27.223716] [D] [SingleNodeWorker] [WorkerThread-1] [Task:1372429910] [SourceThread.cpp:230] [tryStop] SourceThread 2: attempting to stop source[m
[36m[01:25:27.223771] [D] [SingleNodeWorker] [WorkerThread-1] [Task:1372429910] [SourceThread.cpp:248] [tryStop] SourceThread 2: stopped[m
[32m[01:25:27.261482] [I] [SingleNodeWorker] [WorkerThread-0] [] [SequenceShredder.cpp:55] [~SequenceShredder] Successfully validated SequenceShredder[m
[32m[01:25:27.261802] [I] [SingleNodeWorker] [WorkerThread-1] [Task:1372429910-54] [VoidSink.cpp:42] [stop] Void Sink completed.[m
[36m[01:25:27.261939] [D] [SingleNodeWorker] [WorkerThread-1] [] [SourceThread.cpp:226] [tryStop] SourceThread 2: thread is not running[m
[36m[01:25:30.118580] [D] [Not A Worker] [unnamed] [queryId:1150249478] [BufferManager.cpp:110] [initialize] NES memory allocation requires 1 out of 540577120256 (so 1.8498748143954595e-10%) available bytes[m
[36m[01:25:30.118626] [D] [Not A Worker] [unnamed] [queryId:1150249478] [BufferManager.cpp:160] [initialize] BufferManager configuration bufferSize=1 numOfBuffers=1[m
[36m[01:25:30.118799] [D] [Not A Worker] [unnamed] [queryId:1150249478] [PipeliningPhase.cpp:365] [apply] Constructed pipeline plan with 1 root pipelines.
PipelinedQueryPlan for Query: 1150249478
Number of root pipelines: 1
------------------
Root Pipeline 0:
  Pipeline(ID(55), Provider(COMPILER))
  Operator chain:
    PhysicalOperator(NES::SourcePhysicalOperator)
  Successor Pipeline:
    Pipeline(ID(56), Provider(None))
      Operator chain:
        PhysicalOperator(NES::ScanPhysicalOperator)
          PhysicalOperator(NES::SelectionPhysicalOperator)
            PhysicalOperator(NES::MapPhysicalOperator)
              PhysicalOperator(NES::EmitPhysicalOperator)
      Successor Pipeline:
        Pipeline(ID(57), Provider(None))
          Operator chain:
            PhysicalOperator(NES::SinkPhysicalOperator)

[m
[36m[01:25:30.122250] [D] [Not A Worker] [unnamed] [] [SinkProvider.cpp:30] [lower] The sinkDescriptor is: SinkDescriptor: (name: variant("PERSON_ID_SINK"), type: Void, Config: )[m
[36m[01:25:30.127440] [D] [SingleNodeWorker] [WorkerThread-1] [Task:1150249478-57] [VoidSink.cpp:37] [start] Setting up void sink: VoidSink[m
[36m[01:25:30.218745] [D] [SingleNodeWorker] [WorkerThread-1] [] [SourceThread.cpp:184] [start] Starting source with originId: 2[m
[36m[01:25:30.220357] [D] [SingleNodeWorker] [WorkerThread-1] [Task:1150249478-56] [BufferManager.cpp:65] [~BufferManager] Calling BufferManager::destroy()[m
[36m[01:25:30.220389] [D] [SingleNodeWorker] [WorkerThread-1] [Task:1150249478-56] [BufferManager.cpp:93] [~BufferManager] Shutting down Buffer Manager completed[m
[36m[01:25:40.682316] [D] [SingleNodeWorker] [WorkerThread-1] [Task:1150249478] [SourceThread.cpp:230] [tryStop] SourceThread 2: attempting to stop source[m
[36m[01:25:40.682398] [D] [SingleNodeWorker] [WorkerThread-1] [Task:1150249478] [SourceThread.cpp:248] [tryStop] SourceThread 2: stopped[m
[32m[01:25:40.708617] [I] [SingleNodeWorker] [WorkerThread-0] [] [SequenceShredder.cpp:55] [~SequenceShredder] Successfully validated SequenceShredder[m
[32m[01:25:40.718031] [I] [SingleNodeWorker] [WorkerThread-1] [Task:1150249478-57] [VoidSink.cpp:42] [stop] Void Sink completed.[m
[36m[01:25:40.718204] [D] [SingleNodeWorker] [WorkerThread-1] [] [SourceThread.cpp:226] [tryStop] SourceThread 2: thread is not running[m
[36m[01:25:43.564432] [D] [Not A Worker] [unnamed] [queryId:1062815341] [BufferManager.cpp:110] [initialize] NES memory allocation requires 1 out of 540577120256 (so 1.8498748143954595e-10%) available bytes[m
[36m[01:25:43.564481] [D] [Not A Worker] [unnamed] [queryId:1062815341] [BufferManager.cpp:160] [initialize] BufferManager configuration bufferSize=1 numOfBuffers=1[m
[36m[01:25:43.564656] [D] [Not A Worker] [unnamed] [queryId:1062815341] [PipeliningPhase.cpp:365] [apply] Constructed pipeline plan with 1 root pipelines.
PipelinedQueryPlan for Query: 1062815341
Number of root pipelines: 1
------------------
Root Pipeline 0:
  Pipeline(ID(58), Provider(COMPILER))
  Operator chain:
    PhysicalOperator(NES::SourcePhysicalOperator)
  Successor Pipeline:
    Pipeline(ID(59), Provider(None))
      Operator chain:
        PhysicalOperator(NES::ScanPhysicalOperator)
          PhysicalOperator(NES::SelectionPhysicalOperator)
            PhysicalOperator(NES::MapPhysicalOperator)
              PhysicalOperator(NES::EmitPhysicalOperator)
      Successor Pipeline:
        Pipeline(ID(60), Provider(None))
          Operator chain:
            PhysicalOperator(NES::SinkPhysicalOperator)

[m
[36m[01:25:43.568536] [D] [Not A Worker] [unnamed] [] [SinkProvider.cpp:30] [lower] The sinkDescriptor is: SinkDescriptor: (name: variant("PERSON_ID_SINK"), type: Void, Config: )[m
[36m[01:25:43.588348] [D] [SingleNodeWorker] [WorkerThread-0] [Task:1062815341-60] [VoidSink.cpp:37] [start] Setting up void sink: VoidSink[m
[36m[01:25:43.679567] [D] [SingleNodeWorker] [WorkerThread-0] [] [SourceThread.cpp:184] [start] Starting source with originId: 2[m
[36m[01:25:43.681147] [D] [SingleNodeWorker] [WorkerThread-0] [Task:1062815341-59] [BufferManager.cpp:65] [~BufferManager] Calling BufferManager::destroy()[m
[36m[01:25:43.681171] [D] [SingleNodeWorker] [WorkerThread-0] [Task:1062815341-59] [BufferManager.cpp:93] [~BufferManager] Shutting down Buffer Manager completed[m
[36m[01:25:54.172369] [D] [SingleNodeWorker] [WorkerThread-1] [Task:1062815341] [SourceThread.cpp:230] [tryStop] SourceThread 2: attempting to stop source[m
[36m[01:25:54.172422] [D] [SingleNodeWorker] [WorkerThread-1] [Task:1062815341] [SourceThread.cpp:248] [tryStop] SourceThread 2: stopped[m
[32m[01:25:54.208783] [I] [SingleNodeWorker] [WorkerThread-1] [] [SequenceShredder.cpp:55] [~SequenceShredder] Successfully validated SequenceShredder[m
[32m[01:25:54.209993] [I] [SingleNodeWorker] [WorkerThread-0] [Task:1062815341-60] [VoidSink.cpp:42] [stop] Void Sink completed.[m
[36m[01:25:54.210129] [D] [SingleNodeWorker] [WorkerThread-0] [] [SourceThread.cpp:226] [tryStop] SourceThread 2: thread is not running[m
[36m[01:25:57.282497] [D] [Not A Worker] [unnamed] [queryId:802052304] [BufferManager.cpp:110] [initialize] NES memory allocation requires 1 out of 540577120256 (so 1.8498748143954595e-10%) available bytes[m
[36m[01:25:57.282556] [D] [Not A Worker] [unnamed] [queryId:802052304] [BufferManager.cpp:160] [initialize] BufferManager configuration bufferSize=1 numOfBuffers=1[m
[36m[01:25:57.282790] [D] [Not A Worker] [unnamed] [queryId:802052304] [PipeliningPhase.cpp:365] [apply] Constructed pipeline plan with 1 root pipelines.
PipelinedQueryPlan for Query: 802052304
Number of root pipelines: 1
------------------
Root Pipeline 0:
  Pipeline(ID(61), Provider(COMPILER))
  Operator chain:
    PhysicalOperator(NES::SourcePhysicalOperator)
  Successor Pipeline:
    Pipeline(ID(62), Provider(None))
      Operator chain:
        PhysicalOperator(NES::ScanPhysicalOperator)
          PhysicalOperator(NES::SelectionPhysicalOperator)
            PhysicalOperator(NES::MapPhysicalOperator)
              PhysicalOperator(NES::EmitPhysicalOperator)
      Successor Pipeline:
        Pipeline(ID(63), Provider(None))
          Operator chain:
            PhysicalOperator(NES::SinkPhysicalOperator)

[m
[36m[01:25:57.286832] [D] [Not A Worker] [unnamed] [] [SinkProvider.cpp:30] [lower] The sinkDescriptor is: SinkDescriptor: (name: variant("PERSON_ID_SINK"), type: Void, Config: )[m
[36m[01:25:57.290476] [D] [SingleNodeWorker] [WorkerThread-1] [Task:802052304-63] [VoidSink.cpp:37] [start] Setting up void sink: VoidSink[m
[36m[01:25:57.404761] [D] [SingleNodeWorker] [WorkerThread-1] [] [SourceThread.cpp:184] [start] Starting source with originId: 2[m
[36m[01:25:57.406395] [D] [SingleNodeWorker] [WorkerThread-1] [Task:802052304-62] [BufferManager.cpp:65] [~BufferManager] Calling BufferManager::destroy()[m
[36m[01:25:57.406424] [D] [SingleNodeWorker] [WorkerThread-1] [Task:802052304-62] [BufferManager.cpp:93] [~BufferManager] Shutting down Buffer Manager completed[m
[36m[01:26:07.840596] [D] [SingleNodeWorker] [WorkerThread-1] [Task:802052304] [SourceThread.cpp:230] [tryStop] SourceThread 2: attempting to stop source[m
[36m[01:26:07.840648] [D] [SingleNodeWorker] [WorkerThread-1] [Task:802052304] [SourceThread.cpp:248] [tryStop] SourceThread 2: stopped[m
[32m[01:26:07.840722] [I] [SingleNodeWorker] [WorkerThread-0] [Task:802052304-63] [VoidSink.cpp:42] [stop] Void Sink completed.[m
[36m[01:26:07.840791] [D] [SingleNodeWorker] [WorkerThread-0] [] [SourceThread.cpp:226] [tryStop] SourceThread 2: thread is not running[m
[32m[01:26:07.840867] [I] [SingleNodeWorker] [WorkerThread-1] [] [SequenceShredder.cpp:55] [~SequenceShredder] Successfully validated SequenceShredder[m
[36m[01:26:10.809762] [D] [Not A Worker] [unnamed] [queryId:541544710] [BufferManager.cpp:110] [initialize] NES memory allocation requires 1 out of 540577120256 (so 1.8498748143954595e-10%) available bytes[m
[36m[01:26:10.809808] [D] [Not A Worker] [unnamed] [queryId:541544710] [BufferManager.cpp:160] [initialize] BufferManager configuration bufferSize=1 numOfBuffers=1[m
[36m[01:26:10.809970] [D] [Not A Worker] [unnamed] [queryId:541544710] [PipeliningPhase.cpp:365] [apply] Constructed pipeline plan with 1 root pipelines.
PipelinedQueryPlan for Query: 541544710
Number of root pipelines: 1
------------------
Root Pipeline 0:
  Pipeline(ID(64), Provider(COMPILER))
  Operator chain:
    PhysicalOperator(NES::SourcePhysicalOperator)
  Successor Pipeline:
    Pipeline(ID(65), Provider(None))
      Operator chain:
        PhysicalOperator(NES::ScanPhysicalOperator)
          PhysicalOperator(NES::SelectionPhysicalOperator)
            PhysicalOperator(NES::MapPhysicalOperator)
              PhysicalOperator(NES::EmitPhysicalOperator)
      Successor Pipeline:
        Pipeline(ID(66), Provider(None))
          Operator chain:
            PhysicalOperator(NES::SinkPhysicalOperator)

[m
[36m[01:26:10.813644] [D] [Not A Worker] [unnamed] [] [SinkProvider.cpp:30] [lower] The sinkDescriptor is: SinkDescriptor: (name: variant("PERSON_ID_SINK"), type: Void, Config: )[m
[36m[01:26:10.830561] [D] [SingleNodeWorker] [WorkerThread-0] [Task:541544710-66] [VoidSink.cpp:37] [start] Setting up void sink: VoidSink[m
[36m[01:26:10.944988] [D] [SingleNodeWorker] [WorkerThread-0] [] [SourceThread.cpp:184] [start] Starting source with originId: 2[m
[36m[01:26:10.946481] [D] [SingleNodeWorker] [WorkerThread-0] [Task:541544710-65] [BufferManager.cpp:65] [~BufferManager] Calling BufferManager::destroy()[m
[36m[01:26:10.946504] [D] [SingleNodeWorker] [WorkerThread-0] [Task:541544710-65] [BufferManager.cpp:93] [~BufferManager] Shutting down Buffer Manager completed[m
[36m[01:26:21.467627] [D] [SingleNodeWorker] [WorkerThread-1] [Task:541544710] [SourceThread.cpp:230] [tryStop] SourceThread 2: attempting to stop source[m
[36m[01:26:21.467678] [D] [SingleNodeWorker] [WorkerThread-1] [Task:541544710] [SourceThread.cpp:248] [tryStop] SourceThread 2: stopped[m
[32m[01:26:21.494936] [I] [SingleNodeWorker] [WorkerThread-0] [] [SequenceShredder.cpp:55] [~SequenceShredder] Successfully validated SequenceShredder[m
[32m[01:26:21.505478] [I] [SingleNodeWorker] [WorkerThread-1] [Task:541544710-66] [VoidSink.cpp:42] [stop] Void Sink completed.[m
[36m[01:26:21.505606] [D] [SingleNodeWorker] [WorkerThread-1] [] [SourceThread.cpp:226] [tryStop] SourceThread 2: thread is not running[m
[36m[01:26:24.341898] [D] [Not A Worker] [unnamed] [queryId:1746693024] [BufferManager.cpp:110] [initialize] NES memory allocation requires 1 out of 540577120256 (so 1.8498748143954595e-10%) available bytes[m
[36m[01:26:24.341944] [D] [Not A Worker] [unnamed] [queryId:1746693024] [BufferManager.cpp:160] [initialize] BufferManager configuration bufferSize=1 numOfBuffers=1[m
[36m[01:26:24.342117] [D] [Not A Worker] [unnamed] [queryId:1746693024] [PipeliningPhase.cpp:365] [apply] Constructed pipeline plan with 1 root pipelines.
PipelinedQueryPlan for Query: 1746693024
Number of root pipelines: 1
------------------
Root Pipeline 0:
  Pipeline(ID(67), Provider(COMPILER))
  Operator chain:
    PhysicalOperator(NES::SourcePhysicalOperator)
  Successor Pipeline:
    Pipeline(ID(68), Provider(None))
      Operator chain:
        PhysicalOperator(NES::ScanPhysicalOperator)
          PhysicalOperator(NES::SelectionPhysicalOperator)
            PhysicalOperator(NES::MapPhysicalOperator)
              PhysicalOperator(NES::EmitPhysicalOperator)
      Successor Pipeline:
        Pipeline(ID(69), Provider(None))
          Operator chain:
            PhysicalOperator(NES::SinkPhysicalOperator)

[m
[36m[01:26:24.345136] [D] [Not A Worker] [unnamed] [] [SinkProvider.cpp:30] [lower] The sinkDescriptor is: SinkDescriptor: (name: variant("PERSON_ID_SINK"), type: Void, Config: )[m
[36m[01:26:24.346175] [D] [SingleNodeWorker] [WorkerThread-1] [Task:1746693024-69] [VoidSink.cpp:37] [start] Setting up void sink: VoidSink[m
[36m[01:26:24.463974] [D] [SingleNodeWorker] [WorkerThread-1] [] [SourceThread.cpp:184] [start] Starting source with originId: 2[m
[36m[01:26:24.465542] [D] [SingleNodeWorker] [WorkerThread-1] [Task:1746693024-68] [BufferManager.cpp:65] [~BufferManager] Calling BufferManager::destroy()[m
[36m[01:26:24.465567] [D] [SingleNodeWorker] [WorkerThread-1] [Task:1746693024-68] [BufferManager.cpp:93] [~BufferManager] Shutting down Buffer Manager completed[m
[36m[01:26:34.922549] [D] [SingleNodeWorker] [WorkerThread-0] [Task:1746693024] [SourceThread.cpp:230] [tryStop] SourceThread 2: attempting to stop source[m
[36m[01:26:34.922594] [D] [SingleNodeWorker] [WorkerThread-0] [Task:1746693024] [SourceThread.cpp:248] [tryStop] SourceThread 2: stopped[m
[32m[01:26:34.957178] [I] [SingleNodeWorker] [WorkerThread-0] [] [SequenceShredder.cpp:55] [~SequenceShredder] Successfully validated SequenceShredder[m
[32m[01:26:34.959721] [I] [SingleNodeWorker] [WorkerThread-1] [Task:1746693024-69] [VoidSink.cpp:42] [stop] Void Sink completed.[m
[36m[01:26:34.959885] [D] [SingleNodeWorker] [WorkerThread-1] [] [SourceThread.cpp:226] [tryStop] SourceThread 2: thread is not running[m
[36m[01:26:37.908783] [D] [Not A Worker] [unnamed] [queryId:181923447] [BufferManager.cpp:110] [initialize] NES memory allocation requires 1 out of 540577120256 (so 1.8498748143954595e-10%) available bytes[m
[36m[01:26:37.908831] [D] [Not A Worker] [unnamed] [queryId:181923447] [BufferManager.cpp:160] [initialize] BufferManager configuration bufferSize=1 numOfBuffers=1[m
[36m[01:26:37.908990] [D] [Not A Worker] [unnamed] [queryId:181923447] [PipeliningPhase.cpp:365] [apply] Constructed pipeline plan with 1 root pipelines.
PipelinedQueryPlan for Query: 181923447
Number of root pipelines: 1
------------------
Root Pipeline 0:
  Pipeline(ID(70), Provider(COMPILER))
  Operator chain:
    PhysicalOperator(NES::SourcePhysicalOperator)
  Successor Pipeline:
    Pipeline(ID(71), Provider(None))
      Operator chain:
        PhysicalOperator(NES::ScanPhysicalOperator)
          PhysicalOperator(NES::SelectionPhysicalOperator)
            PhysicalOperator(NES::MapPhysicalOperator)
              PhysicalOperator(NES::EmitPhysicalOperator)
      Successor Pipeline:
        Pipeline(ID(72), Provider(None))
          Operator chain:
            PhysicalOperator(NES::SinkPhysicalOperator)

[m
[36m[01:26:37.912877] [D] [Not A Worker] [unnamed] [] [SinkProvider.cpp:30] [lower] The sinkDescriptor is: SinkDescriptor: (name: variant("PERSON_ID_SINK"), type: Void, Config: )[m
[36m[01:26:37.919289] [D] [SingleNodeWorker] [WorkerThread-0] [Task:181923447-72] [VoidSink.cpp:37] [start] Setting up void sink: VoidSink[m
[36m[01:26:38.042247] [D] [SingleNodeWorker] [WorkerThread-0] [] [SourceThread.cpp:184] [start] Starting source with originId: 2[m
[36m[01:26:38.044400] [D] [SingleNodeWorker] [WorkerThread-0] [Task:181923447-71] [BufferManager.cpp:65] [~BufferManager] Calling BufferManager::destroy()[m
[36m[01:26:38.044425] [D] [SingleNodeWorker] [WorkerThread-0] [Task:181923447-71] [BufferManager.cpp:93] [~BufferManager] Shutting down Buffer Manager completed[m
[36m[01:26:48.447538] [D] [SingleNodeWorker] [WorkerThread-1] [Task:181923447] [SourceThread.cpp:230] [tryStop] SourceThread 2: attempting to stop source[m
[36m[01:26:48.447585] [D] [SingleNodeWorker] [WorkerThread-1] [Task:181923447] [SourceThread.cpp:248] [tryStop] SourceThread 2: stopped[m
[32m[01:26:48.473479] [I] [SingleNodeWorker] [WorkerThread-0] [] [SequenceShredder.cpp:55] [~SequenceShredder] Successfully validated SequenceShredder[m
[32m[01:26:48.483398] [I] [SingleNodeWorker] [WorkerThread-1] [Task:181923447-72] [VoidSink.cpp:42] [stop] Void Sink completed.[m
[36m[01:26:48.483530] [D] [SingleNodeWorker] [WorkerThread-1] [] [SourceThread.cpp:226] [tryStop] SourceThread 2: thread is not running[m
[36m[01:26:51.556895] [D] [Not A Worker] [unnamed] [queryId:252486040] [BufferManager.cpp:110] [initialize] NES memory allocation requires 1 out of 540577120256 (so 1.8498748143954595e-10%) available bytes[m
[36m[01:26:51.556945] [D] [Not A Worker] [unnamed] [queryId:252486040] [BufferManager.cpp:160] [initialize] BufferManager configuration bufferSize=1 numOfBuffers=1[m
[36m[01:26:51.557149] [D] [Not A Worker] [unnamed] [queryId:252486040] [PipeliningPhase.cpp:365] [apply] Constructed pipeline plan with 1 root pipelines.
PipelinedQueryPlan for Query: 252486040
Number of root pipelines: 1
------------------
Root Pipeline 0:
  Pipeline(ID(73), Provider(COMPILER))
  Operator chain:
    PhysicalOperator(NES::SourcePhysicalOperator)
  Successor Pipeline:
    Pipeline(ID(74), Provider(None))
      Operator chain:
        PhysicalOperator(NES::ScanPhysicalOperator)
          PhysicalOperator(NES::SelectionPhysicalOperator)
            PhysicalOperator(NES::MapPhysicalOperator)
              PhysicalOperator(NES::EmitPhysicalOperator)
      Successor Pipeline:
        Pipeline(ID(75), Provider(None))
          Operator chain:
            PhysicalOperator(NES::SinkPhysicalOperator)

[m
[36m[01:26:51.561123] [D] [Not A Worker] [unnamed] [] [SinkProvider.cpp:30] [lower] The sinkDescriptor is: SinkDescriptor: (name: variant("PERSON_ID_SINK"), type: Void, Config: )[m
[36m[01:26:51.578055] [D] [SingleNodeWorker] [WorkerThread-1] [Task:252486040-75] [VoidSink.cpp:37] [start] Setting up void sink: VoidSink[m
[36m[01:26:51.699406] [D] [SingleNodeWorker] [WorkerThread-1] [] [SourceThread.cpp:184] [start] Starting source with originId: 2[m
[36m[01:26:51.700967] [D] [SingleNodeWorker] [WorkerThread-1] [Task:252486040-74] [BufferManager.cpp:65] [~BufferManager] Calling BufferManager::destroy()[m
[36m[01:26:51.700993] [D] [SingleNodeWorker] [WorkerThread-1] [Task:252486040-74] [BufferManager.cpp:93] [~BufferManager] Shutting down Buffer Manager completed[m
[36m[01:27:02.154440] [D] [SingleNodeWorker] [WorkerThread-1] [Task:252486040] [SourceThread.cpp:230] [tryStop] SourceThread 2: attempting to stop source[m
[36m[01:27:02.154490] [D] [SingleNodeWorker] [WorkerThread-1] [Task:252486040] [SourceThread.cpp:248] [tryStop] SourceThread 2: stopped[m
[32m[01:27:02.190704] [I] [SingleNodeWorker] [WorkerThread-0] [] [SequenceShredder.cpp:55] [~SequenceShredder] Successfully validated SequenceShredder[m
[32m[01:27:02.192083] [I] [SingleNodeWorker] [WorkerThread-1] [Task:252486040-75] [VoidSink.cpp:42] [stop] Void Sink completed.[m
[36m[01:27:02.192214] [D] [SingleNodeWorker] [WorkerThread-1] [] [SourceThread.cpp:226] [tryStop] SourceThread 2: thread is not running[m
[36m[01:27:05.051273] [D] [Not A Worker] [unnamed] [queryId:1704058240] [BufferManager.cpp:110] [initialize] NES memory allocation requires 1 out of 540577120256 (so 1.8498748143954595e-10%) available bytes[m
[36m[01:27:05.051324] [D] [Not A Worker] [unnamed] [queryId:1704058240] [BufferManager.cpp:160] [initialize] BufferManager configuration bufferSize=1 numOfBuffers=1[m
[36m[01:27:05.051514] [D] [Not A Worker] [unnamed] [queryId:1704058240] [PipeliningPhase.cpp:365] [apply] Constructed pipeline plan with 1 root pipelines.
PipelinedQueryPlan for Query: 1704058240
Number of root pipelines: 1
------------------
Root Pipeline 0:
  Pipeline(ID(76), Provider(COMPILER))
  Operator chain:
    PhysicalOperator(NES::SourcePhysicalOperator)
  Successor Pipeline:
    Pipeline(ID(77), Provider(None))
      Operator chain:
        PhysicalOperator(NES::ScanPhysicalOperator)
          PhysicalOperator(NES::SelectionPhysicalOperator)
            PhysicalOperator(NES::MapPhysicalOperator)
              PhysicalOperator(NES::EmitPhysicalOperator)
      Successor Pipeline:
        Pipeline(ID(78), Provider(None))
          Operator chain:
            PhysicalOperator(NES::SinkPhysicalOperator)

[m
[36m[01:27:05.055042] [D] [Not A Worker] [unnamed] [] [SinkProvider.cpp:30] [lower] The sinkDescriptor is: SinkDescriptor: (name: variant("PERSON_ID_SINK"), type: Void, Config: )[m
[36m[01:27:05.062760] [D] [SingleNodeWorker] [WorkerThread-0] [Task:1704058240-78] [VoidSink.cpp:37] [start] Setting up void sink: VoidSink[m
[36m[01:27:05.181464] [D] [SingleNodeWorker] [WorkerThread-0] [] [SourceThread.cpp:184] [start] Starting source with originId: 2[m
[36m[01:27:05.182984] [D] [SingleNodeWorker] [WorkerThread-0] [Task:1704058240-77] [BufferManager.cpp:65] [~BufferManager] Calling BufferManager::destroy()[m
[36m[01:27:05.183009] [D] [SingleNodeWorker] [WorkerThread-0] [Task:1704058240-77] [BufferManager.cpp:93] [~BufferManager] Shutting down Buffer Manager completed[m
[36m[01:27:15.728933] [D] [SingleNodeWorker] [WorkerThread-0] [Task:1704058240] [SourceThread.cpp:230] [tryStop] SourceThread 2: attempting to stop source[m
[36m[01:27:15.728973] [D] [SingleNodeWorker] [WorkerThread-0] [Task:1704058240] [SourceThread.cpp:248] [tryStop] SourceThread 2: stopped[m
[32m[01:27:15.765124] [I] [SingleNodeWorker] [WorkerThread-1] [Task:1704058240-78] [VoidSink.cpp:42] [stop] Void Sink completed.[m
[32m[01:27:15.765210] [I] [SingleNodeWorker] [WorkerThread-0] [] [SequenceShredder.cpp:55] [~SequenceShredder] Successfully validated SequenceShredder[m
[36m[01:27:15.765272] [D] [SingleNodeWorker] [WorkerThread-1] [] [SourceThread.cpp:226] [tryStop] SourceThread 2: thread is not running[m
[36m[01:27:18.638973] [D] [Not A Worker] [unnamed] [queryId:467522064] [BufferManager.cpp:110] [initialize] NES memory allocation requires 1 out of 540577120256 (so 1.8498748143954595e-10%) available bytes[m
[36m[01:27:18.639021] [D] [Not A Worker] [unnamed] [queryId:467522064] [BufferManager.cpp:160] [initialize] BufferManager configuration bufferSize=1 numOfBuffers=1[m
[36m[01:27:18.639212] [D] [Not A Worker] [unnamed] [queryId:467522064] [PipeliningPhase.cpp:365] [apply] Constructed pipeline plan with 1 root pipelines.
PipelinedQueryPlan for Query: 467522064
Number of root pipelines: 1
------------------
Root Pipeline 0:
  Pipeline(ID(79), Provider(COMPILER))
  Operator chain:
    PhysicalOperator(NES::SourcePhysicalOperator)
  Successor Pipeline:
    Pipeline(ID(80), Provider(None))
      Operator chain:
        PhysicalOperator(NES::ScanPhysicalOperator)
          PhysicalOperator(NES::SelectionPhysicalOperator)
            PhysicalOperator(NES::MapPhysicalOperator)
              PhysicalOperator(NES::EmitPhysicalOperator)
      Successor Pipeline:
        Pipeline(ID(81), Provider(None))
          Operator chain:
            PhysicalOperator(NES::SinkPhysicalOperator)

[m
[36m[01:27:18.642784] [D] [Not A Worker] [unnamed] [] [SinkProvider.cpp:30] [lower] The sinkDescriptor is: SinkDescriptor: (name: variant("PERSON_ID_SINK"), type: Void, Config: )[m
[36m[01:27:18.654376] [D] [SingleNodeWorker] [WorkerThread-1] [Task:467522064-81] [VoidSink.cpp:37] [start] Setting up void sink: VoidSink[m
[36m[01:27:18.767084] [D] [SingleNodeWorker] [WorkerThread-1] [] [SourceThread.cpp:184] [start] Starting source with originId: 2[m
[36m[01:27:18.768668] [D] [SingleNodeWorker] [WorkerThread-1] [Task:467522064-80] [BufferManager.cpp:65] [~BufferManager] Calling BufferManager::destroy()[m
[36m[01:27:18.768694] [D] [SingleNodeWorker] [WorkerThread-1] [Task:467522064-80] [BufferManager.cpp:93] [~BufferManager] Shutting down Buffer Manager completed[m
[36m[01:27:29.211800] [D] [SingleNodeWorker] [WorkerThread-1] [Task:467522064] [SourceThread.cpp:230] [tryStop] SourceThread 2: attempting to stop source[m
[36m[01:27:29.211857] [D] [SingleNodeWorker] [WorkerThread-1] [Task:467522064] [SourceThread.cpp:248] [tryStop] SourceThread 2: stopped[m
[32m[01:27:29.238796] [I] [SingleNodeWorker] [WorkerThread-0] [] [SequenceShredder.cpp:55] [~SequenceShredder] Successfully validated SequenceShredder[m
[32m[01:27:29.248517] [I] [SingleNodeWorker] [WorkerThread-1] [Task:467522064-81] [VoidSink.cpp:42] [stop] Void Sink completed.[m
[36m[01:27:29.248658] [D] [SingleNodeWorker] [WorkerThread-1] [] [SourceThread.cpp:226] [tryStop] SourceThread 2: thread is not running[m
[36m[01:27:32.246652] [D] [Not A Worker] [unnamed] [queryId:1688121053] [BufferManager.cpp:110] [initialize] NES memory allocation requires 1 out of 540577120256 (so 1.8498748143954595e-10%) available bytes[m
[36m[01:27:32.246710] [D] [Not A Worker] [unnamed] [queryId:1688121053] [BufferManager.cpp:160] [initialize] BufferManager configuration bufferSize=1 numOfBuffers=1[m
[36m[01:27:32.246926] [D] [Not A Worker] [unnamed] [queryId:1688121053] [PipeliningPhase.cpp:365] [apply] Constructed pipeline plan with 1 root pipelines.
PipelinedQueryPlan for Query: 1688121053
Number of root pipelines: 1
------------------
Root Pipeline 0:
  Pipeline(ID(82), Provider(COMPILER))
  Operator chain:
    PhysicalOperator(NES::SourcePhysicalOperator)
  Successor Pipeline:
    Pipeline(ID(83), Provider(None))
      Operator chain:
        PhysicalOperator(NES::ScanPhysicalOperator)
          PhysicalOperator(NES::SelectionPhysicalOperator)
            PhysicalOperator(NES::MapPhysicalOperator)
              PhysicalOperator(NES::EmitPhysicalOperator)
      Successor Pipeline:
        Pipeline(ID(84), Provider(None))
          Operator chain:
            PhysicalOperator(NES::SinkPhysicalOperator)

[m
[36m[01:27:32.251051] [D] [Not A Worker] [unnamed] [] [SinkProvider.cpp:30] [lower] The sinkDescriptor is: SinkDescriptor: (name: variant("PERSON_ID_SINK"), type: Void, Config: )[m
[36m[01:27:32.282271] [D] [SingleNodeWorker] [WorkerThread-0] [Task:1688121053-84] [VoidSink.cpp:37] [start] Setting up void sink: VoidSink[m
[36m[01:27:32.396185] [D] [SingleNodeWorker] [WorkerThread-0] [] [SourceThread.cpp:184] [start] Starting source with originId: 2[m
[36m[01:27:32.397756] [D] [SingleNodeWorker] [WorkerThread-0] [Task:1688121053-83] [BufferManager.cpp:65] [~BufferManager] Calling BufferManager::destroy()[m
[36m[01:27:32.397781] [D] [SingleNodeWorker] [WorkerThread-0] [Task:1688121053-83] [BufferManager.cpp:93] [~BufferManager] Shutting down Buffer Manager completed[m
[36m[01:27:42.821274] [D] [SingleNodeWorker] [WorkerThread-1] [Task:1688121053] [SourceThread.cpp:230] [tryStop] SourceThread 2: attempting to stop source[m
[36m[01:27:42.821325] [D] [SingleNodeWorker] [WorkerThread-1] [Task:1688121053] [SourceThread.cpp:248] [tryStop] SourceThread 2: stopped[m
[32m[01:27:42.847311] [I] [SingleNodeWorker] [WorkerThread-1] [] [SequenceShredder.cpp:55] [~SequenceShredder] Successfully validated SequenceShredder[m
[32m[01:27:42.848007] [I] [SingleNodeWorker] [WorkerThread-0] [Task:1688121053-84] [VoidSink.cpp:42] [stop] Void Sink completed.[m
[36m[01:27:42.848141] [D] [SingleNodeWorker] [WorkerThread-0] [] [SourceThread.cpp:226] [tryStop] SourceThread 2: thread is not running[m
[36m[01:27:45.709562] [D] [Not A Worker] [unnamed] [queryId:171878524] [BufferManager.cpp:110] [initialize] NES memory allocation requires 1 out of 540577120256 (so 1.8498748143954595e-10%) available bytes[m
[36m[01:27:45.709609] [D] [Not A Worker] [unnamed] [queryId:171878524] [BufferManager.cpp:160] [initialize] BufferManager configuration bufferSize=1 numOfBuffers=1[m
[36m[01:27:45.709799] [D] [Not A Worker] [unnamed] [queryId:171878524] [PipeliningPhase.cpp:365] [apply] Constructed pipeline plan with 1 root pipelines.
PipelinedQueryPlan for Query: 171878524
Number of root pipelines: 1
------------------
Root Pipeline 0:
  Pipeline(ID(85), Provider(COMPILER))
  Operator chain:
    PhysicalOperator(NES::SourcePhysicalOperator)
  Successor Pipeline:
    Pipeline(ID(86), Provider(None))
      Operator chain:
        PhysicalOperator(NES::ScanPhysicalOperator)
          PhysicalOperator(NES::SelectionPhysicalOperator)
            PhysicalOperator(NES::MapPhysicalOperator)
              PhysicalOperator(NES::EmitPhysicalOperator)
      Successor Pipeline:
        Pipeline(ID(87), Provider(None))
          Operator chain:
            PhysicalOperator(NES::SinkPhysicalOperator)

[m
[36m[01:27:45.713071] [D] [Not A Worker] [unnamed] [] [SinkProvider.cpp:30] [lower] The sinkDescriptor is: SinkDescriptor: (name: variant("PERSON_ID_SINK"), type: Void, Config: )[m
[36m[01:27:45.727587] [D] [SingleNodeWorker] [WorkerThread-0] [Task:171878524-87] [VoidSink.cpp:37] [start] Setting up void sink: VoidSink[m
[36m[01:27:45.847015] [D] [SingleNodeWorker] [WorkerThread-0] [] [SourceThread.cpp:184] [start] Starting source with originId: 2[m
[36m[01:27:45.848553] [D] [SingleNodeWorker] [WorkerThread-0] [Task:171878524-86] [BufferManager.cpp:65] [~BufferManager] Calling BufferManager::destroy()[m
[36m[01:27:45.848576] [D] [SingleNodeWorker] [WorkerThread-0] [Task:171878524-86] [BufferManager.cpp:93] [~BufferManager] Shutting down Buffer Manager completed[m
[36m[01:27:56.305932] [D] [SingleNodeWorker] [WorkerThread-1] [Task:171878524] [SourceThread.cpp:230] [tryStop] SourceThread 2: attempting to stop source[m
[36m[01:27:56.305986] [D] [SingleNodeWorker] [WorkerThread-1] [Task:171878524] [SourceThread.cpp:248] [tryStop] SourceThread 2: stopped[m
[32m[01:27:56.343053] [I] [SingleNodeWorker] [WorkerThread-1] [Task:171878524-87] [VoidSink.cpp:42] [stop] Void Sink completed.[m
[36m[01:27:56.343185] [D] [SingleNodeWorker] [WorkerThread-1] [] [SourceThread.cpp:226] [tryStop] SourceThread 2: thread is not running[m
[32m[01:27:56.343261] [I] [SingleNodeWorker] [WorkerThread-0] [] [SequenceShredder.cpp:55] [~SequenceShredder] Successfully validated SequenceShredder[m
[36m[01:27:59.421042] [D] [Not A Worker] [unnamed] [queryId:1485080734] [BufferManager.cpp:110] [initialize] NES memory allocation requires 1 out of 540577120256 (so 1.8498748143954595e-10%) available bytes[m
[36m[01:27:59.421087] [D] [Not A Worker] [unnamed] [queryId:1485080734] [BufferManager.cpp:160] [initialize] BufferManager configuration bufferSize=1 numOfBuffers=1[m
[36m[01:27:59.421252] [D] [Not A Worker] [unnamed] [queryId:1485080734] [PipeliningPhase.cpp:365] [apply] Constructed pipeline plan with 1 root pipelines.
PipelinedQueryPlan for Query: 1485080734
Number of root pipelines: 1
------------------
Root Pipeline 0:
  Pipeline(ID(88), Provider(COMPILER))
  Operator chain:
    PhysicalOperator(NES::SourcePhysicalOperator)
  Successor Pipeline:
    Pipeline(ID(89), Provider(None))
      Operator chain:
        PhysicalOperator(NES::ScanPhysicalOperator)
          PhysicalOperator(NES::SelectionPhysicalOperator)
            PhysicalOperator(NES::MapPhysicalOperator)
              PhysicalOperator(NES::EmitPhysicalOperator)
      Successor Pipeline:
        Pipeline(ID(90), Provider(None))
          Operator chain:
            PhysicalOperator(NES::SinkPhysicalOperator)

[m
[36m[01:27:59.425035] [D] [Not A Worker] [unnamed] [] [SinkProvider.cpp:30] [lower] The sinkDescriptor is: SinkDescriptor: (name: variant("PERSON_ID_SINK"), type: Void, Config: )[m
[36m[01:27:59.426031] [D] [SingleNodeWorker] [WorkerThread-1] [Task:1485080734-90] [VoidSink.cpp:37] [start] Setting up void sink: VoidSink[m
[36m[01:27:59.541709] [D] [SingleNodeWorker] [WorkerThread-1] [] [SourceThread.cpp:184] [start] Starting source with originId: 2[m
[36m[01:27:59.543295] [D] [SingleNodeWorker] [WorkerThread-1] [Task:1485080734-89] [BufferManager.cpp:65] [~BufferManager] Calling BufferManager::destroy()[m
[36m[01:27:59.543327] [D] [SingleNodeWorker] [WorkerThread-1] [Task:1485080734-89] [BufferManager.cpp:93] [~BufferManager] Shutting down Buffer Manager completed[m
[36m[01:28:09.966779] [D] [SingleNodeWorker] [WorkerThread-0] [Task:1485080734] [SourceThread.cpp:230] [tryStop] SourceThread 2: attempting to stop source[m
[36m[01:28:09.966820] [D] [SingleNodeWorker] [WorkerThread-0] [Task:1485080734] [SourceThread.cpp:248] [tryStop] SourceThread 2: stopped[m
[32m[01:28:09.992743] [I] [SingleNodeWorker] [WorkerThread-1] [] [SequenceShredder.cpp:55] [~SequenceShredder] Successfully validated SequenceShredder[m
[32m[01:28:10.004254] [I] [SingleNodeWorker] [WorkerThread-0] [Task:1485080734-90] [VoidSink.cpp:42] [stop] Void Sink completed.[m
[36m[01:28:10.004379] [D] [SingleNodeWorker] [WorkerThread-0] [] [SourceThread.cpp:226] [tryStop] SourceThread 2: thread is not running[m
[36m[01:28:13.016602] [D] [Not A Worker] [unnamed] [queryId:722639569] [BufferManager.cpp:110] [initialize] NES memory allocation requires 1 out of 540577120256 (so 1.8498748143954595e-10%) available bytes[m
[36m[01:28:13.016653] [D] [Not A Worker] [unnamed] [queryId:722639569] [BufferManager.cpp:160] [initialize] BufferManager configuration bufferSize=1 numOfBuffers=1[m
[36m[01:28:13.016997] [D] [Not A Worker] [unnamed] [queryId:722639569] [PipeliningPhase.cpp:365] [apply] Constructed pipeline plan with 1 root pipelines.
PipelinedQueryPlan for Query: 722639569
Number of root pipelines: 1
------------------
Root Pipeline 0:
  Pipeline(ID(91), Provider(COMPILER))
  Operator chain:
    PhysicalOperator(NES::SourcePhysicalOperator)
  Successor Pipeline:
    Pipeline(ID(92), Provider(None))
      Operator chain:
        PhysicalOperator(NES::ScanPhysicalOperator)
          PhysicalOperator(NES::MapPhysicalOperator)
            PhysicalOperator(NES::EmitPhysicalOperator)
      Successor Pipeline:
        Pipeline(ID(93), Provider(None))
          Operator chain:
            PhysicalOperator(NES::SinkPhysicalOperator)

[m
[36m[01:28:13.019993] [D] [Not A Worker] [unnamed] [] [SinkProvider.cpp:30] [lower] The sinkDescriptor is: SinkDescriptor: (name: variant("EXTRA_SINK"), type: Void, Config: )[m
[36m[01:28:13.022534] [D] [SingleNodeWorker] [WorkerThread-1] [Task:722639569-93] [VoidSink.cpp:37] [start] Setting up void sink: VoidSink[m
[36m[01:28:13.084658] [D] [SingleNodeWorker] [WorkerThread-1] [] [SourceThread.cpp:184] [start] Starting source with originId: 2[m
[36m[01:28:13.086215] [D] [SingleNodeWorker] [WorkerThread-1] [Task:722639569-92] [BufferManager.cpp:65] [~BufferManager] Calling BufferManager::destroy()[m
[36m[01:28:13.086241] [D] [SingleNodeWorker] [WorkerThread-1] [Task:722639569-92] [BufferManager.cpp:93] [~BufferManager] Shutting down Buffer Manager completed[m
[36m[01:28:24.629557] [D] [SingleNodeWorker] [WorkerThread-1] [Task:722639569] [SourceThread.cpp:230] [tryStop] SourceThread 2: attempting to stop source[m
[36m[01:28:24.629606] [D] [SingleNodeWorker] [WorkerThread-1] [Task:722639569] [SourceThread.cpp:248] [tryStop] SourceThread 2: stopped[m
[32m[01:28:24.655645] [I] [SingleNodeWorker] [WorkerThread-1] [] [SequenceShredder.cpp:55] [~SequenceShredder] Successfully validated SequenceShredder[m
[32m[01:28:24.655948] [I] [SingleNodeWorker] [WorkerThread-0] [Task:722639569-93] [VoidSink.cpp:42] [stop] Void Sink completed.[m
[36m[01:28:24.656087] [D] [SingleNodeWorker] [WorkerThread-0] [] [SourceThread.cpp:226] [tryStop] SourceThread 2: thread is not running[m
[36m[01:28:26.639165] [D] [Not A Worker] [unnamed] [queryId:327904990] [BufferManager.cpp:110] [initialize] NES memory allocation requires 1 out of 540577120256 (so 1.8498748143954595e-10%) available bytes[m
[36m[01:28:26.639212] [D] [Not A Worker] [unnamed] [queryId:327904990] [BufferManager.cpp:160] [initialize] BufferManager configuration bufferSize=1 numOfBuffers=1[m
[36m[01:28:26.639536] [D] [Not A Worker] [unnamed] [queryId:327904990] [PipeliningPhase.cpp:365] [apply] Constructed pipeline plan with 1 root pipelines.
PipelinedQueryPlan for Query: 327904990
Number of root pipelines: 1
------------------
Root Pipeline 0:
  Pipeline(ID(94), Provider(COMPILER))
  Operator chain:
    PhysicalOperator(NES::SourcePhysicalOperator)
  Successor Pipeline:
    Pipeline(ID(95), Provider(None))
      Operator chain:
        PhysicalOperator(NES::ScanPhysicalOperator)
          PhysicalOperator(NES::MapPhysicalOperator)
            PhysicalOperator(NES::EmitPhysicalOperator)
      Successor Pipeline:
        Pipeline(ID(96), Provider(None))
          Operator chain:
            PhysicalOperator(NES::SinkPhysicalOperator)

[m
[36m[01:28:26.643216] [D] [Not A Worker] [unnamed] [] [SinkProvider.cpp:30] [lower] The sinkDescriptor is: SinkDescriptor: (name: variant("EXTRA_SINK"), type: Void, Config: )[m
[36m[01:28:26.648316] [D] [SingleNodeWorker] [WorkerThread-0] [Task:327904990-96] [VoidSink.cpp:37] [start] Setting up void sink: VoidSink[m
[36m[01:28:26.708435] [D] [SingleNodeWorker] [WorkerThread-0] [] [SourceThread.cpp:184] [start] Starting source with originId: 2[m
[36m[01:28:26.709941] [D] [SingleNodeWorker] [WorkerThread-0] [Task:327904990-95] [BufferManager.cpp:65] [~BufferManager] Calling BufferManager::destroy()[m
[36m[01:28:26.709966] [D] [SingleNodeWorker] [WorkerThread-0] [Task:327904990-95] [BufferManager.cpp:93] [~BufferManager] Shutting down Buffer Manager completed[m
[36m[01:28:38.059788] [D] [SingleNodeWorker] [WorkerThread-1] [Task:327904990] [SourceThread.cpp:230] [tryStop] SourceThread 2: attempting to stop source[m
[36m[01:28:38.059843] [D] [SingleNodeWorker] [WorkerThread-1] [Task:327904990] [SourceThread.cpp:248] [tryStop] SourceThread 2: stopped[m
[32m[01:28:38.096563] [I] [SingleNodeWorker] [WorkerThread-1] [Task:327904990-96] [VoidSink.cpp:42] [stop] Void Sink completed.[m
[36m[01:28:38.096702] [D] [SingleNodeWorker] [WorkerThread-1] [] [SourceThread.cpp:226] [tryStop] SourceThread 2: thread is not running[m
[32m[01:28:38.096830] [I] [SingleNodeWorker] [WorkerThread-0] [] [SequenceShredder.cpp:55] [~SequenceShredder] Successfully validated SequenceShredder[m
[36m[01:28:40.159936] [D] [Not A Worker] [unnamed] [queryId:363701559] [BufferManager.cpp:110] [initialize] NES memory allocation requires 1 out of 540577120256 (so 1.8498748143954595e-10%) available bytes[m
[36m[01:28:40.159983] [D] [Not A Worker] [unnamed] [queryId:363701559] [BufferManager.cpp:160] [initialize] BufferManager configuration bufferSize=1 numOfBuffers=1[m
[36m[01:28:40.160367] [D] [Not A Worker] [unnamed] [queryId:363701559] [PipeliningPhase.cpp:365] [apply] Constructed pipeline plan with 1 root pipelines.
PipelinedQueryPlan for Query: 363701559
Number of root pipelines: 1
------------------
Root Pipeline 0:
  Pipeline(ID(97), Provider(COMPILER))
  Operator chain:
    PhysicalOperator(NES::SourcePhysicalOperator)
  Successor Pipeline:
    Pipeline(ID(98), Provider(None))
      Operator chain:
        PhysicalOperator(NES::ScanPhysicalOperator)
          PhysicalOperator(NES::MapPhysicalOperator)
            PhysicalOperator(NES::EmitPhysicalOperator)
      Successor Pipeline:
        Pipeline(ID(99), Provider(None))
          Operator chain:
            PhysicalOperator(NES::SinkPhysicalOperator)

[m
[36m[01:28:40.163775] [D] [Not A Worker] [unnamed] [] [SinkProvider.cpp:30] [lower] The sinkDescriptor is: SinkDescriptor: (name: variant("EXTRA_SINK"), type: Void, Config: )[m
[36m[01:28:40.176385] [D] [SingleNodeWorker] [WorkerThread-1] [Task:363701559-99] [VoidSink.cpp:37] [start] Setting up void sink: VoidSink[m
[36m[01:28:40.239798] [D] [SingleNodeWorker] [WorkerThread-1] [] [SourceThread.cpp:184] [start] Starting source with originId: 2[m
[36m[01:28:40.241915] [D] [SingleNodeWorker] [WorkerThread-1] [Task:363701559-98] [BufferManager.cpp:65] [~BufferManager] Calling BufferManager::destroy()[m
[36m[01:28:40.241943] [D] [SingleNodeWorker] [WorkerThread-1] [Task:363701559-98] [BufferManager.cpp:93] [~BufferManager] Shutting down Buffer Manager completed[m
[36m[01:28:51.630173] [D] [SingleNodeWorker] [WorkerThread-1] [Task:363701559] [SourceThread.cpp:230] [tryStop] SourceThread 2: attempting to stop source[m
[36m[01:28:51.630225] [D] [SingleNodeWorker] [WorkerThread-1] [Task:363701559] [SourceThread.cpp:248] [tryStop] SourceThread 2: stopped[m
[32m[01:28:51.668023] [I] [SingleNodeWorker] [WorkerThread-0] [] [SequenceShredder.cpp:55] [~SequenceShredder] Successfully validated SequenceShredder[m
[32m[01:28:51.668055] [I] [SingleNodeWorker] [WorkerThread-1] [Task:363701559-99] [VoidSink.cpp:42] [stop] Void Sink completed.[m
[36m[01:28:51.668216] [D] [SingleNodeWorker] [WorkerThread-1] [] [SourceThread.cpp:226] [tryStop] SourceThread 2: thread is not running[m
[36m[01:28:53.757463] [D] [Not A Worker] [unnamed] [queryId:203393476] [BufferManager.cpp:110] [initialize] NES memory allocation requires 1 out of 540577120256 (so 1.8498748143954595e-10%) available bytes[m
[36m[01:28:53.757514] [D] [Not A Worker] [unnamed] [queryId:203393476] [BufferManager.cpp:160] [initialize] BufferManager configuration bufferSize=1 numOfBuffers=1[m
[36m[01:28:53.757852] [D] [Not A Worker] [unnamed] [queryId:203393476] [PipeliningPhase.cpp:365] [apply] Constructed pipeline plan with 1 root pipelines.
PipelinedQueryPlan for Query: 203393476
Number of root pipelines: 1
------------------
Root Pipeline 0:
  Pipeline(ID(100), Provider(COMPILER))
  Operator chain:
    PhysicalOperator(NES::SourcePhysicalOperator)
  Successor Pipeline:
    Pipeline(ID(101), Provider(None))
      Operator chain:
        PhysicalOperator(NES::ScanPhysicalOperator)
          PhysicalOperator(NES::MapPhysicalOperator)
            PhysicalOperator(NES::EmitPhysicalOperator)
      Successor Pipeline:
        Pipeline(ID(102), Provider(None))
          Operator chain:
            PhysicalOperator(NES::SinkPhysicalOperator)

[m
[36m[01:28:53.760497] [D] [Not A Worker] [unnamed] [] [SinkProvider.cpp:30] [lower] The sinkDescriptor is: SinkDescriptor: (name: variant("EXTRA_SINK"), type: Void, Config: )[m
[36m[01:28:53.768126] [D] [SingleNodeWorker] [WorkerThread-0] [Task:203393476-102] [VoidSink.cpp:37] [start] Setting up void sink: VoidSink[m
[36m[01:28:53.829575] [D] [SingleNodeWorker] [WorkerThread-0] [] [SourceThread.cpp:184] [start] Starting source with originId: 2[m
[36m[01:28:53.831084] [D] [SingleNodeWorker] [WorkerThread-0] [Task:203393476-101] [BufferManager.cpp:65] [~BufferManager] Calling BufferManager::destroy()[m
[36m[01:28:53.831111] [D] [SingleNodeWorker] [WorkerThread-0] [Task:203393476-101] [BufferManager.cpp:93] [~BufferManager] Shutting down Buffer Manager completed[m
[36m[01:29:05.212665] [D] [SingleNodeWorker] [WorkerThread-0] [Task:203393476] [SourceThread.cpp:230] [tryStop] SourceThread 2: attempting to stop source[m
[36m[01:29:05.212704] [D] [SingleNodeWorker] [WorkerThread-0] [Task:203393476] [SourceThread.cpp:248] [tryStop] SourceThread 2: stopped[m
[32m[01:29:05.248809] [I] [SingleNodeWorker] [WorkerThread-0] [] [SequenceShredder.cpp:55] [~SequenceShredder] Successfully validated SequenceShredder[m
[32m[01:29:05.248892] [I] [SingleNodeWorker] [WorkerThread-1] [Task:203393476-102] [VoidSink.cpp:42] [stop] Void Sink completed.[m
[36m[01:29:05.249043] [D] [SingleNodeWorker] [WorkerThread-1] [] [SourceThread.cpp:226] [tryStop] SourceThread 2: thread is not running[m
[36m[01:29:07.335038] [D] [Not A Worker] [unnamed] [queryId:358972937] [BufferManager.cpp:110] [initialize] NES memory allocation requires 1 out of 540577120256 (so 1.8498748143954595e-10%) available bytes[m
[36m[01:29:07.335085] [D] [Not A Worker] [unnamed] [queryId:358972937] [BufferManager.cpp:160] [initialize] BufferManager configuration bufferSize=1 numOfBuffers=1[m
[36m[01:29:07.335415] [D] [Not A Worker] [unnamed] [queryId:358972937] [PipeliningPhase.cpp:365] [apply] Constructed pipeline plan with 1 root pipelines.
PipelinedQueryPlan for Query: 358972937
Number of root pipelines: 1
------------------
Root Pipeline 0:
  Pipeline(ID(103), Provider(COMPILER))
  Operator chain:
    PhysicalOperator(NES::SourcePhysicalOperator)
  Successor Pipeline:
    Pipeline(ID(104), Provider(None))
      Operator chain:
        PhysicalOperator(NES::ScanPhysicalOperator)
          PhysicalOperator(NES::MapPhysicalOperator)
            PhysicalOperator(NES::EmitPhysicalOperator)
      Successor Pipeline:
        Pipeline(ID(105), Provider(None))
          Operator chain:
            PhysicalOperator(NES::SinkPhysicalOperator)

[m
[36m[01:29:07.338044] [D] [Not A Worker] [unnamed] [] [SinkProvider.cpp:30] [lower] The sinkDescriptor is: SinkDescriptor: (name: variant("EXTRA_SINK"), type: Void, Config: )[m
[36m[01:29:07.342191] [D] [SingleNodeWorker] [WorkerThread-0] [Task:358972937-105] [VoidSink.cpp:37] [start] Setting up void sink: VoidSink[m
[36m[01:29:07.401559] [D] [SingleNodeWorker] [WorkerThread-0] [] [SourceThread.cpp:184] [start] Starting source with originId: 2[m
[36m[01:29:07.403079] [D] [SingleNodeWorker] [WorkerThread-0] [Task:358972937-104] [BufferManager.cpp:65] [~BufferManager] Calling BufferManager::destroy()[m
[36m[01:29:07.403105] [D] [SingleNodeWorker] [WorkerThread-0] [Task:358972937-104] [BufferManager.cpp:93] [~BufferManager] Shutting down Buffer Manager completed[m
[36m[01:29:18.760679] [D] [SingleNodeWorker] [WorkerThread-1] [Task:358972937] [SourceThread.cpp:230] [tryStop] SourceThread 2: attempting to stop source[m
[36m[01:29:18.760733] [D] [SingleNodeWorker] [WorkerThread-1] [Task:358972937] [SourceThread.cpp:248] [tryStop] SourceThread 2: stopped[m
[32m[01:29:18.797760] [I] [SingleNodeWorker] [WorkerThread-0] [] [SequenceShredder.cpp:55] [~SequenceShredder] Successfully validated SequenceShredder[m
[32m[01:29:18.797829] [I] [SingleNodeWorker] [WorkerThread-1] [Task:358972937-105] [VoidSink.cpp:42] [stop] Void Sink completed.[m
[36m[01:29:18.797953] [D] [SingleNodeWorker] [WorkerThread-1] [] [SourceThread.cpp:226] [tryStop] SourceThread 2: thread is not running[m
[36m[01:29:20.938498] [D] [Not A Worker] [unnamed] [queryId:1217486634] [BufferManager.cpp:110] [initialize] NES memory allocation requires 1 out of 540577120256 (so 1.8498748143954595e-10%) available bytes[m
[36m[01:29:20.938552] [D] [Not A Worker] [unnamed] [queryId:1217486634] [BufferManager.cpp:160] [initialize] BufferManager configuration bufferSize=1 numOfBuffers=1[m
[36m[01:29:20.938911] [D] [Not A Worker] [unnamed] [queryId:1217486634] [PipeliningPhase.cpp:365] [apply] Constructed pipeline plan with 1 root pipelines.
PipelinedQueryPlan for Query: 1217486634
Number of root pipelines: 1
------------------
Root Pipeline 0:
  Pipeline(ID(106), Provider(COMPILER))
  Operator chain:
    PhysicalOperator(NES::SourcePhysicalOperator)
  Successor Pipeline:
    Pipeline(ID(107), Provider(None))
      Operator chain:
        PhysicalOperator(NES::ScanPhysicalOperator)
          PhysicalOperator(NES::MapPhysicalOperator)
            PhysicalOperator(NES::EmitPhysicalOperator)
      Successor Pipeline:
        Pipeline(ID(108), Provider(None))
          Operator chain:
            PhysicalOperator(NES::SinkPhysicalOperator)

[m
[36m[01:29:20.942404] [D] [Not A Worker] [unnamed] [] [SinkProvider.cpp:30] [lower] The sinkDescriptor is: SinkDescriptor: (name: variant("EXTRA_SINK"), type: Void, Config: )[m
[36m[01:29:20.945118] [D] [SingleNodeWorker] [WorkerThread-1] [Task:1217486634-108] [VoidSink.cpp:37] [start] Setting up void sink: VoidSink[m
[36m[01:29:21.005632] [D] [SingleNodeWorker] [WorkerThread-1] [] [SourceThread.cpp:184] [start] Starting source with originId: 2[m
[36m[01:29:21.007186] [D] [SingleNodeWorker] [WorkerThread-1] [Task:1217486634-107] [BufferManager.cpp:65] [~BufferManager] Calling BufferManager::destroy()[m
[36m[01:29:21.007212] [D] [SingleNodeWorker] [WorkerThread-1] [Task:1217486634-107] [BufferManager.cpp:93] [~BufferManager] Shutting down Buffer Manager completed[m
[36m[01:29:32.408606] [D] [SingleNodeWorker] [WorkerThread-1] [Task:1217486634] [SourceThread.cpp:230] [tryStop] SourceThread 2: attempting to stop source[m
[36m[01:29:32.408643] [D] [SingleNodeWorker] [WorkerThread-1] [Task:1217486634] [SourceThread.cpp:248] [tryStop] SourceThread 2: stopped[m
[32m[01:29:32.435391] [I] [SingleNodeWorker] [WorkerThread-0] [] [SequenceShredder.cpp:55] [~SequenceShredder] Successfully validated SequenceShredder[m
[32m[01:29:32.444258] [I] [SingleNodeWorker] [WorkerThread-1] [Task:1217486634-108] [VoidSink.cpp:42] [stop] Void Sink completed.[m
[36m[01:29:32.444379] [D] [SingleNodeWorker] [WorkerThread-1] [] [SourceThread.cpp:226] [tryStop] SourceThread 2: thread is not running[m
[36m[01:29:34.587606] [D] [Not A Worker] [unnamed] [queryId:1074237958] [BufferManager.cpp:110] [initialize] NES memory allocation requires 1 out of 540577120256 (so 1.8498748143954595e-10%) available bytes[m
[36m[01:29:34.587665] [D] [Not A Worker] [unnamed] [queryId:1074237958] [BufferManager.cpp:160] [initialize] BufferManager configuration bufferSize=1 numOfBuffers=1[m
[36m[01:29:34.588042] [D] [Not A Worker] [unnamed] [queryId:1074237958] [PipeliningPhase.cpp:365] [apply] Constructed pipeline plan with 1 root pipelines.
PipelinedQueryPlan for Query: 1074237958
Number of root pipelines: 1
------------------
Root Pipeline 0:
  Pipeline(ID(109), Provider(COMPILER))
  Operator chain:
    PhysicalOperator(NES::SourcePhysicalOperator)
  Successor Pipeline:
    Pipeline(ID(110), Provider(None))
      Operator chain:
        PhysicalOperator(NES::ScanPhysicalOperator)
          PhysicalOperator(NES::MapPhysicalOperator)
            PhysicalOperator(NES::EmitPhysicalOperator)
      Successor Pipeline:
        Pipeline(ID(111), Provider(None))
          Operator chain:
            PhysicalOperator(NES::SinkPhysicalOperator)

[m
[36m[01:29:34.591993] [D] [Not A Worker] [unnamed] [] [SinkProvider.cpp:30] [lower] The sinkDescriptor is: SinkDescriptor: (name: variant("EXTRA_SINK"), type: Void, Config: )[m
[36m[01:29:34.592621] [D] [SingleNodeWorker] [WorkerThread-0] [Task:1074237958-111] [VoidSink.cpp:37] [start] Setting up void sink: VoidSink[m
[36m[01:29:34.654310] [D] [SingleNodeWorker] [WorkerThread-0] [] [SourceThread.cpp:184] [start] Starting source with originId: 2[m
[36m[01:29:34.655926] [D] [SingleNodeWorker] [WorkerThread-0] [Task:1074237958-110] [BufferManager.cpp:65] [~BufferManager] Calling BufferManager::destroy()[m
[36m[01:29:34.655964] [D] [SingleNodeWorker] [WorkerThread-0] [Task:1074237958-110] [BufferManager.cpp:93] [~BufferManager] Shutting down Buffer Manager completed[m
[36m[01:29:46.041962] [D] [SingleNodeWorker] [WorkerThread-1] [Task:1074237958] [SourceThread.cpp:230] [tryStop] SourceThread 2: attempting to stop source[m
[36m[01:29:46.042019] [D] [SingleNodeWorker] [WorkerThread-1] [Task:1074237958] [SourceThread.cpp:248] [tryStop] SourceThread 2: stopped[m
[32m[01:29:46.042111] [I] [SingleNodeWorker] [WorkerThread-0] [Task:1074237958-111] [VoidSink.cpp:42] [stop] Void Sink completed.[m
[36m[01:29:46.042177] [D] [SingleNodeWorker] [WorkerThread-0] [] [SourceThread.cpp:226] [tryStop] SourceThread 2: thread is not running[m
[32m[01:29:46.042253] [I] [SingleNodeWorker] [WorkerThread-1] [] [SequenceShredder.cpp:55] [~SequenceShredder] Successfully validated SequenceShredder[m
[36m[01:29:48.208964] [D] [Not A Worker] [unnamed] [queryId:1192953697] [BufferManager.cpp:110] [initialize] NES memory allocation requires 1 out of 540577120256 (so 1.8498748143954595e-10%) available bytes[m
[36m[01:29:48.209016] [D] [Not A Worker] [unnamed] [queryId:1192953697] [BufferManager.cpp:160] [initialize] BufferManager configuration bufferSize=1 numOfBuffers=1[m
[36m[01:29:48.209348] [D] [Not A Worker] [unnamed] [queryId:1192953697] [PipeliningPhase.cpp:365] [apply] Constructed pipeline plan with 1 root pipelines.
PipelinedQueryPlan for Query: 1192953697
Number of root pipelines: 1
------------------
Root Pipeline 0:
  Pipeline(ID(112), Provider(COMPILER))
  Operator chain:
    PhysicalOperator(NES::SourcePhysicalOperator)
  Successor Pipeline:
    Pipeline(ID(113), Provider(None))
      Operator chain:
        PhysicalOperator(NES::ScanPhysicalOperator)
          PhysicalOperator(NES::MapPhysicalOperator)
            PhysicalOperator(NES::EmitPhysicalOperator)
      Successor Pipeline:
        Pipeline(ID(114), Provider(None))
          Operator chain:
            PhysicalOperator(NES::SinkPhysicalOperator)

[m
[36m[01:29:48.212260] [D] [Not A Worker] [unnamed] [] [SinkProvider.cpp:30] [lower] The sinkDescriptor is: SinkDescriptor: (name: variant("EXTRA_SINK"), type: Void, Config: )[m
[36m[01:29:48.227511] [D] [SingleNodeWorker] [WorkerThread-1] [Task:1192953697-114] [VoidSink.cpp:37] [start] Setting up void sink: VoidSink[m
[36m[01:29:48.288616] [D] [SingleNodeWorker] [WorkerThread-1] [] [SourceThread.cpp:184] [start] Starting source with originId: 2[m
[36m[01:29:48.290685] [D] [SingleNodeWorker] [WorkerThread-0] [Task:1192953697-113] [BufferManager.cpp:65] [~BufferManager] Calling BufferManager::destroy()[m
[36m[01:29:48.290772] [D] [SingleNodeWorker] [WorkerThread-0] [Task:1192953697-113] [BufferManager.cpp:93] [~BufferManager] Shutting down Buffer Manager completed[m
[36m[01:29:59.663846] [D] [SingleNodeWorker] [WorkerThread-0] [Task:1192953697] [SourceThread.cpp:230] [tryStop] SourceThread 2: attempting to stop source[m
[36m[01:29:59.663888] [D] [SingleNodeWorker] [WorkerThread-0] [Task:1192953697] [SourceThread.cpp:248] [tryStop] SourceThread 2: stopped[m
[32m[01:29:59.691749] [I] [SingleNodeWorker] [WorkerThread-1] [] [SequenceShredder.cpp:55] [~SequenceShredder] Successfully validated SequenceShredder[m
[32m[01:29:59.699851] [I] [SingleNodeWorker] [WorkerThread-0] [Task:1192953697-114] [VoidSink.cpp:42] [stop] Void Sink completed.[m
[36m[01:29:59.699976] [D] [SingleNodeWorker] [WorkerThread-0] [] [SourceThread.cpp:226] [tryStop] SourceThread 2: thread is not running[m
[36m[01:30:01.844182] [D] [Not A Worker] [unnamed] [queryId:1864239639] [BufferManager.cpp:110] [initialize] NES memory allocation requires 1 out of 540577120256 (so 1.8498748143954595e-10%) available bytes[m
[36m[01:30:01.844238] [D] [Not A Worker] [unnamed] [queryId:1864239639] [BufferManager.cpp:160] [initialize] BufferManager configuration bufferSize=1 numOfBuffers=1[m
[36m[01:30:01.844701] [D] [Not A Worker] [unnamed] [queryId:1864239639] [PipeliningPhase.cpp:365] [apply] Constructed pipeline plan with 1 root pipelines.
PipelinedQueryPlan for Query: 1864239639
Number of root pipelines: 1
------------------
Root Pipeline 0:
  Pipeline(ID(115), Provider(COMPILER))
  Operator chain:
    PhysicalOperator(NES::SourcePhysicalOperator)
  Successor Pipeline:
    Pipeline(ID(116), Provider(None))
      Operator chain:
        PhysicalOperator(NES::ScanPhysicalOperator)
          PhysicalOperator(NES::MapPhysicalOperator)
            PhysicalOperator(NES::EmitPhysicalOperator)
      Successor Pipeline:
        Pipeline(ID(117), Provider(None))
          Operator chain:
            PhysicalOperator(NES::SinkPhysicalOperator)

[m
[36m[01:30:01.848082] [D] [Not A Worker] [unnamed] [] [SinkProvider.cpp:30] [lower] The sinkDescriptor is: SinkDescriptor: (name: variant("EXTRA_SINK"), type: Void, Config: )[m
[36m[01:30:01.849809] [D] [SingleNodeWorker] [WorkerThread-1] [Task:1864239639-117] [VoidSink.cpp:37] [start] Setting up void sink: VoidSink[m
[36m[01:30:01.909549] [D] [SingleNodeWorker] [WorkerThread-1] [] [SourceThread.cpp:184] [start] Starting source with originId: 2[m
[36m[01:30:01.911058] [D] [SingleNodeWorker] [WorkerThread-1] [Task:1864239639-116] [BufferManager.cpp:65] [~BufferManager] Calling BufferManager::destroy()[m
[36m[01:30:01.911086] [D] [SingleNodeWorker] [WorkerThread-1] [Task:1864239639-116] [BufferManager.cpp:93] [~BufferManager] Shutting down Buffer Manager completed[m
[36m[01:30:13.208053] [D] [SingleNodeWorker] [WorkerThread-0] [Task:1864239639] [SourceThread.cpp:230] [tryStop] SourceThread 2: attempting to stop source[m
[36m[01:30:13.208092] [D] [SingleNodeWorker] [WorkerThread-0] [Task:1864239639] [SourceThread.cpp:248] [tryStop] SourceThread 2: stopped[m
[32m[01:30:13.235553] [I] [SingleNodeWorker] [WorkerThread-1] [] [SequenceShredder.cpp:55] [~SequenceShredder] Successfully validated SequenceShredder[m
[32m[01:30:13.244262] [I] [SingleNodeWorker] [WorkerThread-0] [Task:1864239639-117] [VoidSink.cpp:42] [stop] Void Sink completed.[m
[36m[01:30:13.244388] [D] [SingleNodeWorker] [WorkerThread-0] [] [SourceThread.cpp:226] [tryStop] SourceThread 2: thread is not running[m
[36m[01:30:15.388477] [D] [Not A Worker] [unnamed] [queryId:1024965676] [BufferManager.cpp:110] [initialize] NES memory allocation requires 1 out of 540577120256 (so 1.8498748143954595e-10%) available bytes[m
[36m[01:30:15.388526] [D] [Not A Worker] [unnamed] [queryId:1024965676] [BufferManager.cpp:160] [initialize] BufferManager configuration bufferSize=1 numOfBuffers=1[m
[36m[01:30:15.388889] [D] [Not A Worker] [unnamed] [queryId:1024965676] [PipeliningPhase.cpp:365] [apply] Constructed pipeline plan with 1 root pipelines.
PipelinedQueryPlan for Query: 1024965676
Number of root pipelines: 1
------------------
Root Pipeline 0:
  Pipeline(ID(118), Provider(COMPILER))
  Operator chain:
    PhysicalOperator(NES::SourcePhysicalOperator)
  Successor Pipeline:
    Pipeline(ID(119), Provider(None))
      Operator chain:
        PhysicalOperator(NES::ScanPhysicalOperator)
          PhysicalOperator(NES::MapPhysicalOperator)
            PhysicalOperator(NES::EmitPhysicalOperator)
      Successor Pipeline:
        Pipeline(ID(120), Provider(None))
          Operator chain:
            PhysicalOperator(NES::SinkPhysicalOperator)

[m
[36m[01:30:15.392304] [D] [Not A Worker] [unnamed] [] [SinkProvider.cpp:30] [lower] The sinkDescriptor is: SinkDescriptor: (name: variant("EXTRA_SINK"), type: Void, Config: )[m
[36m[01:30:15.393675] [D] [SingleNodeWorker] [WorkerThread-1] [Task:1024965676-120] [VoidSink.cpp:37] [start] Setting up void sink: VoidSink[m
[36m[01:30:15.453848] [D] [SingleNodeWorker] [WorkerThread-1] [] [SourceThread.cpp:184] [start] Starting source with originId: 2[m
[36m[01:30:15.455395] [D] [SingleNodeWorker] [WorkerThread-1] [Task:1024965676-119] [BufferManager.cpp:65] [~BufferManager] Calling BufferManager::destroy()[m
[36m[01:30:15.455422] [D] [SingleNodeWorker] [WorkerThread-1] [Task:1024965676-119] [BufferManager.cpp:93] [~BufferManager] Shutting down Buffer Manager completed[m
[36m[01:30:26.871101] [D] [SingleNodeWorker] [WorkerThread-0] [Task:1024965676] [SourceThread.cpp:230] [tryStop] SourceThread 2: attempting to stop source[m
[36m[01:30:26.871143] [D] [SingleNodeWorker] [WorkerThread-0] [Task:1024965676] [SourceThread.cpp:248] [tryStop] SourceThread 2: stopped[m
[32m[01:30:26.907343] [I] [SingleNodeWorker] [WorkerThread-0] [] [SequenceShredder.cpp:55] [~SequenceShredder] Successfully validated SequenceShredder[m
[32m[01:30:26.907363] [I] [SingleNodeWorker] [WorkerThread-1] [Task:1024965676-120] [VoidSink.cpp:42] [stop] Void Sink completed.[m
[36m[01:30:26.907546] [D] [SingleNodeWorker] [WorkerThread-1] [] [SourceThread.cpp:226] [tryStop] SourceThread 2: thread is not running[m
[36m[01:30:28.996136] [D] [Not A Worker] [unnamed] [queryId:1278758335] [BufferManager.cpp:110] [initialize] NES memory allocation requires 1 out of 540577120256 (so 1.8498748143954595e-10%) available bytes[m
[36m[01:30:28.996185] [D] [Not A Worker] [unnamed] [queryId:1278758335] [BufferManager.cpp:160] [initialize] BufferManager configuration bufferSize=1 numOfBuffers=1[m
[36m[01:30:28.996351] [D] [Not A Worker] [unnamed] [queryId:1278758335] [PipeliningPhase.cpp:365] [apply] Constructed pipeline plan with 1 root pipelines.
PipelinedQueryPlan for Query: 1278758335
Number of root pipelines: 1
------------------
Root Pipeline 0:
  Pipeline(ID(121), Provider(COMPILER))
  Operator chain:
    PhysicalOperator(NES::SourcePhysicalOperator)
  Successor Pipeline:
    Pipeline(ID(122), Provider(None))
      Operator chain:
        PhysicalOperator(NES::ScanPhysicalOperator)
          PhysicalOperator(NES::SelectionPhysicalOperator)
            PhysicalOperator(NES::MapPhysicalOperator)
              PhysicalOperator(NES::EmitPhysicalOperator)
      Successor Pipeline:
        Pipeline(ID(123), Provider(None))
          Operator chain:
            PhysicalOperator(NES::SinkPhysicalOperator)

[m
[36m[01:30:29.000176] [D] [Not A Worker] [unnamed] [] [SinkProvider.cpp:30] [lower] The sinkDescriptor is: SinkDescriptor: (name: variant("PERSON_ID_SINK"), type: Void, Config: )[m
[36m[01:30:29.022037] [D] [SingleNodeWorker] [WorkerThread-0] [Task:1278758335-123] [VoidSink.cpp:37] [start] Setting up void sink: VoidSink[m
[36m[01:30:29.099994] [D] [SingleNodeWorker] [WorkerThread-0] [] [SourceThread.cpp:184] [start] Starting source with originId: 2[m
[36m[01:30:29.101528] [D] [SingleNodeWorker] [WorkerThread-0] [Task:1278758335-122] [BufferManager.cpp:65] [~BufferManager] Calling BufferManager::destroy()[m
[36m[01:30:29.101551] [D] [SingleNodeWorker] [WorkerThread-0] [Task:1278758335-122] [BufferManager.cpp:93] [~BufferManager] Shutting down Buffer Manager completed[m
[36m[01:30:39.579117] [D] [SingleNodeWorker] [WorkerThread-1] [Task:1278758335] [SourceThread.cpp:230] [tryStop] SourceThread 2: attempting to stop source[m
[36m[01:30:39.579172] [D] [SingleNodeWorker] [WorkerThread-1] [Task:1278758335] [SourceThread.cpp:248] [tryStop] SourceThread 2: stopped[m
[32m[01:30:39.615334] [I] [SingleNodeWorker] [WorkerThread-1] [] [SequenceShredder.cpp:55] [~SequenceShredder] Successfully validated SequenceShredder[m
[32m[01:30:39.616130] [I] [SingleNodeWorker] [WorkerThread-0] [Task:1278758335-123] [VoidSink.cpp:42] [stop] Void Sink completed.[m
[36m[01:30:39.616302] [D] [SingleNodeWorker] [WorkerThread-0] [] [SourceThread.cpp:226] [tryStop] SourceThread 2: thread is not running[m
[36m[01:30:42.725492] [D] [Not A Worker] [unnamed] [queryId:1045385320] [BufferManager.cpp:110] [initialize] NES memory allocation requires 1 out of 540577120256 (so 1.8498748143954595e-10%) available bytes[m
[36m[01:30:42.725544] [D] [Not A Worker] [unnamed] [queryId:1045385320] [BufferManager.cpp:160] [initialize] BufferManager configuration bufferSize=1 numOfBuffers=1[m
[36m[01:30:42.725730] [D] [Not A Worker] [unnamed] [queryId:1045385320] [PipeliningPhase.cpp:365] [apply] Constructed pipeline plan with 1 root pipelines.
PipelinedQueryPlan for Query: 1045385320
Number of root pipelines: 1
------------------
Root Pipeline 0:
  Pipeline(ID(124), Provider(COMPILER))
  Operator chain:
    PhysicalOperator(NES::SourcePhysicalOperator)
  Successor Pipeline:
    Pipeline(ID(125), Provider(None))
      Operator chain:
        PhysicalOperator(NES::ScanPhysicalOperator)
          PhysicalOperator(NES::SelectionPhysicalOperator)
            PhysicalOperator(NES::MapPhysicalOperator)
              PhysicalOperator(NES::EmitPhysicalOperator)
      Successor Pipeline:
        Pipeline(ID(126), Provider(None))
          Operator chain:
            PhysicalOperator(NES::SinkPhysicalOperator)

[m
[36m[01:30:42.729760] [D] [Not A Worker] [unnamed] [] [SinkProvider.cpp:30] [lower] The sinkDescriptor is: SinkDescriptor: (name: variant("PERSON_ID_SINK"), type: Void, Config: )[m
[36m[01:30:42.738097] [D] [SingleNodeWorker] [WorkerThread-0] [Task:1045385320-126] [VoidSink.cpp:37] [start] Setting up void sink: VoidSink[m
[36m[01:30:42.816210] [D] [SingleNodeWorker] [WorkerThread-0] [] [SourceThread.cpp:184] [start] Starting source with originId: 2[m
[36m[01:30:42.818174] [D] [SingleNodeWorker] [WorkerThread-0] [Task:1045385320-125] [BufferManager.cpp:65] [~BufferManager] Calling BufferManager::destroy()[m
[36m[01:30:42.818197] [D] [SingleNodeWorker] [WorkerThread-0] [Task:1045385320-125] [BufferManager.cpp:93] [~BufferManager] Shutting down Buffer Manager completed[m
[36m[01:30:53.313208] [D] [SingleNodeWorker] [WorkerThread-0] [Task:1045385320] [SourceThread.cpp:230] [tryStop] SourceThread 2: attempting to stop source[m
[36m[01:30:53.313249] [D] [SingleNodeWorker] [WorkerThread-0] [Task:1045385320] [SourceThread.cpp:248] [tryStop] SourceThread 2: stopped[m
[32m[01:30:53.349993] [I] [SingleNodeWorker] [WorkerThread-0] [] [SequenceShredder.cpp:55] [~SequenceShredder] Successfully validated SequenceShredder[m
[32m[01:30:53.350959] [I] [SingleNodeWorker] [WorkerThread-1] [Task:1045385320-126] [VoidSink.cpp:42] [stop] Void Sink completed.[m
[36m[01:30:53.351108] [D] [SingleNodeWorker] [WorkerThread-1] [] [SourceThread.cpp:226] [tryStop] SourceThread 2: thread is not running[m
[36m[01:30:56.179037] [D] [Not A Worker] [unnamed] [queryId:667780790] [BufferManager.cpp:110] [initialize] NES memory allocation requires 1 out of 540577120256 (so 1.8498748143954595e-10%) available bytes[m
[36m[01:30:56.179085] [D] [Not A Worker] [unnamed] [queryId:667780790] [BufferManager.cpp:160] [initialize] BufferManager configuration bufferSize=1 numOfBuffers=1[m
[36m[01:30:56.179294] [D] [Not A Worker] [unnamed] [queryId:667780790] [PipeliningPhase.cpp:365] [apply] Constructed pipeline plan with 1 root pipelines.
PipelinedQueryPlan for Query: 667780790
Number of root pipelines: 1
------------------
Root Pipeline 0:
  Pipeline(ID(127), Provider(COMPILER))
  Operator chain:
    PhysicalOperator(NES::SourcePhysicalOperator)
  Successor Pipeline:
    Pipeline(ID(128), Provider(None))
      Operator chain:
        PhysicalOperator(NES::ScanPhysicalOperator)
          PhysicalOperator(NES::SelectionPhysicalOperator)
            PhysicalOperator(NES::MapPhysicalOperator)
              PhysicalOperator(NES::EmitPhysicalOperator)
      Successor Pipeline:
        Pipeline(ID(129), Provider(None))
          Operator chain:
            PhysicalOperator(NES::SinkPhysicalOperator)

[m
[36m[01:30:56.183155] [D] [Not A Worker] [unnamed] [] [SinkProvider.cpp:30] [lower] The sinkDescriptor is: SinkDescriptor: (name: variant("PERSON_ID_SINK"), type: Void, Config: )[m
[36m[01:30:56.184972] [D] [SingleNodeWorker] [WorkerThread-1] [Task:667780790-129] [VoidSink.cpp:37] [start] Setting up void sink: VoidSink[m
[36m[01:30:56.263334] [D] [SingleNodeWorker] [WorkerThread-1] [] [SourceThread.cpp:184] [start] Starting source with originId: 2[m
[36m[01:30:56.264892] [D] [SingleNodeWorker] [WorkerThread-1] [Task:667780790-128] [BufferManager.cpp:65] [~BufferManager] Calling BufferManager::destroy()[m
[36m[01:30:56.264919] [D] [SingleNodeWorker] [WorkerThread-1] [Task:667780790-128] [BufferManager.cpp:93] [~BufferManager] Shutting down Buffer Manager completed[m
[36m[01:31:06.680971] [D] [SingleNodeWorker] [WorkerThread-0] [Task:667780790] [SourceThread.cpp:230] [tryStop] SourceThread 2: attempting to stop source[m
[36m[01:31:06.681012] [D] [SingleNodeWorker] [WorkerThread-0] [Task:667780790] [SourceThread.cpp:248] [tryStop] SourceThread 2: stopped[m
[32m[01:31:06.707052] [I] [SingleNodeWorker] [WorkerThread-1] [] [SequenceShredder.cpp:55] [~SequenceShredder] Successfully validated SequenceShredder[m
[32m[01:31:06.717066] [I] [SingleNodeWorker] [WorkerThread-0] [Task:667780790-129] [VoidSink.cpp:42] [stop] Void Sink completed.[m
[36m[01:31:06.717193] [D] [SingleNodeWorker] [WorkerThread-0] [] [SourceThread.cpp:226] [tryStop] SourceThread 2: thread is not running[m
[36m[01:31:09.722484] [D] [Not A Worker] [unnamed] [queryId:155362639] [BufferManager.cpp:110] [initialize] NES memory allocation requires 1 out of 540577120256 (so 1.8498748143954595e-10%) available bytes[m
[36m[01:31:09.722534] [D] [Not A Worker] [unnamed] [queryId:155362639] [BufferManager.cpp:160] [initialize] BufferManager configuration bufferSize=1 numOfBuffers=1[m
[36m[01:31:09.722716] [D] [Not A Worker] [unnamed] [queryId:155362639] [PipeliningPhase.cpp:365] [apply] Constructed pipeline plan with 1 root pipelines.
PipelinedQueryPlan for Query: 155362639
Number of root pipelines: 1
------------------
Root Pipeline 0:
  Pipeline(ID(130), Provider(COMPILER))
  Operator chain:
    PhysicalOperator(NES::SourcePhysicalOperator)
  Successor Pipeline:
    Pipeline(ID(131), Provider(None))
      Operator chain:
        PhysicalOperator(NES::ScanPhysicalOperator)
          PhysicalOperator(NES::SelectionPhysicalOperator)
            PhysicalOperator(NES::MapPhysicalOperator)
              PhysicalOperator(NES::EmitPhysicalOperator)
      Successor Pipeline:
        Pipeline(ID(132), Provider(None))
          Operator chain:
            PhysicalOperator(NES::SinkPhysicalOperator)

[m
[36m[01:31:09.726444] [D] [Not A Worker] [unnamed] [] [SinkProvider.cpp:30] [lower] The sinkDescriptor is: SinkDescriptor: (name: variant("PERSON_ID_SINK"), type: Void, Config: )[m
[36m[01:31:09.762381] [D] [SingleNodeWorker] [WorkerThread-1] [Task:155362639-132] [VoidSink.cpp:37] [start] Setting up void sink: VoidSink[m
[36m[01:31:09.840221] [D] [SingleNodeWorker] [WorkerThread-1] [] [SourceThread.cpp:184] [start] Starting source with originId: 2[m
[36m[01:31:09.841757] [D] [SingleNodeWorker] [WorkerThread-1] [Task:155362639-131] [BufferManager.cpp:65] [~BufferManager] Calling BufferManager::destroy()[m
[36m[01:31:09.841784] [D] [SingleNodeWorker] [WorkerThread-1] [Task:155362639-131] [BufferManager.cpp:93] [~BufferManager] Shutting down Buffer Manager completed[m
[36m[01:31:20.337190] [D] [SingleNodeWorker] [WorkerThread-0] [Task:155362639] [SourceThread.cpp:230] [tryStop] SourceThread 2: attempting to stop source[m
[36m[01:31:20.337234] [D] [SingleNodeWorker] [WorkerThread-0] [Task:155362639] [SourceThread.cpp:248] [tryStop] SourceThread 2: stopped[m
[32m[01:31:20.363751] [I] [SingleNodeWorker] [WorkerThread-1] [] [SequenceShredder.cpp:55] [~SequenceShredder] Successfully validated SequenceShredder[m
[32m[01:31:20.373487] [I] [SingleNodeWorker] [WorkerThread-0] [Task:155362639-132] [VoidSink.cpp:42] [stop] Void Sink completed.[m
[36m[01:31:20.373609] [D] [SingleNodeWorker] [WorkerThread-0] [] [SourceThread.cpp:226] [tryStop] SourceThread 2: thread is not running[m
[36m[01:31:23.475940] [D] [Not A Worker] [unnamed] [queryId:135435539] [BufferManager.cpp:110] [initialize] NES memory allocation requires 1 out of 540577120256 (so 1.8498748143954595e-10%) available bytes[m
[36m[01:31:23.475991] [D] [Not A Worker] [unnamed] [queryId:135435539] [BufferManager.cpp:160] [initialize] BufferManager configuration bufferSize=1 numOfBuffers=1[m
[36m[01:31:23.476179] [D] [Not A Worker] [unnamed] [queryId:135435539] [PipeliningPhase.cpp:365] [apply] Constructed pipeline plan with 1 root pipelines.
PipelinedQueryPlan for Query: 135435539
Number of root pipelines: 1
------------------
Root Pipeline 0:
  Pipeline(ID(133), Provider(COMPILER))
  Operator chain:
    PhysicalOperator(NES::SourcePhysicalOperator)
  Successor Pipeline:
    Pipeline(ID(134), Provider(None))
      Operator chain:
        PhysicalOperator(NES::ScanPhysicalOperator)
          PhysicalOperator(NES::SelectionPhysicalOperator)
            PhysicalOperator(NES::MapPhysicalOperator)
              PhysicalOperator(NES::EmitPhysicalOperator)
      Successor Pipeline:
        Pipeline(ID(135), Provider(None))
          Operator chain:
            PhysicalOperator(NES::SinkPhysicalOperator)

[m
[36m[01:31:23.480115] [D] [Not A Worker] [unnamed] [] [SinkProvider.cpp:30] [lower] The sinkDescriptor is: SinkDescriptor: (name: variant("PERSON_ID_SINK"), type: Void, Config: )[m
[36m[01:31:23.487233] [D] [SingleNodeWorker] [WorkerThread-0] [Task:135435539-135] [VoidSink.cpp:37] [start] Setting up void sink: VoidSink[m
[36m[01:31:23.569097] [D] [SingleNodeWorker] [WorkerThread-0] [] [SourceThread.cpp:184] [start] Starting source with originId: 2[m
[36m[01:31:23.570638] [D] [SingleNodeWorker] [WorkerThread-0] [Task:135435539-134] [BufferManager.cpp:65] [~BufferManager] Calling BufferManager::destroy()[m
[36m[01:31:23.570662] [D] [SingleNodeWorker] [WorkerThread-0] [Task:135435539-134] [BufferManager.cpp:93] [~BufferManager] Shutting down Buffer Manager completed[m
[36m[01:31:34.019137] [D] [SingleNodeWorker] [WorkerThread-1] [Task:135435539] [SourceThread.cpp:230] [tryStop] SourceThread 2: attempting to stop source[m
[36m[01:31:34.019188] [D] [SingleNodeWorker] [WorkerThread-1] [Task:135435539] [SourceThread.cpp:248] [tryStop] SourceThread 2: stopped[m
[32m[01:31:34.056760] [I] [SingleNodeWorker] [WorkerThread-0] [Task:135435539-135] [VoidSink.cpp:42] [stop] Void Sink completed.[m
[36m[01:31:34.056895] [D] [SingleNodeWorker] [WorkerThread-0] [] [SourceThread.cpp:226] [tryStop] SourceThread 2: thread is not running[m
[32m[01:31:34.056986] [I] [SingleNodeWorker] [WorkerThread-1] [] [SequenceShredder.cpp:55] [~SequenceShredder] Successfully validated SequenceShredder[m
[36m[01:31:37.055494] [D] [Not A Worker] [unnamed] [queryId:1156972730] [BufferManager.cpp:110] [initialize] NES memory allocation requires 1 out of 540577120256 (so 1.8498748143954595e-10%) available bytes[m
[36m[01:31:37.055541] [D] [Not A Worker] [unnamed] [queryId:1156972730] [BufferManager.cpp:160] [initialize] BufferManager configuration bufferSize=1 numOfBuffers=1[m
[36m[01:31:37.055706] [D] [Not A Worker] [unnamed] [queryId:1156972730] [PipeliningPhase.cpp:365] [apply] Constructed pipeline plan with 1 root pipelines.
PipelinedQueryPlan for Query: 1156972730
Number of root pipelines: 1
------------------
Root Pipeline 0:
  Pipeline(ID(136), Provider(COMPILER))
  Operator chain:
    PhysicalOperator(NES::SourcePhysicalOperator)
  Successor Pipeline:
    Pipeline(ID(137), Provider(None))
      Operator chain:
        PhysicalOperator(NES::ScanPhysicalOperator)
          PhysicalOperator(NES::SelectionPhysicalOperator)
            PhysicalOperator(NES::MapPhysicalOperator)
              PhysicalOperator(NES::EmitPhysicalOperator)
      Successor Pipeline:
        Pipeline(ID(138), Provider(None))
          Operator chain:
            PhysicalOperator(NES::SinkPhysicalOperator)

[m
[36m[01:31:37.058911] [D] [Not A Worker] [unnamed] [] [SinkProvider.cpp:30] [lower] The sinkDescriptor is: SinkDescriptor: (name: variant("PERSON_ID_SINK"), type: Void, Config: )[m
[36m[01:31:37.059488] [D] [SingleNodeWorker] [WorkerThread-1] [Task:1156972730-138] [VoidSink.cpp:37] [start] Setting up void sink: VoidSink[m
[36m[01:31:37.136535] [D] [SingleNodeWorker] [WorkerThread-1] [] [SourceThread.cpp:184] [start] Starting source with originId: 2[m
[36m[01:31:37.138111] [D] [SingleNodeWorker] [WorkerThread-1] [Task:1156972730-137] [BufferManager.cpp:65] [~BufferManager] Calling BufferManager::destroy()[m
[36m[01:31:37.138138] [D] [SingleNodeWorker] [WorkerThread-1] [Task:1156972730-137] [BufferManager.cpp:93] [~BufferManager] Shutting down Buffer Manager completed[m
[36m[01:31:47.570331] [D] [SingleNodeWorker] [WorkerThread-0] [Task:1156972730] [SourceThread.cpp:230] [tryStop] SourceThread 2: attempting to stop source[m
[36m[01:31:47.570375] [D] [SingleNodeWorker] [WorkerThread-0] [Task:1156972730] [SourceThread.cpp:248] [tryStop] SourceThread 2: stopped[m
[32m[01:31:47.598050] [I] [SingleNodeWorker] [WorkerThread-1] [] [SequenceShredder.cpp:55] [~SequenceShredder] Successfully validated SequenceShredder[m
[32m[01:31:47.606390] [I] [SingleNodeWorker] [WorkerThread-0] [Task:1156972730-138] [VoidSink.cpp:42] [stop] Void Sink completed.[m
[36m[01:31:47.606513] [D] [SingleNodeWorker] [WorkerThread-0] [] [SourceThread.cpp:226] [tryStop] SourceThread 2: thread is not running[m
[36m[01:31:50.816866] [D] [Not A Worker] [unnamed] [queryId:63110738] [BufferManager.cpp:110] [initialize] NES memory allocation requires 1 out of 540577120256 (so 1.8498748143954595e-10%) available bytes[m
[36m[01:31:50.816914] [D] [Not A Worker] [unnamed] [queryId:63110738] [BufferManager.cpp:160] [initialize] BufferManager configuration bufferSize=1 numOfBuffers=1[m
[36m[01:31:50.817075] [D] [Not A Worker] [unnamed] [queryId:63110738] [PipeliningPhase.cpp:365] [apply] Constructed pipeline plan with 1 root pipelines.
PipelinedQueryPlan for Query: 63110738
Number of root pipelines: 1
------------------
Root Pipeline 0:
  Pipeline(ID(139), Provider(COMPILER))
  Operator chain:
    PhysicalOperator(NES::SourcePhysicalOperator)
  Successor Pipeline:
    Pipeline(ID(140), Provider(None))
      Operator chain:
        PhysicalOperator(NES::ScanPhysicalOperator)
          PhysicalOperator(NES::SelectionPhysicalOperator)
            PhysicalOperator(NES::MapPhysicalOperator)
              PhysicalOperator(NES::EmitPhysicalOperator)
      Successor Pipeline:
        Pipeline(ID(141), Provider(None))
          Operator chain:
            PhysicalOperator(NES::SinkPhysicalOperator)

[m
[36m[01:31:50.820689] [D] [Not A Worker] [unnamed] [] [SinkProvider.cpp:30] [lower] The sinkDescriptor is: SinkDescriptor: (name: variant("PERSON_ID_SINK"), type: Void, Config: )[m
[36m[01:31:50.828675] [D] [SingleNodeWorker] [WorkerThread-1] [Task:63110738-141] [VoidSink.cpp:37] [start] Setting up void sink: VoidSink[m
[36m[01:31:50.906437] [D] [SingleNodeWorker] [WorkerThread-1] [] [SourceThread.cpp:184] [start] Starting source with originId: 2[m
[36m[01:31:50.907912] [D] [SingleNodeWorker] [WorkerThread-1] [Task:63110738-140] [BufferManager.cpp:65] [~BufferManager] Calling BufferManager::destroy()[m
[36m[01:31:50.907941] [D] [SingleNodeWorker] [WorkerThread-1] [Task:63110738-140] [BufferManager.cpp:93] [~BufferManager] Shutting down Buffer Manager completed[m
[36m[01:32:01.339947] [D] [SingleNodeWorker] [WorkerThread-0] [Task:63110738] [SourceThread.cpp:230] [tryStop] SourceThread 2: attempting to stop source[m
[36m[01:32:01.339989] [D] [SingleNodeWorker] [WorkerThread-0] [Task:63110738] [SourceThread.cpp:248] [tryStop] SourceThread 2: stopped[m
[32m[01:32:01.376595] [I] [SingleNodeWorker] [WorkerThread-0] [Task:63110738-141] [VoidSink.cpp:42] [stop] Void Sink completed.[m
[36m[01:32:01.376715] [D] [SingleNodeWorker] [WorkerThread-0] [] [SourceThread.cpp:226] [tryStop] SourceThread 2: thread is not running[m
[32m[01:32:01.376743] [I] [SingleNodeWorker] [WorkerThread-1] [] [SequenceShredder.cpp:55] [~SequenceShredder] Successfully validated SequenceShredder[m
[36m[01:32:04.463973] [D] [Not A Worker] [unnamed] [queryId:1530106223] [BufferManager.cpp:110] [initialize] NES memory allocation requires 1 out of 540577120256 (so 1.8498748143954595e-10%) available bytes[m
[36m[01:32:04.464020] [D] [Not A Worker] [unnamed] [queryId:1530106223] [BufferManager.cpp:160] [initialize] BufferManager configuration bufferSize=1 numOfBuffers=1[m
[36m[01:32:04.464211] [D] [Not A Worker] [unnamed] [queryId:1530106223] [PipeliningPhase.cpp:365] [apply] Constructed pipeline plan with 1 root pipelines.
PipelinedQueryPlan for Query: 1530106223
Number of root pipelines: 1
------------------
Root Pipeline 0:
  Pipeline(ID(142), Provider(COMPILER))
  Operator chain:
    PhysicalOperator(NES::SourcePhysicalOperator)
  Successor Pipeline:
    Pipeline(ID(143), Provider(None))
      Operator chain:
        PhysicalOperator(NES::ScanPhysicalOperator)
          PhysicalOperator(NES::SelectionPhysicalOperator)
            PhysicalOperator(NES::MapPhysicalOperator)
              PhysicalOperator(NES::EmitPhysicalOperator)
      Successor Pipeline:
        Pipeline(ID(144), Provider(None))
          Operator chain:
            PhysicalOperator(NES::SinkPhysicalOperator)

[m
[36m[01:32:04.467588] [D] [Not A Worker] [unnamed] [] [SinkProvider.cpp:30] [lower] The sinkDescriptor is: SinkDescriptor: (name: variant("PERSON_ID_SINK"), type: Void, Config: )[m
[36m[01:32:04.470629] [D] [SingleNodeWorker] [WorkerThread-1] [Task:1530106223-144] [VoidSink.cpp:37] [start] Setting up void sink: VoidSink[m
[36m[01:32:04.548552] [D] [SingleNodeWorker] [WorkerThread-1] [] [SourceThread.cpp:184] [start] Starting source with originId: 2[m
[36m[01:32:04.550301] [D] [SingleNodeWorker] [WorkerThread-1] [Task:1530106223-143] [BufferManager.cpp:65] [~BufferManager] Calling BufferManager::destroy()[m
[36m[01:32:04.550327] [D] [SingleNodeWorker] [WorkerThread-1] [Task:1530106223-143] [BufferManager.cpp:93] [~BufferManager] Shutting down Buffer Manager completed[m
[36m[01:32:10.390254] [D] [SingleNodeWorker] [WorkerThread-1] [Task:1530106223-143] [InputFormatter.hpp:348] [indexTrailingSpanningTupleProxy] last offset: 262143, first offset: 297[m
[36m[01:32:15.002022] [D] [SingleNodeWorker] [WorkerThread-1] [Task:1530106223] [SourceThread.cpp:230] [tryStop] SourceThread 2: attempting to stop source[m
[36m[01:32:15.002071] [D] [SingleNodeWorker] [WorkerThread-1] [Task:1530106223] [SourceThread.cpp:248] [tryStop] SourceThread 2: stopped[m
[32m[01:32:15.038974] [I] [SingleNodeWorker] [WorkerThread-0] [Task:1530106223-144] [VoidSink.cpp:42] [stop] Void Sink completed.[m
[32m[01:32:15.039003] [I] [SingleNodeWorker] [WorkerThread-1] [] [SequenceShredder.cpp:55] [~SequenceShredder] Successfully validated SequenceShredder[m
[36m[01:32:15.039118] [D] [SingleNodeWorker] [WorkerThread-0] [] [SourceThread.cpp:226] [tryStop] SourceThread 2: thread is not running[m
[36m[01:32:18.033501] [D] [Not A Worker] [unnamed] [queryId:748005369] [BufferManager.cpp:110] [initialize] NES memory allocation requires 1 out of 540577120256 (so 1.8498748143954595e-10%) available bytes[m
[36m[01:32:18.033549] [D] [Not A Worker] [unnamed] [queryId:748005369] [BufferManager.cpp:160] [initialize] BufferManager configuration bufferSize=1 numOfBuffers=1[m
[36m[01:32:18.033724] [D] [Not A Worker] [unnamed] [queryId:748005369] [PipeliningPhase.cpp:365] [apply] Constructed pipeline plan with 1 root pipelines.
PipelinedQueryPlan for Query: 748005369
Number of root pipelines: 1
------------------
Root Pipeline 0:
  Pipeline(ID(145), Provider(COMPILER))
  Operator chain:
    PhysicalOperator(NES::SourcePhysicalOperator)
  Successor Pipeline:
    Pipeline(ID(146), Provider(None))
      Operator chain:
        PhysicalOperator(NES::ScanPhysicalOperator)
          PhysicalOperator(NES::SelectionPhysicalOperator)
            PhysicalOperator(NES::MapPhysicalOperator)
              PhysicalOperator(NES::EmitPhysicalOperator)
      Successor Pipeline:
        Pipeline(ID(147), Provider(None))
          Operator chain:
            PhysicalOperator(NES::SinkPhysicalOperator)

[m
[36m[01:32:18.036938] [D] [Not A Worker] [unnamed] [] [SinkProvider.cpp:30] [lower] The sinkDescriptor is: SinkDescriptor: (name: variant("PERSON_ID_SINK"), type: Void, Config: )[m
[36m[01:32:18.043284] [D] [SingleNodeWorker] [WorkerThread-1] [Task:748005369-147] [VoidSink.cpp:37] [start] Setting up void sink: VoidSink[m
[36m[01:32:18.120658] [D] [SingleNodeWorker] [WorkerThread-1] [] [SourceThread.cpp:184] [start] Starting source with originId: 2[m
[36m[01:32:18.122193] [D] [SingleNodeWorker] [WorkerThread-1] [Task:748005369-146] [BufferManager.cpp:65] [~BufferManager] Calling BufferManager::destroy()[m
[36m[01:32:18.122219] [D] [SingleNodeWorker] [WorkerThread-1] [Task:748005369-146] [BufferManager.cpp:93] [~BufferManager] Shutting down Buffer Manager completed[m
[36m[01:32:28.592450] [D] [SingleNodeWorker] [WorkerThread-0] [Task:748005369] [SourceThread.cpp:230] [tryStop] SourceThread 2: attempting to stop source[m
[36m[01:32:28.592494] [D] [SingleNodeWorker] [WorkerThread-0] [Task:748005369] [SourceThread.cpp:248] [tryStop] SourceThread 2: stopped[m
[32m[01:32:28.592567] [I] [SingleNodeWorker] [WorkerThread-1] [Task:748005369-147] [VoidSink.cpp:42] [stop] Void Sink completed.[m
[36m[01:32:28.592645] [D] [SingleNodeWorker] [WorkerThread-1] [] [SourceThread.cpp:226] [tryStop] SourceThread 2: thread is not running[m
[32m[01:32:28.592682] [I] [SingleNodeWorker] [WorkerThread-0] [] [SequenceShredder.cpp:55] [~SequenceShredder] Successfully validated SequenceShredder[m
[36m[01:32:31.770589] [D] [Not A Worker] [unnamed] [queryId:1180687066] [BufferManager.cpp:110] [initialize] NES memory allocation requires 1 out of 540577120256 (so 1.8498748143954595e-10%) available bytes[m
[36m[01:32:31.770639] [D] [Not A Worker] [unnamed] [queryId:1180687066] [BufferManager.cpp:160] [initialize] BufferManager configuration bufferSize=1 numOfBuffers=1[m
[36m[01:32:31.770798] [D] [Not A Worker] [unnamed] [queryId:1180687066] [PipeliningPhase.cpp:365] [apply] Constructed pipeline plan with 1 root pipelines.
PipelinedQueryPlan for Query: 1180687066
Number of root pipelines: 1
------------------
Root Pipeline 0:
  Pipeline(ID(148), Provider(COMPILER))
  Operator chain:
    PhysicalOperator(NES::SourcePhysicalOperator)
  Successor Pipeline:
    Pipeline(ID(149), Provider(None))
      Operator chain:
        PhysicalOperator(NES::ScanPhysicalOperator)
          PhysicalOperator(NES::SelectionPhysicalOperator)
            PhysicalOperator(NES::MapPhysicalOperator)
              PhysicalOperator(NES::EmitPhysicalOperator)
      Successor Pipeline:
        Pipeline(ID(150), Provider(None))
          Operator chain:
            PhysicalOperator(NES::SinkPhysicalOperator)

[m
[36m[01:32:31.774127] [D] [Not A Worker] [unnamed] [] [SinkProvider.cpp:30] [lower] The sinkDescriptor is: SinkDescriptor: (name: variant("PERSON_ID_SINK"), type: Void, Config: )[m
[36m[01:32:31.783000] [D] [SingleNodeWorker] [WorkerThread-1] [Task:1180687066-150] [VoidSink.cpp:37] [start] Setting up void sink: VoidSink[m
[36m[01:32:31.860256] [D] [SingleNodeWorker] [WorkerThread-1] [] [SourceThread.cpp:184] [start] Starting source with originId: 2[m
[36m[01:32:31.861841] [D] [SingleNodeWorker] [WorkerThread-1] [Task:1180687066-149] [BufferManager.cpp:65] [~BufferManager] Calling BufferManager::destroy()[m
[36m[01:32:31.861866] [D] [SingleNodeWorker] [WorkerThread-1] [Task:1180687066-149] [BufferManager.cpp:93] [~BufferManager] Shutting down Buffer Manager completed[m
[36m[01:32:42.311010] [D] [SingleNodeWorker] [WorkerThread-0] [Task:1180687066] [SourceThread.cpp:230] [tryStop] SourceThread 2: attempting to stop source[m
[36m[01:32:42.311056] [D] [SingleNodeWorker] [WorkerThread-0] [Task:1180687066] [SourceThread.cpp:248] [tryStop] SourceThread 2: stopped[m
[32m[01:32:42.338629] [I] [SingleNodeWorker] [WorkerThread-1] [] [SequenceShredder.cpp:55] [~SequenceShredder] Successfully validated SequenceShredder[m
[32m[01:32:42.346647] [I] [SingleNodeWorker] [WorkerThread-0] [Task:1180687066-150] [VoidSink.cpp:42] [stop] Void Sink completed.[m
[36m[01:32:42.346772] [D] [SingleNodeWorker] [WorkerThread-0] [] [SourceThread.cpp:226] [tryStop] SourceThread 2: thread is not running[m
