[32m[14:54:02.036131] [I] [Not A Worker] [unnamed] [] [SingleNodeWorker.cpp:63] [SingleNodeWorker] Starting SingleNodeWorker SingleNodeWorker with configuration:
worker.query_engine.number_of_worker_threads: 8
worker.query_engine.admission_queue_size: 1000 (default)
worker.default_query_execution.execution_mode: COMPILER (default)
worker.default_query_execution.page_size: 1024 (default)
worker.default_query_execution.number_of_partitions: 100 (default)
worker.default_query_execution.number_of_records_per_key: 10 (default)
worker.default_query_execution.max_number_of_buckets: 10000 (default)
worker.default_query_execution.operator_buffer_size: 262144
worker.default_query_optimization.join_strategy: OPTIMIZER_CHOOSES (default)
worker.number_of_buffers_in_global_buffer_manager: 32768 (default)
worker.default_max_inflight_buffers: 64 (default)
worker.dump_compilation_result: NONE (default)
worker.dump_graph: 0 (default)
grpc: [::]:8080 (default)
enable_event_trace: 0 (default)
[m
[36m[14:54:02.038007] [D] [Not A Worker] [unnamed] [] [BufferManager.cpp:110] [initialize] NES memory allocation requires 8589934592 out of 540577120256 (so 1.5890303659045137%) available bytes[m
[36m[14:54:02.129830] [D] [Not A Worker] [unnamed] [] [BufferManager.cpp:160] [initialize] BufferManager configuration bufferSize=262144 numOfBuffers=32768[m
[32m[14:54:02.137539] [I] [Not A Worker] [unnamed] [] [SingleNodeWorkerStarter.cpp:93] [main] Server listening on [::]:8080[m
[36m[14:54:04.583386] [D] [Not A Worker] [unnamed] [queryId:613620999] [BufferManager.cpp:110] [initialize] NES memory allocation requires 1 out of 540577120256 (so 1.8498748143954595e-10%) available bytes[m
[36m[14:54:04.583442] [D] [Not A Worker] [unnamed] [queryId:613620999] [BufferManager.cpp:160] [initialize] BufferManager configuration bufferSize=1 numOfBuffers=1[m
[36m[14:54:04.583632] [D] [Not A Worker] [unnamed] [queryId:613620999] [PipeliningPhase.cpp:365] [apply] Constructed pipeline plan with 1 root pipelines.
PipelinedQueryPlan for Query: 613620999
Number of root pipelines: 1
------------------
Root Pipeline 0:
  Pipeline(ID(1), Provider(COMPILER))
  Operator chain:
    PhysicalOperator(NES::SourcePhysicalOperator)
  Successor Pipeline:
    Pipeline(ID(2), Provider(None))
      Operator chain:
        PhysicalOperator(NES::ScanPhysicalOperator)
          PhysicalOperator(NES::SelectionPhysicalOperator)
            PhysicalOperator(NES::MapPhysicalOperator)
              PhysicalOperator(NES::EmitPhysicalOperator)
      Successor Pipeline:
        Pipeline(ID(3), Provider(None))
          Operator chain:
            PhysicalOperator(NES::SinkPhysicalOperator)

[m
[36m[14:54:04.587626] [D] [Not A Worker] [unnamed] [] [SinkProvider.cpp:30] [lower] The sinkDescriptor is: SinkDescriptor: (name: variant("NAME_SINK"), type: Void, Config: )[m
[36m[14:54:04.591849] [D] [SingleNodeWorker] [WorkerThread-1] [Task:613620999-3] [VoidSink.cpp:37] [start] Setting up void sink: VoidSink[m
[36m[14:54:04.684356] [D] [SingleNodeWorker] [WorkerThread-4] [] [SourceThread.cpp:184] [start] Starting source with originId: 2[m
[36m[14:54:04.705615] [D] [SingleNodeWorker] [WorkerThread-0] [Task:613620999-2] [BufferManager.cpp:65] [~BufferManager] Calling BufferManager::destroy()[m
[36m[14:54:04.705663] [D] [SingleNodeWorker] [WorkerThread-0] [Task:613620999-2] [BufferManager.cpp:93] [~BufferManager] Shutting down Buffer Manager completed[m
[36m[14:54:08.503669] [D] [SingleNodeWorker] [WorkerThread-4] [Task:613620999] [SourceThread.cpp:230] [tryStop] SourceThread 2: attempting to stop source[m
[36m[14:54:08.503766] [D] [SingleNodeWorker] [WorkerThread-4] [Task:613620999] [SourceThread.cpp:248] [tryStop] SourceThread 2: stopped[m
[32m[14:54:08.530190] [I] [SingleNodeWorker] [WorkerThread-5] [] [SequenceShredder.cpp:55] [~SequenceShredder] Successfully validated SequenceShredder[m
[32m[14:54:08.531274] [I] [SingleNodeWorker] [WorkerThread-1] [Task:613620999-3] [VoidSink.cpp:42] [stop] Void Sink completed.[m
[36m[14:54:08.531430] [D] [SingleNodeWorker] [WorkerThread-1] [] [SourceThread.cpp:226] [tryStop] SourceThread 2: thread is not running[m
[36m[14:54:12.305249] [D] [Not A Worker] [unnamed] [queryId:305461305] [BufferManager.cpp:110] [initialize] NES memory allocation requires 1 out of 540577120256 (so 1.8498748143954595e-10%) available bytes[m
[36m[14:54:12.305301] [D] [Not A Worker] [unnamed] [queryId:305461305] [BufferManager.cpp:160] [initialize] BufferManager configuration bufferSize=1 numOfBuffers=1[m
[36m[14:54:12.305509] [D] [Not A Worker] [unnamed] [queryId:305461305] [PipeliningPhase.cpp:365] [apply] Constructed pipeline plan with 1 root pipelines.
PipelinedQueryPlan for Query: 305461305
Number of root pipelines: 1
------------------
Root Pipeline 0:
  Pipeline(ID(4), Provider(COMPILER))
  Operator chain:
    PhysicalOperator(NES::SourcePhysicalOperator)
  Successor Pipeline:
    Pipeline(ID(5), Provider(None))
      Operator chain:
        PhysicalOperator(NES::ScanPhysicalOperator)
          PhysicalOperator(NES::SelectionPhysicalOperator)
            PhysicalOperator(NES::MapPhysicalOperator)
              PhysicalOperator(NES::EmitPhysicalOperator)
      Successor Pipeline:
        Pipeline(ID(6), Provider(None))
          Operator chain:
            PhysicalOperator(NES::SinkPhysicalOperator)

[m
[36m[14:54:12.308937] [D] [Not A Worker] [unnamed] [] [SinkProvider.cpp:30] [lower] The sinkDescriptor is: SinkDescriptor: (name: variant("NAME_SINK"), type: Void, Config: )[m
[36m[14:54:12.310859] [D] [SingleNodeWorker] [WorkerThread-0] [Task:305461305-6] [VoidSink.cpp:37] [start] Setting up void sink: VoidSink[m
[36m[14:54:12.403221] [D] [SingleNodeWorker] [WorkerThread-0] [] [SourceThread.cpp:184] [start] Starting source with originId: 2[m
[36m[14:54:12.413512] [D] [SingleNodeWorker] [WorkerThread-0] [Task:305461305-5] [BufferManager.cpp:65] [~BufferManager] Calling BufferManager::destroy()[m
[36m[14:54:12.413543] [D] [SingleNodeWorker] [WorkerThread-0] [Task:305461305-5] [BufferManager.cpp:93] [~BufferManager] Shutting down Buffer Manager completed[m
[36m[14:54:16.204280] [D] [SingleNodeWorker] [WorkerThread-5] [Task:305461305] [SourceThread.cpp:230] [tryStop] SourceThread 2: attempting to stop source[m
[36m[14:54:16.204324] [D] [SingleNodeWorker] [WorkerThread-5] [Task:305461305] [SourceThread.cpp:248] [tryStop] SourceThread 2: stopped[m
[32m[14:54:16.231830] [I] [SingleNodeWorker] [WorkerThread-6] [Task:305461305-6] [VoidSink.cpp:42] [stop] Void Sink completed.[m
[36m[14:54:16.231967] [D] [SingleNodeWorker] [WorkerThread-6] [] [SourceThread.cpp:226] [tryStop] SourceThread 2: thread is not running[m
[32m[14:54:16.232070] [I] [SingleNodeWorker] [WorkerThread-2] [] [SequenceShredder.cpp:55] [~SequenceShredder] Successfully validated SequenceShredder[m
[36m[14:54:20.077118] [D] [Not A Worker] [unnamed] [queryId:1001179626] [BufferManager.cpp:110] [initialize] NES memory allocation requires 1 out of 540577120256 (so 1.8498748143954595e-10%) available bytes[m
[36m[14:54:20.077168] [D] [Not A Worker] [unnamed] [queryId:1001179626] [BufferManager.cpp:160] [initialize] BufferManager configuration bufferSize=1 numOfBuffers=1[m
[36m[14:54:20.077359] [D] [Not A Worker] [unnamed] [queryId:1001179626] [PipeliningPhase.cpp:365] [apply] Constructed pipeline plan with 1 root pipelines.
PipelinedQueryPlan for Query: 1001179626
Number of root pipelines: 1
------------------
Root Pipeline 0:
  Pipeline(ID(7), Provider(COMPILER))
  Operator chain:
    PhysicalOperator(NES::SourcePhysicalOperator)
  Successor Pipeline:
    Pipeline(ID(8), Provider(None))
      Operator chain:
        PhysicalOperator(NES::ScanPhysicalOperator)
          PhysicalOperator(NES::SelectionPhysicalOperator)
            PhysicalOperator(NES::MapPhysicalOperator)
              PhysicalOperator(NES::EmitPhysicalOperator)
      Successor Pipeline:
        Pipeline(ID(9), Provider(None))
          Operator chain:
            PhysicalOperator(NES::SinkPhysicalOperator)

[m
[36m[14:54:20.080849] [D] [Not A Worker] [unnamed] [] [SinkProvider.cpp:30] [lower] The sinkDescriptor is: SinkDescriptor: (name: variant("NAME_SINK"), type: Void, Config: )[m
[36m[14:54:20.083856] [D] [SingleNodeWorker] [WorkerThread-5] [Task:1001179626-9] [VoidSink.cpp:37] [start] Setting up void sink: VoidSink[m
[36m[14:54:20.171565] [D] [SingleNodeWorker] [WorkerThread-5] [] [SourceThread.cpp:184] [start] Starting source with originId: 2[m
[36m[14:54:20.181715] [D] [SingleNodeWorker] [WorkerThread-5] [Task:1001179626-8] [BufferManager.cpp:65] [~BufferManager] Calling BufferManager::destroy()[m
[36m[14:54:20.181741] [D] [SingleNodeWorker] [WorkerThread-5] [Task:1001179626-8] [BufferManager.cpp:93] [~BufferManager] Shutting down Buffer Manager completed[m
[36m[14:54:23.959310] [D] [SingleNodeWorker] [WorkerThread-7] [Task:1001179626] [SourceThread.cpp:230] [tryStop] SourceThread 2: attempting to stop source[m
[36m[14:54:23.959352] [D] [SingleNodeWorker] [WorkerThread-7] [Task:1001179626] [SourceThread.cpp:248] [tryStop] SourceThread 2: stopped[m
[32m[14:54:23.987786] [I] [SingleNodeWorker] [WorkerThread-6] [] [SequenceShredder.cpp:55] [~SequenceShredder] Successfully validated SequenceShredder[m
[32m[14:54:23.988230] [I] [SingleNodeWorker] [WorkerThread-2] [Task:1001179626-9] [VoidSink.cpp:42] [stop] Void Sink completed.[m
[36m[14:54:23.988324] [D] [SingleNodeWorker] [WorkerThread-2] [] [SourceThread.cpp:226] [tryStop] SourceThread 2: thread is not running[m
[36m[14:54:27.819974] [D] [Not A Worker] [unnamed] [queryId:455289134] [BufferManager.cpp:110] [initialize] NES memory allocation requires 1 out of 540577120256 (so 1.8498748143954595e-10%) available bytes[m
[36m[14:54:27.820024] [D] [Not A Worker] [unnamed] [queryId:455289134] [BufferManager.cpp:160] [initialize] BufferManager configuration bufferSize=1 numOfBuffers=1[m
[36m[14:54:27.820187] [D] [Not A Worker] [unnamed] [queryId:455289134] [PipeliningPhase.cpp:365] [apply] Constructed pipeline plan with 1 root pipelines.
PipelinedQueryPlan for Query: 455289134
Number of root pipelines: 1
------------------
Root Pipeline 0:
  Pipeline(ID(10), Provider(COMPILER))
  Operator chain:
    PhysicalOperator(NES::SourcePhysicalOperator)
  Successor Pipeline:
    Pipeline(ID(11), Provider(None))
      Operator chain:
        PhysicalOperator(NES::ScanPhysicalOperator)
          PhysicalOperator(NES::SelectionPhysicalOperator)
            PhysicalOperator(NES::MapPhysicalOperator)
              PhysicalOperator(NES::EmitPhysicalOperator)
      Successor Pipeline:
        Pipeline(ID(12), Provider(None))
          Operator chain:
            PhysicalOperator(NES::SinkPhysicalOperator)

[m
[36m[14:54:27.823076] [D] [Not A Worker] [unnamed] [] [SinkProvider.cpp:30] [lower] The sinkDescriptor is: SinkDescriptor: (name: variant("NAME_SINK"), type: Void, Config: )[m
[36m[14:54:27.826057] [D] [SingleNodeWorker] [WorkerThread-5] [Task:455289134-12] [VoidSink.cpp:37] [start] Setting up void sink: VoidSink[m
[36m[14:54:27.914817] [D] [SingleNodeWorker] [WorkerThread-5] [] [SourceThread.cpp:184] [start] Starting source with originId: 2[m
[36m[14:54:27.924961] [D] [SingleNodeWorker] [WorkerThread-5] [Task:455289134-11] [BufferManager.cpp:65] [~BufferManager] Calling BufferManager::destroy()[m
[36m[14:54:27.924989] [D] [SingleNodeWorker] [WorkerThread-5] [Task:455289134-11] [BufferManager.cpp:93] [~BufferManager] Shutting down Buffer Manager completed[m
[36m[14:54:31.766397] [D] [SingleNodeWorker] [WorkerThread-1] [Task:455289134] [SourceThread.cpp:230] [tryStop] SourceThread 2: attempting to stop source[m
[36m[14:54:31.766441] [D] [SingleNodeWorker] [WorkerThread-1] [Task:455289134] [SourceThread.cpp:248] [tryStop] SourceThread 2: stopped[m
[32m[14:54:31.792437] [I] [SingleNodeWorker] [WorkerThread-2] [] [SequenceShredder.cpp:55] [~SequenceShredder] Successfully validated SequenceShredder[m
[32m[14:54:31.792578] [I] [SingleNodeWorker] [WorkerThread-3] [Task:455289134-12] [VoidSink.cpp:42] [stop] Void Sink completed.[m
[36m[14:54:31.792724] [D] [SingleNodeWorker] [WorkerThread-3] [] [SourceThread.cpp:226] [tryStop] SourceThread 2: thread is not running[m
[36m[14:54:35.599768] [D] [Not A Worker] [unnamed] [queryId:1201369040] [BufferManager.cpp:110] [initialize] NES memory allocation requires 1 out of 540577120256 (so 1.8498748143954595e-10%) available bytes[m
[36m[14:54:35.599820] [D] [Not A Worker] [unnamed] [queryId:1201369040] [BufferManager.cpp:160] [initialize] BufferManager configuration bufferSize=1 numOfBuffers=1[m
[36m[14:54:35.600024] [D] [Not A Worker] [unnamed] [queryId:1201369040] [PipeliningPhase.cpp:365] [apply] Constructed pipeline plan with 1 root pipelines.
PipelinedQueryPlan for Query: 1201369040
Number of root pipelines: 1
------------------
Root Pipeline 0:
  Pipeline(ID(13), Provider(COMPILER))
  Operator chain:
    PhysicalOperator(NES::SourcePhysicalOperator)
  Successor Pipeline:
    Pipeline(ID(14), Provider(None))
      Operator chain:
        PhysicalOperator(NES::ScanPhysicalOperator)
          PhysicalOperator(NES::SelectionPhysicalOperator)
            PhysicalOperator(NES::MapPhysicalOperator)
              PhysicalOperator(NES::EmitPhysicalOperator)
      Successor Pipeline:
        Pipeline(ID(15), Provider(None))
          Operator chain:
            PhysicalOperator(NES::SinkPhysicalOperator)

[m
[36m[14:54:35.603101] [D] [Not A Worker] [unnamed] [] [SinkProvider.cpp:30] [lower] The sinkDescriptor is: SinkDescriptor: (name: variant("NAME_SINK"), type: Void, Config: )[m
[36m[14:54:35.603990] [D] [SingleNodeWorker] [WorkerThread-5] [Task:1201369040-15] [VoidSink.cpp:37] [start] Setting up void sink: VoidSink[m
[36m[14:54:35.692992] [D] [SingleNodeWorker] [WorkerThread-7] [] [SourceThread.cpp:184] [start] Starting source with originId: 2[m
[36m[14:54:35.704047] [D] [SingleNodeWorker] [WorkerThread-7] [Task:1201369040-14] [BufferManager.cpp:65] [~BufferManager] Calling BufferManager::destroy()[m
[36m[14:54:35.704079] [D] [SingleNodeWorker] [WorkerThread-7] [Task:1201369040-14] [BufferManager.cpp:93] [~BufferManager] Shutting down Buffer Manager completed[m
[36m[14:54:39.557548] [D] [SingleNodeWorker] [WorkerThread-4] [Task:1201369040] [SourceThread.cpp:230] [tryStop] SourceThread 2: attempting to stop source[m
[36m[14:54:39.557604] [D] [SingleNodeWorker] [WorkerThread-4] [Task:1201369040] [SourceThread.cpp:248] [tryStop] SourceThread 2: stopped[m
[32m[14:54:39.583650] [I] [SingleNodeWorker] [WorkerThread-5] [Task:1201369040-15] [VoidSink.cpp:42] [stop] Void Sink completed.[m
[32m[14:54:39.583791] [I] [SingleNodeWorker] [WorkerThread-0] [] [SequenceShredder.cpp:55] [~SequenceShredder] Successfully validated SequenceShredder[m
[36m[14:54:39.583795] [D] [SingleNodeWorker] [WorkerThread-5] [] [SourceThread.cpp:226] [tryStop] SourceThread 2: thread is not running[m
[36m[14:54:43.293853] [D] [Not A Worker] [unnamed] [queryId:820523088] [BufferManager.cpp:110] [initialize] NES memory allocation requires 1 out of 540577120256 (so 1.8498748143954595e-10%) available bytes[m
[36m[14:54:43.293901] [D] [Not A Worker] [unnamed] [queryId:820523088] [BufferManager.cpp:160] [initialize] BufferManager configuration bufferSize=1 numOfBuffers=1[m
[36m[14:54:43.294111] [D] [Not A Worker] [unnamed] [queryId:820523088] [PipeliningPhase.cpp:365] [apply] Constructed pipeline plan with 1 root pipelines.
PipelinedQueryPlan for Query: 820523088
Number of root pipelines: 1
------------------
Root Pipeline 0:
  Pipeline(ID(16), Provider(COMPILER))
  Operator chain:
    PhysicalOperator(NES::SourcePhysicalOperator)
  Successor Pipeline:
    Pipeline(ID(17), Provider(None))
      Operator chain:
        PhysicalOperator(NES::ScanPhysicalOperator)
          PhysicalOperator(NES::SelectionPhysicalOperator)
            PhysicalOperator(NES::MapPhysicalOperator)
              PhysicalOperator(NES::EmitPhysicalOperator)
      Successor Pipeline:
        Pipeline(ID(18), Provider(None))
          Operator chain:
            PhysicalOperator(NES::SinkPhysicalOperator)

[m
[36m[14:54:43.297815] [D] [Not A Worker] [unnamed] [] [SinkProvider.cpp:30] [lower] The sinkDescriptor is: SinkDescriptor: (name: variant("NAME_SINK"), type: Void, Config: )[m
[36m[14:54:43.299566] [D] [SingleNodeWorker] [WorkerThread-6] [Task:820523088-18] [VoidSink.cpp:37] [start] Setting up void sink: VoidSink[m
[36m[14:54:43.389716] [D] [SingleNodeWorker] [WorkerThread-6] [] [SourceThread.cpp:184] [start] Starting source with originId: 2[m
[36m[14:54:43.399896] [D] [SingleNodeWorker] [WorkerThread-6] [Task:820523088-17] [BufferManager.cpp:65] [~BufferManager] Calling BufferManager::destroy()[m
[36m[14:54:43.399927] [D] [SingleNodeWorker] [WorkerThread-6] [Task:820523088-17] [BufferManager.cpp:93] [~BufferManager] Shutting down Buffer Manager completed[m
[36m[14:54:47.204794] [D] [SingleNodeWorker] [WorkerThread-1] [Task:820523088] [SourceThread.cpp:230] [tryStop] SourceThread 2: attempting to stop source[m
[36m[14:54:47.204838] [D] [SingleNodeWorker] [WorkerThread-1] [Task:820523088] [SourceThread.cpp:248] [tryStop] SourceThread 2: stopped[m
[32m[14:54:47.232664] [I] [SingleNodeWorker] [WorkerThread-3] [Task:820523088-18] [VoidSink.cpp:42] [stop] Void Sink completed.[m
[32m[14:54:47.232755] [I] [SingleNodeWorker] [WorkerThread-0] [] [SequenceShredder.cpp:55] [~SequenceShredder] Successfully validated SequenceShredder[m
[36m[14:54:47.232825] [D] [SingleNodeWorker] [WorkerThread-3] [] [SourceThread.cpp:226] [tryStop] SourceThread 2: thread is not running[m
[36m[14:54:51.070536] [D] [Not A Worker] [unnamed] [queryId:432255152] [BufferManager.cpp:110] [initialize] NES memory allocation requires 1 out of 540577120256 (so 1.8498748143954595e-10%) available bytes[m
[36m[14:54:51.070589] [D] [Not A Worker] [unnamed] [queryId:432255152] [BufferManager.cpp:160] [initialize] BufferManager configuration bufferSize=1 numOfBuffers=1[m
[36m[14:54:51.070791] [D] [Not A Worker] [unnamed] [queryId:432255152] [PipeliningPhase.cpp:365] [apply] Constructed pipeline plan with 1 root pipelines.
PipelinedQueryPlan for Query: 432255152
Number of root pipelines: 1
------------------
Root Pipeline 0:
  Pipeline(ID(19), Provider(COMPILER))
  Operator chain:
    PhysicalOperator(NES::SourcePhysicalOperator)
  Successor Pipeline:
    Pipeline(ID(20), Provider(None))
      Operator chain:
        PhysicalOperator(NES::ScanPhysicalOperator)
          PhysicalOperator(NES::SelectionPhysicalOperator)
            PhysicalOperator(NES::MapPhysicalOperator)
              PhysicalOperator(NES::EmitPhysicalOperator)
      Successor Pipeline:
        Pipeline(ID(21), Provider(None))
          Operator chain:
            PhysicalOperator(NES::SinkPhysicalOperator)

[m
[36m[14:54:51.074912] [D] [Not A Worker] [unnamed] [] [SinkProvider.cpp:30] [lower] The sinkDescriptor is: SinkDescriptor: (name: variant("NAME_SINK"), type: Void, Config: )[m
[36m[14:54:51.075521] [D] [SingleNodeWorker] [WorkerThread-4] [Task:432255152-21] [VoidSink.cpp:37] [start] Setting up void sink: VoidSink[m
[36m[14:54:51.163854] [D] [SingleNodeWorker] [WorkerThread-4] [] [SourceThread.cpp:184] [start] Starting source with originId: 2[m
[36m[14:54:51.173562] [D] [SingleNodeWorker] [WorkerThread-4] [Task:432255152-20] [BufferManager.cpp:65] [~BufferManager] Calling BufferManager::destroy()[m
[36m[14:54:51.173589] [D] [SingleNodeWorker] [WorkerThread-4] [Task:432255152-20] [BufferManager.cpp:93] [~BufferManager] Shutting down Buffer Manager completed[m
[36m[14:54:55.004855] [D] [SingleNodeWorker] [WorkerThread-6] [Task:432255152] [SourceThread.cpp:230] [tryStop] SourceThread 2: attempting to stop source[m
[36m[14:54:55.004906] [D] [SingleNodeWorker] [WorkerThread-6] [Task:432255152] [SourceThread.cpp:248] [tryStop] SourceThread 2: stopped[m
[32m[14:54:55.034572] [I] [SingleNodeWorker] [WorkerThread-2] [] [SequenceShredder.cpp:55] [~SequenceShredder] Successfully validated SequenceShredder[m
[32m[14:54:55.040036] [I] [SingleNodeWorker] [WorkerThread-6] [Task:432255152-21] [VoidSink.cpp:42] [stop] Void Sink completed.[m
[36m[14:54:55.040197] [D] [SingleNodeWorker] [WorkerThread-6] [] [SourceThread.cpp:226] [tryStop] SourceThread 2: thread is not running[m
[36m[14:54:58.992195] [D] [Not A Worker] [unnamed] [queryId:729141647] [BufferManager.cpp:110] [initialize] NES memory allocation requires 1 out of 540577120256 (so 1.8498748143954595e-10%) available bytes[m
[36m[14:54:58.992247] [D] [Not A Worker] [unnamed] [queryId:729141647] [BufferManager.cpp:160] [initialize] BufferManager configuration bufferSize=1 numOfBuffers=1[m
[36m[14:54:58.992437] [D] [Not A Worker] [unnamed] [queryId:729141647] [PipeliningPhase.cpp:365] [apply] Constructed pipeline plan with 1 root pipelines.
PipelinedQueryPlan for Query: 729141647
Number of root pipelines: 1
------------------
Root Pipeline 0:
  Pipeline(ID(22), Provider(COMPILER))
  Operator chain:
    PhysicalOperator(NES::SourcePhysicalOperator)
  Successor Pipeline:
    Pipeline(ID(23), Provider(None))
      Operator chain:
        PhysicalOperator(NES::ScanPhysicalOperator)
          PhysicalOperator(NES::SelectionPhysicalOperator)
            PhysicalOperator(NES::MapPhysicalOperator)
              PhysicalOperator(NES::EmitPhysicalOperator)
      Successor Pipeline:
        Pipeline(ID(24), Provider(None))
          Operator chain:
            PhysicalOperator(NES::SinkPhysicalOperator)

[m
[36m[14:54:58.995691] [D] [Not A Worker] [unnamed] [] [SinkProvider.cpp:30] [lower] The sinkDescriptor is: SinkDescriptor: (name: variant("NAME_SINK"), type: Void, Config: )[m
[36m[14:54:58.998599] [D] [SingleNodeWorker] [WorkerThread-6] [Task:729141647-24] [VoidSink.cpp:37] [start] Setting up void sink: VoidSink[m
[36m[14:54:59.088857] [D] [SingleNodeWorker] [WorkerThread-6] [] [SourceThread.cpp:184] [start] Starting source with originId: 2[m
[36m[14:54:59.099028] [D] [SingleNodeWorker] [WorkerThread-6] [Task:729141647-23] [BufferManager.cpp:65] [~BufferManager] Calling BufferManager::destroy()[m
[36m[14:54:59.099061] [D] [SingleNodeWorker] [WorkerThread-6] [Task:729141647-23] [BufferManager.cpp:93] [~BufferManager] Shutting down Buffer Manager completed[m
[36m[14:55:02.934233] [D] [SingleNodeWorker] [WorkerThread-1] [Task:729141647] [SourceThread.cpp:230] [tryStop] SourceThread 2: attempting to stop source[m
[36m[14:55:02.934278] [D] [SingleNodeWorker] [WorkerThread-1] [Task:729141647] [SourceThread.cpp:248] [tryStop] SourceThread 2: stopped[m
[32m[14:55:02.961272] [I] [SingleNodeWorker] [WorkerThread-5] [] [SequenceShredder.cpp:55] [~SequenceShredder] Successfully validated SequenceShredder[m
[32m[14:55:02.962088] [I] [SingleNodeWorker] [WorkerThread-2] [Task:729141647-24] [VoidSink.cpp:42] [stop] Void Sink completed.[m
[36m[14:55:02.962251] [D] [SingleNodeWorker] [WorkerThread-2] [] [SourceThread.cpp:226] [tryStop] SourceThread 2: thread is not running[m
[36m[14:55:06.747552] [D] [Not A Worker] [unnamed] [queryId:1906980493] [BufferManager.cpp:110] [initialize] NES memory allocation requires 1 out of 540577120256 (so 1.8498748143954595e-10%) available bytes[m
[36m[14:55:06.747614] [D] [Not A Worker] [unnamed] [queryId:1906980493] [BufferManager.cpp:160] [initialize] BufferManager configuration bufferSize=1 numOfBuffers=1[m
[36m[14:55:06.747826] [D] [Not A Worker] [unnamed] [queryId:1906980493] [PipeliningPhase.cpp:365] [apply] Constructed pipeline plan with 1 root pipelines.
PipelinedQueryPlan for Query: 1906980493
Number of root pipelines: 1
------------------
Root Pipeline 0:
  Pipeline(ID(25), Provider(COMPILER))
  Operator chain:
    PhysicalOperator(NES::SourcePhysicalOperator)
  Successor Pipeline:
    Pipeline(ID(26), Provider(None))
      Operator chain:
        PhysicalOperator(NES::ScanPhysicalOperator)
          PhysicalOperator(NES::SelectionPhysicalOperator)
            PhysicalOperator(NES::MapPhysicalOperator)
              PhysicalOperator(NES::EmitPhysicalOperator)
      Successor Pipeline:
        Pipeline(ID(27), Provider(None))
          Operator chain:
            PhysicalOperator(NES::SinkPhysicalOperator)

[m
[36m[14:55:06.751727] [D] [Not A Worker] [unnamed] [] [SinkProvider.cpp:30] [lower] The sinkDescriptor is: SinkDescriptor: (name: variant("NAME_SINK"), type: Void, Config: )[m
[36m[14:55:06.752915] [D] [SingleNodeWorker] [WorkerThread-6] [Task:1906980493-27] [VoidSink.cpp:37] [start] Setting up void sink: VoidSink[m
[36m[14:55:06.845432] [D] [SingleNodeWorker] [WorkerThread-6] [] [SourceThread.cpp:184] [start] Starting source with originId: 2[m
[36m[14:55:06.855830] [D] [SingleNodeWorker] [WorkerThread-6] [Task:1906980493-26] [BufferManager.cpp:65] [~BufferManager] Calling BufferManager::destroy()[m
[36m[14:55:06.855864] [D] [SingleNodeWorker] [WorkerThread-6] [Task:1906980493-26] [BufferManager.cpp:93] [~BufferManager] Shutting down Buffer Manager completed[m
[36m[14:55:10.653388] [D] [SingleNodeWorker] [WorkerThread-7] [Task:1906980493] [SourceThread.cpp:230] [tryStop] SourceThread 2: attempting to stop source[m
[36m[14:55:10.653430] [D] [SingleNodeWorker] [WorkerThread-7] [Task:1906980493] [SourceThread.cpp:248] [tryStop] SourceThread 2: stopped[m
[32m[14:55:10.681810] [I] [SingleNodeWorker] [WorkerThread-3] [] [SequenceShredder.cpp:55] [~SequenceShredder] Successfully validated SequenceShredder[m
[32m[14:55:10.681856] [I] [SingleNodeWorker] [WorkerThread-1] [Task:1906980493-27] [VoidSink.cpp:42] [stop] Void Sink completed.[m
[36m[14:55:10.681977] [D] [SingleNodeWorker] [WorkerThread-1] [] [SourceThread.cpp:226] [tryStop] SourceThread 2: thread is not running[m
[36m[14:55:14.637914] [D] [Not A Worker] [unnamed] [queryId:1827440939] [BufferManager.cpp:110] [initialize] NES memory allocation requires 1 out of 540577120256 (so 1.8498748143954595e-10%) available bytes[m
[36m[14:55:14.637975] [D] [Not A Worker] [unnamed] [queryId:1827440939] [BufferManager.cpp:160] [initialize] BufferManager configuration bufferSize=1 numOfBuffers=1[m
[36m[14:55:14.638166] [D] [Not A Worker] [unnamed] [queryId:1827440939] [PipeliningPhase.cpp:365] [apply] Constructed pipeline plan with 1 root pipelines.
PipelinedQueryPlan for Query: 1827440939
Number of root pipelines: 1
------------------
Root Pipeline 0:
  Pipeline(ID(28), Provider(COMPILER))
  Operator chain:
    PhysicalOperator(NES::SourcePhysicalOperator)
  Successor Pipeline:
    Pipeline(ID(29), Provider(None))
      Operator chain:
        PhysicalOperator(NES::ScanPhysicalOperator)
          PhysicalOperator(NES::SelectionPhysicalOperator)
            PhysicalOperator(NES::MapPhysicalOperator)
              PhysicalOperator(NES::EmitPhysicalOperator)
      Successor Pipeline:
        Pipeline(ID(30), Provider(None))
          Operator chain:
            PhysicalOperator(NES::SinkPhysicalOperator)

[m
[36m[14:55:14.641996] [D] [Not A Worker] [unnamed] [] [SinkProvider.cpp:30] [lower] The sinkDescriptor is: SinkDescriptor: (name: variant("NAME_SINK"), type: Void, Config: )[m
[36m[14:55:14.644128] [D] [SingleNodeWorker] [WorkerThread-3] [Task:1827440939-30] [VoidSink.cpp:37] [start] Setting up void sink: VoidSink[m
[36m[14:55:14.733737] [D] [SingleNodeWorker] [WorkerThread-3] [] [SourceThread.cpp:184] [start] Starting source with originId: 2[m
[36m[14:55:14.743877] [D] [SingleNodeWorker] [WorkerThread-3] [Task:1827440939-29] [BufferManager.cpp:65] [~BufferManager] Calling BufferManager::destroy()[m
[36m[14:55:14.743906] [D] [SingleNodeWorker] [WorkerThread-3] [Task:1827440939-29] [BufferManager.cpp:93] [~BufferManager] Shutting down Buffer Manager completed[m
[36m[14:55:18.593649] [D] [SingleNodeWorker] [WorkerThread-4] [Task:1827440939] [SourceThread.cpp:230] [tryStop] SourceThread 2: attempting to stop source[m
[36m[14:55:18.593698] [D] [SingleNodeWorker] [WorkerThread-4] [Task:1827440939] [SourceThread.cpp:248] [tryStop] SourceThread 2: stopped[m
[32m[14:55:18.621707] [I] [SingleNodeWorker] [WorkerThread-7] [] [SequenceShredder.cpp:55] [~SequenceShredder] Successfully validated SequenceShredder[m
[32m[14:55:18.622633] [I] [SingleNodeWorker] [WorkerThread-0] [Task:1827440939-30] [VoidSink.cpp:42] [stop] Void Sink completed.[m
[36m[14:55:18.622753] [D] [SingleNodeWorker] [WorkerThread-0] [] [SourceThread.cpp:226] [tryStop] SourceThread 2: thread is not running[m
[36m[14:55:22.312507] [D] [Not A Worker] [unnamed] [queryId:1541013940] [BufferManager.cpp:110] [initialize] NES memory allocation requires 1 out of 540577120256 (so 1.8498748143954595e-10%) available bytes[m
[36m[14:55:22.312561] [D] [Not A Worker] [unnamed] [queryId:1541013940] [BufferManager.cpp:160] [initialize] BufferManager configuration bufferSize=1 numOfBuffers=1[m
[36m[14:55:22.312735] [D] [Not A Worker] [unnamed] [queryId:1541013940] [PipeliningPhase.cpp:365] [apply] Constructed pipeline plan with 1 root pipelines.
PipelinedQueryPlan for Query: 1541013940
Number of root pipelines: 1
------------------
Root Pipeline 0:
  Pipeline(ID(31), Provider(COMPILER))
  Operator chain:
    PhysicalOperator(NES::SourcePhysicalOperator)
  Successor Pipeline:
    Pipeline(ID(32), Provider(None))
      Operator chain:
        PhysicalOperator(NES::ScanPhysicalOperator)
          PhysicalOperator(NES::SelectionPhysicalOperator)
            PhysicalOperator(NES::EmitPhysicalOperator)
      Successor Pipeline:
        Pipeline(ID(33), Provider(None))
          Operator chain:
            PhysicalOperator(NES::SinkPhysicalOperator)

[m
[36m[14:55:22.316827] [D] [Not A Worker] [unnamed] [] [SinkProvider.cpp:30] [lower] The sinkDescriptor is: SinkDescriptor: (name: variant("PERSON_SINK"), type: Void, Config: )[m
[36m[14:55:22.317838] [D] [SingleNodeWorker] [WorkerThread-5] [Task:1541013940-33] [VoidSink.cpp:37] [start] Setting up void sink: VoidSink[m
[36m[14:55:22.421151] [D] [SingleNodeWorker] [WorkerThread-5] [] [SourceThread.cpp:184] [start] Starting source with originId: 2[m
[36m[14:55:22.431221] [D] [SingleNodeWorker] [WorkerThread-5] [Task:1541013940-32] [BufferManager.cpp:65] [~BufferManager] Calling BufferManager::destroy()[m
[36m[14:55:22.431254] [D] [SingleNodeWorker] [WorkerThread-5] [Task:1541013940-32] [BufferManager.cpp:93] [~BufferManager] Shutting down Buffer Manager completed[m
[36m[14:55:26.348673] [D] [SingleNodeWorker] [WorkerThread-0] [Task:1541013940] [SourceThread.cpp:230] [tryStop] SourceThread 2: attempting to stop source[m
[36m[14:55:26.348728] [D] [SingleNodeWorker] [WorkerThread-0] [Task:1541013940] [SourceThread.cpp:248] [tryStop] SourceThread 2: stopped[m
[32m[14:55:26.376053] [I] [SingleNodeWorker] [WorkerThread-6] [] [SequenceShredder.cpp:55] [~SequenceShredder] Successfully validated SequenceShredder[m
[32m[14:55:26.376196] [I] [SingleNodeWorker] [WorkerThread-4] [Task:1541013940-33] [VoidSink.cpp:42] [stop] Void Sink completed.[m
[36m[14:55:26.376336] [D] [SingleNodeWorker] [WorkerThread-4] [] [SourceThread.cpp:226] [tryStop] SourceThread 2: thread is not running[m
[36m[14:55:30.045774] [D] [Not A Worker] [unnamed] [queryId:291879700] [BufferManager.cpp:110] [initialize] NES memory allocation requires 1 out of 540577120256 (so 1.8498748143954595e-10%) available bytes[m
[36m[14:55:30.045826] [D] [Not A Worker] [unnamed] [queryId:291879700] [BufferManager.cpp:160] [initialize] BufferManager configuration bufferSize=1 numOfBuffers=1[m
[36m[14:55:30.046007] [D] [Not A Worker] [unnamed] [queryId:291879700] [PipeliningPhase.cpp:365] [apply] Constructed pipeline plan with 1 root pipelines.
PipelinedQueryPlan for Query: 291879700
Number of root pipelines: 1
------------------
Root Pipeline 0:
  Pipeline(ID(34), Provider(COMPILER))
  Operator chain:
    PhysicalOperator(NES::SourcePhysicalOperator)
  Successor Pipeline:
    Pipeline(ID(35), Provider(None))
      Operator chain:
        PhysicalOperator(NES::ScanPhysicalOperator)
          PhysicalOperator(NES::SelectionPhysicalOperator)
            PhysicalOperator(NES::EmitPhysicalOperator)
      Successor Pipeline:
        Pipeline(ID(36), Provider(None))
          Operator chain:
            PhysicalOperator(NES::SinkPhysicalOperator)

[m
[36m[14:55:30.049421] [D] [Not A Worker] [unnamed] [] [SinkProvider.cpp:30] [lower] The sinkDescriptor is: SinkDescriptor: (name: variant("PERSON_SINK"), type: Void, Config: )[m
[36m[14:55:30.050256] [D] [SingleNodeWorker] [WorkerThread-2] [Task:291879700-36] [VoidSink.cpp:37] [start] Setting up void sink: VoidSink[m
[36m[14:55:30.155052] [D] [SingleNodeWorker] [WorkerThread-2] [] [SourceThread.cpp:184] [start] Starting source with originId: 2[m
[36m[14:55:30.164839] [D] [SingleNodeWorker] [WorkerThread-2] [Task:291879700-35] [BufferManager.cpp:65] [~BufferManager] Calling BufferManager::destroy()[m
[36m[14:55:30.164867] [D] [SingleNodeWorker] [WorkerThread-2] [Task:291879700-35] [BufferManager.cpp:93] [~BufferManager] Shutting down Buffer Manager completed[m
[36m[14:55:34.073760] [D] [SingleNodeWorker] [WorkerThread-1] [Task:291879700] [SourceThread.cpp:230] [tryStop] SourceThread 2: attempting to stop source[m
[36m[14:55:34.073801] [D] [SingleNodeWorker] [WorkerThread-1] [Task:291879700] [SourceThread.cpp:248] [tryStop] SourceThread 2: stopped[m
[32m[14:55:34.099667] [I] [SingleNodeWorker] [WorkerThread-6] [] [SequenceShredder.cpp:55] [~SequenceShredder] Successfully validated SequenceShredder[m
[32m[14:55:34.100137] [I] [SingleNodeWorker] [WorkerThread-5] [Task:291879700-36] [VoidSink.cpp:42] [stop] Void Sink completed.[m
[36m[14:55:34.100266] [D] [SingleNodeWorker] [WorkerThread-5] [] [SourceThread.cpp:226] [tryStop] SourceThread 2: thread is not running[m
[36m[14:55:37.845667] [D] [Not A Worker] [unnamed] [queryId:49099654] [BufferManager.cpp:110] [initialize] NES memory allocation requires 1 out of 540577120256 (so 1.8498748143954595e-10%) available bytes[m
[36m[14:55:37.845733] [D] [Not A Worker] [unnamed] [queryId:49099654] [BufferManager.cpp:160] [initialize] BufferManager configuration bufferSize=1 numOfBuffers=1[m
[36m[14:55:37.845907] [D] [Not A Worker] [unnamed] [queryId:49099654] [PipeliningPhase.cpp:365] [apply] Constructed pipeline plan with 1 root pipelines.
PipelinedQueryPlan for Query: 49099654
Number of root pipelines: 1
------------------
Root Pipeline 0:
  Pipeline(ID(37), Provider(COMPILER))
  Operator chain:
    PhysicalOperator(NES::SourcePhysicalOperator)
  Successor Pipeline:
    Pipeline(ID(38), Provider(None))
      Operator chain:
        PhysicalOperator(NES::ScanPhysicalOperator)
          PhysicalOperator(NES::SelectionPhysicalOperator)
            PhysicalOperator(NES::EmitPhysicalOperator)
      Successor Pipeline:
        Pipeline(ID(39), Provider(None))
          Operator chain:
            PhysicalOperator(NES::SinkPhysicalOperator)

[m
[36m[14:55:37.848212] [D] [Not A Worker] [unnamed] [] [SinkProvider.cpp:30] [lower] The sinkDescriptor is: SinkDescriptor: (name: variant("PERSON_SINK"), type: Void, Config: )[m
[36m[14:55:37.852860] [D] [SingleNodeWorker] [WorkerThread-3] [Task:49099654-39] [VoidSink.cpp:37] [start] Setting up void sink: VoidSink[m
[36m[14:55:37.955186] [D] [SingleNodeWorker] [WorkerThread-3] [] [SourceThread.cpp:184] [start] Starting source with originId: 2[m
[36m[14:55:37.964870] [D] [SingleNodeWorker] [WorkerThread-3] [Task:49099654-38] [BufferManager.cpp:65] [~BufferManager] Calling BufferManager::destroy()[m
[36m[14:55:37.964898] [D] [SingleNodeWorker] [WorkerThread-3] [Task:49099654-38] [BufferManager.cpp:93] [~BufferManager] Shutting down Buffer Manager completed[m
[36m[14:55:41.919670] [D] [SingleNodeWorker] [WorkerThread-7] [Task:49099654] [SourceThread.cpp:230] [tryStop] SourceThread 2: attempting to stop source[m
[36m[14:55:41.919719] [D] [SingleNodeWorker] [WorkerThread-7] [Task:49099654] [SourceThread.cpp:248] [tryStop] SourceThread 2: stopped[m
[32m[14:55:41.946665] [I] [SingleNodeWorker] [WorkerThread-4] [] [SequenceShredder.cpp:55] [~SequenceShredder] Successfully validated SequenceShredder[m
[32m[14:55:41.947606] [I] [SingleNodeWorker] [WorkerThread-1] [Task:49099654-39] [VoidSink.cpp:42] [stop] Void Sink completed.[m
[36m[14:55:41.947729] [D] [SingleNodeWorker] [WorkerThread-1] [] [SourceThread.cpp:226] [tryStop] SourceThread 2: thread is not running[m
[36m[14:55:45.545841] [D] [Not A Worker] [unnamed] [queryId:160462525] [BufferManager.cpp:110] [initialize] NES memory allocation requires 1 out of 540577120256 (so 1.8498748143954595e-10%) available bytes[m
[36m[14:55:45.545890] [D] [Not A Worker] [unnamed] [queryId:160462525] [BufferManager.cpp:160] [initialize] BufferManager configuration bufferSize=1 numOfBuffers=1[m
[36m[14:55:45.546072] [D] [Not A Worker] [unnamed] [queryId:160462525] [PipeliningPhase.cpp:365] [apply] Constructed pipeline plan with 1 root pipelines.
PipelinedQueryPlan for Query: 160462525
Number of root pipelines: 1
------------------
Root Pipeline 0:
  Pipeline(ID(40), Provider(COMPILER))
  Operator chain:
    PhysicalOperator(NES::SourcePhysicalOperator)
  Successor Pipeline:
    Pipeline(ID(41), Provider(None))
      Operator chain:
        PhysicalOperator(NES::ScanPhysicalOperator)
          PhysicalOperator(NES::SelectionPhysicalOperator)
            PhysicalOperator(NES::EmitPhysicalOperator)
      Successor Pipeline:
        Pipeline(ID(42), Provider(None))
          Operator chain:
            PhysicalOperator(NES::SinkPhysicalOperator)

[m
[36m[14:55:45.549238] [D] [Not A Worker] [unnamed] [] [SinkProvider.cpp:30] [lower] The sinkDescriptor is: SinkDescriptor: (name: variant("PERSON_SINK"), type: Void, Config: )[m
[36m[14:55:45.550739] [D] [SingleNodeWorker] [WorkerThread-3] [Task:160462525-42] [VoidSink.cpp:37] [start] Setting up void sink: VoidSink[m
[36m[14:55:45.651527] [D] [SingleNodeWorker] [WorkerThread-3] [] [SourceThread.cpp:184] [start] Starting source with originId: 2[m
[36m[14:55:45.661314] [D] [SingleNodeWorker] [WorkerThread-3] [Task:160462525-41] [BufferManager.cpp:65] [~BufferManager] Calling BufferManager::destroy()[m
[36m[14:55:45.661359] [D] [SingleNodeWorker] [WorkerThread-3] [Task:160462525-41] [BufferManager.cpp:93] [~BufferManager] Shutting down Buffer Manager completed[m
[36m[14:55:49.617747] [D] [SingleNodeWorker] [WorkerThread-7] [Task:160462525] [SourceThread.cpp:230] [tryStop] SourceThread 2: attempting to stop source[m
[36m[14:55:49.617791] [D] [SingleNodeWorker] [WorkerThread-7] [Task:160462525] [SourceThread.cpp:248] [tryStop] SourceThread 2: stopped[m
[32m[14:55:49.644124] [I] [SingleNodeWorker] [WorkerThread-3] [] [SequenceShredder.cpp:55] [~SequenceShredder] Successfully validated SequenceShredder[m
[32m[14:55:49.645214] [I] [SingleNodeWorker] [WorkerThread-1] [Task:160462525-42] [VoidSink.cpp:42] [stop] Void Sink completed.[m
[36m[14:55:49.645337] [D] [SingleNodeWorker] [WorkerThread-1] [] [SourceThread.cpp:226] [tryStop] SourceThread 2: thread is not running[m
[36m[14:55:53.276870] [D] [Not A Worker] [unnamed] [queryId:724204185] [BufferManager.cpp:110] [initialize] NES memory allocation requires 1 out of 540577120256 (so 1.8498748143954595e-10%) available bytes[m
[36m[14:55:53.276917] [D] [Not A Worker] [unnamed] [queryId:724204185] [BufferManager.cpp:160] [initialize] BufferManager configuration bufferSize=1 numOfBuffers=1[m
[36m[14:55:53.277097] [D] [Not A Worker] [unnamed] [queryId:724204185] [PipeliningPhase.cpp:365] [apply] Constructed pipeline plan with 1 root pipelines.
PipelinedQueryPlan for Query: 724204185
Number of root pipelines: 1
------------------
Root Pipeline 0:
  Pipeline(ID(43), Provider(COMPILER))
  Operator chain:
    PhysicalOperator(NES::SourcePhysicalOperator)
  Successor Pipeline:
    Pipeline(ID(44), Provider(None))
      Operator chain:
        PhysicalOperator(NES::ScanPhysicalOperator)
          PhysicalOperator(NES::SelectionPhysicalOperator)
            PhysicalOperator(NES::EmitPhysicalOperator)
      Successor Pipeline:
        Pipeline(ID(45), Provider(None))
          Operator chain:
            PhysicalOperator(NES::SinkPhysicalOperator)

[m
[36m[14:55:53.280875] [D] [Not A Worker] [unnamed] [] [SinkProvider.cpp:30] [lower] The sinkDescriptor is: SinkDescriptor: (name: variant("PERSON_SINK"), type: Void, Config: )[m
[36m[14:55:53.288751] [D] [SingleNodeWorker] [WorkerThread-1] [Task:724204185-45] [VoidSink.cpp:37] [start] Setting up void sink: VoidSink[m
[36m[14:55:53.391190] [D] [SingleNodeWorker] [WorkerThread-1] [] [SourceThread.cpp:184] [start] Starting source with originId: 2[m
[36m[14:55:53.401223] [D] [SingleNodeWorker] [WorkerThread-1] [Task:724204185-44] [BufferManager.cpp:65] [~BufferManager] Calling BufferManager::destroy()[m
[36m[14:55:53.401249] [D] [SingleNodeWorker] [WorkerThread-1] [Task:724204185-44] [BufferManager.cpp:93] [~BufferManager] Shutting down Buffer Manager completed[m
[36m[14:55:57.297703] [D] [SingleNodeWorker] [WorkerThread-2] [Task:724204185] [SourceThread.cpp:230] [tryStop] SourceThread 2: attempting to stop source[m
[36m[14:55:57.297756] [D] [SingleNodeWorker] [WorkerThread-2] [Task:724204185] [SourceThread.cpp:248] [tryStop] SourceThread 2: stopped[m
[32m[14:55:57.325065] [I] [SingleNodeWorker] [WorkerThread-1] [Task:724204185-45] [VoidSink.cpp:42] [stop] Void Sink completed.[m
[32m[14:55:57.325229] [I] [SingleNodeWorker] [WorkerThread-0] [] [SequenceShredder.cpp:55] [~SequenceShredder] Successfully validated SequenceShredder[m
[36m[14:55:57.325256] [D] [SingleNodeWorker] [WorkerThread-1] [] [SourceThread.cpp:226] [tryStop] SourceThread 2: thread is not running[m
[36m[14:56:01.035782] [D] [Not A Worker] [unnamed] [queryId:1875518282] [BufferManager.cpp:110] [initialize] NES memory allocation requires 1 out of 540577120256 (so 1.8498748143954595e-10%) available bytes[m
[36m[14:56:01.035848] [D] [Not A Worker] [unnamed] [queryId:1875518282] [BufferManager.cpp:160] [initialize] BufferManager configuration bufferSize=1 numOfBuffers=1[m
[36m[14:56:01.036054] [D] [Not A Worker] [unnamed] [queryId:1875518282] [PipeliningPhase.cpp:365] [apply] Constructed pipeline plan with 1 root pipelines.
PipelinedQueryPlan for Query: 1875518282
Number of root pipelines: 1
------------------
Root Pipeline 0:
  Pipeline(ID(46), Provider(COMPILER))
  Operator chain:
    PhysicalOperator(NES::SourcePhysicalOperator)
  Successor Pipeline:
    Pipeline(ID(47), Provider(None))
      Operator chain:
        PhysicalOperator(NES::ScanPhysicalOperator)
          PhysicalOperator(NES::SelectionPhysicalOperator)
            PhysicalOperator(NES::EmitPhysicalOperator)
      Successor Pipeline:
        Pipeline(ID(48), Provider(None))
          Operator chain:
            PhysicalOperator(NES::SinkPhysicalOperator)

[m
[36m[14:56:01.039926] [D] [Not A Worker] [unnamed] [] [SinkProvider.cpp:30] [lower] The sinkDescriptor is: SinkDescriptor: (name: variant("PERSON_SINK"), type: Void, Config: )[m
[36m[14:56:01.040532] [D] [SingleNodeWorker] [WorkerThread-4] [Task:1875518282-48] [VoidSink.cpp:37] [start] Setting up void sink: VoidSink[m
[36m[14:56:01.143833] [D] [SingleNodeWorker] [WorkerThread-7] [] [SourceThread.cpp:184] [start] Starting source with originId: 2[m
[36m[14:56:01.153506] [D] [SingleNodeWorker] [WorkerThread-7] [Task:1875518282-47] [BufferManager.cpp:65] [~BufferManager] Calling BufferManager::destroy()[m
[36m[14:56:01.153530] [D] [SingleNodeWorker] [WorkerThread-7] [Task:1875518282-47] [BufferManager.cpp:93] [~BufferManager] Shutting down Buffer Manager completed[m
[36m[14:56:05.053568] [D] [SingleNodeWorker] [WorkerThread-1] [Task:1875518282] [SourceThread.cpp:230] [tryStop] SourceThread 2: attempting to stop source[m
[36m[14:56:05.053614] [D] [SingleNodeWorker] [WorkerThread-1] [Task:1875518282] [SourceThread.cpp:248] [tryStop] SourceThread 2: stopped[m
[32m[14:56:05.081876] [I] [SingleNodeWorker] [WorkerThread-6] [] [SequenceShredder.cpp:55] [~SequenceShredder] Successfully validated SequenceShredder[m
[32m[14:56:05.083176] [I] [SingleNodeWorker] [WorkerThread-2] [Task:1875518282-48] [VoidSink.cpp:42] [stop] Void Sink completed.[m
[36m[14:56:05.083349] [D] [SingleNodeWorker] [WorkerThread-2] [] [SourceThread.cpp:226] [tryStop] SourceThread 2: thread is not running[m
[36m[14:56:08.850748] [D] [Not A Worker] [unnamed] [queryId:99511889] [BufferManager.cpp:110] [initialize] NES memory allocation requires 1 out of 540577120256 (so 1.8498748143954595e-10%) available bytes[m
[36m[14:56:08.850812] [D] [Not A Worker] [unnamed] [queryId:99511889] [BufferManager.cpp:160] [initialize] BufferManager configuration bufferSize=1 numOfBuffers=1[m
[36m[14:56:08.851014] [D] [Not A Worker] [unnamed] [queryId:99511889] [PipeliningPhase.cpp:365] [apply] Constructed pipeline plan with 1 root pipelines.
PipelinedQueryPlan for Query: 99511889
Number of root pipelines: 1
------------------
Root Pipeline 0:
  Pipeline(ID(49), Provider(COMPILER))
  Operator chain:
    PhysicalOperator(NES::SourcePhysicalOperator)
  Successor Pipeline:
    Pipeline(ID(50), Provider(None))
      Operator chain:
        PhysicalOperator(NES::ScanPhysicalOperator)
          PhysicalOperator(NES::SelectionPhysicalOperator)
            PhysicalOperator(NES::EmitPhysicalOperator)
      Successor Pipeline:
        Pipeline(ID(51), Provider(None))
          Operator chain:
            PhysicalOperator(NES::SinkPhysicalOperator)

[m
[36m[14:56:08.854805] [D] [Not A Worker] [unnamed] [] [SinkProvider.cpp:30] [lower] The sinkDescriptor is: SinkDescriptor: (name: variant("PERSON_SINK"), type: Void, Config: )[m
[36m[14:56:08.865935] [D] [SingleNodeWorker] [WorkerThread-6] [Task:99511889-51] [VoidSink.cpp:37] [start] Setting up void sink: VoidSink[m
[36m[14:56:08.971851] [D] [SingleNodeWorker] [WorkerThread-6] [] [SourceThread.cpp:184] [start] Starting source with originId: 2[m
[36m[14:56:08.981918] [D] [SingleNodeWorker] [WorkerThread-6] [Task:99511889-50] [BufferManager.cpp:65] [~BufferManager] Calling BufferManager::destroy()[m
[36m[14:56:08.981944] [D] [SingleNodeWorker] [WorkerThread-6] [Task:99511889-50] [BufferManager.cpp:93] [~BufferManager] Shutting down Buffer Manager completed[m
[36m[14:56:12.869699] [D] [SingleNodeWorker] [WorkerThread-5] [Task:99511889] [SourceThread.cpp:230] [tryStop] SourceThread 2: attempting to stop source[m
[36m[14:56:12.869752] [D] [SingleNodeWorker] [WorkerThread-5] [Task:99511889] [SourceThread.cpp:248] [tryStop] SourceThread 2: stopped[m
[32m[14:56:12.895636] [I] [SingleNodeWorker] [WorkerThread-4] [Task:99511889-51] [VoidSink.cpp:42] [stop] Void Sink completed.[m
[36m[14:56:12.895773] [D] [SingleNodeWorker] [WorkerThread-4] [] [SourceThread.cpp:226] [tryStop] SourceThread 2: thread is not running[m
[32m[14:56:12.895853] [I] [SingleNodeWorker] [WorkerThread-7] [] [SequenceShredder.cpp:55] [~SequenceShredder] Successfully validated SequenceShredder[m
[36m[14:56:16.710980] [D] [Not A Worker] [unnamed] [queryId:22186486] [BufferManager.cpp:110] [initialize] NES memory allocation requires 1 out of 540577120256 (so 1.8498748143954595e-10%) available bytes[m
[36m[14:56:16.711048] [D] [Not A Worker] [unnamed] [queryId:22186486] [BufferManager.cpp:160] [initialize] BufferManager configuration bufferSize=1 numOfBuffers=1[m
[36m[14:56:16.711231] [D] [Not A Worker] [unnamed] [queryId:22186486] [PipeliningPhase.cpp:365] [apply] Constructed pipeline plan with 1 root pipelines.
PipelinedQueryPlan for Query: 22186486
Number of root pipelines: 1
------------------
Root Pipeline 0:
  Pipeline(ID(52), Provider(COMPILER))
  Operator chain:
    PhysicalOperator(NES::SourcePhysicalOperator)
  Successor Pipeline:
    Pipeline(ID(53), Provider(None))
      Operator chain:
        PhysicalOperator(NES::ScanPhysicalOperator)
          PhysicalOperator(NES::SelectionPhysicalOperator)
            PhysicalOperator(NES::EmitPhysicalOperator)
      Successor Pipeline:
        Pipeline(ID(54), Provider(None))
          Operator chain:
            PhysicalOperator(NES::SinkPhysicalOperator)

[m
[36m[14:56:16.715208] [D] [Not A Worker] [unnamed] [] [SinkProvider.cpp:30] [lower] The sinkDescriptor is: SinkDescriptor: (name: variant("PERSON_SINK"), type: Void, Config: )[m
[36m[14:56:16.717069] [D] [SingleNodeWorker] [WorkerThread-5] [Task:22186486-54] [VoidSink.cpp:37] [start] Setting up void sink: VoidSink[m
[36m[14:56:16.819808] [D] [SingleNodeWorker] [WorkerThread-5] [] [SourceThread.cpp:184] [start] Starting source with originId: 2[m
[36m[14:56:16.829038] [D] [SingleNodeWorker] [WorkerThread-5] [Task:22186486-53] [BufferManager.cpp:65] [~BufferManager] Calling BufferManager::destroy()[m
[36m[14:56:16.829063] [D] [SingleNodeWorker] [WorkerThread-5] [Task:22186486-53] [BufferManager.cpp:93] [~BufferManager] Shutting down Buffer Manager completed[m
[36m[14:56:20.722124] [D] [SingleNodeWorker] [WorkerThread-1] [Task:22186486] [SourceThread.cpp:230] [tryStop] SourceThread 2: attempting to stop source[m
[36m[14:56:20.722171] [D] [SingleNodeWorker] [WorkerThread-1] [Task:22186486] [SourceThread.cpp:248] [tryStop] SourceThread 2: stopped[m
[32m[14:56:20.748001] [I] [SingleNodeWorker] [WorkerThread-4] [] [SequenceShredder.cpp:55] [~SequenceShredder] Successfully validated SequenceShredder[m
[32m[14:56:20.748546] [I] [SingleNodeWorker] [WorkerThread-2] [Task:22186486-54] [VoidSink.cpp:42] [stop] Void Sink completed.[m
[36m[14:56:20.748689] [D] [SingleNodeWorker] [WorkerThread-2] [] [SourceThread.cpp:226] [tryStop] SourceThread 2: thread is not running[m
[36m[14:56:24.534411] [D] [Not A Worker] [unnamed] [queryId:1982186632] [BufferManager.cpp:110] [initialize] NES memory allocation requires 1 out of 540577120256 (so 1.8498748143954595e-10%) available bytes[m
[36m[14:56:24.534479] [D] [Not A Worker] [unnamed] [queryId:1982186632] [BufferManager.cpp:160] [initialize] BufferManager configuration bufferSize=1 numOfBuffers=1[m
[36m[14:56:24.534652] [D] [Not A Worker] [unnamed] [queryId:1982186632] [PipeliningPhase.cpp:365] [apply] Constructed pipeline plan with 1 root pipelines.
PipelinedQueryPlan for Query: 1982186632
Number of root pipelines: 1
------------------
Root Pipeline 0:
  Pipeline(ID(55), Provider(COMPILER))
  Operator chain:
    PhysicalOperator(NES::SourcePhysicalOperator)
  Successor Pipeline:
    Pipeline(ID(56), Provider(None))
      Operator chain:
        PhysicalOperator(NES::ScanPhysicalOperator)
          PhysicalOperator(NES::SelectionPhysicalOperator)
            PhysicalOperator(NES::EmitPhysicalOperator)
      Successor Pipeline:
        Pipeline(ID(57), Provider(None))
          Operator chain:
            PhysicalOperator(NES::SinkPhysicalOperator)

[m
[36m[14:56:24.538635] [D] [Not A Worker] [unnamed] [] [SinkProvider.cpp:30] [lower] The sinkDescriptor is: SinkDescriptor: (name: variant("PERSON_SINK"), type: Void, Config: )[m
[36m[14:56:24.540883] [D] [SingleNodeWorker] [WorkerThread-7] [Task:1982186632-57] [VoidSink.cpp:37] [start] Setting up void sink: VoidSink[m
[36m[14:56:24.645229] [D] [SingleNodeWorker] [WorkerThread-7] [] [SourceThread.cpp:184] [start] Starting source with originId: 2[m
[36m[14:56:24.655183] [D] [SingleNodeWorker] [WorkerThread-7] [Task:1982186632-56] [BufferManager.cpp:65] [~BufferManager] Calling BufferManager::destroy()[m
[36m[14:56:24.655212] [D] [SingleNodeWorker] [WorkerThread-7] [Task:1982186632-56] [BufferManager.cpp:93] [~BufferManager] Shutting down Buffer Manager completed[m
[36m[14:56:28.636391] [D] [SingleNodeWorker] [WorkerThread-3] [Task:1982186632] [SourceThread.cpp:230] [tryStop] SourceThread 2: attempting to stop source[m
[36m[14:56:28.636440] [D] [SingleNodeWorker] [WorkerThread-3] [Task:1982186632] [SourceThread.cpp:248] [tryStop] SourceThread 2: stopped[m
[32m[14:56:28.662217] [I] [SingleNodeWorker] [WorkerThread-0] [Task:1982186632-57] [VoidSink.cpp:42] [stop] Void Sink completed.[m
[32m[14:56:28.662314] [I] [SingleNodeWorker] [WorkerThread-2] [] [SequenceShredder.cpp:55] [~SequenceShredder] Successfully validated SequenceShredder[m
[36m[14:56:28.662338] [D] [SingleNodeWorker] [WorkerThread-0] [] [SourceThread.cpp:226] [tryStop] SourceThread 2: thread is not running[m
[36m[14:56:32.312007] [D] [Not A Worker] [unnamed] [queryId:350514941] [BufferManager.cpp:110] [initialize] NES memory allocation requires 1 out of 540577120256 (so 1.8498748143954595e-10%) available bytes[m
[36m[14:56:32.312062] [D] [Not A Worker] [unnamed] [queryId:350514941] [BufferManager.cpp:160] [initialize] BufferManager configuration bufferSize=1 numOfBuffers=1[m
[36m[14:56:32.312270] [D] [Not A Worker] [unnamed] [queryId:350514941] [PipeliningPhase.cpp:365] [apply] Constructed pipeline plan with 1 root pipelines.
PipelinedQueryPlan for Query: 350514941
Number of root pipelines: 1
------------------
Root Pipeline 0:
  Pipeline(ID(58), Provider(COMPILER))
  Operator chain:
    PhysicalOperator(NES::SourcePhysicalOperator)
  Successor Pipeline:
    Pipeline(ID(59), Provider(None))
      Operator chain:
        PhysicalOperator(NES::ScanPhysicalOperator)
          PhysicalOperator(NES::SelectionPhysicalOperator)
            PhysicalOperator(NES::EmitPhysicalOperator)
      Successor Pipeline:
        Pipeline(ID(60), Provider(None))
          Operator chain:
            PhysicalOperator(NES::SinkPhysicalOperator)

[m
[36m[14:56:32.315990] [D] [Not A Worker] [unnamed] [] [SinkProvider.cpp:30] [lower] The sinkDescriptor is: SinkDescriptor: (name: variant("PERSON_SINK"), type: Void, Config: )[m
[36m[14:56:32.316882] [D] [SingleNodeWorker] [WorkerThread-7] [Task:350514941-60] [VoidSink.cpp:37] [start] Setting up void sink: VoidSink[m
[36m[14:56:32.416277] [D] [SingleNodeWorker] [WorkerThread-7] [] [SourceThread.cpp:184] [start] Starting source with originId: 2[m
[36m[14:56:32.426126] [D] [SingleNodeWorker] [WorkerThread-7] [Task:350514941-59] [BufferManager.cpp:65] [~BufferManager] Calling BufferManager::destroy()[m
[36m[14:56:32.426150] [D] [SingleNodeWorker] [WorkerThread-7] [Task:350514941-59] [BufferManager.cpp:93] [~BufferManager] Shutting down Buffer Manager completed[m
[36m[14:56:36.337855] [D] [SingleNodeWorker] [WorkerThread-1] [Task:350514941] [SourceThread.cpp:230] [tryStop] SourceThread 2: attempting to stop source[m
[36m[14:56:36.337901] [D] [SingleNodeWorker] [WorkerThread-1] [Task:350514941] [SourceThread.cpp:248] [tryStop] SourceThread 2: stopped[m
[32m[14:56:36.364347] [I] [SingleNodeWorker] [WorkerThread-6] [Task:350514941-60] [VoidSink.cpp:42] [stop] Void Sink completed.[m
[32m[14:56:36.364483] [I] [SingleNodeWorker] [WorkerThread-2] [] [SequenceShredder.cpp:55] [~SequenceShredder] Successfully validated SequenceShredder[m
[36m[14:56:36.364505] [D] [SingleNodeWorker] [WorkerThread-6] [] [SourceThread.cpp:226] [tryStop] SourceThread 2: thread is not running[m
[36m[14:56:40.113465] [D] [Not A Worker] [unnamed] [queryId:647141250] [BufferManager.cpp:110] [initialize] NES memory allocation requires 1 out of 540577120256 (so 1.8498748143954595e-10%) available bytes[m
[36m[14:56:40.113535] [D] [Not A Worker] [unnamed] [queryId:647141250] [BufferManager.cpp:160] [initialize] BufferManager configuration bufferSize=1 numOfBuffers=1[m
[36m[14:56:40.113743] [D] [Not A Worker] [unnamed] [queryId:647141250] [PipeliningPhase.cpp:365] [apply] Constructed pipeline plan with 1 root pipelines.
PipelinedQueryPlan for Query: 647141250
Number of root pipelines: 1
------------------
Root Pipeline 0:
  Pipeline(ID(61), Provider(COMPILER))
  Operator chain:
    PhysicalOperator(NES::SourcePhysicalOperator)
  Successor Pipeline:
    Pipeline(ID(62), Provider(None))
      Operator chain:
        PhysicalOperator(NES::ScanPhysicalOperator)
          PhysicalOperator(NES::SelectionPhysicalOperator)
            PhysicalOperator(NES::MapPhysicalOperator)
              PhysicalOperator(NES::EmitPhysicalOperator)
      Successor Pipeline:
        Pipeline(ID(63), Provider(None))
          Operator chain:
            PhysicalOperator(NES::SinkPhysicalOperator)

[m
[36m[14:56:40.117392] [D] [Not A Worker] [unnamed] [] [SinkProvider.cpp:30] [lower] The sinkDescriptor is: SinkDescriptor: (name: variant("PERSON_ID_SINK"), type: Void, Config: )[m
[36m[14:56:40.118422] [D] [SingleNodeWorker] [WorkerThread-2] [Task:647141250-63] [VoidSink.cpp:37] [start] Setting up void sink: VoidSink[m
[36m[14:56:40.204932] [D] [SingleNodeWorker] [WorkerThread-2] [] [SourceThread.cpp:184] [start] Starting source with originId: 2[m
[36m[14:56:40.226744] [D] [SingleNodeWorker] [WorkerThread-6] [Task:647141250-62] [BufferManager.cpp:65] [~BufferManager] Calling BufferManager::destroy()[m
[36m[14:56:40.226787] [D] [SingleNodeWorker] [WorkerThread-6] [Task:647141250-62] [BufferManager.cpp:93] [~BufferManager] Shutting down Buffer Manager completed[m
[36m[14:56:43.976663] [D] [SingleNodeWorker] [WorkerThread-0] [Task:647141250] [SourceThread.cpp:230] [tryStop] SourceThread 2: attempting to stop source[m
[36m[14:56:43.976712] [D] [SingleNodeWorker] [WorkerThread-0] [Task:647141250] [SourceThread.cpp:248] [tryStop] SourceThread 2: stopped[m
[32m[14:56:44.002782] [I] [SingleNodeWorker] [WorkerThread-4] [] [SequenceShredder.cpp:55] [~SequenceShredder] Successfully validated SequenceShredder[m
[32m[14:56:44.004599] [I] [SingleNodeWorker] [WorkerThread-5] [Task:647141250-63] [VoidSink.cpp:42] [stop] Void Sink completed.[m
[36m[14:56:44.004740] [D] [SingleNodeWorker] [WorkerThread-5] [] [SourceThread.cpp:226] [tryStop] SourceThread 2: thread is not running[m
[36m[14:56:47.863813] [D] [Not A Worker] [unnamed] [queryId:1472518691] [BufferManager.cpp:110] [initialize] NES memory allocation requires 1 out of 540577120256 (so 1.8498748143954595e-10%) available bytes[m
[36m[14:56:47.863880] [D] [Not A Worker] [unnamed] [queryId:1472518691] [BufferManager.cpp:160] [initialize] BufferManager configuration bufferSize=1 numOfBuffers=1[m
[36m[14:56:47.864075] [D] [Not A Worker] [unnamed] [queryId:1472518691] [PipeliningPhase.cpp:365] [apply] Constructed pipeline plan with 1 root pipelines.
PipelinedQueryPlan for Query: 1472518691
Number of root pipelines: 1
------------------
Root Pipeline 0:
  Pipeline(ID(64), Provider(COMPILER))
  Operator chain:
    PhysicalOperator(NES::SourcePhysicalOperator)
  Successor Pipeline:
    Pipeline(ID(65), Provider(None))
      Operator chain:
        PhysicalOperator(NES::ScanPhysicalOperator)
          PhysicalOperator(NES::SelectionPhysicalOperator)
            PhysicalOperator(NES::MapPhysicalOperator)
              PhysicalOperator(NES::EmitPhysicalOperator)
      Successor Pipeline:
        Pipeline(ID(66), Provider(None))
          Operator chain:
            PhysicalOperator(NES::SinkPhysicalOperator)

[m
[36m[14:56:47.867379] [D] [Not A Worker] [unnamed] [] [SinkProvider.cpp:30] [lower] The sinkDescriptor is: SinkDescriptor: (name: variant("PERSON_ID_SINK"), type: Void, Config: )[m
[36m[14:56:47.871004] [D] [SingleNodeWorker] [WorkerThread-4] [Task:1472518691-66] [VoidSink.cpp:37] [start] Setting up void sink: VoidSink[m
[36m[14:56:47.959267] [D] [SingleNodeWorker] [WorkerThread-4] [] [SourceThread.cpp:184] [start] Starting source with originId: 2[m
[36m[14:56:47.969368] [D] [SingleNodeWorker] [WorkerThread-4] [Task:1472518691-65] [BufferManager.cpp:65] [~BufferManager] Calling BufferManager::destroy()[m
[36m[14:56:47.969400] [D] [SingleNodeWorker] [WorkerThread-4] [Task:1472518691-65] [BufferManager.cpp:93] [~BufferManager] Shutting down Buffer Manager completed[m
[36m[14:56:51.732918] [D] [SingleNodeWorker] [WorkerThread-6] [Task:1472518691] [SourceThread.cpp:230] [tryStop] SourceThread 2: attempting to stop source[m
[36m[14:56:51.732962] [D] [SingleNodeWorker] [WorkerThread-6] [Task:1472518691] [SourceThread.cpp:248] [tryStop] SourceThread 2: stopped[m
[32m[14:56:51.759429] [I] [SingleNodeWorker] [WorkerThread-4] [] [SequenceShredder.cpp:55] [~SequenceShredder] Successfully validated SequenceShredder[m
[32m[14:56:51.761464] [I] [SingleNodeWorker] [WorkerThread-1] [Task:1472518691-66] [VoidSink.cpp:42] [stop] Void Sink completed.[m
[36m[14:56:51.761587] [D] [SingleNodeWorker] [WorkerThread-1] [] [SourceThread.cpp:226] [tryStop] SourceThread 2: thread is not running[m
[36m[14:56:55.616629] [D] [Not A Worker] [unnamed] [queryId:821569977] [BufferManager.cpp:110] [initialize] NES memory allocation requires 1 out of 540577120256 (so 1.8498748143954595e-10%) available bytes[m
[36m[14:56:55.616693] [D] [Not A Worker] [unnamed] [queryId:821569977] [BufferManager.cpp:160] [initialize] BufferManager configuration bufferSize=1 numOfBuffers=1[m
[36m[14:56:55.616862] [D] [Not A Worker] [unnamed] [queryId:821569977] [PipeliningPhase.cpp:365] [apply] Constructed pipeline plan with 1 root pipelines.
PipelinedQueryPlan for Query: 821569977
Number of root pipelines: 1
------------------
Root Pipeline 0:
  Pipeline(ID(67), Provider(COMPILER))
  Operator chain:
    PhysicalOperator(NES::SourcePhysicalOperator)
  Successor Pipeline:
    Pipeline(ID(68), Provider(None))
      Operator chain:
        PhysicalOperator(NES::ScanPhysicalOperator)
          PhysicalOperator(NES::SelectionPhysicalOperator)
            PhysicalOperator(NES::MapPhysicalOperator)
              PhysicalOperator(NES::EmitPhysicalOperator)
      Successor Pipeline:
        Pipeline(ID(69), Provider(None))
          Operator chain:
            PhysicalOperator(NES::SinkPhysicalOperator)

[m
[36m[14:56:55.621035] [D] [Not A Worker] [unnamed] [] [SinkProvider.cpp:30] [lower] The sinkDescriptor is: SinkDescriptor: (name: variant("PERSON_ID_SINK"), type: Void, Config: )[m
[36m[14:56:55.623142] [D] [SingleNodeWorker] [WorkerThread-1] [Task:821569977-69] [VoidSink.cpp:37] [start] Setting up void sink: VoidSink[m
[36m[14:56:55.708405] [D] [SingleNodeWorker] [WorkerThread-1] [] [SourceThread.cpp:184] [start] Starting source with originId: 2[m
[36m[14:56:55.718487] [D] [SingleNodeWorker] [WorkerThread-1] [Task:821569977-68] [BufferManager.cpp:65] [~BufferManager] Calling BufferManager::destroy()[m
[36m[14:56:55.718514] [D] [SingleNodeWorker] [WorkerThread-1] [Task:821569977-68] [BufferManager.cpp:93] [~BufferManager] Shutting down Buffer Manager completed[m
[36m[14:56:59.489918] [D] [SingleNodeWorker] [WorkerThread-3] [Task:821569977] [SourceThread.cpp:230] [tryStop] SourceThread 2: attempting to stop source[m
[36m[14:56:59.489966] [D] [SingleNodeWorker] [WorkerThread-3] [Task:821569977] [SourceThread.cpp:248] [tryStop] SourceThread 2: stopped[m
[32m[14:56:59.517478] [I] [SingleNodeWorker] [WorkerThread-5] [Task:821569977-69] [VoidSink.cpp:42] [stop] Void Sink completed.[m
[36m[14:56:59.517569] [D] [SingleNodeWorker] [WorkerThread-5] [] [SourceThread.cpp:226] [tryStop] SourceThread 2: thread is not running[m
[32m[14:56:59.517609] [I] [SingleNodeWorker] [WorkerThread-1] [] [SequenceShredder.cpp:55] [~SequenceShredder] Successfully validated SequenceShredder[m
[36m[14:57:03.373008] [D] [Not A Worker] [unnamed] [queryId:1940432329] [BufferManager.cpp:110] [initialize] NES memory allocation requires 1 out of 540577120256 (so 1.8498748143954595e-10%) available bytes[m
[36m[14:57:03.373071] [D] [Not A Worker] [unnamed] [queryId:1940432329] [BufferManager.cpp:160] [initialize] BufferManager configuration bufferSize=1 numOfBuffers=1[m
[36m[14:57:03.373250] [D] [Not A Worker] [unnamed] [queryId:1940432329] [PipeliningPhase.cpp:365] [apply] Constructed pipeline plan with 1 root pipelines.
PipelinedQueryPlan for Query: 1940432329
Number of root pipelines: 1
------------------
Root Pipeline 0:
  Pipeline(ID(70), Provider(COMPILER))
  Operator chain:
    PhysicalOperator(NES::SourcePhysicalOperator)
  Successor Pipeline:
    Pipeline(ID(71), Provider(None))
      Operator chain:
        PhysicalOperator(NES::ScanPhysicalOperator)
          PhysicalOperator(NES::SelectionPhysicalOperator)
            PhysicalOperator(NES::MapPhysicalOperator)
              PhysicalOperator(NES::EmitPhysicalOperator)
      Successor Pipeline:
        Pipeline(ID(72), Provider(None))
          Operator chain:
            PhysicalOperator(NES::SinkPhysicalOperator)

[m
[36m[14:57:03.377158] [D] [Not A Worker] [unnamed] [] [SinkProvider.cpp:30] [lower] The sinkDescriptor is: SinkDescriptor: (name: variant("PERSON_ID_SINK"), type: Void, Config: )[m
[36m[14:57:03.378245] [D] [SingleNodeWorker] [WorkerThread-2] [Task:1940432329-72] [VoidSink.cpp:37] [start] Setting up void sink: VoidSink[m
[36m[14:57:03.463168] [D] [SingleNodeWorker] [WorkerThread-2] [] [SourceThread.cpp:184] [start] Starting source with originId: 2[m
[36m[14:57:03.473196] [D] [SingleNodeWorker] [WorkerThread-2] [Task:1940432329-71] [BufferManager.cpp:65] [~BufferManager] Calling BufferManager::destroy()[m
[36m[14:57:03.473224] [D] [SingleNodeWorker] [WorkerThread-2] [Task:1940432329-71] [BufferManager.cpp:93] [~BufferManager] Shutting down Buffer Manager completed[m
[36m[14:57:07.239752] [D] [SingleNodeWorker] [WorkerThread-0] [Task:1940432329] [SourceThread.cpp:230] [tryStop] SourceThread 2: attempting to stop source[m
[36m[14:57:07.239805] [D] [SingleNodeWorker] [WorkerThread-0] [Task:1940432329] [SourceThread.cpp:248] [tryStop] SourceThread 2: stopped[m
[32m[14:57:07.266139] [I] [SingleNodeWorker] [WorkerThread-1] [] [SequenceShredder.cpp:55] [~SequenceShredder] Successfully validated SequenceShredder[m
[32m[14:57:07.269278] [I] [SingleNodeWorker] [WorkerThread-4] [Task:1940432329-72] [VoidSink.cpp:42] [stop] Void Sink completed.[m
[36m[14:57:07.269346] [D] [SingleNodeWorker] [WorkerThread-4] [] [SourceThread.cpp:226] [tryStop] SourceThread 2: thread is not running[m
[36m[14:57:11.182420] [D] [Not A Worker] [unnamed] [queryId:614759611] [BufferManager.cpp:110] [initialize] NES memory allocation requires 1 out of 540577120256 (so 1.8498748143954595e-10%) available bytes[m
[36m[14:57:11.182488] [D] [Not A Worker] [unnamed] [queryId:614759611] [BufferManager.cpp:160] [initialize] BufferManager configuration bufferSize=1 numOfBuffers=1[m
[36m[14:57:11.182668] [D] [Not A Worker] [unnamed] [queryId:614759611] [PipeliningPhase.cpp:365] [apply] Constructed pipeline plan with 1 root pipelines.
PipelinedQueryPlan for Query: 614759611
Number of root pipelines: 1
------------------
Root Pipeline 0:
  Pipeline(ID(73), Provider(COMPILER))
  Operator chain:
    PhysicalOperator(NES::SourcePhysicalOperator)
  Successor Pipeline:
    Pipeline(ID(74), Provider(None))
      Operator chain:
        PhysicalOperator(NES::ScanPhysicalOperator)
          PhysicalOperator(NES::SelectionPhysicalOperator)
            PhysicalOperator(NES::MapPhysicalOperator)
              PhysicalOperator(NES::EmitPhysicalOperator)
      Successor Pipeline:
        Pipeline(ID(75), Provider(None))
          Operator chain:
            PhysicalOperator(NES::SinkPhysicalOperator)

[m
[36m[14:57:11.186595] [D] [Not A Worker] [unnamed] [] [SinkProvider.cpp:30] [lower] The sinkDescriptor is: SinkDescriptor: (name: variant("PERSON_ID_SINK"), type: Void, Config: )[m
[36m[14:57:11.187881] [D] [SingleNodeWorker] [WorkerThread-5] [Task:614759611-75] [VoidSink.cpp:37] [start] Setting up void sink: VoidSink[m
[36m[14:57:11.274354] [D] [SingleNodeWorker] [WorkerThread-5] [] [SourceThread.cpp:184] [start] Starting source with originId: 2[m
[36m[14:57:11.283830] [D] [SingleNodeWorker] [WorkerThread-5] [Task:614759611-74] [BufferManager.cpp:65] [~BufferManager] Calling BufferManager::destroy()[m
[36m[14:57:11.283856] [D] [SingleNodeWorker] [WorkerThread-5] [Task:614759611-74] [BufferManager.cpp:93] [~BufferManager] Shutting down Buffer Manager completed[m
[36m[14:57:15.063272] [D] [SingleNodeWorker] [WorkerThread-3] [Task:614759611] [SourceThread.cpp:230] [tryStop] SourceThread 2: attempting to stop source[m
[36m[14:57:15.063325] [D] [SingleNodeWorker] [WorkerThread-3] [Task:614759611] [SourceThread.cpp:248] [tryStop] SourceThread 2: stopped[m
[32m[14:57:15.089384] [I] [SingleNodeWorker] [WorkerThread-4] [] [SequenceShredder.cpp:55] [~SequenceShredder] Successfully validated SequenceShredder[m
[32m[14:57:15.089561] [I] [SingleNodeWorker] [WorkerThread-7] [Task:614759611-75] [VoidSink.cpp:42] [stop] Void Sink completed.[m
[36m[14:57:15.089641] [D] [SingleNodeWorker] [WorkerThread-7] [] [SourceThread.cpp:226] [tryStop] SourceThread 2: thread is not running[m
[36m[14:57:18.866067] [D] [Not A Worker] [unnamed] [queryId:44686036] [BufferManager.cpp:110] [initialize] NES memory allocation requires 1 out of 540577120256 (so 1.8498748143954595e-10%) available bytes[m
[36m[14:57:18.866130] [D] [Not A Worker] [unnamed] [queryId:44686036] [BufferManager.cpp:160] [initialize] BufferManager configuration bufferSize=1 numOfBuffers=1[m
[36m[14:57:18.866308] [D] [Not A Worker] [unnamed] [queryId:44686036] [PipeliningPhase.cpp:365] [apply] Constructed pipeline plan with 1 root pipelines.
PipelinedQueryPlan for Query: 44686036
Number of root pipelines: 1
------------------
Root Pipeline 0:
  Pipeline(ID(76), Provider(COMPILER))
  Operator chain:
    PhysicalOperator(NES::SourcePhysicalOperator)
  Successor Pipeline:
    Pipeline(ID(77), Provider(None))
      Operator chain:
        PhysicalOperator(NES::ScanPhysicalOperator)
          PhysicalOperator(NES::SelectionPhysicalOperator)
            PhysicalOperator(NES::MapPhysicalOperator)
              PhysicalOperator(NES::EmitPhysicalOperator)
      Successor Pipeline:
        Pipeline(ID(78), Provider(None))
          Operator chain:
            PhysicalOperator(NES::SinkPhysicalOperator)

[m
[36m[14:57:18.870057] [D] [Not A Worker] [unnamed] [] [SinkProvider.cpp:30] [lower] The sinkDescriptor is: SinkDescriptor: (name: variant("PERSON_ID_SINK"), type: Void, Config: )[m
[36m[14:57:18.871095] [D] [SingleNodeWorker] [WorkerThread-3] [Task:44686036-78] [VoidSink.cpp:37] [start] Setting up void sink: VoidSink[m
[36m[14:57:18.960434] [D] [SingleNodeWorker] [WorkerThread-3] [] [SourceThread.cpp:184] [start] Starting source with originId: 2[m
[36m[14:57:18.971236] [D] [SingleNodeWorker] [WorkerThread-3] [Task:44686036-77] [BufferManager.cpp:65] [~BufferManager] Calling BufferManager::destroy()[m
[36m[14:57:18.971271] [D] [SingleNodeWorker] [WorkerThread-3] [Task:44686036-77] [BufferManager.cpp:93] [~BufferManager] Shutting down Buffer Manager completed[m
[36m[14:57:22.757445] [D] [SingleNodeWorker] [WorkerThread-0] [Task:44686036] [SourceThread.cpp:230] [tryStop] SourceThread 2: attempting to stop source[m
[36m[14:57:22.757497] [D] [SingleNodeWorker] [WorkerThread-0] [Task:44686036] [SourceThread.cpp:248] [tryStop] SourceThread 2: stopped[m
[32m[14:57:22.783084] [I] [SingleNodeWorker] [WorkerThread-1] [Task:44686036-78] [VoidSink.cpp:42] [stop] Void Sink completed.[m
[36m[14:57:22.783227] [D] [SingleNodeWorker] [WorkerThread-1] [] [SourceThread.cpp:226] [tryStop] SourceThread 2: thread is not running[m
[32m[14:57:22.783331] [I] [SingleNodeWorker] [WorkerThread-5] [] [SequenceShredder.cpp:55] [~SequenceShredder] Successfully validated SequenceShredder[m
[36m[14:57:26.668003] [D] [Not A Worker] [unnamed] [queryId:1220399830] [BufferManager.cpp:110] [initialize] NES memory allocation requires 1 out of 540577120256 (so 1.8498748143954595e-10%) available bytes[m
[36m[14:57:26.668079] [D] [Not A Worker] [unnamed] [queryId:1220399830] [BufferManager.cpp:160] [initialize] BufferManager configuration bufferSize=1 numOfBuffers=1[m
[36m[14:57:26.668308] [D] [Not A Worker] [unnamed] [queryId:1220399830] [PipeliningPhase.cpp:365] [apply] Constructed pipeline plan with 1 root pipelines.
PipelinedQueryPlan for Query: 1220399830
Number of root pipelines: 1
------------------
Root Pipeline 0:
  Pipeline(ID(79), Provider(COMPILER))
  Operator chain:
    PhysicalOperator(NES::SourcePhysicalOperator)
  Successor Pipeline:
    Pipeline(ID(80), Provider(None))
      Operator chain:
        PhysicalOperator(NES::ScanPhysicalOperator)
          PhysicalOperator(NES::SelectionPhysicalOperator)
            PhysicalOperator(NES::MapPhysicalOperator)
              PhysicalOperator(NES::EmitPhysicalOperator)
      Successor Pipeline:
        Pipeline(ID(81), Provider(None))
          Operator chain:
            PhysicalOperator(NES::SinkPhysicalOperator)

[m
[36m[14:57:26.671968] [D] [Not A Worker] [unnamed] [] [SinkProvider.cpp:30] [lower] The sinkDescriptor is: SinkDescriptor: (name: variant("PERSON_ID_SINK"), type: Void, Config: )[m
[36m[14:57:26.674390] [D] [SingleNodeWorker] [WorkerThread-7] [Task:1220399830-81] [VoidSink.cpp:37] [start] Setting up void sink: VoidSink[m
[36m[14:57:26.760664] [D] [SingleNodeWorker] [WorkerThread-7] [] [SourceThread.cpp:184] [start] Starting source with originId: 2[m
[36m[14:57:26.770549] [D] [SingleNodeWorker] [WorkerThread-7] [Task:1220399830-80] [BufferManager.cpp:65] [~BufferManager] Calling BufferManager::destroy()[m
[36m[14:57:26.770576] [D] [SingleNodeWorker] [WorkerThread-7] [Task:1220399830-80] [BufferManager.cpp:93] [~BufferManager] Shutting down Buffer Manager completed[m
[36m[14:57:30.556975] [D] [SingleNodeWorker] [WorkerThread-1] [Task:1220399830] [SourceThread.cpp:230] [tryStop] SourceThread 2: attempting to stop source[m
[36m[14:57:30.557016] [D] [SingleNodeWorker] [WorkerThread-1] [Task:1220399830] [SourceThread.cpp:248] [tryStop] SourceThread 2: stopped[m
[32m[14:57:30.583982] [I] [SingleNodeWorker] [WorkerThread-5] [Task:1220399830-81] [VoidSink.cpp:42] [stop] Void Sink completed.[m
[36m[14:57:30.584055] [D] [SingleNodeWorker] [WorkerThread-5] [] [SourceThread.cpp:226] [tryStop] SourceThread 2: thread is not running[m
[32m[14:57:30.584084] [I] [SingleNodeWorker] [WorkerThread-7] [] [SequenceShredder.cpp:55] [~SequenceShredder] Successfully validated SequenceShredder[m
[36m[14:57:34.345528] [D] [Not A Worker] [unnamed] [queryId:901575085] [BufferManager.cpp:110] [initialize] NES memory allocation requires 1 out of 540577120256 (so 1.8498748143954595e-10%) available bytes[m
[36m[14:57:34.345590] [D] [Not A Worker] [unnamed] [queryId:901575085] [BufferManager.cpp:160] [initialize] BufferManager configuration bufferSize=1 numOfBuffers=1[m
[36m[14:57:34.345779] [D] [Not A Worker] [unnamed] [queryId:901575085] [PipeliningPhase.cpp:365] [apply] Constructed pipeline plan with 1 root pipelines.
PipelinedQueryPlan for Query: 901575085
Number of root pipelines: 1
------------------
Root Pipeline 0:
  Pipeline(ID(82), Provider(COMPILER))
  Operator chain:
    PhysicalOperator(NES::SourcePhysicalOperator)
  Successor Pipeline:
    Pipeline(ID(83), Provider(None))
      Operator chain:
        PhysicalOperator(NES::ScanPhysicalOperator)
          PhysicalOperator(NES::SelectionPhysicalOperator)
            PhysicalOperator(NES::MapPhysicalOperator)
              PhysicalOperator(NES::EmitPhysicalOperator)
      Successor Pipeline:
        Pipeline(ID(84), Provider(None))
          Operator chain:
            PhysicalOperator(NES::SinkPhysicalOperator)

[m
[36m[14:57:34.349883] [D] [Not A Worker] [unnamed] [] [SinkProvider.cpp:30] [lower] The sinkDescriptor is: SinkDescriptor: (name: variant("PERSON_ID_SINK"), type: Void, Config: )[m
[36m[14:57:34.351279] [D] [SingleNodeWorker] [WorkerThread-6] [Task:901575085-84] [VoidSink.cpp:37] [start] Setting up void sink: VoidSink[m
[36m[14:57:34.435135] [D] [SingleNodeWorker] [WorkerThread-6] [] [SourceThread.cpp:184] [start] Starting source with originId: 2[m
[36m[14:57:34.444612] [D] [SingleNodeWorker] [WorkerThread-6] [Task:901575085-83] [BufferManager.cpp:65] [~BufferManager] Calling BufferManager::destroy()[m
[36m[14:57:34.444636] [D] [SingleNodeWorker] [WorkerThread-6] [Task:901575085-83] [BufferManager.cpp:93] [~BufferManager] Shutting down Buffer Manager completed[m
[36m[14:57:38.210272] [D] [SingleNodeWorker] [WorkerThread-0] [Task:901575085] [SourceThread.cpp:230] [tryStop] SourceThread 2: attempting to stop source[m
[36m[14:57:38.210324] [D] [SingleNodeWorker] [WorkerThread-0] [Task:901575085] [SourceThread.cpp:248] [tryStop] SourceThread 2: stopped[m
[32m[14:57:38.236694] [I] [SingleNodeWorker] [WorkerThread-7] [] [SequenceShredder.cpp:55] [~SequenceShredder] Successfully validated SequenceShredder[m
[32m[14:57:38.238358] [I] [SingleNodeWorker] [WorkerThread-4] [Task:901575085-84] [VoidSink.cpp:42] [stop] Void Sink completed.[m
[36m[14:57:38.238499] [D] [SingleNodeWorker] [WorkerThread-4] [] [SourceThread.cpp:226] [tryStop] SourceThread 2: thread is not running[m
[36m[14:57:42.184747] [D] [Not A Worker] [unnamed] [queryId:1417760236] [BufferManager.cpp:110] [initialize] NES memory allocation requires 1 out of 540577120256 (so 1.8498748143954595e-10%) available bytes[m
[36m[14:57:42.184811] [D] [Not A Worker] [unnamed] [queryId:1417760236] [BufferManager.cpp:160] [initialize] BufferManager configuration bufferSize=1 numOfBuffers=1[m
[36m[14:57:42.185040] [D] [Not A Worker] [unnamed] [queryId:1417760236] [PipeliningPhase.cpp:365] [apply] Constructed pipeline plan with 1 root pipelines.
PipelinedQueryPlan for Query: 1417760236
Number of root pipelines: 1
------------------
Root Pipeline 0:
  Pipeline(ID(85), Provider(COMPILER))
  Operator chain:
    PhysicalOperator(NES::SourcePhysicalOperator)
  Successor Pipeline:
    Pipeline(ID(86), Provider(None))
      Operator chain:
        PhysicalOperator(NES::ScanPhysicalOperator)
          PhysicalOperator(NES::SelectionPhysicalOperator)
            PhysicalOperator(NES::MapPhysicalOperator)
              PhysicalOperator(NES::EmitPhysicalOperator)
      Successor Pipeline:
        Pipeline(ID(87), Provider(None))
          Operator chain:
            PhysicalOperator(NES::SinkPhysicalOperator)

[m
[36m[14:57:42.188888] [D] [Not A Worker] [unnamed] [] [SinkProvider.cpp:30] [lower] The sinkDescriptor is: SinkDescriptor: (name: variant("PERSON_ID_SINK"), type: Void, Config: )[m
[36m[14:57:42.189555] [D] [SingleNodeWorker] [WorkerThread-5] [Task:1417760236-87] [VoidSink.cpp:37] [start] Setting up void sink: VoidSink[m
[36m[14:57:42.274816] [D] [SingleNodeWorker] [WorkerThread-5] [] [SourceThread.cpp:184] [start] Starting source with originId: 2[m
[36m[14:57:42.284975] [D] [SingleNodeWorker] [WorkerThread-5] [Task:1417760236-86] [BufferManager.cpp:65] [~BufferManager] Calling BufferManager::destroy()[m
[36m[14:57:42.285002] [D] [SingleNodeWorker] [WorkerThread-5] [Task:1417760236-86] [BufferManager.cpp:93] [~BufferManager] Shutting down Buffer Manager completed[m
[36m[14:57:46.065570] [D] [SingleNodeWorker] [WorkerThread-5] [Task:1417760236] [SourceThread.cpp:230] [tryStop] SourceThread 2: attempting to stop source[m
[36m[14:57:46.065614] [D] [SingleNodeWorker] [WorkerThread-5] [Task:1417760236] [SourceThread.cpp:248] [tryStop] SourceThread 2: stopped[m
[32m[14:57:46.091829] [I] [SingleNodeWorker] [WorkerThread-1] [] [SequenceShredder.cpp:55] [~SequenceShredder] Successfully validated SequenceShredder[m
[32m[14:57:46.092641] [I] [SingleNodeWorker] [WorkerThread-4] [Task:1417760236-87] [VoidSink.cpp:42] [stop] Void Sink completed.[m
[36m[14:57:46.092782] [D] [SingleNodeWorker] [WorkerThread-4] [] [SourceThread.cpp:226] [tryStop] SourceThread 2: thread is not running[m
[36m[14:57:49.926541] [D] [Not A Worker] [unnamed] [queryId:999158098] [BufferManager.cpp:110] [initialize] NES memory allocation requires 1 out of 540577120256 (so 1.8498748143954595e-10%) available bytes[m
[36m[14:57:49.926612] [D] [Not A Worker] [unnamed] [queryId:999158098] [BufferManager.cpp:160] [initialize] BufferManager configuration bufferSize=1 numOfBuffers=1[m
[36m[14:57:49.926794] [D] [Not A Worker] [unnamed] [queryId:999158098] [PipeliningPhase.cpp:365] [apply] Constructed pipeline plan with 1 root pipelines.
PipelinedQueryPlan for Query: 999158098
Number of root pipelines: 1
------------------
Root Pipeline 0:
  Pipeline(ID(88), Provider(COMPILER))
  Operator chain:
    PhysicalOperator(NES::SourcePhysicalOperator)
  Successor Pipeline:
    Pipeline(ID(89), Provider(None))
      Operator chain:
        PhysicalOperator(NES::ScanPhysicalOperator)
          PhysicalOperator(NES::SelectionPhysicalOperator)
            PhysicalOperator(NES::MapPhysicalOperator)
              PhysicalOperator(NES::EmitPhysicalOperator)
      Successor Pipeline:
        Pipeline(ID(90), Provider(None))
          Operator chain:
            PhysicalOperator(NES::SinkPhysicalOperator)

[m
[36m[14:57:49.930891] [D] [Not A Worker] [unnamed] [] [SinkProvider.cpp:30] [lower] The sinkDescriptor is: SinkDescriptor: (name: variant("PERSON_ID_SINK"), type: Void, Config: )[m
[36m[14:57:49.932206] [D] [SingleNodeWorker] [WorkerThread-2] [Task:999158098-90] [VoidSink.cpp:37] [start] Setting up void sink: VoidSink[m
[36m[14:57:50.020043] [D] [SingleNodeWorker] [WorkerThread-2] [] [SourceThread.cpp:184] [start] Starting source with originId: 2[m
[36m[14:57:50.030179] [D] [SingleNodeWorker] [WorkerThread-2] [Task:999158098-89] [BufferManager.cpp:65] [~BufferManager] Calling BufferManager::destroy()[m
[36m[14:57:50.030207] [D] [SingleNodeWorker] [WorkerThread-2] [Task:999158098-89] [BufferManager.cpp:93] [~BufferManager] Shutting down Buffer Manager completed[m
[36m[14:57:53.786048] [D] [SingleNodeWorker] [WorkerThread-3] [Task:999158098] [SourceThread.cpp:230] [tryStop] SourceThread 2: attempting to stop source[m
[36m[14:57:53.786093] [D] [SingleNodeWorker] [WorkerThread-3] [Task:999158098] [SourceThread.cpp:248] [tryStop] SourceThread 2: stopped[m
[32m[14:57:53.812401] [I] [SingleNodeWorker] [WorkerThread-4] [] [SequenceShredder.cpp:55] [~SequenceShredder] Successfully validated SequenceShredder[m
[32m[14:57:53.813428] [I] [SingleNodeWorker] [WorkerThread-5] [Task:999158098-90] [VoidSink.cpp:42] [stop] Void Sink completed.[m
[36m[14:57:53.813559] [D] [SingleNodeWorker] [WorkerThread-5] [] [SourceThread.cpp:226] [tryStop] SourceThread 2: thread is not running[m
[36m[14:57:57.684833] [D] [Not A Worker] [unnamed] [queryId:813020202] [BufferManager.cpp:110] [initialize] NES memory allocation requires 1 out of 540577120256 (so 1.8498748143954595e-10%) available bytes[m
[36m[14:57:57.684902] [D] [Not A Worker] [unnamed] [queryId:813020202] [BufferManager.cpp:160] [initialize] BufferManager configuration bufferSize=1 numOfBuffers=1[m
[36m[14:57:57.685111] [D] [Not A Worker] [unnamed] [queryId:813020202] [PipeliningPhase.cpp:365] [apply] Constructed pipeline plan with 1 root pipelines.
PipelinedQueryPlan for Query: 813020202
Number of root pipelines: 1
------------------
Root Pipeline 0:
  Pipeline(ID(91), Provider(COMPILER))
  Operator chain:
    PhysicalOperator(NES::SourcePhysicalOperator)
  Successor Pipeline:
    Pipeline(ID(92), Provider(None))
      Operator chain:
        PhysicalOperator(NES::ScanPhysicalOperator)
          PhysicalOperator(NES::SelectionPhysicalOperator)
            PhysicalOperator(NES::MapPhysicalOperator)
              PhysicalOperator(NES::EmitPhysicalOperator)
      Successor Pipeline:
        Pipeline(ID(93), Provider(None))
          Operator chain:
            PhysicalOperator(NES::SinkPhysicalOperator)

[m
[36m[14:57:57.688650] [D] [Not A Worker] [unnamed] [] [SinkProvider.cpp:30] [lower] The sinkDescriptor is: SinkDescriptor: (name: variant("BID_AUCTION_ID_SINK"), type: Void, Config: )[m
[36m[14:57:57.689792] [D] [SingleNodeWorker] [WorkerThread-1] [Task:813020202-93] [VoidSink.cpp:37] [start] Setting up void sink: VoidSink[m
[36m[14:57:57.758029] [D] [SingleNodeWorker] [WorkerThread-1] [] [SourceThread.cpp:184] [start] Starting source with originId: 2[m
[36m[14:57:57.770868] [D] [SingleNodeWorker] [WorkerThread-1] [Task:813020202-92] [BufferManager.cpp:65] [~BufferManager] Calling BufferManager::destroy()[m
[36m[14:57:57.770904] [D] [SingleNodeWorker] [WorkerThread-1] [Task:813020202-92] [BufferManager.cpp:93] [~BufferManager] Shutting down Buffer Manager completed[m
[36m[14:58:46.656993] [D] [SingleNodeWorker] [WorkerThread-2] [Task:813020202] [SourceThread.cpp:230] [tryStop] SourceThread 2: attempting to stop source[m
[36m[14:58:46.657051] [D] [SingleNodeWorker] [WorkerThread-2] [Task:813020202] [SourceThread.cpp:248] [tryStop] SourceThread 2: stopped[m
[32m[14:58:46.684152] [I] [SingleNodeWorker] [WorkerThread-7] [] [SequenceShredder.cpp:55] [~SequenceShredder] Successfully validated SequenceShredder[m
[32m[14:58:46.684221] [I] [SingleNodeWorker] [WorkerThread-5] [Task:813020202-93] [VoidSink.cpp:42] [stop] Void Sink completed.[m
[36m[14:58:46.684357] [D] [SingleNodeWorker] [WorkerThread-5] [] [SourceThread.cpp:226] [tryStop] SourceThread 2: thread is not running[m
[36m[14:58:48.431344] [D] [Not A Worker] [unnamed] [queryId:208637720] [BufferManager.cpp:110] [initialize] NES memory allocation requires 1 out of 540577120256 (so 1.8498748143954595e-10%) available bytes[m
[36m[14:58:48.431406] [D] [Not A Worker] [unnamed] [queryId:208637720] [BufferManager.cpp:160] [initialize] BufferManager configuration bufferSize=1 numOfBuffers=1[m
[36m[14:58:48.431655] [D] [Not A Worker] [unnamed] [queryId:208637720] [PipeliningPhase.cpp:365] [apply] Constructed pipeline plan with 1 root pipelines.
PipelinedQueryPlan for Query: 208637720
Number of root pipelines: 1
------------------
Root Pipeline 0:
  Pipeline(ID(94), Provider(COMPILER))
  Operator chain:
    PhysicalOperator(NES::SourcePhysicalOperator)
  Successor Pipeline:
    Pipeline(ID(95), Provider(None))
      Operator chain:
        PhysicalOperator(NES::ScanPhysicalOperator)
          PhysicalOperator(NES::SelectionPhysicalOperator)
            PhysicalOperator(NES::MapPhysicalOperator)
              PhysicalOperator(NES::EmitPhysicalOperator)
      Successor Pipeline:
        Pipeline(ID(96), Provider(None))
          Operator chain:
            PhysicalOperator(NES::SinkPhysicalOperator)

[m
[36m[14:58:48.434936] [D] [Not A Worker] [unnamed] [] [SinkProvider.cpp:30] [lower] The sinkDescriptor is: SinkDescriptor: (name: variant("BID_AUCTION_ID_SINK"), type: Void, Config: )[m
[36m[14:58:48.437461] [D] [SingleNodeWorker] [WorkerThread-2] [Task:208637720-96] [VoidSink.cpp:37] [start] Setting up void sink: VoidSink[m
[36m[14:58:48.504775] [D] [SingleNodeWorker] [WorkerThread-2] [] [SourceThread.cpp:184] [start] Starting source with originId: 2[m
[36m[14:58:48.520306] [D] [SingleNodeWorker] [WorkerThread-2] [Task:208637720-95] [BufferManager.cpp:65] [~BufferManager] Calling BufferManager::destroy()[m
[36m[14:58:48.520337] [D] [SingleNodeWorker] [WorkerThread-2] [Task:208637720-95] [BufferManager.cpp:93] [~BufferManager] Shutting down Buffer Manager completed[m
[36m[14:59:37.228536] [D] [SingleNodeWorker] [WorkerThread-1] [Task:208637720] [SourceThread.cpp:230] [tryStop] SourceThread 2: attempting to stop source[m
[36m[14:59:37.228585] [D] [SingleNodeWorker] [WorkerThread-1] [Task:208637720] [SourceThread.cpp:248] [tryStop] SourceThread 2: stopped[m
[32m[14:59:37.254579] [I] [SingleNodeWorker] [WorkerThread-0] [] [SequenceShredder.cpp:55] [~SequenceShredder] Successfully validated SequenceShredder[m
[32m[14:59:37.255856] [I] [SingleNodeWorker] [WorkerThread-4] [Task:208637720-96] [VoidSink.cpp:42] [stop] Void Sink completed.[m
[36m[14:59:37.255931] [D] [SingleNodeWorker] [WorkerThread-4] [] [SourceThread.cpp:226] [tryStop] SourceThread 2: thread is not running[m
[36m[14:59:39.110047] [D] [Not A Worker] [unnamed] [queryId:2022417279] [BufferManager.cpp:110] [initialize] NES memory allocation requires 1 out of 540577120256 (so 1.8498748143954595e-10%) available bytes[m
[36m[14:59:39.110114] [D] [Not A Worker] [unnamed] [queryId:2022417279] [BufferManager.cpp:160] [initialize] BufferManager configuration bufferSize=1 numOfBuffers=1[m
[36m[14:59:39.110330] [D] [Not A Worker] [unnamed] [queryId:2022417279] [PipeliningPhase.cpp:365] [apply] Constructed pipeline plan with 1 root pipelines.
PipelinedQueryPlan for Query: 2022417279
Number of root pipelines: 1
------------------
Root Pipeline 0:
  Pipeline(ID(97), Provider(COMPILER))
  Operator chain:
    PhysicalOperator(NES::SourcePhysicalOperator)
  Successor Pipeline:
    Pipeline(ID(98), Provider(None))
      Operator chain:
        PhysicalOperator(NES::ScanPhysicalOperator)
          PhysicalOperator(NES::SelectionPhysicalOperator)
            PhysicalOperator(NES::MapPhysicalOperator)
              PhysicalOperator(NES::EmitPhysicalOperator)
      Successor Pipeline:
        Pipeline(ID(99), Provider(None))
          Operator chain:
            PhysicalOperator(NES::SinkPhysicalOperator)

[m
[36m[14:59:39.113876] [D] [Not A Worker] [unnamed] [] [SinkProvider.cpp:30] [lower] The sinkDescriptor is: SinkDescriptor: (name: variant("BID_AUCTION_ID_SINK"), type: Void, Config: )[m
[36m[14:59:39.114263] [D] [SingleNodeWorker] [WorkerThread-0] [Task:2022417279-99] [VoidSink.cpp:37] [start] Setting up void sink: VoidSink[m
[36m[14:59:39.179803] [D] [SingleNodeWorker] [WorkerThread-0] [] [SourceThread.cpp:184] [start] Starting source with originId: 2[m
[36m[14:59:39.206820] [D] [SingleNodeWorker] [WorkerThread-7] [Task:2022417279-98] [BufferManager.cpp:65] [~BufferManager] Calling BufferManager::destroy()[m
[36m[14:59:39.206864] [D] [SingleNodeWorker] [WorkerThread-7] [Task:2022417279-98] [BufferManager.cpp:93] [~BufferManager] Shutting down Buffer Manager completed[m
[36m[15:00:28.166566] [D] [SingleNodeWorker] [WorkerThread-1] [Task:2022417279] [SourceThread.cpp:230] [tryStop] SourceThread 2: attempting to stop source[m
[36m[15:00:28.166614] [D] [SingleNodeWorker] [WorkerThread-1] [Task:2022417279] [SourceThread.cpp:248] [tryStop] SourceThread 2: stopped[m
[32m[15:00:28.192567] [I] [SingleNodeWorker] [WorkerThread-4] [] [SequenceShredder.cpp:55] [~SequenceShredder] Successfully validated SequenceShredder[m
[32m[15:00:28.194253] [I] [SingleNodeWorker] [WorkerThread-5] [Task:2022417279-99] [VoidSink.cpp:42] [stop] Void Sink completed.[m
[36m[15:00:28.194404] [D] [SingleNodeWorker] [WorkerThread-5] [] [SourceThread.cpp:226] [tryStop] SourceThread 2: thread is not running[m
[36m[15:00:30.198107] [D] [Not A Worker] [unnamed] [queryId:2003432778] [BufferManager.cpp:110] [initialize] NES memory allocation requires 1 out of 540577120256 (so 1.8498748143954595e-10%) available bytes[m
[36m[15:00:30.198171] [D] [Not A Worker] [unnamed] [queryId:2003432778] [BufferManager.cpp:160] [initialize] BufferManager configuration bufferSize=1 numOfBuffers=1[m
[36m[15:00:30.198367] [D] [Not A Worker] [unnamed] [queryId:2003432778] [PipeliningPhase.cpp:365] [apply] Constructed pipeline plan with 1 root pipelines.
PipelinedQueryPlan for Query: 2003432778
Number of root pipelines: 1
------------------
Root Pipeline 0:
  Pipeline(ID(100), Provider(COMPILER))
  Operator chain:
    PhysicalOperator(NES::SourcePhysicalOperator)
  Successor Pipeline:
    Pipeline(ID(101), Provider(None))
      Operator chain:
        PhysicalOperator(NES::ScanPhysicalOperator)
          PhysicalOperator(NES::SelectionPhysicalOperator)
            PhysicalOperator(NES::MapPhysicalOperator)
              PhysicalOperator(NES::EmitPhysicalOperator)
      Successor Pipeline:
        Pipeline(ID(102), Provider(None))
          Operator chain:
            PhysicalOperator(NES::SinkPhysicalOperator)

[m
[36m[15:00:30.202151] [D] [Not A Worker] [unnamed] [] [SinkProvider.cpp:30] [lower] The sinkDescriptor is: SinkDescriptor: (name: variant("BID_AUCTION_ID_SINK"), type: Void, Config: )[m
[36m[15:00:30.205240] [D] [SingleNodeWorker] [WorkerThread-2] [Task:2003432778-102] [VoidSink.cpp:37] [start] Setting up void sink: VoidSink[m
[36m[15:00:30.273769] [D] [SingleNodeWorker] [WorkerThread-6] [] [SourceThread.cpp:184] [start] Starting source with originId: 2[m
[36m[15:00:30.289943] [D] [SingleNodeWorker] [WorkerThread-6] [Task:2003432778-101] [BufferManager.cpp:65] [~BufferManager] Calling BufferManager::destroy()[m
[36m[15:00:30.289983] [D] [SingleNodeWorker] [WorkerThread-6] [Task:2003432778-101] [BufferManager.cpp:93] [~BufferManager] Shutting down Buffer Manager completed[m
[36m[15:01:18.978208] [D] [SingleNodeWorker] [WorkerThread-1] [Task:2003432778] [SourceThread.cpp:230] [tryStop] SourceThread 2: attempting to stop source[m
[36m[15:01:18.978257] [D] [SingleNodeWorker] [WorkerThread-1] [Task:2003432778] [SourceThread.cpp:248] [tryStop] SourceThread 2: stopped[m
[32m[15:01:19.004455] [I] [SingleNodeWorker] [WorkerThread-0] [] [SequenceShredder.cpp:55] [~SequenceShredder] Successfully validated SequenceShredder[m
[32m[15:01:19.004752] [I] [SingleNodeWorker] [WorkerThread-6] [Task:2003432778-102] [VoidSink.cpp:42] [stop] Void Sink completed.[m
[36m[15:01:19.004833] [D] [SingleNodeWorker] [WorkerThread-6] [] [SourceThread.cpp:226] [tryStop] SourceThread 2: thread is not running[m
[36m[15:01:21.525656] [D] [Not A Worker] [unnamed] [queryId:1773308433] [BufferManager.cpp:110] [initialize] NES memory allocation requires 1 out of 540577120256 (so 1.8498748143954595e-10%) available bytes[m
[36m[15:01:21.525726] [D] [Not A Worker] [unnamed] [queryId:1773308433] [BufferManager.cpp:160] [initialize] BufferManager configuration bufferSize=1 numOfBuffers=1[m
[36m[15:01:21.525954] [D] [Not A Worker] [unnamed] [queryId:1773308433] [PipeliningPhase.cpp:365] [apply] Constructed pipeline plan with 1 root pipelines.
PipelinedQueryPlan for Query: 1773308433
Number of root pipelines: 1
------------------
Root Pipeline 0:
  Pipeline(ID(103), Provider(COMPILER))
  Operator chain:
    PhysicalOperator(NES::SourcePhysicalOperator)
  Successor Pipeline:
    Pipeline(ID(104), Provider(None))
      Operator chain:
        PhysicalOperator(NES::ScanPhysicalOperator)
          PhysicalOperator(NES::SelectionPhysicalOperator)
            PhysicalOperator(NES::MapPhysicalOperator)
              PhysicalOperator(NES::EmitPhysicalOperator)
      Successor Pipeline:
        Pipeline(ID(105), Provider(None))
          Operator chain:
            PhysicalOperator(NES::SinkPhysicalOperator)

[m
[36m[15:01:21.530327] [D] [Not A Worker] [unnamed] [] [SinkProvider.cpp:30] [lower] The sinkDescriptor is: SinkDescriptor: (name: variant("BID_AUCTION_ID_SINK"), type: Void, Config: )[m
[36m[15:01:21.533659] [D] [SingleNodeWorker] [WorkerThread-0] [Task:1773308433-105] [VoidSink.cpp:37] [start] Setting up void sink: VoidSink[m
[36m[15:01:21.601218] [D] [SingleNodeWorker] [WorkerThread-0] [] [SourceThread.cpp:184] [start] Starting source with originId: 2[m
[36m[15:01:21.617071] [D] [SingleNodeWorker] [WorkerThread-0] [Task:1773308433-104] [BufferManager.cpp:65] [~BufferManager] Calling BufferManager::destroy()[m
[36m[15:01:21.617101] [D] [SingleNodeWorker] [WorkerThread-0] [Task:1773308433-104] [BufferManager.cpp:93] [~BufferManager] Shutting down Buffer Manager completed[m
[36m[15:02:10.321744] [D] [SingleNodeWorker] [WorkerThread-1] [Task:1773308433] [SourceThread.cpp:230] [tryStop] SourceThread 2: attempting to stop source[m
[36m[15:02:10.321798] [D] [SingleNodeWorker] [WorkerThread-1] [Task:1773308433] [SourceThread.cpp:248] [tryStop] SourceThread 2: stopped[m
[32m[15:02:10.348112] [I] [SingleNodeWorker] [WorkerThread-0] [Task:1773308433-105] [VoidSink.cpp:42] [stop] Void Sink completed.[m
[32m[15:02:10.348117] [I] [SingleNodeWorker] [WorkerThread-7] [] [SequenceShredder.cpp:55] [~SequenceShredder] Successfully validated SequenceShredder[m
[36m[15:02:10.348268] [D] [SingleNodeWorker] [WorkerThread-0] [] [SourceThread.cpp:226] [tryStop] SourceThread 2: thread is not running[m
[36m[15:02:12.776836] [D] [Not A Worker] [unnamed] [queryId:208442276] [BufferManager.cpp:110] [initialize] NES memory allocation requires 1 out of 540577120256 (so 1.8498748143954595e-10%) available bytes[m
[36m[15:02:12.776894] [D] [Not A Worker] [unnamed] [queryId:208442276] [BufferManager.cpp:160] [initialize] BufferManager configuration bufferSize=1 numOfBuffers=1[m
[36m[15:02:12.777093] [D] [Not A Worker] [unnamed] [queryId:208442276] [PipeliningPhase.cpp:365] [apply] Constructed pipeline plan with 1 root pipelines.
PipelinedQueryPlan for Query: 208442276
Number of root pipelines: 1
------------------
Root Pipeline 0:
  Pipeline(ID(106), Provider(COMPILER))
  Operator chain:
    PhysicalOperator(NES::SourcePhysicalOperator)
  Successor Pipeline:
    Pipeline(ID(107), Provider(None))
      Operator chain:
        PhysicalOperator(NES::ScanPhysicalOperator)
          PhysicalOperator(NES::SelectionPhysicalOperator)
            PhysicalOperator(NES::MapPhysicalOperator)
              PhysicalOperator(NES::EmitPhysicalOperator)
      Successor Pipeline:
        Pipeline(ID(108), Provider(None))
          Operator chain:
            PhysicalOperator(NES::SinkPhysicalOperator)

[m
[36m[15:02:12.780630] [D] [Not A Worker] [unnamed] [] [SinkProvider.cpp:30] [lower] The sinkDescriptor is: SinkDescriptor: (name: variant("BID_AUCTION_ID_SINK"), type: Void, Config: )[m
[36m[15:02:12.785208] [D] [SingleNodeWorker] [WorkerThread-2] [Task:208442276-108] [VoidSink.cpp:37] [start] Setting up void sink: VoidSink[m
[36m[15:02:12.851001] [D] [SingleNodeWorker] [WorkerThread-2] [] [SourceThread.cpp:184] [start] Starting source with originId: 2[m
[36m[15:02:12.866823] [D] [SingleNodeWorker] [WorkerThread-2] [Task:208442276-107] [BufferManager.cpp:65] [~BufferManager] Calling BufferManager::destroy()[m
[36m[15:02:12.866854] [D] [SingleNodeWorker] [WorkerThread-2] [Task:208442276-107] [BufferManager.cpp:93] [~BufferManager] Shutting down Buffer Manager completed[m
[36m[15:03:01.588819] [D] [SingleNodeWorker] [WorkerThread-6] [Task:208442276] [SourceThread.cpp:230] [tryStop] SourceThread 2: attempting to stop source[m
[36m[15:03:01.588867] [D] [SingleNodeWorker] [WorkerThread-6] [Task:208442276] [SourceThread.cpp:248] [tryStop] SourceThread 2: stopped[m
[32m[15:03:01.615299] [I] [SingleNodeWorker] [WorkerThread-1] [] [SequenceShredder.cpp:55] [~SequenceShredder] Successfully validated SequenceShredder[m
[32m[15:03:01.618376] [I] [SingleNodeWorker] [WorkerThread-4] [Task:208442276-108] [VoidSink.cpp:42] [stop] Void Sink completed.[m
[36m[15:03:01.618530] [D] [SingleNodeWorker] [WorkerThread-4] [] [SourceThread.cpp:226] [tryStop] SourceThread 2: thread is not running[m
[36m[15:03:04.236367] [D] [Not A Worker] [unnamed] [queryId:69342881] [BufferManager.cpp:110] [initialize] NES memory allocation requires 1 out of 540577120256 (so 1.8498748143954595e-10%) available bytes[m
[36m[15:03:04.236427] [D] [Not A Worker] [unnamed] [queryId:69342881] [BufferManager.cpp:160] [initialize] BufferManager configuration bufferSize=1 numOfBuffers=1[m
[36m[15:03:04.236600] [D] [Not A Worker] [unnamed] [queryId:69342881] [PipeliningPhase.cpp:365] [apply] Constructed pipeline plan with 1 root pipelines.
PipelinedQueryPlan for Query: 69342881
Number of root pipelines: 1
------------------
Root Pipeline 0:
  Pipeline(ID(109), Provider(COMPILER))
  Operator chain:
    PhysicalOperator(NES::SourcePhysicalOperator)
  Successor Pipeline:
    Pipeline(ID(110), Provider(None))
      Operator chain:
        PhysicalOperator(NES::ScanPhysicalOperator)
          PhysicalOperator(NES::SelectionPhysicalOperator)
            PhysicalOperator(NES::MapPhysicalOperator)
              PhysicalOperator(NES::EmitPhysicalOperator)
      Successor Pipeline:
        Pipeline(ID(111), Provider(None))
          Operator chain:
            PhysicalOperator(NES::SinkPhysicalOperator)

[m
[36m[15:03:04.240736] [D] [Not A Worker] [unnamed] [] [SinkProvider.cpp:30] [lower] The sinkDescriptor is: SinkDescriptor: (name: variant("BID_AUCTION_ID_SINK"), type: Void, Config: )[m
[36m[15:03:04.241296] [D] [SingleNodeWorker] [WorkerThread-2] [Task:69342881-111] [VoidSink.cpp:37] [start] Setting up void sink: VoidSink[m
[36m[15:03:04.310640] [D] [SingleNodeWorker] [WorkerThread-5] [] [SourceThread.cpp:184] [start] Starting source with originId: 2[m
[36m[15:03:04.324985] [D] [SingleNodeWorker] [WorkerThread-5] [Task:69342881-110] [BufferManager.cpp:65] [~BufferManager] Calling BufferManager::destroy()[m
[36m[15:03:04.325017] [D] [SingleNodeWorker] [WorkerThread-5] [Task:69342881-110] [BufferManager.cpp:93] [~BufferManager] Shutting down Buffer Manager completed[m
[36m[15:03:53.037997] [D] [SingleNodeWorker] [WorkerThread-0] [Task:69342881] [SourceThread.cpp:230] [tryStop] SourceThread 2: attempting to stop source[m
[36m[15:03:53.038063] [D] [SingleNodeWorker] [WorkerThread-0] [Task:69342881] [SourceThread.cpp:248] [tryStop] SourceThread 2: stopped[m
[32m[15:03:53.066400] [I] [SingleNodeWorker] [WorkerThread-2] [] [SequenceShredder.cpp:55] [~SequenceShredder] Successfully validated SequenceShredder[m
[32m[15:03:53.066740] [I] [SingleNodeWorker] [WorkerThread-6] [Task:69342881-111] [VoidSink.cpp:42] [stop] Void Sink completed.[m
[36m[15:03:53.066944] [D] [SingleNodeWorker] [WorkerThread-6] [] [SourceThread.cpp:226] [tryStop] SourceThread 2: thread is not running[m
[36m[15:03:55.160662] [D] [Not A Worker] [unnamed] [queryId:723482608] [BufferManager.cpp:110] [initialize] NES memory allocation requires 1 out of 540577120256 (so 1.8498748143954595e-10%) available bytes[m
[36m[15:03:55.160713] [D] [Not A Worker] [unnamed] [queryId:723482608] [BufferManager.cpp:160] [initialize] BufferManager configuration bufferSize=1 numOfBuffers=1[m
[36m[15:03:55.160871] [D] [Not A Worker] [unnamed] [queryId:723482608] [PipeliningPhase.cpp:365] [apply] Constructed pipeline plan with 1 root pipelines.
PipelinedQueryPlan for Query: 723482608
Number of root pipelines: 1
------------------
Root Pipeline 0:
  Pipeline(ID(112), Provider(COMPILER))
  Operator chain:
    PhysicalOperator(NES::SourcePhysicalOperator)
  Successor Pipeline:
    Pipeline(ID(113), Provider(None))
      Operator chain:
        PhysicalOperator(NES::ScanPhysicalOperator)
          PhysicalOperator(NES::SelectionPhysicalOperator)
            PhysicalOperator(NES::MapPhysicalOperator)
              PhysicalOperator(NES::EmitPhysicalOperator)
      Successor Pipeline:
        Pipeline(ID(114), Provider(None))
          Operator chain:
            PhysicalOperator(NES::SinkPhysicalOperator)

[m
[36m[15:03:55.164522] [D] [Not A Worker] [unnamed] [] [SinkProvider.cpp:30] [lower] The sinkDescriptor is: SinkDescriptor: (name: variant("BID_AUCTION_ID_SINK"), type: Void, Config: )[m
[36m[15:03:55.166516] [D] [SingleNodeWorker] [WorkerThread-6] [Task:723482608-114] [VoidSink.cpp:37] [start] Setting up void sink: VoidSink[m
[36m[15:03:55.233002] [D] [SingleNodeWorker] [WorkerThread-6] [] [SourceThread.cpp:184] [start] Starting source with originId: 2[m
[36m[15:03:55.248741] [D] [SingleNodeWorker] [WorkerThread-6] [Task:723482608-113] [BufferManager.cpp:65] [~BufferManager] Calling BufferManager::destroy()[m
[36m[15:03:55.248770] [D] [SingleNodeWorker] [WorkerThread-6] [Task:723482608-113] [BufferManager.cpp:93] [~BufferManager] Shutting down Buffer Manager completed[m
[36m[15:04:43.961444] [D] [SingleNodeWorker] [WorkerThread-0] [Task:723482608] [SourceThread.cpp:230] [tryStop] SourceThread 2: attempting to stop source[m
[36m[15:04:43.961498] [D] [SingleNodeWorker] [WorkerThread-0] [Task:723482608] [SourceThread.cpp:248] [tryStop] SourceThread 2: stopped[m
[32m[15:04:43.989538] [I] [SingleNodeWorker] [WorkerThread-4] [] [SequenceShredder.cpp:55] [~SequenceShredder] Successfully validated SequenceShredder[m
[32m[15:04:43.989562] [I] [SingleNodeWorker] [WorkerThread-7] [Task:723482608-114] [VoidSink.cpp:42] [stop] Void Sink completed.[m
[36m[15:04:43.989754] [D] [SingleNodeWorker] [WorkerThread-7] [] [SourceThread.cpp:226] [tryStop] SourceThread 2: thread is not running[m
[36m[15:04:45.857714] [D] [Not A Worker] [unnamed] [queryId:1562754388] [BufferManager.cpp:110] [initialize] NES memory allocation requires 1 out of 540577120256 (so 1.8498748143954595e-10%) available bytes[m
[36m[15:04:45.857769] [D] [Not A Worker] [unnamed] [queryId:1562754388] [BufferManager.cpp:160] [initialize] BufferManager configuration bufferSize=1 numOfBuffers=1[m
[36m[15:04:45.857970] [D] [Not A Worker] [unnamed] [queryId:1562754388] [PipeliningPhase.cpp:365] [apply] Constructed pipeline plan with 1 root pipelines.
PipelinedQueryPlan for Query: 1562754388
Number of root pipelines: 1
------------------
Root Pipeline 0:
  Pipeline(ID(115), Provider(COMPILER))
  Operator chain:
    PhysicalOperator(NES::SourcePhysicalOperator)
  Successor Pipeline:
    Pipeline(ID(116), Provider(None))
      Operator chain:
        PhysicalOperator(NES::ScanPhysicalOperator)
          PhysicalOperator(NES::SelectionPhysicalOperator)
            PhysicalOperator(NES::MapPhysicalOperator)
              PhysicalOperator(NES::EmitPhysicalOperator)
      Successor Pipeline:
        Pipeline(ID(117), Provider(None))
          Operator chain:
            PhysicalOperator(NES::SinkPhysicalOperator)

[m
[36m[15:04:45.861238] [D] [Not A Worker] [unnamed] [] [SinkProvider.cpp:30] [lower] The sinkDescriptor is: SinkDescriptor: (name: variant("BID_AUCTION_ID_SINK"), type: Void, Config: )[m
[36m[15:04:45.864617] [D] [SingleNodeWorker] [WorkerThread-4] [Task:1562754388-117] [VoidSink.cpp:37] [start] Setting up void sink: VoidSink[m
[36m[15:04:45.930652] [D] [SingleNodeWorker] [WorkerThread-4] [] [SourceThread.cpp:184] [start] Starting source with originId: 2[m
[36m[15:04:45.957699] [D] [SingleNodeWorker] [WorkerThread-7] [Task:1562754388-116] [BufferManager.cpp:65] [~BufferManager] Calling BufferManager::destroy()[m
[36m[15:04:45.957740] [D] [SingleNodeWorker] [WorkerThread-7] [Task:1562754388-116] [BufferManager.cpp:93] [~BufferManager] Shutting down Buffer Manager completed[m
[36m[15:05:34.620546] [D] [SingleNodeWorker] [WorkerThread-2] [Task:1562754388] [SourceThread.cpp:230] [tryStop] SourceThread 2: attempting to stop source[m
[36m[15:05:34.620603] [D] [SingleNodeWorker] [WorkerThread-2] [Task:1562754388] [SourceThread.cpp:248] [tryStop] SourceThread 2: stopped[m
[32m[15:05:34.647224] [I] [SingleNodeWorker] [WorkerThread-7] [] [SequenceShredder.cpp:55] [~SequenceShredder] Successfully validated SequenceShredder[m
[32m[15:05:34.648502] [I] [SingleNodeWorker] [WorkerThread-0] [Task:1562754388-117] [VoidSink.cpp:42] [stop] Void Sink completed.[m
[36m[15:05:34.648659] [D] [SingleNodeWorker] [WorkerThread-0] [] [SourceThread.cpp:226] [tryStop] SourceThread 2: thread is not running[m
[36m[15:05:36.658095] [D] [Not A Worker] [unnamed] [queryId:1035476751] [BufferManager.cpp:110] [initialize] NES memory allocation requires 1 out of 540577120256 (so 1.8498748143954595e-10%) available bytes[m
[36m[15:05:36.658154] [D] [Not A Worker] [unnamed] [queryId:1035476751] [BufferManager.cpp:160] [initialize] BufferManager configuration bufferSize=1 numOfBuffers=1[m
[36m[15:05:36.658327] [D] [Not A Worker] [unnamed] [queryId:1035476751] [PipeliningPhase.cpp:365] [apply] Constructed pipeline plan with 1 root pipelines.
PipelinedQueryPlan for Query: 1035476751
Number of root pipelines: 1
------------------
Root Pipeline 0:
  Pipeline(ID(118), Provider(COMPILER))
  Operator chain:
    PhysicalOperator(NES::SourcePhysicalOperator)
  Successor Pipeline:
    Pipeline(ID(119), Provider(None))
      Operator chain:
        PhysicalOperator(NES::ScanPhysicalOperator)
          PhysicalOperator(NES::SelectionPhysicalOperator)
            PhysicalOperator(NES::MapPhysicalOperator)
              PhysicalOperator(NES::EmitPhysicalOperator)
      Successor Pipeline:
        Pipeline(ID(120), Provider(None))
          Operator chain:
            PhysicalOperator(NES::SinkPhysicalOperator)

[m
[36m[15:05:36.661493] [D] [Not A Worker] [unnamed] [] [SinkProvider.cpp:30] [lower] The sinkDescriptor is: SinkDescriptor: (name: variant("BID_AUCTION_ID_SINK"), type: Void, Config: )[m
[36m[15:05:36.662284] [D] [SingleNodeWorker] [WorkerThread-6] [Task:1035476751-120] [VoidSink.cpp:37] [start] Setting up void sink: VoidSink[m
[36m[15:05:36.729343] [D] [SingleNodeWorker] [WorkerThread-0] [] [SourceThread.cpp:184] [start] Starting source with originId: 2[m
[36m[15:05:36.757365] [D] [SingleNodeWorker] [WorkerThread-2] [Task:1035476751-119] [BufferManager.cpp:65] [~BufferManager] Calling BufferManager::destroy()[m
[36m[15:05:36.757401] [D] [SingleNodeWorker] [WorkerThread-2] [Task:1035476751-119] [BufferManager.cpp:93] [~BufferManager] Shutting down Buffer Manager completed[m
[36m[15:06:25.454749] [D] [SingleNodeWorker] [WorkerThread-0] [Task:1035476751] [SourceThread.cpp:230] [tryStop] SourceThread 2: attempting to stop source[m
[36m[15:06:25.454798] [D] [SingleNodeWorker] [WorkerThread-0] [Task:1035476751] [SourceThread.cpp:248] [tryStop] SourceThread 2: stopped[m
[32m[15:06:25.483179] [I] [SingleNodeWorker] [WorkerThread-1] [] [SequenceShredder.cpp:55] [~SequenceShredder] Successfully validated SequenceShredder[m
[32m[15:06:25.484071] [I] [SingleNodeWorker] [WorkerThread-3] [Task:1035476751-120] [VoidSink.cpp:42] [stop] Void Sink completed.[m
[36m[15:06:25.484193] [D] [SingleNodeWorker] [WorkerThread-3] [] [SourceThread.cpp:226] [tryStop] SourceThread 2: thread is not running[m
