[32m[02:08:01.860380] [I] [Not A Worker] [unnamed] [] [SingleNodeWorker.cpp:63] [SingleNodeWorker] Starting SingleNodeWorker SingleNodeWorker with configuration:
worker.query_engine.number_of_worker_threads: 32
worker.query_engine.admission_queue_size: 1000 (default)
worker.default_query_execution.execution_mode: COMPILER (default)
worker.default_query_execution.page_size: 1024 (default)
worker.default_query_execution.number_of_partitions: 100 (default)
worker.default_query_execution.number_of_records_per_key: 10 (default)
worker.default_query_execution.max_number_of_buckets: 10000 (default)
worker.default_query_execution.operator_buffer_size: 262144
worker.default_query_optimization.join_strategy: OPTIMIZER_CHOOSES (default)
worker.number_of_buffers_in_global_buffer_manager: 32768 (default)
worker.default_max_inflight_buffers: 64 (default)
worker.dump_compilation_result: NONE (default)
worker.dump_graph: 0 (default)
grpc: [::]:8080 (default)
enable_event_trace: 0 (default)
[m
[36m[02:08:01.861739] [D] [Not A Worker] [unnamed] [] [BufferManager.cpp:110] [initialize] NES memory allocation requires 8589934592 out of 540577120256 (so 1.5890303659045137%) available bytes[m
[36m[02:08:01.954748] [D] [Not A Worker] [unnamed] [] [BufferManager.cpp:160] [initialize] BufferManager configuration bufferSize=262144 numOfBuffers=32768[m
[32m[02:08:01.967249] [I] [Not A Worker] [unnamed] [] [SingleNodeWorkerStarter.cpp:93] [main] Server listening on [::]:8080[m
[36m[02:08:04.367338] [D] [Not A Worker] [unnamed] [queryId:1777945027] [BufferManager.cpp:110] [initialize] NES memory allocation requires 1 out of 540577120256 (so 1.8498748143954595e-10%) available bytes[m
[36m[02:08:04.367389] [D] [Not A Worker] [unnamed] [queryId:1777945027] [BufferManager.cpp:160] [initialize] BufferManager configuration bufferSize=1 numOfBuffers=1[m
[36m[02:08:04.367581] [D] [Not A Worker] [unnamed] [queryId:1777945027] [PipeliningPhase.cpp:365] [apply] Constructed pipeline plan with 1 root pipelines.
PipelinedQueryPlan for Query: 1777945027
Number of root pipelines: 1
------------------
Root Pipeline 0:
  Pipeline(ID(1), Provider(COMPILER))
  Operator chain:
    PhysicalOperator(NES::SourcePhysicalOperator)
  Successor Pipeline:
    Pipeline(ID(2), Provider(None))
      Operator chain:
        PhysicalOperator(NES::ScanPhysicalOperator)
          PhysicalOperator(NES::SelectionPhysicalOperator)
            PhysicalOperator(NES::MapPhysicalOperator)
              PhysicalOperator(NES::EmitPhysicalOperator)
      Successor Pipeline:
        Pipeline(ID(3), Provider(None))
          Operator chain:
            PhysicalOperator(NES::SinkPhysicalOperator)

[m
[36m[02:08:04.371010] [D] [Not A Worker] [unnamed] [] [SinkProvider.cpp:30] [lower] The sinkDescriptor is: SinkDescriptor: (name: variant("NAME_SINK"), type: Void, Config: )[m
[36m[02:08:04.371964] [D] [SingleNodeWorker] [WorkerThread-3] [Task:1777945027-3] [VoidSink.cpp:37] [start] Setting up void sink: VoidSink[m
[36m[02:08:04.446399] [D] [SingleNodeWorker] [WorkerThread-3] [] [SourceThread.cpp:184] [start] Starting source with originId: 2[m
[36m[02:08:04.448276] [D] [SingleNodeWorker] [WorkerThread-10] [Task:1777945027-2] [BufferManager.cpp:65] [~BufferManager] Calling BufferManager::destroy()[m
[36m[02:08:04.448360] [D] [SingleNodeWorker] [WorkerThread-10] [Task:1777945027-2] [BufferManager.cpp:93] [~BufferManager] Shutting down Buffer Manager completed[m
[36m[02:08:05.796993] [D] [SingleNodeWorker] [WorkerThread-5] [Task:1777945027] [SourceThread.cpp:230] [tryStop] SourceThread 2: attempting to stop source[m
[36m[02:08:05.797058] [D] [SingleNodeWorker] [WorkerThread-5] [Task:1777945027] [SourceThread.cpp:248] [tryStop] SourceThread 2: stopped[m
[32m[02:08:05.822927] [I] [SingleNodeWorker] [WorkerThread-2] [Task:1777945027-3] [VoidSink.cpp:42] [stop] Void Sink completed.[m
[32m[02:08:05.822958] [I] [SingleNodeWorker] [WorkerThread-25] [] [SequenceShredder.cpp:55] [~SequenceShredder] Successfully validated SequenceShredder[m
[36m[02:08:05.823075] [D] [SingleNodeWorker] [WorkerThread-2] [] [SourceThread.cpp:226] [tryStop] SourceThread 2: thread is not running[m
[36m[02:08:09.400997] [D] [Not A Worker] [unnamed] [queryId:1940418481] [BufferManager.cpp:110] [initialize] NES memory allocation requires 1 out of 540577120256 (so 1.8498748143954595e-10%) available bytes[m
[36m[02:08:09.401046] [D] [Not A Worker] [unnamed] [queryId:1940418481] [BufferManager.cpp:160] [initialize] BufferManager configuration bufferSize=1 numOfBuffers=1[m
[36m[02:08:09.401265] [D] [Not A Worker] [unnamed] [queryId:1940418481] [PipeliningPhase.cpp:365] [apply] Constructed pipeline plan with 1 root pipelines.
PipelinedQueryPlan for Query: 1940418481
Number of root pipelines: 1
------------------
Root Pipeline 0:
  Pipeline(ID(4), Provider(COMPILER))
  Operator chain:
    PhysicalOperator(NES::SourcePhysicalOperator)
  Successor Pipeline:
    Pipeline(ID(5), Provider(None))
      Operator chain:
        PhysicalOperator(NES::ScanPhysicalOperator)
          PhysicalOperator(NES::SelectionPhysicalOperator)
            PhysicalOperator(NES::MapPhysicalOperator)
              PhysicalOperator(NES::EmitPhysicalOperator)
      Successor Pipeline:
        Pipeline(ID(6), Provider(None))
          Operator chain:
            PhysicalOperator(NES::SinkPhysicalOperator)

[m
[36m[02:08:09.404651] [D] [Not A Worker] [unnamed] [] [SinkProvider.cpp:30] [lower] The sinkDescriptor is: SinkDescriptor: (name: variant("NAME_SINK"), type: Void, Config: )[m
[36m[02:08:09.406720] [D] [SingleNodeWorker] [WorkerThread-28] [Task:1940418481-6] [VoidSink.cpp:37] [start] Setting up void sink: VoidSink[m
[36m[02:08:09.479228] [D] [SingleNodeWorker] [WorkerThread-28] [] [SourceThread.cpp:184] [start] Starting source with originId: 2[m
[36m[02:08:09.480845] [D] [SingleNodeWorker] [WorkerThread-28] [Task:1940418481-5] [BufferManager.cpp:65] [~BufferManager] Calling BufferManager::destroy()[m
[36m[02:08:09.480873] [D] [SingleNodeWorker] [WorkerThread-28] [Task:1940418481-5] [BufferManager.cpp:93] [~BufferManager] Shutting down Buffer Manager completed[m
[36m[02:08:09.710464] [D] [SingleNodeWorker] [WorkerThread-23] [Task:1940418481-5] [InputFormatter.hpp:348] [indexTrailingSpanningTupleProxy] last offset: 262143, first offset: 264[m
[36m[02:08:10.609433] [D] [SingleNodeWorker] [WorkerThread-28] [Task:1940418481] [SourceThread.cpp:230] [tryStop] SourceThread 2: attempting to stop source[m
[36m[02:08:10.609492] [D] [SingleNodeWorker] [WorkerThread-28] [Task:1940418481] [SourceThread.cpp:248] [tryStop] SourceThread 2: stopped[m
[32m[02:08:10.635305] [I] [SingleNodeWorker] [WorkerThread-22] [Task:1940418481-6] [VoidSink.cpp:42] [stop] Void Sink completed.[m
[32m[02:08:10.635322] [I] [SingleNodeWorker] [WorkerThread-19] [] [SequenceShredder.cpp:55] [~SequenceShredder] Successfully validated SequenceShredder[m
[36m[02:08:10.635439] [D] [SingleNodeWorker] [WorkerThread-22] [] [SourceThread.cpp:226] [tryStop] SourceThread 2: thread is not running[m
[36m[02:08:14.425437] [D] [Not A Worker] [unnamed] [queryId:301646857] [BufferManager.cpp:110] [initialize] NES memory allocation requires 1 out of 540577120256 (so 1.8498748143954595e-10%) available bytes[m
[36m[02:08:14.425490] [D] [Not A Worker] [unnamed] [queryId:301646857] [BufferManager.cpp:160] [initialize] BufferManager configuration bufferSize=1 numOfBuffers=1[m
[36m[02:08:14.425674] [D] [Not A Worker] [unnamed] [queryId:301646857] [PipeliningPhase.cpp:365] [apply] Constructed pipeline plan with 1 root pipelines.
PipelinedQueryPlan for Query: 301646857
Number of root pipelines: 1
------------------
Root Pipeline 0:
  Pipeline(ID(7), Provider(COMPILER))
  Operator chain:
    PhysicalOperator(NES::SourcePhysicalOperator)
  Successor Pipeline:
    Pipeline(ID(8), Provider(None))
      Operator chain:
        PhysicalOperator(NES::ScanPhysicalOperator)
          PhysicalOperator(NES::SelectionPhysicalOperator)
            PhysicalOperator(NES::MapPhysicalOperator)
              PhysicalOperator(NES::EmitPhysicalOperator)
      Successor Pipeline:
        Pipeline(ID(9), Provider(None))
          Operator chain:
            PhysicalOperator(NES::SinkPhysicalOperator)

[m
[36m[02:08:14.429435] [D] [Not A Worker] [unnamed] [] [SinkProvider.cpp:30] [lower] The sinkDescriptor is: SinkDescriptor: (name: variant("NAME_SINK"), type: Void, Config: )[m
[36m[02:08:14.429995] [D] [SingleNodeWorker] [WorkerThread-24] [Task:301646857-9] [VoidSink.cpp:37] [start] Setting up void sink: VoidSink[m
[36m[02:08:14.501697] [D] [SingleNodeWorker] [WorkerThread-14] [] [SourceThread.cpp:184] [start] Starting source with originId: 2[m
[36m[02:08:14.503462] [D] [SingleNodeWorker] [WorkerThread-18] [Task:301646857-8] [BufferManager.cpp:65] [~BufferManager] Calling BufferManager::destroy()[m
[36m[02:08:14.503548] [D] [SingleNodeWorker] [WorkerThread-18] [Task:301646857-8] [BufferManager.cpp:93] [~BufferManager] Shutting down Buffer Manager completed[m
[36m[02:08:15.524822] [D] [SingleNodeWorker] [WorkerThread-14] [Task:301646857-8] [InputFormatter.hpp:348] [indexTrailingSpanningTupleProxy] last offset: 262143, first offset: 198[m
[36m[02:08:15.535539] [D] [SingleNodeWorker] [WorkerThread-28] [Task:301646857] [SourceThread.cpp:230] [tryStop] SourceThread 2: attempting to stop source[m
[36m[02:08:15.535570] [D] [SingleNodeWorker] [WorkerThread-28] [Task:301646857] [SourceThread.cpp:248] [tryStop] SourceThread 2: stopped[m
[32m[02:08:15.561795] [I] [SingleNodeWorker] [WorkerThread-16] [Task:301646857-9] [VoidSink.cpp:42] [stop] Void Sink completed.[m
[32m[02:08:15.561802] [I] [SingleNodeWorker] [WorkerThread-20] [] [SequenceShredder.cpp:55] [~SequenceShredder] Successfully validated SequenceShredder[m
[36m[02:08:15.561938] [D] [SingleNodeWorker] [WorkerThread-16] [] [SourceThread.cpp:226] [tryStop] SourceThread 2: thread is not running[m
[36m[02:08:19.635804] [D] [Not A Worker] [unnamed] [queryId:1914209171] [BufferManager.cpp:110] [initialize] NES memory allocation requires 1 out of 540577120256 (so 1.8498748143954595e-10%) available bytes[m
[36m[02:08:19.635870] [D] [Not A Worker] [unnamed] [queryId:1914209171] [BufferManager.cpp:160] [initialize] BufferManager configuration bufferSize=1 numOfBuffers=1[m
[36m[02:08:19.636073] [D] [Not A Worker] [unnamed] [queryId:1914209171] [PipeliningPhase.cpp:365] [apply] Constructed pipeline plan with 1 root pipelines.
PipelinedQueryPlan for Query: 1914209171
Number of root pipelines: 1
------------------
Root Pipeline 0:
  Pipeline(ID(10), Provider(COMPILER))
  Operator chain:
    PhysicalOperator(NES::SourcePhysicalOperator)
  Successor Pipeline:
    Pipeline(ID(11), Provider(None))
      Operator chain:
        PhysicalOperator(NES::ScanPhysicalOperator)
          PhysicalOperator(NES::SelectionPhysicalOperator)
            PhysicalOperator(NES::MapPhysicalOperator)
              PhysicalOperator(NES::EmitPhysicalOperator)
      Successor Pipeline:
        Pipeline(ID(12), Provider(None))
          Operator chain:
            PhysicalOperator(NES::SinkPhysicalOperator)

[m
[36m[02:08:19.639913] [D] [Not A Worker] [unnamed] [] [SinkProvider.cpp:30] [lower] The sinkDescriptor is: SinkDescriptor: (name: variant("NAME_SINK"), type: Void, Config: )[m
[36m[02:08:19.640376] [D] [SingleNodeWorker] [WorkerThread-10] [Task:1914209171-12] [VoidSink.cpp:37] [start] Setting up void sink: VoidSink[m
[36m[02:08:19.711481] [D] [SingleNodeWorker] [WorkerThread-11] [] [SourceThread.cpp:184] [start] Starting source with originId: 2[m
[36m[02:08:19.713719] [D] [SingleNodeWorker] [WorkerThread-11] [Task:1914209171-11] [BufferManager.cpp:65] [~BufferManager] Calling BufferManager::destroy()[m
[36m[02:08:19.713741] [D] [SingleNodeWorker] [WorkerThread-11] [Task:1914209171-11] [BufferManager.cpp:93] [~BufferManager] Shutting down Buffer Manager completed[m
[36m[02:08:21.383465] [D] [SingleNodeWorker] [WorkerThread-17] [Task:1914209171] [SourceThread.cpp:230] [tryStop] SourceThread 2: attempting to stop source[m
[36m[02:08:21.383524] [D] [SingleNodeWorker] [WorkerThread-17] [Task:1914209171] [SourceThread.cpp:248] [tryStop] SourceThread 2: stopped[m
[32m[02:08:21.409114] [I] [SingleNodeWorker] [WorkerThread-11] [Task:1914209171-12] [VoidSink.cpp:42] [stop] Void Sink completed.[m
[36m[02:08:21.409249] [D] [SingleNodeWorker] [WorkerThread-11] [] [SourceThread.cpp:226] [tryStop] SourceThread 2: thread is not running[m
[32m[02:08:21.409376] [I] [SingleNodeWorker] [WorkerThread-31] [] [SequenceShredder.cpp:55] [~SequenceShredder] Successfully validated SequenceShredder[m
[36m[02:08:24.861451] [D] [Not A Worker] [unnamed] [queryId:1382795695] [BufferManager.cpp:110] [initialize] NES memory allocation requires 1 out of 540577120256 (so 1.8498748143954595e-10%) available bytes[m
[36m[02:08:24.861501] [D] [Not A Worker] [unnamed] [queryId:1382795695] [BufferManager.cpp:160] [initialize] BufferManager configuration bufferSize=1 numOfBuffers=1[m
[36m[02:08:24.861684] [D] [Not A Worker] [unnamed] [queryId:1382795695] [PipeliningPhase.cpp:365] [apply] Constructed pipeline plan with 1 root pipelines.
PipelinedQueryPlan for Query: 1382795695
Number of root pipelines: 1
------------------
Root Pipeline 0:
  Pipeline(ID(13), Provider(COMPILER))
  Operator chain:
    PhysicalOperator(NES::SourcePhysicalOperator)
  Successor Pipeline:
    Pipeline(ID(14), Provider(None))
      Operator chain:
        PhysicalOperator(NES::ScanPhysicalOperator)
          PhysicalOperator(NES::SelectionPhysicalOperator)
            PhysicalOperator(NES::MapPhysicalOperator)
              PhysicalOperator(NES::EmitPhysicalOperator)
      Successor Pipeline:
        Pipeline(ID(15), Provider(None))
          Operator chain:
            PhysicalOperator(NES::SinkPhysicalOperator)

[m
[36m[02:08:24.864992] [D] [Not A Worker] [unnamed] [] [SinkProvider.cpp:30] [lower] The sinkDescriptor is: SinkDescriptor: (name: variant("NAME_SINK"), type: Void, Config: )[m
[36m[02:08:24.865424] [D] [SingleNodeWorker] [WorkerThread-31] [Task:1382795695-15] [VoidSink.cpp:37] [start] Setting up void sink: VoidSink[m
[36m[02:08:24.937088] [D] [SingleNodeWorker] [WorkerThread-31] [] [SourceThread.cpp:184] [start] Starting source with originId: 2[m
[36m[02:08:24.939357] [D] [SingleNodeWorker] [WorkerThread-31] [Task:1382795695-14] [BufferManager.cpp:65] [~BufferManager] Calling BufferManager::destroy()[m
[36m[02:08:24.939393] [D] [SingleNodeWorker] [WorkerThread-31] [Task:1382795695-14] [BufferManager.cpp:93] [~BufferManager] Shutting down Buffer Manager completed[m
[36m[02:08:25.320690] [D] [SingleNodeWorker] [WorkerThread-22] [Task:1382795695-14] [InputFormatter.hpp:348] [indexTrailingSpanningTupleProxy] last offset: 262143, first offset: 206[m
[36m[02:08:25.609350] [D] [SingleNodeWorker] [WorkerThread-26] [Task:1382795695-14] [InputFormatter.hpp:348] [indexTrailingSpanningTupleProxy] last offset: 262143, first offset: 327[m
[36m[02:08:26.018024] [D] [SingleNodeWorker] [WorkerThread-30] [Task:1382795695] [SourceThread.cpp:230] [tryStop] SourceThread 2: attempting to stop source[m
[36m[02:08:26.018067] [D] [SingleNodeWorker] [WorkerThread-30] [Task:1382795695] [SourceThread.cpp:248] [tryStop] SourceThread 2: stopped[m
[32m[02:08:26.043706] [I] [SingleNodeWorker] [WorkerThread-17] [Task:1382795695-15] [VoidSink.cpp:42] [stop] Void Sink completed.[m
[36m[02:08:26.043775] [D] [SingleNodeWorker] [WorkerThread-17] [] [SourceThread.cpp:226] [tryStop] SourceThread 2: thread is not running[m
[32m[02:08:26.043997] [I] [SingleNodeWorker] [WorkerThread-4] [] [SequenceShredder.cpp:55] [~SequenceShredder] Successfully validated SequenceShredder[m
[36m[02:08:29.809751] [D] [Not A Worker] [unnamed] [queryId:620114262] [BufferManager.cpp:110] [initialize] NES memory allocation requires 1 out of 540577120256 (so 1.8498748143954595e-10%) available bytes[m
[36m[02:08:29.809803] [D] [Not A Worker] [unnamed] [queryId:620114262] [BufferManager.cpp:160] [initialize] BufferManager configuration bufferSize=1 numOfBuffers=1[m
[36m[02:08:29.809970] [D] [Not A Worker] [unnamed] [queryId:620114262] [PipeliningPhase.cpp:365] [apply] Constructed pipeline plan with 1 root pipelines.
PipelinedQueryPlan for Query: 620114262
Number of root pipelines: 1
------------------
Root Pipeline 0:
  Pipeline(ID(16), Provider(COMPILER))
  Operator chain:
    PhysicalOperator(NES::SourcePhysicalOperator)
  Successor Pipeline:
    Pipeline(ID(17), Provider(None))
      Operator chain:
        PhysicalOperator(NES::ScanPhysicalOperator)
          PhysicalOperator(NES::SelectionPhysicalOperator)
            PhysicalOperator(NES::MapPhysicalOperator)
              PhysicalOperator(NES::EmitPhysicalOperator)
      Successor Pipeline:
        Pipeline(ID(18), Provider(None))
          Operator chain:
            PhysicalOperator(NES::SinkPhysicalOperator)

[m
[36m[02:08:29.812964] [D] [Not A Worker] [unnamed] [] [SinkProvider.cpp:30] [lower] The sinkDescriptor is: SinkDescriptor: (name: variant("NAME_SINK"), type: Void, Config: )[m
[36m[02:08:29.813615] [D] [SingleNodeWorker] [WorkerThread-25] [Task:620114262-18] [VoidSink.cpp:37] [start] Setting up void sink: VoidSink[m
[36m[02:08:29.891618] [D] [SingleNodeWorker] [WorkerThread-25] [] [SourceThread.cpp:184] [start] Starting source with originId: 2[m
[36m[02:08:29.893246] [D] [SingleNodeWorker] [WorkerThread-21] [Task:620114262-17] [BufferManager.cpp:65] [~BufferManager] Calling BufferManager::destroy()[m
[36m[02:08:29.893325] [D] [SingleNodeWorker] [WorkerThread-21] [Task:620114262-17] [BufferManager.cpp:93] [~BufferManager] Shutting down Buffer Manager completed[m
[36m[02:08:30.857287] [D] [SingleNodeWorker] [WorkerThread-7] [Task:620114262-17] [InputFormatter.hpp:348] [indexTrailingSpanningTupleProxy] last offset: 262143, first offset: 154[m
[36m[02:08:31.312054] [D] [SingleNodeWorker] [WorkerThread-0] [Task:620114262] [SourceThread.cpp:230] [tryStop] SourceThread 2: attempting to stop source[m
[36m[02:08:31.312104] [D] [SingleNodeWorker] [WorkerThread-0] [Task:620114262] [SourceThread.cpp:248] [tryStop] SourceThread 2: stopped[m
[32m[02:08:31.338020] [I] [SingleNodeWorker] [WorkerThread-6] [Task:620114262-18] [VoidSink.cpp:42] [stop] Void Sink completed.[m
[36m[02:08:31.338164] [D] [SingleNodeWorker] [WorkerThread-6] [] [SourceThread.cpp:226] [tryStop] SourceThread 2: thread is not running[m
[32m[02:08:31.338208] [I] [SingleNodeWorker] [WorkerThread-25] [] [SequenceShredder.cpp:55] [~SequenceShredder] Successfully validated SequenceShredder[m
[36m[02:08:34.840487] [D] [Not A Worker] [unnamed] [queryId:245105572] [BufferManager.cpp:110] [initialize] NES memory allocation requires 1 out of 540577120256 (so 1.8498748143954595e-10%) available bytes[m
[36m[02:08:34.840545] [D] [Not A Worker] [unnamed] [queryId:245105572] [BufferManager.cpp:160] [initialize] BufferManager configuration bufferSize=1 numOfBuffers=1[m
[36m[02:08:34.840758] [D] [Not A Worker] [unnamed] [queryId:245105572] [PipeliningPhase.cpp:365] [apply] Constructed pipeline plan with 1 root pipelines.
PipelinedQueryPlan for Query: 245105572
Number of root pipelines: 1
------------------
Root Pipeline 0:
  Pipeline(ID(19), Provider(COMPILER))
  Operator chain:
    PhysicalOperator(NES::SourcePhysicalOperator)
  Successor Pipeline:
    Pipeline(ID(20), Provider(None))
      Operator chain:
        PhysicalOperator(NES::ScanPhysicalOperator)
          PhysicalOperator(NES::SelectionPhysicalOperator)
            PhysicalOperator(NES::MapPhysicalOperator)
              PhysicalOperator(NES::EmitPhysicalOperator)
      Successor Pipeline:
        Pipeline(ID(21), Provider(None))
          Operator chain:
            PhysicalOperator(NES::SinkPhysicalOperator)

[m
[36m[02:08:34.844479] [D] [Not A Worker] [unnamed] [] [SinkProvider.cpp:30] [lower] The sinkDescriptor is: SinkDescriptor: (name: variant("NAME_SINK"), type: Void, Config: )[m
[36m[02:08:34.845071] [D] [SingleNodeWorker] [WorkerThread-3] [Task:245105572-21] [VoidSink.cpp:37] [start] Setting up void sink: VoidSink[m
[36m[02:08:34.917361] [D] [SingleNodeWorker] [WorkerThread-3] [] [SourceThread.cpp:184] [start] Starting source with originId: 2[m
[36m[02:08:34.919547] [D] [SingleNodeWorker] [WorkerThread-3] [Task:245105572-20] [BufferManager.cpp:65] [~BufferManager] Calling BufferManager::destroy()[m
[36m[02:08:34.919575] [D] [SingleNodeWorker] [WorkerThread-3] [Task:245105572-20] [BufferManager.cpp:93] [~BufferManager] Shutting down Buffer Manager completed[m
[36m[02:08:37.089139] [D] [SingleNodeWorker] [WorkerThread-21] [Task:245105572] [SourceThread.cpp:230] [tryStop] SourceThread 2: attempting to stop source[m
[36m[02:08:37.089188] [D] [SingleNodeWorker] [WorkerThread-21] [Task:245105572] [SourceThread.cpp:248] [tryStop] SourceThread 2: stopped[m
[32m[02:08:37.115306] [I] [SingleNodeWorker] [WorkerThread-26] [] [SequenceShredder.cpp:55] [~SequenceShredder] Successfully validated SequenceShredder[m
[32m[02:08:37.115627] [I] [SingleNodeWorker] [WorkerThread-4] [Task:245105572-21] [VoidSink.cpp:42] [stop] Void Sink completed.[m
[36m[02:08:37.115797] [D] [SingleNodeWorker] [WorkerThread-4] [] [SourceThread.cpp:226] [tryStop] SourceThread 2: thread is not running[m
[36m[02:08:39.946845] [D] [Not A Worker] [unnamed] [queryId:1750259381] [BufferManager.cpp:110] [initialize] NES memory allocation requires 1 out of 540577120256 (so 1.8498748143954595e-10%) available bytes[m
[36m[02:08:39.946892] [D] [Not A Worker] [unnamed] [queryId:1750259381] [BufferManager.cpp:160] [initialize] BufferManager configuration bufferSize=1 numOfBuffers=1[m
[36m[02:08:39.947107] [D] [Not A Worker] [unnamed] [queryId:1750259381] [PipeliningPhase.cpp:365] [apply] Constructed pipeline plan with 1 root pipelines.
PipelinedQueryPlan for Query: 1750259381
Number of root pipelines: 1
------------------
Root Pipeline 0:
  Pipeline(ID(22), Provider(COMPILER))
  Operator chain:
    PhysicalOperator(NES::SourcePhysicalOperator)
  Successor Pipeline:
    Pipeline(ID(23), Provider(None))
      Operator chain:
        PhysicalOperator(NES::ScanPhysicalOperator)
          PhysicalOperator(NES::SelectionPhysicalOperator)
            PhysicalOperator(NES::MapPhysicalOperator)
              PhysicalOperator(NES::EmitPhysicalOperator)
      Successor Pipeline:
        Pipeline(ID(24), Provider(None))
          Operator chain:
            PhysicalOperator(NES::SinkPhysicalOperator)

[m
[36m[02:08:39.950619] [D] [Not A Worker] [unnamed] [] [SinkProvider.cpp:30] [lower] The sinkDescriptor is: SinkDescriptor: (name: variant("NAME_SINK"), type: Void, Config: )[m
[36m[02:08:39.951650] [D] [SingleNodeWorker] [WorkerThread-19] [Task:1750259381-24] [VoidSink.cpp:37] [start] Setting up void sink: VoidSink[m
[36m[02:08:40.024133] [D] [SingleNodeWorker] [WorkerThread-19] [] [SourceThread.cpp:184] [start] Starting source with originId: 2[m
[36m[02:08:40.025762] [D] [SingleNodeWorker] [WorkerThread-19] [Task:1750259381-23] [BufferManager.cpp:65] [~BufferManager] Calling BufferManager::destroy()[m
[36m[02:08:40.025788] [D] [SingleNodeWorker] [WorkerThread-19] [Task:1750259381-23] [BufferManager.cpp:93] [~BufferManager] Shutting down Buffer Manager completed[m
[36m[02:08:42.120197] [D] [SingleNodeWorker] [WorkerThread-7] [Task:1750259381] [SourceThread.cpp:230] [tryStop] SourceThread 2: attempting to stop source[m
[36m[02:08:42.120252] [D] [SingleNodeWorker] [WorkerThread-7] [Task:1750259381] [SourceThread.cpp:248] [tryStop] SourceThread 2: stopped[m
[32m[02:08:42.146316] [I] [SingleNodeWorker] [WorkerThread-19] [] [SequenceShredder.cpp:55] [~SequenceShredder] Successfully validated SequenceShredder[m
[32m[02:08:42.146315] [I] [SingleNodeWorker] [WorkerThread-17] [Task:1750259381-24] [VoidSink.cpp:42] [stop] Void Sink completed.[m
[36m[02:08:42.146528] [D] [SingleNodeWorker] [WorkerThread-17] [] [SourceThread.cpp:226] [tryStop] SourceThread 2: thread is not running[m
[36m[02:08:45.082733] [D] [Not A Worker] [unnamed] [queryId:1896467376] [BufferManager.cpp:110] [initialize] NES memory allocation requires 1 out of 540577120256 (so 1.8498748143954595e-10%) available bytes[m
[36m[02:08:45.082783] [D] [Not A Worker] [unnamed] [queryId:1896467376] [BufferManager.cpp:160] [initialize] BufferManager configuration bufferSize=1 numOfBuffers=1[m
[36m[02:08:45.082987] [D] [Not A Worker] [unnamed] [queryId:1896467376] [PipeliningPhase.cpp:365] [apply] Constructed pipeline plan with 1 root pipelines.
PipelinedQueryPlan for Query: 1896467376
Number of root pipelines: 1
------------------
Root Pipeline 0:
  Pipeline(ID(25), Provider(COMPILER))
  Operator chain:
    PhysicalOperator(NES::SourcePhysicalOperator)
  Successor Pipeline:
    Pipeline(ID(26), Provider(None))
      Operator chain:
        PhysicalOperator(NES::ScanPhysicalOperator)
          PhysicalOperator(NES::SelectionPhysicalOperator)
            PhysicalOperator(NES::MapPhysicalOperator)
              PhysicalOperator(NES::EmitPhysicalOperator)
      Successor Pipeline:
        Pipeline(ID(27), Provider(None))
          Operator chain:
            PhysicalOperator(NES::SinkPhysicalOperator)

[m
[36m[02:08:45.087113] [D] [Not A Worker] [unnamed] [] [SinkProvider.cpp:30] [lower] The sinkDescriptor is: SinkDescriptor: (name: variant("NAME_SINK"), type: Void, Config: )[m
[36m[02:08:45.087738] [D] [SingleNodeWorker] [WorkerThread-15] [Task:1896467376-27] [VoidSink.cpp:37] [start] Setting up void sink: VoidSink[m
[36m[02:08:45.159691] [D] [SingleNodeWorker] [WorkerThread-15] [] [SourceThread.cpp:184] [start] Starting source with originId: 2[m
[36m[02:08:45.161213] [D] [SingleNodeWorker] [WorkerThread-15] [Task:1896467376-26] [BufferManager.cpp:65] [~BufferManager] Calling BufferManager::destroy()[m
[36m[02:08:45.161235] [D] [SingleNodeWorker] [WorkerThread-15] [Task:1896467376-26] [BufferManager.cpp:93] [~BufferManager] Shutting down Buffer Manager completed[m
[36m[02:08:45.977027] [D] [SingleNodeWorker] [WorkerThread-3] [Task:1896467376-26] [InputFormatter.hpp:348] [indexTrailingSpanningTupleProxy] last offset: 262143, first offset: 235[m
[36m[02:08:46.909068] [D] [SingleNodeWorker] [WorkerThread-1] [Task:1896467376] [SourceThread.cpp:230] [tryStop] SourceThread 2: attempting to stop source[m
[36m[02:08:46.909115] [D] [SingleNodeWorker] [WorkerThread-1] [Task:1896467376] [SourceThread.cpp:248] [tryStop] SourceThread 2: stopped[m
[32m[02:08:46.934743] [I] [SingleNodeWorker] [WorkerThread-7] [Task:1896467376-27] [VoidSink.cpp:42] [stop] Void Sink completed.[m
[36m[02:08:46.934878] [D] [SingleNodeWorker] [WorkerThread-7] [] [SourceThread.cpp:226] [tryStop] SourceThread 2: thread is not running[m
[32m[02:08:46.935000] [I] [SingleNodeWorker] [WorkerThread-3] [] [SequenceShredder.cpp:55] [~SequenceShredder] Successfully validated SequenceShredder[m
[36m[02:08:50.236840] [D] [Not A Worker] [unnamed] [queryId:398654407] [BufferManager.cpp:110] [initialize] NES memory allocation requires 1 out of 540577120256 (so 1.8498748143954595e-10%) available bytes[m
[36m[02:08:50.236893] [D] [Not A Worker] [unnamed] [queryId:398654407] [BufferManager.cpp:160] [initialize] BufferManager configuration bufferSize=1 numOfBuffers=1[m
[36m[02:08:50.237087] [D] [Not A Worker] [unnamed] [queryId:398654407] [PipeliningPhase.cpp:365] [apply] Constructed pipeline plan with 1 root pipelines.
PipelinedQueryPlan for Query: 398654407
Number of root pipelines: 1
------------------
Root Pipeline 0:
  Pipeline(ID(28), Provider(COMPILER))
  Operator chain:
    PhysicalOperator(NES::SourcePhysicalOperator)
  Successor Pipeline:
    Pipeline(ID(29), Provider(None))
      Operator chain:
        PhysicalOperator(NES::ScanPhysicalOperator)
          PhysicalOperator(NES::SelectionPhysicalOperator)
            PhysicalOperator(NES::MapPhysicalOperator)
              PhysicalOperator(NES::EmitPhysicalOperator)
      Successor Pipeline:
        Pipeline(ID(30), Provider(None))
          Operator chain:
            PhysicalOperator(NES::SinkPhysicalOperator)

[m
[36m[02:08:50.241097] [D] [Not A Worker] [unnamed] [] [SinkProvider.cpp:30] [lower] The sinkDescriptor is: SinkDescriptor: (name: variant("NAME_SINK"), type: Void, Config: )[m
[36m[02:08:50.242131] [D] [SingleNodeWorker] [WorkerThread-17] [Task:398654407-30] [VoidSink.cpp:37] [start] Setting up void sink: VoidSink[m
[36m[02:08:50.318414] [D] [SingleNodeWorker] [WorkerThread-17] [] [SourceThread.cpp:184] [start] Starting source with originId: 2[m
[36m[02:08:50.320173] [D] [SingleNodeWorker] [WorkerThread-1] [Task:398654407-29] [BufferManager.cpp:65] [~BufferManager] Calling BufferManager::destroy()[m
[36m[02:08:50.320254] [D] [SingleNodeWorker] [WorkerThread-1] [Task:398654407-29] [BufferManager.cpp:93] [~BufferManager] Shutting down Buffer Manager completed[m
[36m[02:08:51.848891] [D] [SingleNodeWorker] [WorkerThread-3] [Task:398654407] [SourceThread.cpp:230] [tryStop] SourceThread 2: attempting to stop source[m
[36m[02:08:51.848952] [D] [SingleNodeWorker] [WorkerThread-3] [Task:398654407] [SourceThread.cpp:248] [tryStop] SourceThread 2: stopped[m
[32m[02:08:51.874791] [I] [SingleNodeWorker] [WorkerThread-4] [Task:398654407-30] [VoidSink.cpp:42] [stop] Void Sink completed.[m
[36m[02:08:51.874990] [D] [SingleNodeWorker] [WorkerThread-4] [] [SourceThread.cpp:226] [tryStop] SourceThread 2: thread is not running[m
[32m[02:08:51.875135] [I] [SingleNodeWorker] [WorkerThread-13] [] [SequenceShredder.cpp:55] [~SequenceShredder] Successfully validated SequenceShredder[m
[36m[02:08:55.524857] [D] [Not A Worker] [unnamed] [queryId:1012684800] [BufferManager.cpp:110] [initialize] NES memory allocation requires 1 out of 540577120256 (so 1.8498748143954595e-10%) available bytes[m
[36m[02:08:55.524906] [D] [Not A Worker] [unnamed] [queryId:1012684800] [BufferManager.cpp:160] [initialize] BufferManager configuration bufferSize=1 numOfBuffers=1[m
[36m[02:08:55.525087] [D] [Not A Worker] [unnamed] [queryId:1012684800] [PipeliningPhase.cpp:365] [apply] Constructed pipeline plan with 1 root pipelines.
PipelinedQueryPlan for Query: 1012684800
Number of root pipelines: 1
------------------
Root Pipeline 0:
  Pipeline(ID(31), Provider(COMPILER))
  Operator chain:
    PhysicalOperator(NES::SourcePhysicalOperator)
  Successor Pipeline:
    Pipeline(ID(32), Provider(None))
      Operator chain:
        PhysicalOperator(NES::ScanPhysicalOperator)
          PhysicalOperator(NES::SelectionPhysicalOperator)
            PhysicalOperator(NES::EmitPhysicalOperator)
      Successor Pipeline:
        Pipeline(ID(33), Provider(None))
          Operator chain:
            PhysicalOperator(NES::SinkPhysicalOperator)

[m
[36m[02:08:55.528244] [D] [Not A Worker] [unnamed] [] [SinkProvider.cpp:30] [lower] The sinkDescriptor is: SinkDescriptor: (name: variant("PERSON_SINK"), type: Void, Config: )[m
[36m[02:08:55.529237] [D] [SingleNodeWorker] [WorkerThread-3] [Task:1012684800-33] [VoidSink.cpp:37] [start] Setting up void sink: VoidSink[m
[36m[02:08:55.621966] [D] [SingleNodeWorker] [WorkerThread-3] [] [SourceThread.cpp:184] [start] Starting source with originId: 2[m
[36m[02:08:55.624498] [D] [SingleNodeWorker] [WorkerThread-13] [Task:1012684800-32] [BufferManager.cpp:65] [~BufferManager] Calling BufferManager::destroy()[m
[36m[02:08:55.624628] [D] [SingleNodeWorker] [WorkerThread-13] [Task:1012684800-32] [BufferManager.cpp:93] [~BufferManager] Shutting down Buffer Manager completed[m
[36m[02:08:57.471726] [D] [SingleNodeWorker] [WorkerThread-30] [Task:1012684800] [SourceThread.cpp:230] [tryStop] SourceThread 2: attempting to stop source[m
[36m[02:08:57.471770] [D] [SingleNodeWorker] [WorkerThread-30] [Task:1012684800] [SourceThread.cpp:248] [tryStop] SourceThread 2: stopped[m
[32m[02:08:57.498128] [I] [SingleNodeWorker] [WorkerThread-18] [Task:1012684800-33] [VoidSink.cpp:42] [stop] Void Sink completed.[m
[36m[02:08:57.498266] [D] [SingleNodeWorker] [WorkerThread-18] [] [SourceThread.cpp:226] [tryStop] SourceThread 2: thread is not running[m
[32m[02:08:57.498434] [I] [SingleNodeWorker] [WorkerThread-10] [] [SequenceShredder.cpp:55] [~SequenceShredder] Successfully validated SequenceShredder[m
[36m[02:09:00.877742] [D] [Not A Worker] [unnamed] [queryId:1586729655] [BufferManager.cpp:110] [initialize] NES memory allocation requires 1 out of 540577120256 (so 1.8498748143954595e-10%) available bytes[m
[36m[02:09:00.877793] [D] [Not A Worker] [unnamed] [queryId:1586729655] [BufferManager.cpp:160] [initialize] BufferManager configuration bufferSize=1 numOfBuffers=1[m
[36m[02:09:00.877968] [D] [Not A Worker] [unnamed] [queryId:1586729655] [PipeliningPhase.cpp:365] [apply] Constructed pipeline plan with 1 root pipelines.
PipelinedQueryPlan for Query: 1586729655
Number of root pipelines: 1
------------------
Root Pipeline 0:
  Pipeline(ID(34), Provider(COMPILER))
  Operator chain:
    PhysicalOperator(NES::SourcePhysicalOperator)
  Successor Pipeline:
    Pipeline(ID(35), Provider(None))
      Operator chain:
        PhysicalOperator(NES::ScanPhysicalOperator)
          PhysicalOperator(NES::SelectionPhysicalOperator)
            PhysicalOperator(NES::EmitPhysicalOperator)
      Successor Pipeline:
        Pipeline(ID(36), Provider(None))
          Operator chain:
            PhysicalOperator(NES::SinkPhysicalOperator)

[m
[36m[02:09:00.881780] [D] [Not A Worker] [unnamed] [] [SinkProvider.cpp:30] [lower] The sinkDescriptor is: SinkDescriptor: (name: variant("PERSON_SINK"), type: Void, Config: )[m
[36m[02:09:00.882420] [D] [SingleNodeWorker] [WorkerThread-4] [Task:1586729655-36] [VoidSink.cpp:37] [start] Setting up void sink: VoidSink[m
[36m[02:09:00.967722] [D] [SingleNodeWorker] [WorkerThread-17] [] [SourceThread.cpp:184] [start] Starting source with originId: 2[m
[36m[02:09:00.969276] [D] [SingleNodeWorker] [WorkerThread-22] [Task:1586729655-35] [BufferManager.cpp:65] [~BufferManager] Calling BufferManager::destroy()[m
[36m[02:09:00.969375] [D] [SingleNodeWorker] [WorkerThread-22] [Task:1586729655-35] [BufferManager.cpp:93] [~BufferManager] Shutting down Buffer Manager completed[m
[36m[02:09:02.272372] [D] [SingleNodeWorker] [WorkerThread-22] [Task:1586729655-35] [InputFormatter.hpp:348] [indexTrailingSpanningTupleProxy] last offset: 262143, first offset: 99[m
[36m[02:09:02.474366] [D] [SingleNodeWorker] [WorkerThread-16] [Task:1586729655] [SourceThread.cpp:230] [tryStop] SourceThread 2: attempting to stop source[m
[36m[02:09:02.474420] [D] [SingleNodeWorker] [WorkerThread-16] [Task:1586729655] [SourceThread.cpp:248] [tryStop] SourceThread 2: stopped[m
[32m[02:09:02.499967] [I] [SingleNodeWorker] [WorkerThread-19] [Task:1586729655-36] [VoidSink.cpp:42] [stop] Void Sink completed.[m
[36m[02:09:02.500099] [D] [SingleNodeWorker] [WorkerThread-19] [] [SourceThread.cpp:226] [tryStop] SourceThread 2: thread is not running[m
[32m[02:09:02.500255] [I] [SingleNodeWorker] [WorkerThread-3] [] [SequenceShredder.cpp:55] [~SequenceShredder] Successfully validated SequenceShredder[m
[36m[02:09:05.808967] [D] [Not A Worker] [unnamed] [queryId:1057121334] [BufferManager.cpp:110] [initialize] NES memory allocation requires 1 out of 540577120256 (so 1.8498748143954595e-10%) available bytes[m
[36m[02:09:05.809020] [D] [Not A Worker] [unnamed] [queryId:1057121334] [BufferManager.cpp:160] [initialize] BufferManager configuration bufferSize=1 numOfBuffers=1[m
[36m[02:09:05.809187] [D] [Not A Worker] [unnamed] [queryId:1057121334] [PipeliningPhase.cpp:365] [apply] Constructed pipeline plan with 1 root pipelines.
PipelinedQueryPlan for Query: 1057121334
Number of root pipelines: 1
------------------
Root Pipeline 0:
  Pipeline(ID(37), Provider(COMPILER))
  Operator chain:
    PhysicalOperator(NES::SourcePhysicalOperator)
  Successor Pipeline:
    Pipeline(ID(38), Provider(None))
      Operator chain:
        PhysicalOperator(NES::ScanPhysicalOperator)
          PhysicalOperator(NES::SelectionPhysicalOperator)
            PhysicalOperator(NES::EmitPhysicalOperator)
      Successor Pipeline:
        Pipeline(ID(39), Provider(None))
          Operator chain:
            PhysicalOperator(NES::SinkPhysicalOperator)

[m
[36m[02:09:05.812771] [D] [Not A Worker] [unnamed] [] [SinkProvider.cpp:30] [lower] The sinkDescriptor is: SinkDescriptor: (name: variant("PERSON_SINK"), type: Void, Config: )[m
[36m[02:09:05.813475] [D] [SingleNodeWorker] [WorkerThread-2] [Task:1057121334-39] [VoidSink.cpp:37] [start] Setting up void sink: VoidSink[m
[36m[02:09:05.901546] [D] [SingleNodeWorker] [WorkerThread-2] [] [SourceThread.cpp:184] [start] Starting source with originId: 2[m
[36m[02:09:05.903487] [D] [SingleNodeWorker] [WorkerThread-12] [Task:1057121334-38] [BufferManager.cpp:65] [~BufferManager] Calling BufferManager::destroy()[m
[36m[02:09:05.903579] [D] [SingleNodeWorker] [WorkerThread-12] [Task:1057121334-38] [BufferManager.cpp:93] [~BufferManager] Shutting down Buffer Manager completed[m
[36m[02:09:07.602015] [D] [SingleNodeWorker] [WorkerThread-15] [Task:1057121334] [SourceThread.cpp:230] [tryStop] SourceThread 2: attempting to stop source[m
[36m[02:09:07.602089] [D] [SingleNodeWorker] [WorkerThread-15] [Task:1057121334] [SourceThread.cpp:248] [tryStop] SourceThread 2: stopped[m
[32m[02:09:07.627940] [I] [SingleNodeWorker] [WorkerThread-14] [Task:1057121334-39] [VoidSink.cpp:42] [stop] Void Sink completed.[m
[32m[02:09:07.628070] [I] [SingleNodeWorker] [WorkerThread-4] [] [SequenceShredder.cpp:55] [~SequenceShredder] Successfully validated SequenceShredder[m
[36m[02:09:07.628075] [D] [SingleNodeWorker] [WorkerThread-14] [] [SourceThread.cpp:226] [tryStop] SourceThread 2: thread is not running[m
[36m[02:09:11.012519] [D] [Not A Worker] [unnamed] [queryId:253119177] [BufferManager.cpp:110] [initialize] NES memory allocation requires 1 out of 540577120256 (so 1.8498748143954595e-10%) available bytes[m
[36m[02:09:11.012568] [D] [Not A Worker] [unnamed] [queryId:253119177] [BufferManager.cpp:160] [initialize] BufferManager configuration bufferSize=1 numOfBuffers=1[m
[36m[02:09:11.012736] [D] [Not A Worker] [unnamed] [queryId:253119177] [PipeliningPhase.cpp:365] [apply] Constructed pipeline plan with 1 root pipelines.
PipelinedQueryPlan for Query: 253119177
Number of root pipelines: 1
------------------
Root Pipeline 0:
  Pipeline(ID(40), Provider(COMPILER))
  Operator chain:
    PhysicalOperator(NES::SourcePhysicalOperator)
  Successor Pipeline:
    Pipeline(ID(41), Provider(None))
      Operator chain:
        PhysicalOperator(NES::ScanPhysicalOperator)
          PhysicalOperator(NES::SelectionPhysicalOperator)
            PhysicalOperator(NES::EmitPhysicalOperator)
      Successor Pipeline:
        Pipeline(ID(42), Provider(None))
          Operator chain:
            PhysicalOperator(NES::SinkPhysicalOperator)

[m
[36m[02:09:11.015971] [D] [Not A Worker] [unnamed] [] [SinkProvider.cpp:30] [lower] The sinkDescriptor is: SinkDescriptor: (name: variant("PERSON_SINK"), type: Void, Config: )[m
[36m[02:09:11.016510] [D] [SingleNodeWorker] [WorkerThread-19] [Task:253119177-42] [VoidSink.cpp:37] [start] Setting up void sink: VoidSink[m
[36m[02:09:11.105325] [D] [SingleNodeWorker] [WorkerThread-19] [] [SourceThread.cpp:184] [start] Starting source with originId: 2[m
[36m[02:09:11.107286] [D] [SingleNodeWorker] [WorkerThread-17] [Task:253119177-41] [BufferManager.cpp:65] [~BufferManager] Calling BufferManager::destroy()[m
[36m[02:09:11.107372] [D] [SingleNodeWorker] [WorkerThread-17] [Task:253119177-41] [BufferManager.cpp:93] [~BufferManager] Shutting down Buffer Manager completed[m
[36m[02:09:12.601557] [D] [SingleNodeWorker] [WorkerThread-22] [Task:253119177] [SourceThread.cpp:230] [tryStop] SourceThread 2: attempting to stop source[m
[36m[02:09:12.601609] [D] [SingleNodeWorker] [WorkerThread-22] [Task:253119177] [SourceThread.cpp:248] [tryStop] SourceThread 2: stopped[m
[32m[02:09:12.627767] [I] [SingleNodeWorker] [WorkerThread-16] [Task:253119177-42] [VoidSink.cpp:42] [stop] Void Sink completed.[m
[32m[02:09:12.627796] [I] [SingleNodeWorker] [WorkerThread-10] [] [SequenceShredder.cpp:55] [~SequenceShredder] Successfully validated SequenceShredder[m
[36m[02:09:12.627899] [D] [SingleNodeWorker] [WorkerThread-16] [] [SourceThread.cpp:226] [tryStop] SourceThread 2: thread is not running[m
[36m[02:09:16.072031] [D] [Not A Worker] [unnamed] [queryId:1906388740] [BufferManager.cpp:110] [initialize] NES memory allocation requires 1 out of 540577120256 (so 1.8498748143954595e-10%) available bytes[m
[36m[02:09:16.072079] [D] [Not A Worker] [unnamed] [queryId:1906388740] [BufferManager.cpp:160] [initialize] BufferManager configuration bufferSize=1 numOfBuffers=1[m
[36m[02:09:16.072251] [D] [Not A Worker] [unnamed] [queryId:1906388740] [PipeliningPhase.cpp:365] [apply] Constructed pipeline plan with 1 root pipelines.
PipelinedQueryPlan for Query: 1906388740
Number of root pipelines: 1
------------------
Root Pipeline 0:
  Pipeline(ID(43), Provider(COMPILER))
  Operator chain:
    PhysicalOperator(NES::SourcePhysicalOperator)
  Successor Pipeline:
    Pipeline(ID(44), Provider(None))
      Operator chain:
        PhysicalOperator(NES::ScanPhysicalOperator)
          PhysicalOperator(NES::SelectionPhysicalOperator)
            PhysicalOperator(NES::EmitPhysicalOperator)
      Successor Pipeline:
        Pipeline(ID(45), Provider(None))
          Operator chain:
            PhysicalOperator(NES::SinkPhysicalOperator)

[m
[36m[02:09:16.075720] [D] [Not A Worker] [unnamed] [] [SinkProvider.cpp:30] [lower] The sinkDescriptor is: SinkDescriptor: (name: variant("PERSON_SINK"), type: Void, Config: )[m
[36m[02:09:16.076558] [D] [SingleNodeWorker] [WorkerThread-24] [Task:1906388740-45] [VoidSink.cpp:37] [start] Setting up void sink: VoidSink[m
[36m[02:09:16.162295] [D] [SingleNodeWorker] [WorkerThread-24] [] [SourceThread.cpp:184] [start] Starting source with originId: 2[m
[36m[02:09:16.164183] [D] [SingleNodeWorker] [WorkerThread-25] [Task:1906388740-44] [BufferManager.cpp:65] [~BufferManager] Calling BufferManager::destroy()[m
[36m[02:09:16.164278] [D] [SingleNodeWorker] [WorkerThread-25] [Task:1906388740-44] [BufferManager.cpp:93] [~BufferManager] Shutting down Buffer Manager completed[m
[36m[02:09:16.682998] [D] [SingleNodeWorker] [WorkerThread-20] [Task:1906388740-44] [InputFormatter.hpp:348] [indexTrailingSpanningTupleProxy] last offset: 262143, first offset: 235[m
[36m[02:09:16.688130] [D] [SingleNodeWorker] [WorkerThread-13] [Task:1906388740-44] [InputFormatter.hpp:348] [indexTrailingSpanningTupleProxy] last offset: 262143, first offset: 152[m
[36m[02:09:17.639006] [D] [SingleNodeWorker] [WorkerThread-9] [Task:1906388740] [SourceThread.cpp:230] [tryStop] SourceThread 2: attempting to stop source[m
[36m[02:09:17.639070] [D] [SingleNodeWorker] [WorkerThread-9] [Task:1906388740] [SourceThread.cpp:248] [tryStop] SourceThread 2: stopped[m
[32m[02:09:17.664631] [I] [SingleNodeWorker] [WorkerThread-20] [Task:1906388740-45] [VoidSink.cpp:42] [stop] Void Sink completed.[m
[36m[02:09:17.664690] [D] [SingleNodeWorker] [WorkerThread-20] [] [SourceThread.cpp:226] [tryStop] SourceThread 2: thread is not running[m
[32m[02:09:17.664691] [I] [SingleNodeWorker] [WorkerThread-13] [] [SequenceShredder.cpp:55] [~SequenceShredder] Successfully validated SequenceShredder[m
[36m[02:09:21.076678] [D] [Not A Worker] [unnamed] [queryId:130170550] [BufferManager.cpp:110] [initialize] NES memory allocation requires 1 out of 540577120256 (so 1.8498748143954595e-10%) available bytes[m
[36m[02:09:21.076730] [D] [Not A Worker] [unnamed] [queryId:130170550] [BufferManager.cpp:160] [initialize] BufferManager configuration bufferSize=1 numOfBuffers=1[m
[36m[02:09:21.076919] [D] [Not A Worker] [unnamed] [queryId:130170550] [PipeliningPhase.cpp:365] [apply] Constructed pipeline plan with 1 root pipelines.
PipelinedQueryPlan for Query: 130170550
Number of root pipelines: 1
------------------
Root Pipeline 0:
  Pipeline(ID(46), Provider(COMPILER))
  Operator chain:
    PhysicalOperator(NES::SourcePhysicalOperator)
  Successor Pipeline:
    Pipeline(ID(47), Provider(None))
      Operator chain:
        PhysicalOperator(NES::ScanPhysicalOperator)
          PhysicalOperator(NES::SelectionPhysicalOperator)
            PhysicalOperator(NES::EmitPhysicalOperator)
      Successor Pipeline:
        Pipeline(ID(48), Provider(None))
          Operator chain:
            PhysicalOperator(NES::SinkPhysicalOperator)

[m
[36m[02:09:21.080004] [D] [Not A Worker] [unnamed] [] [SinkProvider.cpp:30] [lower] The sinkDescriptor is: SinkDescriptor: (name: variant("PERSON_SINK"), type: Void, Config: )[m
[36m[02:09:21.080790] [D] [SingleNodeWorker] [WorkerThread-16] [Task:130170550-48] [VoidSink.cpp:37] [start] Setting up void sink: VoidSink[m
[36m[02:09:21.166429] [D] [SingleNodeWorker] [WorkerThread-12] [] [SourceThread.cpp:184] [start] Starting source with originId: 2[m
[36m[02:09:21.167952] [D] [SingleNodeWorker] [WorkerThread-12] [Task:130170550-47] [BufferManager.cpp:65] [~BufferManager] Calling BufferManager::destroy()[m
[36m[02:09:21.167979] [D] [SingleNodeWorker] [WorkerThread-12] [Task:130170550-47] [BufferManager.cpp:93] [~BufferManager] Shutting down Buffer Manager completed[m
[36m[02:09:22.444237] [D] [SingleNodeWorker] [WorkerThread-8] [Task:130170550] [SourceThread.cpp:230] [tryStop] SourceThread 2: attempting to stop source[m
[36m[02:09:22.444297] [D] [SingleNodeWorker] [WorkerThread-8] [Task:130170550] [SourceThread.cpp:248] [tryStop] SourceThread 2: stopped[m
[32m[02:09:22.469992] [I] [SingleNodeWorker] [WorkerThread-11] [Task:130170550-48] [VoidSink.cpp:42] [stop] Void Sink completed.[m
[36m[02:09:22.470081] [D] [SingleNodeWorker] [WorkerThread-11] [] [SourceThread.cpp:226] [tryStop] SourceThread 2: thread is not running[m
[32m[02:09:22.470102] [I] [SingleNodeWorker] [WorkerThread-6] [] [SequenceShredder.cpp:55] [~SequenceShredder] Successfully validated SequenceShredder[m
[36m[02:09:26.241092] [D] [Not A Worker] [unnamed] [queryId:299296840] [BufferManager.cpp:110] [initialize] NES memory allocation requires 1 out of 540577120256 (so 1.8498748143954595e-10%) available bytes[m
[36m[02:09:26.241166] [D] [Not A Worker] [unnamed] [queryId:299296840] [BufferManager.cpp:160] [initialize] BufferManager configuration bufferSize=1 numOfBuffers=1[m
[36m[02:09:26.241367] [D] [Not A Worker] [unnamed] [queryId:299296840] [PipeliningPhase.cpp:365] [apply] Constructed pipeline plan with 1 root pipelines.
PipelinedQueryPlan for Query: 299296840
Number of root pipelines: 1
------------------
Root Pipeline 0:
  Pipeline(ID(49), Provider(COMPILER))
  Operator chain:
    PhysicalOperator(NES::SourcePhysicalOperator)
  Successor Pipeline:
    Pipeline(ID(50), Provider(None))
      Operator chain:
        PhysicalOperator(NES::ScanPhysicalOperator)
          PhysicalOperator(NES::SelectionPhysicalOperator)
            PhysicalOperator(NES::EmitPhysicalOperator)
      Successor Pipeline:
        Pipeline(ID(51), Provider(None))
          Operator chain:
            PhysicalOperator(NES::SinkPhysicalOperator)

[m
[36m[02:09:26.245157] [D] [Not A Worker] [unnamed] [] [SinkProvider.cpp:30] [lower] The sinkDescriptor is: SinkDescriptor: (name: variant("PERSON_SINK"), type: Void, Config: )[m
[36m[02:09:26.245623] [D] [SingleNodeWorker] [WorkerThread-17] [Task:299296840-51] [VoidSink.cpp:37] [start] Setting up void sink: VoidSink[m
[36m[02:09:26.332974] [D] [SingleNodeWorker] [WorkerThread-17] [] [SourceThread.cpp:184] [start] Starting source with originId: 2[m
[36m[02:09:26.334518] [D] [SingleNodeWorker] [WorkerThread-17] [Task:299296840-50] [BufferManager.cpp:65] [~BufferManager] Calling BufferManager::destroy()[m
[36m[02:09:26.334542] [D] [SingleNodeWorker] [WorkerThread-17] [Task:299296840-50] [BufferManager.cpp:93] [~BufferManager] Shutting down Buffer Manager completed[m
[36m[02:09:26.536894] [D] [SingleNodeWorker] [WorkerThread-10] [Task:299296840-50] [InputFormatter.hpp:348] [indexTrailingSpanningTupleProxy] last offset: 262143, first offset: 264[m
[36m[02:09:27.429300] [D] [SingleNodeWorker] [WorkerThread-12] [Task:299296840] [SourceThread.cpp:230] [tryStop] SourceThread 2: attempting to stop source[m
[36m[02:09:27.429373] [D] [SingleNodeWorker] [WorkerThread-12] [Task:299296840] [SourceThread.cpp:248] [tryStop] SourceThread 2: stopped[m
[32m[02:09:27.455056] [I] [SingleNodeWorker] [WorkerThread-27] [] [SequenceShredder.cpp:55] [~SequenceShredder] Successfully validated SequenceShredder[m
[32m[02:09:27.455479] [I] [SingleNodeWorker] [WorkerThread-28] [Task:299296840-51] [VoidSink.cpp:42] [stop] Void Sink completed.[m
[36m[02:09:27.455544] [D] [SingleNodeWorker] [WorkerThread-28] [] [SourceThread.cpp:226] [tryStop] SourceThread 2: thread is not running[m
[36m[02:09:31.239315] [D] [Not A Worker] [unnamed] [queryId:698539185] [BufferManager.cpp:110] [initialize] NES memory allocation requires 1 out of 540577120256 (so 1.8498748143954595e-10%) available bytes[m
[36m[02:09:31.239364] [D] [Not A Worker] [unnamed] [queryId:698539185] [BufferManager.cpp:160] [initialize] BufferManager configuration bufferSize=1 numOfBuffers=1[m
[36m[02:09:31.239521] [D] [Not A Worker] [unnamed] [queryId:698539185] [PipeliningPhase.cpp:365] [apply] Constructed pipeline plan with 1 root pipelines.
PipelinedQueryPlan for Query: 698539185
Number of root pipelines: 1
------------------
Root Pipeline 0:
  Pipeline(ID(52), Provider(COMPILER))
  Operator chain:
    PhysicalOperator(NES::SourcePhysicalOperator)
  Successor Pipeline:
    Pipeline(ID(53), Provider(None))
      Operator chain:
        PhysicalOperator(NES::ScanPhysicalOperator)
          PhysicalOperator(NES::SelectionPhysicalOperator)
            PhysicalOperator(NES::EmitPhysicalOperator)
      Successor Pipeline:
        Pipeline(ID(54), Provider(None))
          Operator chain:
            PhysicalOperator(NES::SinkPhysicalOperator)

[m
[36m[02:09:31.242960] [D] [Not A Worker] [unnamed] [] [SinkProvider.cpp:30] [lower] The sinkDescriptor is: SinkDescriptor: (name: variant("PERSON_SINK"), type: Void, Config: )[m
[36m[02:09:31.243313] [D] [SingleNodeWorker] [WorkerThread-10] [Task:698539185-54] [VoidSink.cpp:37] [start] Setting up void sink: VoidSink[m
[36m[02:09:31.327052] [D] [SingleNodeWorker] [WorkerThread-6] [] [SourceThread.cpp:184] [start] Starting source with originId: 2[m
[36m[02:09:31.328768] [D] [SingleNodeWorker] [WorkerThread-6] [Task:698539185-53] [BufferManager.cpp:65] [~BufferManager] Calling BufferManager::destroy()[m
[36m[02:09:31.328791] [D] [SingleNodeWorker] [WorkerThread-6] [Task:698539185-53] [BufferManager.cpp:93] [~BufferManager] Shutting down Buffer Manager completed[m
[36m[02:09:32.563831] [D] [SingleNodeWorker] [WorkerThread-7] [Task:698539185] [SourceThread.cpp:230] [tryStop] SourceThread 2: attempting to stop source[m
[36m[02:09:32.563886] [D] [SingleNodeWorker] [WorkerThread-7] [Task:698539185] [SourceThread.cpp:248] [tryStop] SourceThread 2: stopped[m
[32m[02:09:32.589758] [I] [SingleNodeWorker] [WorkerThread-11] [Task:698539185-54] [VoidSink.cpp:42] [stop] Void Sink completed.[m
[36m[02:09:32.589835] [D] [SingleNodeWorker] [WorkerThread-11] [] [SourceThread.cpp:226] [tryStop] SourceThread 2: thread is not running[m
[32m[02:09:32.589838] [I] [SingleNodeWorker] [WorkerThread-27] [] [SequenceShredder.cpp:55] [~SequenceShredder] Successfully validated SequenceShredder[m
[36m[02:09:36.370525] [D] [Not A Worker] [unnamed] [queryId:1836322403] [BufferManager.cpp:110] [initialize] NES memory allocation requires 1 out of 540577120256 (so 1.8498748143954595e-10%) available bytes[m
[36m[02:09:36.370595] [D] [Not A Worker] [unnamed] [queryId:1836322403] [BufferManager.cpp:160] [initialize] BufferManager configuration bufferSize=1 numOfBuffers=1[m
[36m[02:09:36.370754] [D] [Not A Worker] [unnamed] [queryId:1836322403] [PipeliningPhase.cpp:365] [apply] Constructed pipeline plan with 1 root pipelines.
PipelinedQueryPlan for Query: 1836322403
Number of root pipelines: 1
------------------
Root Pipeline 0:
  Pipeline(ID(55), Provider(COMPILER))
  Operator chain:
    PhysicalOperator(NES::SourcePhysicalOperator)
  Successor Pipeline:
    Pipeline(ID(56), Provider(None))
      Operator chain:
        PhysicalOperator(NES::ScanPhysicalOperator)
          PhysicalOperator(NES::SelectionPhysicalOperator)
            PhysicalOperator(NES::EmitPhysicalOperator)
      Successor Pipeline:
        Pipeline(ID(57), Provider(None))
          Operator chain:
            PhysicalOperator(NES::SinkPhysicalOperator)

[m
[36m[02:09:36.374493] [D] [Not A Worker] [unnamed] [] [SinkProvider.cpp:30] [lower] The sinkDescriptor is: SinkDescriptor: (name: variant("PERSON_SINK"), type: Void, Config: )[m
[36m[02:09:36.374946] [D] [SingleNodeWorker] [WorkerThread-21] [Task:1836322403-57] [VoidSink.cpp:37] [start] Setting up void sink: VoidSink[m
[36m[02:09:36.461202] [D] [SingleNodeWorker] [WorkerThread-8] [] [SourceThread.cpp:184] [start] Starting source with originId: 2[m
[36m[02:09:36.462856] [D] [SingleNodeWorker] [WorkerThread-10] [Task:1836322403-56] [BufferManager.cpp:65] [~BufferManager] Calling BufferManager::destroy()[m
[36m[02:09:36.462979] [D] [SingleNodeWorker] [WorkerThread-10] [Task:1836322403-56] [BufferManager.cpp:93] [~BufferManager] Shutting down Buffer Manager completed[m
[36m[02:09:37.547844] [D] [SingleNodeWorker] [WorkerThread-11] [Task:1836322403] [SourceThread.cpp:230] [tryStop] SourceThread 2: attempting to stop source[m
[36m[02:09:37.547899] [D] [SingleNodeWorker] [WorkerThread-11] [Task:1836322403] [SourceThread.cpp:248] [tryStop] SourceThread 2: stopped[m
[32m[02:09:37.574126] [I] [SingleNodeWorker] [WorkerThread-27] [] [SequenceShredder.cpp:55] [~SequenceShredder] Successfully validated SequenceShredder[m
[32m[02:09:37.574210] [I] [SingleNodeWorker] [WorkerThread-19] [Task:1836322403-57] [VoidSink.cpp:42] [stop] Void Sink completed.[m
[36m[02:09:37.574343] [D] [SingleNodeWorker] [WorkerThread-19] [] [SourceThread.cpp:226] [tryStop] SourceThread 2: thread is not running[m
[36m[02:09:41.443978] [D] [Not A Worker] [unnamed] [queryId:1076103890] [BufferManager.cpp:110] [initialize] NES memory allocation requires 1 out of 540577120256 (so 1.8498748143954595e-10%) available bytes[m
[36m[02:09:41.444031] [D] [Not A Worker] [unnamed] [queryId:1076103890] [BufferManager.cpp:160] [initialize] BufferManager configuration bufferSize=1 numOfBuffers=1[m
[36m[02:09:41.444233] [D] [Not A Worker] [unnamed] [queryId:1076103890] [PipeliningPhase.cpp:365] [apply] Constructed pipeline plan with 1 root pipelines.
PipelinedQueryPlan for Query: 1076103890
Number of root pipelines: 1
------------------
Root Pipeline 0:
  Pipeline(ID(58), Provider(COMPILER))
  Operator chain:
    PhysicalOperator(NES::SourcePhysicalOperator)
  Successor Pipeline:
    Pipeline(ID(59), Provider(None))
      Operator chain:
        PhysicalOperator(NES::ScanPhysicalOperator)
          PhysicalOperator(NES::SelectionPhysicalOperator)
            PhysicalOperator(NES::EmitPhysicalOperator)
      Successor Pipeline:
        Pipeline(ID(60), Provider(None))
          Operator chain:
            PhysicalOperator(NES::SinkPhysicalOperator)

[m
[36m[02:09:41.448127] [D] [Not A Worker] [unnamed] [] [SinkProvider.cpp:30] [lower] The sinkDescriptor is: SinkDescriptor: (name: variant("PERSON_SINK"), type: Void, Config: )[m
[36m[02:09:41.448990] [D] [SingleNodeWorker] [WorkerThread-26] [Task:1076103890-60] [VoidSink.cpp:37] [start] Setting up void sink: VoidSink[m
[36m[02:09:41.534993] [D] [SingleNodeWorker] [WorkerThread-26] [] [SourceThread.cpp:184] [start] Starting source with originId: 2[m
[36m[02:09:41.536606] [D] [SingleNodeWorker] [WorkerThread-26] [Task:1076103890-59] [BufferManager.cpp:65] [~BufferManager] Calling BufferManager::destroy()[m
[36m[02:09:41.536630] [D] [SingleNodeWorker] [WorkerThread-26] [Task:1076103890-59] [BufferManager.cpp:93] [~BufferManager] Shutting down Buffer Manager completed[m
[36m[02:09:42.697382] [D] [SingleNodeWorker] [WorkerThread-20] [Task:1076103890] [SourceThread.cpp:230] [tryStop] SourceThread 2: attempting to stop source[m
[36m[02:09:42.697431] [D] [SingleNodeWorker] [WorkerThread-20] [Task:1076103890] [SourceThread.cpp:248] [tryStop] SourceThread 2: stopped[m
[32m[02:09:42.722917] [I] [SingleNodeWorker] [WorkerThread-13] [Task:1076103890-60] [VoidSink.cpp:42] [stop] Void Sink completed.[m
[36m[02:09:42.723044] [D] [SingleNodeWorker] [WorkerThread-13] [] [SourceThread.cpp:226] [tryStop] SourceThread 2: thread is not running[m
[32m[02:09:42.723230] [I] [SingleNodeWorker] [WorkerThread-0] [] [SequenceShredder.cpp:55] [~SequenceShredder] Successfully validated SequenceShredder[m
[36m[02:09:46.545009] [D] [Not A Worker] [unnamed] [queryId:707958624] [BufferManager.cpp:110] [initialize] NES memory allocation requires 1 out of 540577120256 (so 1.8498748143954595e-10%) available bytes[m
[36m[02:09:46.545061] [D] [Not A Worker] [unnamed] [queryId:707958624] [BufferManager.cpp:160] [initialize] BufferManager configuration bufferSize=1 numOfBuffers=1[m
[36m[02:09:46.545229] [D] [Not A Worker] [unnamed] [queryId:707958624] [PipeliningPhase.cpp:365] [apply] Constructed pipeline plan with 1 root pipelines.
PipelinedQueryPlan for Query: 707958624
Number of root pipelines: 1
------------------
Root Pipeline 0:
  Pipeline(ID(61), Provider(COMPILER))
  Operator chain:
    PhysicalOperator(NES::SourcePhysicalOperator)
  Successor Pipeline:
    Pipeline(ID(62), Provider(None))
      Operator chain:
        PhysicalOperator(NES::ScanPhysicalOperator)
          PhysicalOperator(NES::SelectionPhysicalOperator)
            PhysicalOperator(NES::MapPhysicalOperator)
              PhysicalOperator(NES::EmitPhysicalOperator)
      Successor Pipeline:
        Pipeline(ID(63), Provider(None))
          Operator chain:
            PhysicalOperator(NES::SinkPhysicalOperator)

[m
[36m[02:09:46.549041] [D] [Not A Worker] [unnamed] [] [SinkProvider.cpp:30] [lower] The sinkDescriptor is: SinkDescriptor: (name: variant("PERSON_ID_SINK"), type: Void, Config: )[m
[36m[02:09:46.549649] [D] [SingleNodeWorker] [WorkerThread-10] [Task:707958624-63] [VoidSink.cpp:37] [start] Setting up void sink: VoidSink[m
[36m[02:09:46.620032] [D] [SingleNodeWorker] [WorkerThread-10] [] [SourceThread.cpp:184] [start] Starting source with originId: 2[m
[36m[02:09:46.621595] [D] [SingleNodeWorker] [WorkerThread-10] [Task:707958624-62] [BufferManager.cpp:65] [~BufferManager] Calling BufferManager::destroy()[m
[36m[02:09:46.621620] [D] [SingleNodeWorker] [WorkerThread-10] [Task:707958624-62] [BufferManager.cpp:93] [~BufferManager] Shutting down Buffer Manager completed[m
[36m[02:09:46.710240] [D] [SingleNodeWorker] [WorkerThread-3] [Task:707958624-62] [InputFormatter.hpp:348] [indexTrailingSpanningTupleProxy] last offset: 262143, first offset: 31[m
[36m[02:09:47.567337] [D] [SingleNodeWorker] [WorkerThread-19] [Task:707958624] [SourceThread.cpp:230] [tryStop] SourceThread 2: attempting to stop source[m
[36m[02:09:47.567404] [D] [SingleNodeWorker] [WorkerThread-19] [Task:707958624] [SourceThread.cpp:248] [tryStop] SourceThread 2: stopped[m
[32m[02:09:47.593961] [I] [SingleNodeWorker] [WorkerThread-26] [Task:707958624-63] [VoidSink.cpp:42] [stop] Void Sink completed.[m
[36m[02:09:47.594099] [D] [SingleNodeWorker] [WorkerThread-26] [] [SourceThread.cpp:226] [tryStop] SourceThread 2: thread is not running[m
[32m[02:09:47.594289] [I] [SingleNodeWorker] [WorkerThread-29] [] [SequenceShredder.cpp:55] [~SequenceShredder] Successfully validated SequenceShredder[m
[36m[02:09:51.395003] [D] [Not A Worker] [unnamed] [queryId:1912637338] [BufferManager.cpp:110] [initialize] NES memory allocation requires 1 out of 540577120256 (so 1.8498748143954595e-10%) available bytes[m
[36m[02:09:51.395053] [D] [Not A Worker] [unnamed] [queryId:1912637338] [BufferManager.cpp:160] [initialize] BufferManager configuration bufferSize=1 numOfBuffers=1[m
[36m[02:09:51.395234] [D] [Not A Worker] [unnamed] [queryId:1912637338] [PipeliningPhase.cpp:365] [apply] Constructed pipeline plan with 1 root pipelines.
PipelinedQueryPlan for Query: 1912637338
Number of root pipelines: 1
------------------
Root Pipeline 0:
  Pipeline(ID(64), Provider(COMPILER))
  Operator chain:
    PhysicalOperator(NES::SourcePhysicalOperator)
  Successor Pipeline:
    Pipeline(ID(65), Provider(None))
      Operator chain:
        PhysicalOperator(NES::ScanPhysicalOperator)
          PhysicalOperator(NES::SelectionPhysicalOperator)
            PhysicalOperator(NES::MapPhysicalOperator)
              PhysicalOperator(NES::EmitPhysicalOperator)
      Successor Pipeline:
        Pipeline(ID(66), Provider(None))
          Operator chain:
            PhysicalOperator(NES::SinkPhysicalOperator)

[m
[36m[02:09:51.398786] [D] [Not A Worker] [unnamed] [] [SinkProvider.cpp:30] [lower] The sinkDescriptor is: SinkDescriptor: (name: variant("PERSON_ID_SINK"), type: Void, Config: )[m
[36m[02:09:51.399206] [D] [SingleNodeWorker] [WorkerThread-10] [Task:1912637338-66] [VoidSink.cpp:37] [start] Setting up void sink: VoidSink[m
[36m[02:09:51.472020] [D] [SingleNodeWorker] [WorkerThread-1] [] [SourceThread.cpp:184] [start] Starting source with originId: 2[m
[36m[02:09:51.473611] [D] [SingleNodeWorker] [WorkerThread-1] [Task:1912637338-65] [BufferManager.cpp:65] [~BufferManager] Calling BufferManager::destroy()[m
[36m[02:09:51.473633] [D] [SingleNodeWorker] [WorkerThread-1] [Task:1912637338-65] [BufferManager.cpp:93] [~BufferManager] Shutting down Buffer Manager completed[m
[36m[02:09:51.540785] [D] [SingleNodeWorker] [WorkerThread-29] [Task:1912637338-65] [InputFormatter.hpp:348] [indexTrailingSpanningTupleProxy] last offset: 262143, first offset: 151[m
[36m[02:09:52.336973] [D] [SingleNodeWorker] [WorkerThread-24] [Task:1912637338-65] [InputFormatter.hpp:348] [indexTrailingSpanningTupleProxy] last offset: 262143, first offset: 214[m
[36m[02:09:52.473885] [D] [SingleNodeWorker] [WorkerThread-16] [Task:1912637338-65] [InputFormatter.hpp:348] [indexTrailingSpanningTupleProxy] last offset: 262143, first offset: 99[m
[36m[02:09:52.615878] [D] [SingleNodeWorker] [WorkerThread-1] [Task:1912637338] [SourceThread.cpp:230] [tryStop] SourceThread 2: attempting to stop source[m
[36m[02:09:52.615926] [D] [SingleNodeWorker] [WorkerThread-1] [Task:1912637338] [SourceThread.cpp:248] [tryStop] SourceThread 2: stopped[m
[32m[02:09:52.641374] [I] [SingleNodeWorker] [WorkerThread-21] [Task:1912637338-66] [VoidSink.cpp:42] [stop] Void Sink completed.[m
[36m[02:09:52.641493] [D] [SingleNodeWorker] [WorkerThread-21] [] [SourceThread.cpp:226] [tryStop] SourceThread 2: thread is not running[m
[32m[02:09:52.641686] [I] [SingleNodeWorker] [WorkerThread-13] [] [SequenceShredder.cpp:55] [~SequenceShredder] Successfully validated SequenceShredder[m
[36m[02:09:56.487543] [D] [Not A Worker] [unnamed] [queryId:1272040953] [BufferManager.cpp:110] [initialize] NES memory allocation requires 1 out of 540577120256 (so 1.8498748143954595e-10%) available bytes[m
[36m[02:09:56.487595] [D] [Not A Worker] [unnamed] [queryId:1272040953] [BufferManager.cpp:160] [initialize] BufferManager configuration bufferSize=1 numOfBuffers=1[m
[36m[02:09:56.487776] [D] [Not A Worker] [unnamed] [queryId:1272040953] [PipeliningPhase.cpp:365] [apply] Constructed pipeline plan with 1 root pipelines.
PipelinedQueryPlan for Query: 1272040953
Number of root pipelines: 1
------------------
Root Pipeline 0:
  Pipeline(ID(67), Provider(COMPILER))
  Operator chain:
    PhysicalOperator(NES::SourcePhysicalOperator)
  Successor Pipeline:
    Pipeline(ID(68), Provider(None))
      Operator chain:
        PhysicalOperator(NES::ScanPhysicalOperator)
          PhysicalOperator(NES::SelectionPhysicalOperator)
            PhysicalOperator(NES::MapPhysicalOperator)
              PhysicalOperator(NES::EmitPhysicalOperator)
      Successor Pipeline:
        Pipeline(ID(69), Provider(None))
          Operator chain:
            PhysicalOperator(NES::SinkPhysicalOperator)

[m
[36m[02:09:56.491787] [D] [Not A Worker] [unnamed] [] [SinkProvider.cpp:30] [lower] The sinkDescriptor is: SinkDescriptor: (name: variant("PERSON_ID_SINK"), type: Void, Config: )[m
[36m[02:09:56.492231] [D] [SingleNodeWorker] [WorkerThread-22] [Task:1272040953-69] [VoidSink.cpp:37] [start] Setting up void sink: VoidSink[m
[36m[02:09:56.564460] [D] [SingleNodeWorker] [WorkerThread-22] [] [SourceThread.cpp:184] [start] Starting source with originId: 2[m
[36m[02:09:56.566759] [D] [SingleNodeWorker] [WorkerThread-29] [Task:1272040953-68] [BufferManager.cpp:65] [~BufferManager] Calling BufferManager::destroy()[m
[36m[02:09:56.566846] [D] [SingleNodeWorker] [WorkerThread-29] [Task:1272040953-68] [BufferManager.cpp:93] [~BufferManager] Shutting down Buffer Manager completed[m
[36m[02:09:56.629288] [D] [SingleNodeWorker] [WorkerThread-13] [Task:1272040953-68] [InputFormatter.hpp:348] [indexTrailingSpanningTupleProxy] last offset: 262143, first offset: 151[m
[36m[02:09:56.885405] [D] [SingleNodeWorker] [WorkerThread-12] [Task:1272040953-68] [InputFormatter.hpp:348] [indexTrailingSpanningTupleProxy] last offset: 262143, first offset: 152[m
[36m[02:09:57.100746] [D] [SingleNodeWorker] [WorkerThread-21] [Task:1272040953-68] [InputFormatter.hpp:348] [indexTrailingSpanningTupleProxy] last offset: 262143, first offset: 149[m
[36m[02:09:57.416052] [D] [SingleNodeWorker] [WorkerThread-14] [Task:1272040953] [SourceThread.cpp:230] [tryStop] SourceThread 2: attempting to stop source[m
[36m[02:09:57.416096] [D] [SingleNodeWorker] [WorkerThread-14] [Task:1272040953] [SourceThread.cpp:248] [tryStop] SourceThread 2: stopped[m
[32m[02:09:57.441648] [I] [SingleNodeWorker] [WorkerThread-30] [Task:1272040953-69] [VoidSink.cpp:42] [stop] Void Sink completed.[m
[36m[02:09:57.441779] [D] [SingleNodeWorker] [WorkerThread-30] [] [SourceThread.cpp:226] [tryStop] SourceThread 2: thread is not running[m
[32m[02:09:57.441983] [I] [SingleNodeWorker] [WorkerThread-5] [] [SequenceShredder.cpp:55] [~SequenceShredder] Successfully validated SequenceShredder[m
[36m[02:10:01.383464] [D] [Not A Worker] [unnamed] [queryId:186471467] [BufferManager.cpp:110] [initialize] NES memory allocation requires 1 out of 540577120256 (so 1.8498748143954595e-10%) available bytes[m
[36m[02:10:01.383514] [D] [Not A Worker] [unnamed] [queryId:186471467] [BufferManager.cpp:160] [initialize] BufferManager configuration bufferSize=1 numOfBuffers=1[m
[36m[02:10:01.383702] [D] [Not A Worker] [unnamed] [queryId:186471467] [PipeliningPhase.cpp:365] [apply] Constructed pipeline plan with 1 root pipelines.
PipelinedQueryPlan for Query: 186471467
Number of root pipelines: 1
------------------
Root Pipeline 0:
  Pipeline(ID(70), Provider(COMPILER))
  Operator chain:
    PhysicalOperator(NES::SourcePhysicalOperator)
  Successor Pipeline:
    Pipeline(ID(71), Provider(None))
      Operator chain:
        PhysicalOperator(NES::ScanPhysicalOperator)
          PhysicalOperator(NES::SelectionPhysicalOperator)
            PhysicalOperator(NES::MapPhysicalOperator)
              PhysicalOperator(NES::EmitPhysicalOperator)
      Successor Pipeline:
        Pipeline(ID(72), Provider(None))
          Operator chain:
            PhysicalOperator(NES::SinkPhysicalOperator)

[m
[36m[02:10:01.386096] [D] [Not A Worker] [unnamed] [] [SinkProvider.cpp:30] [lower] The sinkDescriptor is: SinkDescriptor: (name: variant("PERSON_ID_SINK"), type: Void, Config: )[m
[36m[02:10:01.386620] [D] [SingleNodeWorker] [WorkerThread-23] [Task:186471467-72] [VoidSink.cpp:37] [start] Setting up void sink: VoidSink[m
[36m[02:10:01.458067] [D] [SingleNodeWorker] [WorkerThread-23] [] [SourceThread.cpp:184] [start] Starting source with originId: 2[m
[36m[02:10:01.459654] [D] [SingleNodeWorker] [WorkerThread-23] [Task:186471467-71] [BufferManager.cpp:65] [~BufferManager] Calling BufferManager::destroy()[m
[36m[02:10:01.459682] [D] [SingleNodeWorker] [WorkerThread-23] [Task:186471467-71] [BufferManager.cpp:93] [~BufferManager] Shutting down Buffer Manager completed[m
[36m[02:10:02.471959] [D] [SingleNodeWorker] [WorkerThread-21] [Task:186471467] [SourceThread.cpp:230] [tryStop] SourceThread 2: attempting to stop source[m
[36m[02:10:02.472013] [D] [SingleNodeWorker] [WorkerThread-21] [Task:186471467] [SourceThread.cpp:248] [tryStop] SourceThread 2: stopped[m
[32m[02:10:02.497493] [I] [SingleNodeWorker] [WorkerThread-2] [Task:186471467-72] [VoidSink.cpp:42] [stop] Void Sink completed.[m
[36m[02:10:02.497628] [D] [SingleNodeWorker] [WorkerThread-2] [] [SourceThread.cpp:226] [tryStop] SourceThread 2: thread is not running[m
[32m[02:10:02.497812] [I] [SingleNodeWorker] [WorkerThread-0] [] [SequenceShredder.cpp:55] [~SequenceShredder] Successfully validated SequenceShredder[m
[36m[02:10:06.325571] [D] [Not A Worker] [unnamed] [queryId:23270762] [BufferManager.cpp:110] [initialize] NES memory allocation requires 1 out of 540577120256 (so 1.8498748143954595e-10%) available bytes[m
[36m[02:10:06.325625] [D] [Not A Worker] [unnamed] [queryId:23270762] [BufferManager.cpp:160] [initialize] BufferManager configuration bufferSize=1 numOfBuffers=1[m
[36m[02:10:06.325797] [D] [Not A Worker] [unnamed] [queryId:23270762] [PipeliningPhase.cpp:365] [apply] Constructed pipeline plan with 1 root pipelines.
PipelinedQueryPlan for Query: 23270762
Number of root pipelines: 1
------------------
Root Pipeline 0:
  Pipeline(ID(73), Provider(COMPILER))
  Operator chain:
    PhysicalOperator(NES::SourcePhysicalOperator)
  Successor Pipeline:
    Pipeline(ID(74), Provider(None))
      Operator chain:
        PhysicalOperator(NES::ScanPhysicalOperator)
          PhysicalOperator(NES::SelectionPhysicalOperator)
            PhysicalOperator(NES::MapPhysicalOperator)
              PhysicalOperator(NES::EmitPhysicalOperator)
      Successor Pipeline:
        Pipeline(ID(75), Provider(None))
          Operator chain:
            PhysicalOperator(NES::SinkPhysicalOperator)

[m
[36m[02:10:06.329882] [D] [Not A Worker] [unnamed] [] [SinkProvider.cpp:30] [lower] The sinkDescriptor is: SinkDescriptor: (name: variant("PERSON_ID_SINK"), type: Void, Config: )[m
[36m[02:10:06.330239] [D] [SingleNodeWorker] [WorkerThread-13] [Task:23270762-75] [VoidSink.cpp:37] [start] Setting up void sink: VoidSink[m
[36m[02:10:06.399961] [D] [SingleNodeWorker] [WorkerThread-13] [] [SourceThread.cpp:184] [start] Starting source with originId: 2[m
[36m[02:10:06.402213] [D] [SingleNodeWorker] [WorkerThread-13] [Task:23270762-74] [BufferManager.cpp:65] [~BufferManager] Calling BufferManager::destroy()[m
[36m[02:10:06.402236] [D] [SingleNodeWorker] [WorkerThread-13] [Task:23270762-74] [BufferManager.cpp:93] [~BufferManager] Shutting down Buffer Manager completed[m
[36m[02:10:07.468884] [D] [SingleNodeWorker] [WorkerThread-5] [Task:23270762] [SourceThread.cpp:230] [tryStop] SourceThread 2: attempting to stop source[m
[36m[02:10:07.468938] [D] [SingleNodeWorker] [WorkerThread-5] [Task:23270762] [SourceThread.cpp:248] [tryStop] SourceThread 2: stopped[m
[32m[02:10:07.494412] [I] [SingleNodeWorker] [WorkerThread-2] [Task:23270762-75] [VoidSink.cpp:42] [stop] Void Sink completed.[m
[36m[02:10:07.494551] [D] [SingleNodeWorker] [WorkerThread-2] [] [SourceThread.cpp:226] [tryStop] SourceThread 2: thread is not running[m
[32m[02:10:07.494724] [I] [SingleNodeWorker] [WorkerThread-13] [] [SequenceShredder.cpp:55] [~SequenceShredder] Successfully validated SequenceShredder[m
[36m[02:10:11.256029] [D] [Not A Worker] [unnamed] [queryId:651324075] [BufferManager.cpp:110] [initialize] NES memory allocation requires 1 out of 540577120256 (so 1.8498748143954595e-10%) available bytes[m
[36m[02:10:11.256082] [D] [Not A Worker] [unnamed] [queryId:651324075] [BufferManager.cpp:160] [initialize] BufferManager configuration bufferSize=1 numOfBuffers=1[m
[36m[02:10:11.256281] [D] [Not A Worker] [unnamed] [queryId:651324075] [PipeliningPhase.cpp:365] [apply] Constructed pipeline plan with 1 root pipelines.
PipelinedQueryPlan for Query: 651324075
Number of root pipelines: 1
------------------
Root Pipeline 0:
  Pipeline(ID(76), Provider(COMPILER))
  Operator chain:
    PhysicalOperator(NES::SourcePhysicalOperator)
  Successor Pipeline:
    Pipeline(ID(77), Provider(None))
      Operator chain:
        PhysicalOperator(NES::ScanPhysicalOperator)
          PhysicalOperator(NES::SelectionPhysicalOperator)
            PhysicalOperator(NES::MapPhysicalOperator)
              PhysicalOperator(NES::EmitPhysicalOperator)
      Successor Pipeline:
        Pipeline(ID(78), Provider(None))
          Operator chain:
            PhysicalOperator(NES::SinkPhysicalOperator)

[m
[36m[02:10:11.259888] [D] [Not A Worker] [unnamed] [] [SinkProvider.cpp:30] [lower] The sinkDescriptor is: SinkDescriptor: (name: variant("PERSON_ID_SINK"), type: Void, Config: )[m
[36m[02:10:11.260395] [D] [SingleNodeWorker] [WorkerThread-9] [Task:651324075-78] [VoidSink.cpp:37] [start] Setting up void sink: VoidSink[m
[36m[02:10:11.337043] [D] [SingleNodeWorker] [WorkerThread-13] [] [SourceThread.cpp:184] [start] Starting source with originId: 2[m
[36m[02:10:11.338710] [D] [SingleNodeWorker] [WorkerThread-23] [Task:651324075-77] [BufferManager.cpp:65] [~BufferManager] Calling BufferManager::destroy()[m
[36m[02:10:11.338791] [D] [SingleNodeWorker] [WorkerThread-23] [Task:651324075-77] [BufferManager.cpp:93] [~BufferManager] Shutting down Buffer Manager completed[m
[36m[02:10:12.123194] [D] [SingleNodeWorker] [WorkerThread-8] [Task:651324075-77] [InputFormatter.hpp:348] [indexTrailingSpanningTupleProxy] last offset: 262143, first offset: 238[m
[36m[02:10:12.268565] [D] [SingleNodeWorker] [WorkerThread-19] [Task:651324075] [SourceThread.cpp:230] [tryStop] SourceThread 2: attempting to stop source[m
[36m[02:10:12.268612] [D] [SingleNodeWorker] [WorkerThread-19] [Task:651324075] [SourceThread.cpp:248] [tryStop] SourceThread 2: stopped[m
[32m[02:10:12.294367] [I] [SingleNodeWorker] [WorkerThread-25] [Task:651324075-78] [VoidSink.cpp:42] [stop] Void Sink completed.[m
[36m[02:10:12.294509] [D] [SingleNodeWorker] [WorkerThread-25] [] [SourceThread.cpp:226] [tryStop] SourceThread 2: thread is not running[m
[32m[02:10:12.294623] [I] [SingleNodeWorker] [WorkerThread-16] [] [SequenceShredder.cpp:55] [~SequenceShredder] Successfully validated SequenceShredder[m
[36m[02:10:16.254492] [D] [Not A Worker] [unnamed] [queryId:1221145248] [BufferManager.cpp:110] [initialize] NES memory allocation requires 1 out of 540577120256 (so 1.8498748143954595e-10%) available bytes[m
[36m[02:10:16.254547] [D] [Not A Worker] [unnamed] [queryId:1221145248] [BufferManager.cpp:160] [initialize] BufferManager configuration bufferSize=1 numOfBuffers=1[m
[36m[02:10:16.254749] [D] [Not A Worker] [unnamed] [queryId:1221145248] [PipeliningPhase.cpp:365] [apply] Constructed pipeline plan with 1 root pipelines.
PipelinedQueryPlan for Query: 1221145248
Number of root pipelines: 1
------------------
Root Pipeline 0:
  Pipeline(ID(79), Provider(COMPILER))
  Operator chain:
    PhysicalOperator(NES::SourcePhysicalOperator)
  Successor Pipeline:
    Pipeline(ID(80), Provider(None))
      Operator chain:
        PhysicalOperator(NES::ScanPhysicalOperator)
          PhysicalOperator(NES::SelectionPhysicalOperator)
            PhysicalOperator(NES::MapPhysicalOperator)
              PhysicalOperator(NES::EmitPhysicalOperator)
      Successor Pipeline:
        Pipeline(ID(81), Provider(None))
          Operator chain:
            PhysicalOperator(NES::SinkPhysicalOperator)

[m
[36m[02:10:16.257726] [D] [Not A Worker] [unnamed] [] [SinkProvider.cpp:30] [lower] The sinkDescriptor is: SinkDescriptor: (name: variant("PERSON_ID_SINK"), type: Void, Config: )[m
[36m[02:10:16.258508] [D] [SingleNodeWorker] [WorkerThread-1] [Task:1221145248-81] [VoidSink.cpp:37] [start] Setting up void sink: VoidSink[m
[36m[02:10:16.331798] [D] [SingleNodeWorker] [WorkerThread-7] [] [SourceThread.cpp:184] [start] Starting source with originId: 2[m
[36m[02:10:16.333441] [D] [SingleNodeWorker] [WorkerThread-11] [Task:1221145248-80] [BufferManager.cpp:65] [~BufferManager] Calling BufferManager::destroy()[m
[36m[02:10:16.333526] [D] [SingleNodeWorker] [WorkerThread-11] [Task:1221145248-80] [BufferManager.cpp:93] [~BufferManager] Shutting down Buffer Manager completed[m
[36m[02:10:17.285862] [D] [SingleNodeWorker] [WorkerThread-21] [Task:1221145248] [SourceThread.cpp:230] [tryStop] SourceThread 2: attempting to stop source[m
[36m[02:10:17.285910] [D] [SingleNodeWorker] [WorkerThread-21] [Task:1221145248] [SourceThread.cpp:248] [tryStop] SourceThread 2: stopped[m
[32m[02:10:17.311530] [I] [SingleNodeWorker] [WorkerThread-18] [Task:1221145248-81] [VoidSink.cpp:42] [stop] Void Sink completed.[m
[36m[02:10:17.311601] [D] [SingleNodeWorker] [WorkerThread-18] [] [SourceThread.cpp:226] [tryStop] SourceThread 2: thread is not running[m
[32m[02:10:17.311896] [I] [SingleNodeWorker] [WorkerThread-4] [] [SequenceShredder.cpp:55] [~SequenceShredder] Successfully validated SequenceShredder[m
[36m[02:10:21.089122] [D] [Not A Worker] [unnamed] [queryId:1345545899] [BufferManager.cpp:110] [initialize] NES memory allocation requires 1 out of 540577120256 (so 1.8498748143954595e-10%) available bytes[m
[36m[02:10:21.089172] [D] [Not A Worker] [unnamed] [queryId:1345545899] [BufferManager.cpp:160] [initialize] BufferManager configuration bufferSize=1 numOfBuffers=1[m
[36m[02:10:21.089362] [D] [Not A Worker] [unnamed] [queryId:1345545899] [PipeliningPhase.cpp:365] [apply] Constructed pipeline plan with 1 root pipelines.
PipelinedQueryPlan for Query: 1345545899
Number of root pipelines: 1
------------------
Root Pipeline 0:
  Pipeline(ID(82), Provider(COMPILER))
  Operator chain:
    PhysicalOperator(NES::SourcePhysicalOperator)
  Successor Pipeline:
    Pipeline(ID(83), Provider(None))
      Operator chain:
        PhysicalOperator(NES::ScanPhysicalOperator)
          PhysicalOperator(NES::SelectionPhysicalOperator)
            PhysicalOperator(NES::MapPhysicalOperator)
              PhysicalOperator(NES::EmitPhysicalOperator)
      Successor Pipeline:
        Pipeline(ID(84), Provider(None))
          Operator chain:
            PhysicalOperator(NES::SinkPhysicalOperator)

[m
[36m[02:10:21.093410] [D] [Not A Worker] [unnamed] [] [SinkProvider.cpp:30] [lower] The sinkDescriptor is: SinkDescriptor: (name: variant("PERSON_ID_SINK"), type: Void, Config: )[m
[36m[02:10:21.093863] [D] [SingleNodeWorker] [WorkerThread-28] [Task:1345545899-84] [VoidSink.cpp:37] [start] Setting up void sink: VoidSink[m
[36m[02:10:21.165141] [D] [SingleNodeWorker] [WorkerThread-28] [] [SourceThread.cpp:184] [start] Starting source with originId: 2[m
[36m[02:10:21.167481] [D] [SingleNodeWorker] [WorkerThread-25] [Task:1345545899-83] [BufferManager.cpp:65] [~BufferManager] Calling BufferManager::destroy()[m
[36m[02:10:21.167561] [D] [SingleNodeWorker] [WorkerThread-25] [Task:1345545899-83] [BufferManager.cpp:93] [~BufferManager] Shutting down Buffer Manager completed[m
[36m[02:10:22.085277] [D] [SingleNodeWorker] [WorkerThread-29] [Task:1345545899] [SourceThread.cpp:230] [tryStop] SourceThread 2: attempting to stop source[m
[36m[02:10:22.085330] [D] [SingleNodeWorker] [WorkerThread-29] [Task:1345545899] [SourceThread.cpp:248] [tryStop] SourceThread 2: stopped[m
[32m[02:10:22.111189] [I] [SingleNodeWorker] [WorkerThread-15] [Task:1345545899-84] [VoidSink.cpp:42] [stop] Void Sink completed.[m
[32m[02:10:22.111199] [I] [SingleNodeWorker] [WorkerThread-5] [] [SequenceShredder.cpp:55] [~SequenceShredder] Successfully validated SequenceShredder[m
[36m[02:10:22.111329] [D] [SingleNodeWorker] [WorkerThread-15] [] [SourceThread.cpp:226] [tryStop] SourceThread 2: thread is not running[m
[36m[02:10:25.975859] [D] [Not A Worker] [unnamed] [queryId:1742316977] [BufferManager.cpp:110] [initialize] NES memory allocation requires 1 out of 540577120256 (so 1.8498748143954595e-10%) available bytes[m
[36m[02:10:25.975911] [D] [Not A Worker] [unnamed] [queryId:1742316977] [BufferManager.cpp:160] [initialize] BufferManager configuration bufferSize=1 numOfBuffers=1[m
[36m[02:10:25.976103] [D] [Not A Worker] [unnamed] [queryId:1742316977] [PipeliningPhase.cpp:365] [apply] Constructed pipeline plan with 1 root pipelines.
PipelinedQueryPlan for Query: 1742316977
Number of root pipelines: 1
------------------
Root Pipeline 0:
  Pipeline(ID(85), Provider(COMPILER))
  Operator chain:
    PhysicalOperator(NES::SourcePhysicalOperator)
  Successor Pipeline:
    Pipeline(ID(86), Provider(None))
      Operator chain:
        PhysicalOperator(NES::ScanPhysicalOperator)
          PhysicalOperator(NES::SelectionPhysicalOperator)
            PhysicalOperator(NES::MapPhysicalOperator)
              PhysicalOperator(NES::EmitPhysicalOperator)
      Successor Pipeline:
        Pipeline(ID(87), Provider(None))
          Operator chain:
            PhysicalOperator(NES::SinkPhysicalOperator)

[m
[36m[02:10:25.979967] [D] [Not A Worker] [unnamed] [] [SinkProvider.cpp:30] [lower] The sinkDescriptor is: SinkDescriptor: (name: variant("PERSON_ID_SINK"), type: Void, Config: )[m
[36m[02:10:25.980580] [D] [SingleNodeWorker] [WorkerThread-4] [Task:1742316977-87] [VoidSink.cpp:37] [start] Setting up void sink: VoidSink[m
[36m[02:10:26.053505] [D] [SingleNodeWorker] [WorkerThread-4] [] [SourceThread.cpp:184] [start] Starting source with originId: 2[m
[36m[02:10:26.055187] [D] [SingleNodeWorker] [WorkerThread-19] [Task:1742316977-86] [BufferManager.cpp:65] [~BufferManager] Calling BufferManager::destroy()[m
[36m[02:10:26.055265] [D] [SingleNodeWorker] [WorkerThread-19] [Task:1742316977-86] [BufferManager.cpp:93] [~BufferManager] Shutting down Buffer Manager completed[m
[36m[02:10:26.549055] [D] [SingleNodeWorker] [WorkerThread-1] [Task:1742316977-86] [InputFormatter.hpp:348] [indexTrailingSpanningTupleProxy] last offset: 262143, first offset: 29[m
[36m[02:10:26.790481] [D] [SingleNodeWorker] [WorkerThread-0] [Task:1742316977-86] [InputFormatter.hpp:348] [indexTrailingSpanningTupleProxy] last offset: 262143, first offset: 99[m
[36m[02:10:26.926092] [D] [SingleNodeWorker] [WorkerThread-23] [Task:1742316977-86] [InputFormatter.hpp:348] [indexTrailingSpanningTupleProxy] last offset: 262143, first offset: 198[m
[36m[02:10:26.935405] [D] [SingleNodeWorker] [WorkerThread-12] [Task:1742316977] [SourceThread.cpp:230] [tryStop] SourceThread 2: attempting to stop source[m
[36m[02:10:26.935440] [D] [SingleNodeWorker] [WorkerThread-12] [Task:1742316977] [SourceThread.cpp:248] [tryStop] SourceThread 2: stopped[m
[32m[02:10:26.960928] [I] [SingleNodeWorker] [WorkerThread-23] [Task:1742316977-87] [VoidSink.cpp:42] [stop] Void Sink completed.[m
[36m[02:10:26.961052] [D] [SingleNodeWorker] [WorkerThread-23] [] [SourceThread.cpp:226] [tryStop] SourceThread 2: thread is not running[m
[32m[02:10:26.961236] [I] [SingleNodeWorker] [WorkerThread-28] [] [SequenceShredder.cpp:55] [~SequenceShredder] Successfully validated SequenceShredder[m
[36m[02:10:30.849656] [D] [Not A Worker] [unnamed] [queryId:1102233363] [BufferManager.cpp:110] [initialize] NES memory allocation requires 1 out of 540577120256 (so 1.8498748143954595e-10%) available bytes[m
[36m[02:10:30.849705] [D] [Not A Worker] [unnamed] [queryId:1102233363] [BufferManager.cpp:160] [initialize] BufferManager configuration bufferSize=1 numOfBuffers=1[m
[36m[02:10:30.849887] [D] [Not A Worker] [unnamed] [queryId:1102233363] [PipeliningPhase.cpp:365] [apply] Constructed pipeline plan with 1 root pipelines.
PipelinedQueryPlan for Query: 1102233363
Number of root pipelines: 1
------------------
Root Pipeline 0:
  Pipeline(ID(88), Provider(COMPILER))
  Operator chain:
    PhysicalOperator(NES::SourcePhysicalOperator)
  Successor Pipeline:
    Pipeline(ID(89), Provider(None))
      Operator chain:
        PhysicalOperator(NES::ScanPhysicalOperator)
          PhysicalOperator(NES::SelectionPhysicalOperator)
            PhysicalOperator(NES::MapPhysicalOperator)
              PhysicalOperator(NES::EmitPhysicalOperator)
      Successor Pipeline:
        Pipeline(ID(90), Provider(None))
          Operator chain:
            PhysicalOperator(NES::SinkPhysicalOperator)

[m
[36m[02:10:30.853188] [D] [Not A Worker] [unnamed] [] [SinkProvider.cpp:30] [lower] The sinkDescriptor is: SinkDescriptor: (name: variant("PERSON_ID_SINK"), type: Void, Config: )[m
[36m[02:10:30.853860] [D] [SingleNodeWorker] [WorkerThread-0] [Task:1102233363-90] [VoidSink.cpp:37] [start] Setting up void sink: VoidSink[m
[36m[02:10:30.926128] [D] [SingleNodeWorker] [WorkerThread-13] [] [SourceThread.cpp:184] [start] Starting source with originId: 2[m
[36m[02:10:30.927857] [D] [SingleNodeWorker] [WorkerThread-5] [Task:1102233363-89] [BufferManager.cpp:65] [~BufferManager] Calling BufferManager::destroy()[m
[36m[02:10:30.927951] [D] [SingleNodeWorker] [WorkerThread-5] [Task:1102233363-89] [BufferManager.cpp:93] [~BufferManager] Shutting down Buffer Manager completed[m
[36m[02:10:31.723164] [D] [SingleNodeWorker] [WorkerThread-17] [Task:1102233363-89] [InputFormatter.hpp:348] [indexTrailingSpanningTupleProxy] last offset: 262143, first offset: 154[m
[36m[02:10:32.013808] [D] [SingleNodeWorker] [WorkerThread-11] [Task:1102233363] [SourceThread.cpp:230] [tryStop] SourceThread 2: attempting to stop source[m
[36m[02:10:32.013856] [D] [SingleNodeWorker] [WorkerThread-11] [Task:1102233363] [SourceThread.cpp:248] [tryStop] SourceThread 2: stopped[m
[32m[02:10:32.039533] [I] [SingleNodeWorker] [WorkerThread-4] [Task:1102233363-90] [VoidSink.cpp:42] [stop] Void Sink completed.[m
[36m[02:10:32.039673] [D] [SingleNodeWorker] [WorkerThread-4] [] [SourceThread.cpp:226] [tryStop] SourceThread 2: thread is not running[m
[32m[02:10:32.039855] [I] [SingleNodeWorker] [WorkerThread-7] [] [SequenceShredder.cpp:55] [~SequenceShredder] Successfully validated SequenceShredder[m
[36m[02:10:35.664035] [D] [Not A Worker] [unnamed] [queryId:931764002] [BufferManager.cpp:110] [initialize] NES memory allocation requires 1 out of 540577120256 (so 1.8498748143954595e-10%) available bytes[m
[36m[02:10:35.664087] [D] [Not A Worker] [unnamed] [queryId:931764002] [BufferManager.cpp:160] [initialize] BufferManager configuration bufferSize=1 numOfBuffers=1[m
[36m[02:10:35.664265] [D] [Not A Worker] [unnamed] [queryId:931764002] [PipeliningPhase.cpp:365] [apply] Constructed pipeline plan with 1 root pipelines.
PipelinedQueryPlan for Query: 931764002
Number of root pipelines: 1
------------------
Root Pipeline 0:
  Pipeline(ID(91), Provider(COMPILER))
  Operator chain:
    PhysicalOperator(NES::SourcePhysicalOperator)
  Successor Pipeline:
    Pipeline(ID(92), Provider(None))
      Operator chain:
        PhysicalOperator(NES::ScanPhysicalOperator)
          PhysicalOperator(NES::SelectionPhysicalOperator)
            PhysicalOperator(NES::MapPhysicalOperator)
              PhysicalOperator(NES::EmitPhysicalOperator)
      Successor Pipeline:
        Pipeline(ID(93), Provider(None))
          Operator chain:
            PhysicalOperator(NES::SinkPhysicalOperator)

[m
[36m[02:10:35.667560] [D] [Not A Worker] [unnamed] [] [SinkProvider.cpp:30] [lower] The sinkDescriptor is: SinkDescriptor: (name: variant("BID_AUCTION_ID_SINK"), type: Void, Config: )[m
[36m[02:10:35.668391] [D] [SingleNodeWorker] [WorkerThread-28] [Task:931764002-93] [VoidSink.cpp:37] [start] Setting up void sink: VoidSink[m
[36m[02:10:35.721722] [D] [SingleNodeWorker] [WorkerThread-28] [] [SourceThread.cpp:184] [start] Starting source with originId: 2[m
[36m[02:10:35.723327] [D] [SingleNodeWorker] [WorkerThread-28] [Task:931764002-92] [BufferManager.cpp:65] [~BufferManager] Calling BufferManager::destroy()[m
[36m[02:10:35.723353] [D] [SingleNodeWorker] [WorkerThread-28] [Task:931764002-92] [BufferManager.cpp:93] [~BufferManager] Shutting down Buffer Manager completed[m
[36m[02:10:38.335106] [D] [SingleNodeWorker] [WorkerThread-17] [Task:931764002-92] [InputFormatter.hpp:348] [indexTrailingSpanningTupleProxy] last offset: 262143, first offset: 27[m
[36m[02:10:42.043859] [D] [SingleNodeWorker] [WorkerThread-14] [Task:931764002-92] [InputFormatter.hpp:348] [indexTrailingSpanningTupleProxy] last offset: 262143, first offset: 81[m
[36m[02:10:42.734025] [D] [SingleNodeWorker] [WorkerThread-22] [Task:931764002-92] [InputFormatter.hpp:348] [indexTrailingSpanningTupleProxy] last offset: 262143, first offset: 45[m
[36m[02:10:44.561047] [D] [SingleNodeWorker] [WorkerThread-30] [Task:931764002-92] [InputFormatter.hpp:348] [indexTrailingSpanningTupleProxy] last offset: 262143, first offset: 76[m
[36m[02:10:46.453891] [D] [SingleNodeWorker] [WorkerThread-4] [Task:931764002-92] [InputFormatter.hpp:348] [indexTrailingSpanningTupleProxy] last offset: 262143, first offset: 2[m
[36m[02:10:46.462400] [D] [SingleNodeWorker] [WorkerThread-20] [Task:931764002-92] [InputFormatter.hpp:348] [indexTrailingSpanningTupleProxy] last offset: 262143, first offset: 44[m
[36m[02:10:49.574468] [D] [SingleNodeWorker] [WorkerThread-7] [Task:931764002-92] [InputFormatter.hpp:348] [indexTrailingSpanningTupleProxy] last offset: 262143, first offset: 82[m
[36m[02:10:50.650085] [D] [SingleNodeWorker] [WorkerThread-9] [Task:931764002-92] [InputFormatter.hpp:348] [indexTrailingSpanningTupleProxy] last offset: 262143, first offset: 21[m
[36m[02:10:51.680312] [D] [SingleNodeWorker] [WorkerThread-0] [Task:931764002-92] [InputFormatter.hpp:348] [indexTrailingSpanningTupleProxy] last offset: 262143, first offset: 82[m
[36m[02:10:51.765455] [D] [SingleNodeWorker] [WorkerThread-0] [Task:931764002-92] [InputFormatter.hpp:348] [indexTrailingSpanningTupleProxy] last offset: 262143, first offset: 81[m
[36m[02:10:53.822234] [D] [SingleNodeWorker] [WorkerThread-5] [Task:931764002-92] [InputFormatter.hpp:348] [indexTrailingSpanningTupleProxy] last offset: 262143, first offset: 29[m
[36m[02:10:53.838830] [D] [SingleNodeWorker] [WorkerThread-14] [Task:931764002] [SourceThread.cpp:230] [tryStop] SourceThread 2: attempting to stop source[m
[36m[02:10:53.838871] [D] [SingleNodeWorker] [WorkerThread-14] [Task:931764002] [SourceThread.cpp:248] [tryStop] SourceThread 2: stopped[m
[32m[02:10:53.864489] [I] [SingleNodeWorker] [WorkerThread-4] [Task:931764002-93] [VoidSink.cpp:42] [stop] Void Sink completed.[m
[36m[02:10:53.864620] [D] [SingleNodeWorker] [WorkerThread-4] [] [SourceThread.cpp:226] [tryStop] SourceThread 2: thread is not running[m
[32m[02:10:53.864698] [I] [SingleNodeWorker] [WorkerThread-31] [] [SequenceShredder.cpp:55] [~SequenceShredder] Successfully validated SequenceShredder[m
[36m[02:10:57.224649] [D] [Not A Worker] [unnamed] [queryId:1595811013] [BufferManager.cpp:110] [initialize] NES memory allocation requires 1 out of 540577120256 (so 1.8498748143954595e-10%) available bytes[m
[36m[02:10:57.224718] [D] [Not A Worker] [unnamed] [queryId:1595811013] [BufferManager.cpp:160] [initialize] BufferManager configuration bufferSize=1 numOfBuffers=1[m
[36m[02:10:57.224905] [D] [Not A Worker] [unnamed] [queryId:1595811013] [PipeliningPhase.cpp:365] [apply] Constructed pipeline plan with 1 root pipelines.
PipelinedQueryPlan for Query: 1595811013
Number of root pipelines: 1
------------------
Root Pipeline 0:
  Pipeline(ID(94), Provider(COMPILER))
  Operator chain:
    PhysicalOperator(NES::SourcePhysicalOperator)
  Successor Pipeline:
    Pipeline(ID(95), Provider(None))
      Operator chain:
        PhysicalOperator(NES::ScanPhysicalOperator)
          PhysicalOperator(NES::SelectionPhysicalOperator)
            PhysicalOperator(NES::MapPhysicalOperator)
              PhysicalOperator(NES::EmitPhysicalOperator)
      Successor Pipeline:
        Pipeline(ID(96), Provider(None))
          Operator chain:
            PhysicalOperator(NES::SinkPhysicalOperator)

[m
[36m[02:10:57.228704] [D] [Not A Worker] [unnamed] [] [SinkProvider.cpp:30] [lower] The sinkDescriptor is: SinkDescriptor: (name: variant("BID_AUCTION_ID_SINK"), type: Void, Config: )[m
[36m[02:10:57.230397] [D] [SingleNodeWorker] [WorkerThread-19] [Task:1595811013-96] [VoidSink.cpp:37] [start] Setting up void sink: VoidSink[m
[36m[02:10:57.283065] [D] [SingleNodeWorker] [WorkerThread-15] [] [SourceThread.cpp:184] [start] Starting source with originId: 2[m
[36m[02:10:57.290044] [D] [SingleNodeWorker] [WorkerThread-15] [Task:1595811013-95] [BufferManager.cpp:65] [~BufferManager] Calling BufferManager::destroy()[m
[36m[02:10:57.290073] [D] [SingleNodeWorker] [WorkerThread-15] [Task:1595811013-95] [BufferManager.cpp:93] [~BufferManager] Shutting down Buffer Manager completed[m
[36m[02:10:57.640195] [D] [SingleNodeWorker] [WorkerThread-14] [Task:1595811013-95] [InputFormatter.hpp:348] [indexTrailingSpanningTupleProxy] last offset: 262143, first offset: 43[m
[36m[02:11:01.767981] [D] [SingleNodeWorker] [WorkerThread-20] [Task:1595811013-95] [InputFormatter.hpp:348] [indexTrailingSpanningTupleProxy] last offset: 262143, first offset: 17[m
[36m[02:11:02.760762] [D] [SingleNodeWorker] [WorkerThread-14] [Task:1595811013-95] [InputFormatter.hpp:348] [indexTrailingSpanningTupleProxy] last offset: 262143, first offset: 44[m
[36m[02:11:04.991383] [D] [SingleNodeWorker] [WorkerThread-4] [Task:1595811013-95] [InputFormatter.hpp:348] [indexTrailingSpanningTupleProxy] last offset: 262143, first offset: 72[m
[36m[02:11:06.480327] [D] [SingleNodeWorker] [WorkerThread-20] [Task:1595811013-95] [InputFormatter.hpp:348] [indexTrailingSpanningTupleProxy] last offset: 262143, first offset: 17[m
[36m[02:11:08.229171] [D] [SingleNodeWorker] [WorkerThread-25] [Task:1595811013-95] [InputFormatter.hpp:348] [indexTrailingSpanningTupleProxy] last offset: 262143, first offset: 81[m
[36m[02:11:10.458377] [D] [SingleNodeWorker] [WorkerThread-24] [Task:1595811013-95] [InputFormatter.hpp:348] [indexTrailingSpanningTupleProxy] last offset: 262143, first offset: 73[m
[36m[02:11:11.152039] [D] [SingleNodeWorker] [WorkerThread-20] [Task:1595811013-95] [InputFormatter.hpp:348] [indexTrailingSpanningTupleProxy] last offset: 262143, first offset: 33[m
[36m[02:11:12.171855] [D] [SingleNodeWorker] [WorkerThread-30] [Task:1595811013-95] [InputFormatter.hpp:348] [indexTrailingSpanningTupleProxy] last offset: 262143, first offset: 21[m
[36m[02:11:12.543026] [D] [SingleNodeWorker] [WorkerThread-29] [Task:1595811013-95] [InputFormatter.hpp:348] [indexTrailingSpanningTupleProxy] last offset: 262143, first offset: 78[m
[36m[02:11:14.582387] [D] [SingleNodeWorker] [WorkerThread-27] [Task:1595811013-95] [InputFormatter.hpp:348] [indexTrailingSpanningTupleProxy] last offset: 262143, first offset: 2[m
[36m[02:11:15.102961] [D] [SingleNodeWorker] [WorkerThread-26] [Task:1595811013-95] [InputFormatter.hpp:348] [indexTrailingSpanningTupleProxy] last offset: 262143, first offset: 22[m
[36m[02:11:15.233898] [D] [SingleNodeWorker] [WorkerThread-26] [Task:1595811013-95] [InputFormatter.hpp:348] [indexTrailingSpanningTupleProxy] last offset: 262143, first offset: 53[m
[36m[02:11:15.378974] [D] [SingleNodeWorker] [WorkerThread-16] [Task:1595811013] [SourceThread.cpp:230] [tryStop] SourceThread 2: attempting to stop source[m
[36m[02:11:15.379026] [D] [SingleNodeWorker] [WorkerThread-16] [Task:1595811013] [SourceThread.cpp:248] [tryStop] SourceThread 2: stopped[m
[32m[02:11:15.405817] [I] [SingleNodeWorker] [WorkerThread-0] [] [SequenceShredder.cpp:55] [~SequenceShredder] Successfully validated SequenceShredder[m
[32m[02:11:15.405834] [I] [SingleNodeWorker] [WorkerThread-24] [Task:1595811013-96] [VoidSink.cpp:42] [stop] Void Sink completed.[m
[36m[02:11:15.406024] [D] [SingleNodeWorker] [WorkerThread-24] [] [SourceThread.cpp:226] [tryStop] SourceThread 2: thread is not running[m
[36m[02:11:18.969333] [D] [Not A Worker] [unnamed] [queryId:1218106480] [BufferManager.cpp:110] [initialize] NES memory allocation requires 1 out of 540577120256 (so 1.8498748143954595e-10%) available bytes[m
[36m[02:11:18.969391] [D] [Not A Worker] [unnamed] [queryId:1218106480] [BufferManager.cpp:160] [initialize] BufferManager configuration bufferSize=1 numOfBuffers=1[m
[36m[02:11:18.969556] [D] [Not A Worker] [unnamed] [queryId:1218106480] [PipeliningPhase.cpp:365] [apply] Constructed pipeline plan with 1 root pipelines.
PipelinedQueryPlan for Query: 1218106480
Number of root pipelines: 1
------------------
Root Pipeline 0:
  Pipeline(ID(97), Provider(COMPILER))
  Operator chain:
    PhysicalOperator(NES::SourcePhysicalOperator)
  Successor Pipeline:
    Pipeline(ID(98), Provider(None))
      Operator chain:
        PhysicalOperator(NES::ScanPhysicalOperator)
          PhysicalOperator(NES::SelectionPhysicalOperator)
            PhysicalOperator(NES::MapPhysicalOperator)
              PhysicalOperator(NES::EmitPhysicalOperator)
      Successor Pipeline:
        Pipeline(ID(99), Provider(None))
          Operator chain:
            PhysicalOperator(NES::SinkPhysicalOperator)

[m
[36m[02:11:18.972987] [D] [Not A Worker] [unnamed] [] [SinkProvider.cpp:30] [lower] The sinkDescriptor is: SinkDescriptor: (name: variant("BID_AUCTION_ID_SINK"), type: Void, Config: )[m
[36m[02:11:18.973401] [D] [SingleNodeWorker] [WorkerThread-11] [Task:1218106480-99] [VoidSink.cpp:37] [start] Setting up void sink: VoidSink[m
[36m[02:11:19.028564] [D] [SingleNodeWorker] [WorkerThread-11] [] [SourceThread.cpp:184] [start] Starting source with originId: 2[m
[36m[02:11:19.035562] [D] [SingleNodeWorker] [WorkerThread-19] [Task:1218106480-98] [BufferManager.cpp:65] [~BufferManager] Calling BufferManager::destroy()[m
[36m[02:11:19.035662] [D] [SingleNodeWorker] [WorkerThread-19] [Task:1218106480-98] [BufferManager.cpp:93] [~BufferManager] Shutting down Buffer Manager completed[m
[36m[02:11:19.737589] [D] [SingleNodeWorker] [WorkerThread-20] [Task:1218106480-98] [InputFormatter.hpp:348] [indexTrailingSpanningTupleProxy] last offset: 262143, first offset: 12[m
[36m[02:11:20.406475] [D] [SingleNodeWorker] [WorkerThread-16] [Task:1218106480-98] [InputFormatter.hpp:348] [indexTrailingSpanningTupleProxy] last offset: 262143, first offset: 13[m
[36m[02:11:20.669499] [D] [SingleNodeWorker] [WorkerThread-19] [Task:1218106480-98] [InputFormatter.hpp:348] [indexTrailingSpanningTupleProxy] last offset: 262143, first offset: 34[m
[36m[02:11:22.038585] [D] [SingleNodeWorker] [WorkerThread-18] [Task:1218106480-98] [InputFormatter.hpp:348] [indexTrailingSpanningTupleProxy] last offset: 262143, first offset: 66[m
[36m[02:11:22.059898] [D] [SingleNodeWorker] [WorkerThread-20] [Task:1218106480-98] [InputFormatter.hpp:348] [indexTrailingSpanningTupleProxy] last offset: 262143, first offset: 29[m
[36m[02:11:23.566617] [D] [SingleNodeWorker] [WorkerThread-24] [Task:1218106480-98] [InputFormatter.hpp:348] [indexTrailingSpanningTupleProxy] last offset: 262143, first offset: 16[m
[36m[02:11:24.433541] [D] [SingleNodeWorker] [WorkerThread-30] [Task:1218106480-98] [InputFormatter.hpp:348] [indexTrailingSpanningTupleProxy] last offset: 262143, first offset: 14[m
[36m[02:11:24.576240] [D] [SingleNodeWorker] [WorkerThread-10] [Task:1218106480-98] [InputFormatter.hpp:348] [indexTrailingSpanningTupleProxy] last offset: 262143, first offset: 78[m
[36m[02:11:24.824747] [D] [SingleNodeWorker] [WorkerThread-31] [Task:1218106480-98] [InputFormatter.hpp:348] [indexTrailingSpanningTupleProxy] last offset: 262143, first offset: 64[m
[36m[02:11:25.547802] [D] [SingleNodeWorker] [WorkerThread-5] [Task:1218106480-98] [InputFormatter.hpp:348] [indexTrailingSpanningTupleProxy] last offset: 262143, first offset: 45[m
[36m[02:11:28.110886] [D] [SingleNodeWorker] [WorkerThread-5] [Task:1218106480-98] [InputFormatter.hpp:348] [indexTrailingSpanningTupleProxy] last offset: 262143, first offset: 64[m
[36m[02:11:29.139092] [D] [SingleNodeWorker] [WorkerThread-14] [Task:1218106480-98] [InputFormatter.hpp:348] [indexTrailingSpanningTupleProxy] last offset: 262143, first offset: 44[m
[36m[02:11:30.137733] [D] [SingleNodeWorker] [WorkerThread-24] [Task:1218106480-98] [InputFormatter.hpp:348] [indexTrailingSpanningTupleProxy] last offset: 262143, first offset: 73[m
[36m[02:11:30.689819] [D] [SingleNodeWorker] [WorkerThread-8] [Task:1218106480-98] [InputFormatter.hpp:348] [indexTrailingSpanningTupleProxy] last offset: 262143, first offset: 22[m
[36m[02:11:30.855743] [D] [SingleNodeWorker] [WorkerThread-14] [Task:1218106480-98] [InputFormatter.hpp:348] [indexTrailingSpanningTupleProxy] last offset: 262143, first offset: 3[m
[36m[02:11:33.016401] [D] [SingleNodeWorker] [WorkerThread-15] [Task:1218106480-98] [InputFormatter.hpp:348] [indexTrailingSpanningTupleProxy] last offset: 262143, first offset: 22[m
[36m[02:11:33.183639] [D] [SingleNodeWorker] [WorkerThread-14] [Task:1218106480-98] [InputFormatter.hpp:348] [indexTrailingSpanningTupleProxy] last offset: 262143, first offset: 57[m
[36m[02:11:34.856987] [D] [SingleNodeWorker] [WorkerThread-18] [Task:1218106480-98] [InputFormatter.hpp:348] [indexTrailingSpanningTupleProxy] last offset: 262143, first offset: 15[m
[36m[02:11:35.099377] [D] [SingleNodeWorker] [WorkerThread-11] [Task:1218106480-98] [InputFormatter.hpp:348] [indexTrailingSpanningTupleProxy] last offset: 262143, first offset: 85[m
[36m[02:11:36.525256] [D] [SingleNodeWorker] [WorkerThread-7] [Task:1218106480-98] [InputFormatter.hpp:348] [indexTrailingSpanningTupleProxy] last offset: 262143, first offset: 6[m
[36m[02:11:36.849648] [D] [SingleNodeWorker] [WorkerThread-28] [Task:1218106480-98] [InputFormatter.hpp:348] [indexTrailingSpanningTupleProxy] last offset: 262143, first offset: 53[m
[36m[02:11:37.000077] [D] [SingleNodeWorker] [WorkerThread-27] [Task:1218106480] [SourceThread.cpp:230] [tryStop] SourceThread 2: attempting to stop source[m
[36m[02:11:37.000133] [D] [SingleNodeWorker] [WorkerThread-27] [Task:1218106480] [SourceThread.cpp:248] [tryStop] SourceThread 2: stopped[m
[32m[02:11:37.025699] [I] [SingleNodeWorker] [WorkerThread-21] [Task:1218106480-99] [VoidSink.cpp:42] [stop] Void Sink completed.[m
[36m[02:11:37.025860] [D] [SingleNodeWorker] [WorkerThread-21] [] [SourceThread.cpp:226] [tryStop] SourceThread 2: thread is not running[m
[32m[02:11:37.025967] [I] [SingleNodeWorker] [WorkerThread-29] [] [SequenceShredder.cpp:55] [~SequenceShredder] Successfully validated SequenceShredder[m
[36m[02:11:40.703165] [D] [Not A Worker] [unnamed] [queryId:318153768] [BufferManager.cpp:110] [initialize] NES memory allocation requires 1 out of 540577120256 (so 1.8498748143954595e-10%) available bytes[m
[36m[02:11:40.703212] [D] [Not A Worker] [unnamed] [queryId:318153768] [BufferManager.cpp:160] [initialize] BufferManager configuration bufferSize=1 numOfBuffers=1[m
[36m[02:11:40.703389] [D] [Not A Worker] [unnamed] [queryId:318153768] [PipeliningPhase.cpp:365] [apply] Constructed pipeline plan with 1 root pipelines.
PipelinedQueryPlan for Query: 318153768
Number of root pipelines: 1
------------------
Root Pipeline 0:
  Pipeline(ID(100), Provider(COMPILER))
  Operator chain:
    PhysicalOperator(NES::SourcePhysicalOperator)
  Successor Pipeline:
    Pipeline(ID(101), Provider(None))
      Operator chain:
        PhysicalOperator(NES::ScanPhysicalOperator)
          PhysicalOperator(NES::SelectionPhysicalOperator)
            PhysicalOperator(NES::MapPhysicalOperator)
              PhysicalOperator(NES::EmitPhysicalOperator)
      Successor Pipeline:
        Pipeline(ID(102), Provider(None))
          Operator chain:
            PhysicalOperator(NES::SinkPhysicalOperator)

[m
[36m[02:11:40.707085] [D] [Not A Worker] [unnamed] [] [SinkProvider.cpp:30] [lower] The sinkDescriptor is: SinkDescriptor: (name: variant("BID_AUCTION_ID_SINK"), type: Void, Config: )[m
[36m[02:11:40.707752] [D] [SingleNodeWorker] [WorkerThread-17] [Task:318153768-102] [VoidSink.cpp:37] [start] Setting up void sink: VoidSink[m
[36m[02:11:40.760791] [D] [SingleNodeWorker] [WorkerThread-15] [] [SourceThread.cpp:184] [start] Starting source with originId: 2[m
[36m[02:11:40.767769] [D] [SingleNodeWorker] [WorkerThread-15] [Task:318153768-101] [BufferManager.cpp:65] [~BufferManager] Calling BufferManager::destroy()[m
[36m[02:11:40.767797] [D] [SingleNodeWorker] [WorkerThread-15] [Task:318153768-101] [BufferManager.cpp:93] [~BufferManager] Shutting down Buffer Manager completed[m
[36m[02:11:41.132432] [D] [SingleNodeWorker] [WorkerThread-19] [Task:318153768-101] [InputFormatter.hpp:348] [indexTrailingSpanningTupleProxy] last offset: 262143, first offset: 43[m
[36m[02:11:41.259398] [D] [SingleNodeWorker] [WorkerThread-3] [Task:318153768-101] [InputFormatter.hpp:348] [indexTrailingSpanningTupleProxy] last offset: 262143, first offset: 16[m
[36m[02:11:41.626932] [D] [SingleNodeWorker] [WorkerThread-5] [Task:318153768-101] [InputFormatter.hpp:348] [indexTrailingSpanningTupleProxy] last offset: 262143, first offset: 32[m
[36m[02:11:42.603883] [D] [SingleNodeWorker] [WorkerThread-20] [Task:318153768-101] [InputFormatter.hpp:348] [indexTrailingSpanningTupleProxy] last offset: 262143, first offset: 48[m
[36m[02:11:43.027327] [D] [SingleNodeWorker] [WorkerThread-26] [Task:318153768-101] [InputFormatter.hpp:348] [indexTrailingSpanningTupleProxy] last offset: 262143, first offset: 23[m
[36m[02:11:43.664760] [D] [SingleNodeWorker] [WorkerThread-5] [Task:318153768-101] [InputFormatter.hpp:348] [indexTrailingSpanningTupleProxy] last offset: 262143, first offset: 74[m
[36m[02:11:47.494748] [D] [SingleNodeWorker] [WorkerThread-10] [Task:318153768-101] [InputFormatter.hpp:348] [indexTrailingSpanningTupleProxy] last offset: 262143, first offset: 69[m
[36m[02:11:48.693538] [D] [SingleNodeWorker] [WorkerThread-11] [Task:318153768-101] [InputFormatter.hpp:348] [indexTrailingSpanningTupleProxy] last offset: 262143, first offset: 34[m
[36m[02:11:52.617998] [D] [SingleNodeWorker] [WorkerThread-17] [Task:318153768-101] [InputFormatter.hpp:348] [indexTrailingSpanningTupleProxy] last offset: 262143, first offset: 71[m
[36m[02:11:53.451709] [D] [SingleNodeWorker] [WorkerThread-13] [Task:318153768-101] [InputFormatter.hpp:348] [indexTrailingSpanningTupleProxy] last offset: 262143, first offset: 50[m
[36m[02:11:53.575421] [D] [SingleNodeWorker] [WorkerThread-5] [Task:318153768-101] [InputFormatter.hpp:348] [indexTrailingSpanningTupleProxy] last offset: 262143, first offset: 19[m
[36m[02:11:55.631305] [D] [SingleNodeWorker] [WorkerThread-11] [Task:318153768-101] [InputFormatter.hpp:348] [indexTrailingSpanningTupleProxy] last offset: 262143, first offset: 24[m
[36m[02:11:57.716561] [D] [SingleNodeWorker] [WorkerThread-23] [Task:318153768-101] [InputFormatter.hpp:348] [indexTrailingSpanningTupleProxy] last offset: 262143, first offset: 73[m
[36m[02:11:57.824377] [D] [SingleNodeWorker] [WorkerThread-14] [Task:318153768-101] [InputFormatter.hpp:348] [indexTrailingSpanningTupleProxy] last offset: 262143, first offset: 33[m
[36m[02:11:58.224030] [D] [SingleNodeWorker] [WorkerThread-14] [Task:318153768-101] [InputFormatter.hpp:348] [indexTrailingSpanningTupleProxy] last offset: 262143, first offset: 6[m
[36m[02:11:58.697772] [D] [SingleNodeWorker] [WorkerThread-7] [Task:318153768] [SourceThread.cpp:230] [tryStop] SourceThread 2: attempting to stop source[m
[36m[02:11:58.697827] [D] [SingleNodeWorker] [WorkerThread-7] [Task:318153768] [SourceThread.cpp:248] [tryStop] SourceThread 2: stopped[m
[32m[02:11:58.723400] [I] [SingleNodeWorker] [WorkerThread-0] [] [SequenceShredder.cpp:55] [~SequenceShredder] Successfully validated SequenceShredder[m
[32m[02:11:58.724249] [I] [SingleNodeWorker] [WorkerThread-11] [Task:318153768-102] [VoidSink.cpp:42] [stop] Void Sink completed.[m
[36m[02:11:58.724401] [D] [SingleNodeWorker] [WorkerThread-11] [] [SourceThread.cpp:226] [tryStop] SourceThread 2: thread is not running[m
[36m[02:12:02.444741] [D] [Not A Worker] [unnamed] [queryId:1750147618] [BufferManager.cpp:110] [initialize] NES memory allocation requires 1 out of 540577120256 (so 1.8498748143954595e-10%) available bytes[m
[36m[02:12:02.444803] [D] [Not A Worker] [unnamed] [queryId:1750147618] [BufferManager.cpp:160] [initialize] BufferManager configuration bufferSize=1 numOfBuffers=1[m
[36m[02:12:02.445026] [D] [Not A Worker] [unnamed] [queryId:1750147618] [PipeliningPhase.cpp:365] [apply] Constructed pipeline plan with 1 root pipelines.
PipelinedQueryPlan for Query: 1750147618
Number of root pipelines: 1
------------------
Root Pipeline 0:
  Pipeline(ID(103), Provider(COMPILER))
  Operator chain:
    PhysicalOperator(NES::SourcePhysicalOperator)
  Successor Pipeline:
    Pipeline(ID(104), Provider(None))
      Operator chain:
        PhysicalOperator(NES::ScanPhysicalOperator)
          PhysicalOperator(NES::SelectionPhysicalOperator)
            PhysicalOperator(NES::MapPhysicalOperator)
              PhysicalOperator(NES::EmitPhysicalOperator)
      Successor Pipeline:
        Pipeline(ID(105), Provider(None))
          Operator chain:
            PhysicalOperator(NES::SinkPhysicalOperator)

[m
[36m[02:12:02.448792] [D] [Not A Worker] [unnamed] [] [SinkProvider.cpp:30] [lower] The sinkDescriptor is: SinkDescriptor: (name: variant("BID_AUCTION_ID_SINK"), type: Void, Config: )[m
[36m[02:12:02.449729] [D] [SingleNodeWorker] [WorkerThread-24] [Task:1750147618-105] [VoidSink.cpp:37] [start] Setting up void sink: VoidSink[m
[36m[02:12:02.501731] [D] [SingleNodeWorker] [WorkerThread-24] [] [SourceThread.cpp:184] [start] Starting source with originId: 2[m
[36m[02:12:02.509459] [D] [SingleNodeWorker] [WorkerThread-4] [Task:1750147618-104] [BufferManager.cpp:65] [~BufferManager] Calling BufferManager::destroy()[m
[36m[02:12:02.509534] [D] [SingleNodeWorker] [WorkerThread-4] [Task:1750147618-104] [BufferManager.cpp:93] [~BufferManager] Shutting down Buffer Manager completed[m
[36m[02:12:03.215502] [D] [SingleNodeWorker] [WorkerThread-19] [Task:1750147618-104] [InputFormatter.hpp:348] [indexTrailingSpanningTupleProxy] last offset: 262143, first offset: 12[m
[36m[02:12:03.920501] [D] [SingleNodeWorker] [WorkerThread-13] [Task:1750147618-104] [InputFormatter.hpp:348] [indexTrailingSpanningTupleProxy] last offset: 262143, first offset: 22[m
[36m[02:12:06.564223] [D] [SingleNodeWorker] [WorkerThread-18] [Task:1750147618-104] [InputFormatter.hpp:348] [indexTrailingSpanningTupleProxy] last offset: 262143, first offset: 76[m
[36m[02:12:07.645797] [D] [SingleNodeWorker] [WorkerThread-29] [Task:1750147618-104] [InputFormatter.hpp:348] [indexTrailingSpanningTupleProxy] last offset: 262143, first offset: 71[m
[36m[02:12:08.361257] [D] [SingleNodeWorker] [WorkerThread-3] [Task:1750147618-104] [InputFormatter.hpp:348] [indexTrailingSpanningTupleProxy] last offset: 262143, first offset: 7[m
[36m[02:12:08.575275] [D] [SingleNodeWorker] [WorkerThread-25] [Task:1750147618-104] [InputFormatter.hpp:348] [indexTrailingSpanningTupleProxy] last offset: 262143, first offset: 66[m
[36m[02:12:16.964930] [D] [SingleNodeWorker] [WorkerThread-21] [Task:1750147618-104] [InputFormatter.hpp:348] [indexTrailingSpanningTupleProxy] last offset: 262143, first offset: 4[m
[36m[02:12:17.356151] [D] [SingleNodeWorker] [WorkerThread-17] [Task:1750147618-104] [InputFormatter.hpp:348] [indexTrailingSpanningTupleProxy] last offset: 262143, first offset: 80[m
[36m[02:12:17.929649] [D] [SingleNodeWorker] [WorkerThread-24] [Task:1750147618-104] [InputFormatter.hpp:348] [indexTrailingSpanningTupleProxy] last offset: 262143, first offset: 84[m
[36m[02:12:19.224945] [D] [SingleNodeWorker] [WorkerThread-20] [Task:1750147618-104] [InputFormatter.hpp:348] [indexTrailingSpanningTupleProxy] last offset: 262143, first offset: 27[m
[36m[02:12:20.465596] [D] [SingleNodeWorker] [WorkerThread-0] [Task:1750147618] [SourceThread.cpp:230] [tryStop] SourceThread 2: attempting to stop source[m
[36m[02:12:20.465642] [D] [SingleNodeWorker] [WorkerThread-0] [Task:1750147618] [SourceThread.cpp:248] [tryStop] SourceThread 2: stopped[m
[32m[02:12:20.491917] [I] [SingleNodeWorker] [WorkerThread-20] [] [SequenceShredder.cpp:55] [~SequenceShredder] Successfully validated SequenceShredder[m
[32m[02:12:20.491987] [I] [SingleNodeWorker] [WorkerThread-23] [Task:1750147618-105] [VoidSink.cpp:42] [stop] Void Sink completed.[m
[36m[02:12:20.492126] [D] [SingleNodeWorker] [WorkerThread-23] [] [SourceThread.cpp:226] [tryStop] SourceThread 2: thread is not running[m
[36m[02:12:24.197114] [D] [Not A Worker] [unnamed] [queryId:1101124256] [BufferManager.cpp:110] [initialize] NES memory allocation requires 1 out of 540577120256 (so 1.8498748143954595e-10%) available bytes[m
[36m[02:12:24.197162] [D] [Not A Worker] [unnamed] [queryId:1101124256] [BufferManager.cpp:160] [initialize] BufferManager configuration bufferSize=1 numOfBuffers=1[m
[36m[02:12:24.197350] [D] [Not A Worker] [unnamed] [queryId:1101124256] [PipeliningPhase.cpp:365] [apply] Constructed pipeline plan with 1 root pipelines.
PipelinedQueryPlan for Query: 1101124256
Number of root pipelines: 1
------------------
Root Pipeline 0:
  Pipeline(ID(106), Provider(COMPILER))
  Operator chain:
    PhysicalOperator(NES::SourcePhysicalOperator)
  Successor Pipeline:
    Pipeline(ID(107), Provider(None))
      Operator chain:
        PhysicalOperator(NES::ScanPhysicalOperator)
          PhysicalOperator(NES::SelectionPhysicalOperator)
            PhysicalOperator(NES::MapPhysicalOperator)
              PhysicalOperator(NES::EmitPhysicalOperator)
      Successor Pipeline:
        Pipeline(ID(108), Provider(None))
          Operator chain:
            PhysicalOperator(NES::SinkPhysicalOperator)

[m
[36m[02:12:24.200405] [D] [Not A Worker] [unnamed] [] [SinkProvider.cpp:30] [lower] The sinkDescriptor is: SinkDescriptor: (name: variant("BID_AUCTION_ID_SINK"), type: Void, Config: )[m
[36m[02:12:24.202256] [D] [SingleNodeWorker] [WorkerThread-4] [Task:1101124256-108] [VoidSink.cpp:37] [start] Setting up void sink: VoidSink[m
[36m[02:12:24.256723] [D] [SingleNodeWorker] [WorkerThread-11] [] [SourceThread.cpp:184] [start] Starting source with originId: 2[m
[36m[02:12:24.264510] [D] [SingleNodeWorker] [WorkerThread-16] [Task:1101124256-107] [BufferManager.cpp:65] [~BufferManager] Calling BufferManager::destroy()[m
[36m[02:12:24.264591] [D] [SingleNodeWorker] [WorkerThread-16] [Task:1101124256-107] [BufferManager.cpp:93] [~BufferManager] Shutting down Buffer Manager completed[m
[36m[02:12:31.029081] [D] [SingleNodeWorker] [WorkerThread-25] [Task:1101124256-107] [InputFormatter.hpp:348] [indexTrailingSpanningTupleProxy] last offset: 262143, first offset: 4[m
[36m[02:12:31.764771] [D] [SingleNodeWorker] [WorkerThread-0] [Task:1101124256-107] [InputFormatter.hpp:348] [indexTrailingSpanningTupleProxy] last offset: 262143, first offset: 31[m
[36m[02:12:31.860471] [D] [SingleNodeWorker] [WorkerThread-0] [Task:1101124256-107] [InputFormatter.hpp:348] [indexTrailingSpanningTupleProxy] last offset: 262143, first offset: 78[m
[36m[02:12:33.126677] [D] [SingleNodeWorker] [WorkerThread-18] [Task:1101124256-107] [InputFormatter.hpp:348] [indexTrailingSpanningTupleProxy] last offset: 262143, first offset: 72[m
[36m[02:12:33.251466] [D] [SingleNodeWorker] [WorkerThread-28] [Task:1101124256-107] [InputFormatter.hpp:348] [indexTrailingSpanningTupleProxy] last offset: 262143, first offset: 1[m
[36m[02:12:36.233804] [D] [SingleNodeWorker] [WorkerThread-6] [Task:1101124256-107] [InputFormatter.hpp:348] [indexTrailingSpanningTupleProxy] last offset: 262143, first offset: 75[m
[36m[02:12:36.947542] [D] [SingleNodeWorker] [WorkerThread-20] [Task:1101124256-107] [InputFormatter.hpp:348] [indexTrailingSpanningTupleProxy] last offset: 262143, first offset: 57[m
[36m[02:12:38.211335] [D] [SingleNodeWorker] [WorkerThread-0] [Task:1101124256-107] [InputFormatter.hpp:348] [indexTrailingSpanningTupleProxy] last offset: 262143, first offset: 78[m
[36m[02:12:39.260049] [D] [SingleNodeWorker] [WorkerThread-17] [Task:1101124256-107] [InputFormatter.hpp:348] [indexTrailingSpanningTupleProxy] last offset: 262143, first offset: 70[m
[36m[02:12:40.047151] [D] [SingleNodeWorker] [WorkerThread-3] [Task:1101124256-107] [InputFormatter.hpp:348] [indexTrailingSpanningTupleProxy] last offset: 262143, first offset: 84[m
[36m[02:12:40.057100] [D] [SingleNodeWorker] [WorkerThread-30] [Task:1101124256-107] [InputFormatter.hpp:348] [indexTrailingSpanningTupleProxy] last offset: 262143, first offset: 15[m
[36m[02:12:42.202144] [D] [SingleNodeWorker] [WorkerThread-26] [Task:1101124256] [SourceThread.cpp:230] [tryStop] SourceThread 2: attempting to stop source[m
[36m[02:12:42.202187] [D] [SingleNodeWorker] [WorkerThread-26] [Task:1101124256] [SourceThread.cpp:248] [tryStop] SourceThread 2: stopped[m
[32m[02:12:42.227637] [I] [SingleNodeWorker] [WorkerThread-25] [Task:1101124256-108] [VoidSink.cpp:42] [stop] Void Sink completed.[m
[36m[02:12:42.227775] [D] [SingleNodeWorker] [WorkerThread-25] [] [SourceThread.cpp:226] [tryStop] SourceThread 2: thread is not running[m
[32m[02:12:42.227914] [I] [SingleNodeWorker] [WorkerThread-24] [] [SequenceShredder.cpp:55] [~SequenceShredder] Successfully validated SequenceShredder[m
[36m[02:12:46.020415] [D] [Not A Worker] [unnamed] [queryId:382250908] [BufferManager.cpp:110] [initialize] NES memory allocation requires 1 out of 540577120256 (so 1.8498748143954595e-10%) available bytes[m
[36m[02:12:46.020470] [D] [Not A Worker] [unnamed] [queryId:382250908] [BufferManager.cpp:160] [initialize] BufferManager configuration bufferSize=1 numOfBuffers=1[m
[36m[02:12:46.020659] [D] [Not A Worker] [unnamed] [queryId:382250908] [PipeliningPhase.cpp:365] [apply] Constructed pipeline plan with 1 root pipelines.
PipelinedQueryPlan for Query: 382250908
Number of root pipelines: 1
------------------
Root Pipeline 0:
  Pipeline(ID(109), Provider(COMPILER))
  Operator chain:
    PhysicalOperator(NES::SourcePhysicalOperator)
  Successor Pipeline:
    Pipeline(ID(110), Provider(None))
      Operator chain:
        PhysicalOperator(NES::ScanPhysicalOperator)
          PhysicalOperator(NES::SelectionPhysicalOperator)
            PhysicalOperator(NES::MapPhysicalOperator)
              PhysicalOperator(NES::EmitPhysicalOperator)
      Successor Pipeline:
        Pipeline(ID(111), Provider(None))
          Operator chain:
            PhysicalOperator(NES::SinkPhysicalOperator)

[m
[36m[02:12:46.024474] [D] [Not A Worker] [unnamed] [] [SinkProvider.cpp:30] [lower] The sinkDescriptor is: SinkDescriptor: (name: variant("BID_AUCTION_ID_SINK"), type: Void, Config: )[m
[36m[02:12:46.024944] [D] [SingleNodeWorker] [WorkerThread-6] [Task:382250908-111] [VoidSink.cpp:37] [start] Setting up void sink: VoidSink[m
[36m[02:12:46.076744] [D] [SingleNodeWorker] [WorkerThread-12] [] [SourceThread.cpp:184] [start] Starting source with originId: 2[m
[36m[02:12:46.083865] [D] [SingleNodeWorker] [WorkerThread-12] [Task:382250908-110] [BufferManager.cpp:65] [~BufferManager] Calling BufferManager::destroy()[m
[36m[02:12:46.083892] [D] [SingleNodeWorker] [WorkerThread-12] [Task:382250908-110] [BufferManager.cpp:93] [~BufferManager] Shutting down Buffer Manager completed[m
[36m[02:12:46.982032] [D] [SingleNodeWorker] [WorkerThread-20] [Task:382250908-110] [InputFormatter.hpp:348] [indexTrailingSpanningTupleProxy] last offset: 262143, first offset: 32[m
[36m[02:12:47.101109] [D] [SingleNodeWorker] [WorkerThread-5] [Task:382250908-110] [InputFormatter.hpp:348] [indexTrailingSpanningTupleProxy] last offset: 262143, first offset: 10[m
[36m[02:12:47.506084] [D] [SingleNodeWorker] [WorkerThread-22] [Task:382250908-110] [InputFormatter.hpp:348] [indexTrailingSpanningTupleProxy] last offset: 262143, first offset: 22[m
[36m[02:12:47.804919] [D] [SingleNodeWorker] [WorkerThread-7] [Task:382250908-110] [InputFormatter.hpp:348] [indexTrailingSpanningTupleProxy] last offset: 262143, first offset: 65[m
[36m[02:12:47.963293] [D] [SingleNodeWorker] [WorkerThread-18] [Task:382250908-110] [InputFormatter.hpp:348] [indexTrailingSpanningTupleProxy] last offset: 262143, first offset: 58[m
[36m[02:12:48.159884] [D] [SingleNodeWorker] [WorkerThread-0] [Task:382250908-110] [InputFormatter.hpp:348] [indexTrailingSpanningTupleProxy] last offset: 262143, first offset: 14[m
[36m[02:12:48.797704] [D] [SingleNodeWorker] [WorkerThread-13] [Task:382250908-110] [InputFormatter.hpp:348] [indexTrailingSpanningTupleProxy] last offset: 262143, first offset: 40[m
[36m[02:12:51.567727] [D] [SingleNodeWorker] [WorkerThread-20] [Task:382250908-110] [InputFormatter.hpp:348] [indexTrailingSpanningTupleProxy] last offset: 262143, first offset: 1[m
[36m[02:12:51.764905] [D] [SingleNodeWorker] [WorkerThread-12] [Task:382250908-110] [InputFormatter.hpp:348] [indexTrailingSpanningTupleProxy] last offset: 262143, first offset: 22[m
[36m[02:12:58.700462] [D] [SingleNodeWorker] [WorkerThread-17] [Task:382250908-110] [InputFormatter.hpp:348] [indexTrailingSpanningTupleProxy] last offset: 262143, first offset: 33[m
[36m[02:13:03.518462] [D] [SingleNodeWorker] [WorkerThread-24] [Task:382250908-110] [InputFormatter.hpp:348] [indexTrailingSpanningTupleProxy] last offset: 262143, first offset: 4[m
[36m[02:13:04.043210] [D] [SingleNodeWorker] [WorkerThread-17] [Task:382250908] [SourceThread.cpp:230] [tryStop] SourceThread 2: attempting to stop source[m
[36m[02:13:04.043254] [D] [SingleNodeWorker] [WorkerThread-17] [Task:382250908] [SourceThread.cpp:248] [tryStop] SourceThread 2: stopped[m
[32m[02:13:04.069544] [I] [SingleNodeWorker] [WorkerThread-6] [] [SequenceShredder.cpp:55] [~SequenceShredder] Successfully validated SequenceShredder[m
[32m[02:13:04.069906] [I] [SingleNodeWorker] [WorkerThread-12] [Task:382250908-111] [VoidSink.cpp:42] [stop] Void Sink completed.[m
[36m[02:13:04.070032] [D] [SingleNodeWorker] [WorkerThread-12] [] [SourceThread.cpp:226] [tryStop] SourceThread 2: thread is not running[m
[36m[02:13:07.686383] [D] [Not A Worker] [unnamed] [queryId:428817146] [BufferManager.cpp:110] [initialize] NES memory allocation requires 1 out of 540577120256 (so 1.8498748143954595e-10%) available bytes[m
[36m[02:13:07.686438] [D] [Not A Worker] [unnamed] [queryId:428817146] [BufferManager.cpp:160] [initialize] BufferManager configuration bufferSize=1 numOfBuffers=1[m
[36m[02:13:07.686680] [D] [Not A Worker] [unnamed] [queryId:428817146] [PipeliningPhase.cpp:365] [apply] Constructed pipeline plan with 1 root pipelines.
PipelinedQueryPlan for Query: 428817146
Number of root pipelines: 1
------------------
Root Pipeline 0:
  Pipeline(ID(112), Provider(COMPILER))
  Operator chain:
    PhysicalOperator(NES::SourcePhysicalOperator)
  Successor Pipeline:
    Pipeline(ID(113), Provider(None))
      Operator chain:
        PhysicalOperator(NES::ScanPhysicalOperator)
          PhysicalOperator(NES::SelectionPhysicalOperator)
            PhysicalOperator(NES::MapPhysicalOperator)
              PhysicalOperator(NES::EmitPhysicalOperator)
      Successor Pipeline:
        Pipeline(ID(114), Provider(None))
          Operator chain:
            PhysicalOperator(NES::SinkPhysicalOperator)

[m
[36m[02:13:07.690151] [D] [Not A Worker] [unnamed] [] [SinkProvider.cpp:30] [lower] The sinkDescriptor is: SinkDescriptor: (name: variant("BID_AUCTION_ID_SINK"), type: Void, Config: )[m
[36m[02:13:07.691728] [D] [SingleNodeWorker] [WorkerThread-31] [Task:428817146-114] [VoidSink.cpp:37] [start] Setting up void sink: VoidSink[m
[36m[02:13:07.746540] [D] [SingleNodeWorker] [WorkerThread-31] [] [SourceThread.cpp:184] [start] Starting source with originId: 2[m
[36m[02:13:07.754225] [D] [SingleNodeWorker] [WorkerThread-14] [Task:428817146-113] [BufferManager.cpp:65] [~BufferManager] Calling BufferManager::destroy()[m
[36m[02:13:07.754303] [D] [SingleNodeWorker] [WorkerThread-14] [Task:428817146-113] [BufferManager.cpp:93] [~BufferManager] Shutting down Buffer Manager completed[m
[36m[02:13:10.132111] [D] [SingleNodeWorker] [WorkerThread-21] [Task:428817146-113] [InputFormatter.hpp:348] [indexTrailingSpanningTupleProxy] last offset: 262143, first offset: 20[m
[36m[02:13:10.750215] [D] [SingleNodeWorker] [WorkerThread-4] [Task:428817146-113] [InputFormatter.hpp:348] [indexTrailingSpanningTupleProxy] last offset: 262143, first offset: 66[m
[36m[02:13:11.237927] [D] [SingleNodeWorker] [WorkerThread-14] [Task:428817146-113] [InputFormatter.hpp:348] [indexTrailingSpanningTupleProxy] last offset: 262143, first offset: 69[m
[36m[02:13:12.512073] [D] [SingleNodeWorker] [WorkerThread-11] [Task:428817146-113] [InputFormatter.hpp:348] [indexTrailingSpanningTupleProxy] last offset: 262143, first offset: 67[m
[36m[02:13:16.489720] [D] [SingleNodeWorker] [WorkerThread-30] [Task:428817146-113] [InputFormatter.hpp:348] [indexTrailingSpanningTupleProxy] last offset: 262143, first offset: 76[m
[36m[02:13:16.627788] [D] [SingleNodeWorker] [WorkerThread-21] [Task:428817146-113] [InputFormatter.hpp:348] [indexTrailingSpanningTupleProxy] last offset: 262143, first offset: 66[m
[36m[02:13:18.316896] [D] [SingleNodeWorker] [WorkerThread-30] [Task:428817146-113] [InputFormatter.hpp:348] [indexTrailingSpanningTupleProxy] last offset: 262143, first offset: 29[m
[36m[02:13:19.814053] [D] [SingleNodeWorker] [WorkerThread-30] [Task:428817146-113] [InputFormatter.hpp:348] [indexTrailingSpanningTupleProxy] last offset: 262143, first offset: 77[m
[36m[02:13:22.137712] [D] [SingleNodeWorker] [WorkerThread-26] [Task:428817146-113] [InputFormatter.hpp:348] [indexTrailingSpanningTupleProxy] last offset: 262143, first offset: 16[m
[36m[02:13:23.673099] [D] [SingleNodeWorker] [WorkerThread-29] [Task:428817146-113] [InputFormatter.hpp:348] [indexTrailingSpanningTupleProxy] last offset: 262143, first offset: 21[m
[36m[02:13:24.719544] [D] [SingleNodeWorker] [WorkerThread-29] [Task:428817146-113] [InputFormatter.hpp:348] [indexTrailingSpanningTupleProxy] last offset: 262143, first offset: 65[m
[36m[02:13:25.590841] [D] [SingleNodeWorker] [WorkerThread-23] [Task:428817146-113] [InputFormatter.hpp:348] [indexTrailingSpanningTupleProxy] last offset: 262143, first offset: 3[m
[36m[02:13:25.954575] [D] [SingleNodeWorker] [WorkerThread-24] [Task:428817146] [SourceThread.cpp:230] [tryStop] SourceThread 2: attempting to stop source[m
[36m[02:13:25.954625] [D] [SingleNodeWorker] [WorkerThread-24] [Task:428817146] [SourceThread.cpp:248] [tryStop] SourceThread 2: stopped[m
[32m[02:13:25.980307] [I] [SingleNodeWorker] [WorkerThread-8] [Task:428817146-114] [VoidSink.cpp:42] [stop] Void Sink completed.[m
[36m[02:13:25.980436] [D] [SingleNodeWorker] [WorkerThread-8] [] [SourceThread.cpp:226] [tryStop] SourceThread 2: thread is not running[m
[32m[02:13:25.980570] [I] [SingleNodeWorker] [WorkerThread-14] [] [SequenceShredder.cpp:55] [~SequenceShredder] Successfully validated SequenceShredder[m
[36m[02:13:29.436639] [D] [Not A Worker] [unnamed] [queryId:2068205922] [BufferManager.cpp:110] [initialize] NES memory allocation requires 1 out of 540577120256 (so 1.8498748143954595e-10%) available bytes[m
[36m[02:13:29.436689] [D] [Not A Worker] [unnamed] [queryId:2068205922] [BufferManager.cpp:160] [initialize] BufferManager configuration bufferSize=1 numOfBuffers=1[m
[36m[02:13:29.436866] [D] [Not A Worker] [unnamed] [queryId:2068205922] [PipeliningPhase.cpp:365] [apply] Constructed pipeline plan with 1 root pipelines.
PipelinedQueryPlan for Query: 2068205922
Number of root pipelines: 1
------------------
Root Pipeline 0:
  Pipeline(ID(115), Provider(COMPILER))
  Operator chain:
    PhysicalOperator(NES::SourcePhysicalOperator)
  Successor Pipeline:
    Pipeline(ID(116), Provider(None))
      Operator chain:
        PhysicalOperator(NES::ScanPhysicalOperator)
          PhysicalOperator(NES::SelectionPhysicalOperator)
            PhysicalOperator(NES::MapPhysicalOperator)
              PhysicalOperator(NES::EmitPhysicalOperator)
      Successor Pipeline:
        Pipeline(ID(117), Provider(None))
          Operator chain:
            PhysicalOperator(NES::SinkPhysicalOperator)

[m
[36m[02:13:29.440471] [D] [Not A Worker] [unnamed] [] [SinkProvider.cpp:30] [lower] The sinkDescriptor is: SinkDescriptor: (name: variant("BID_AUCTION_ID_SINK"), type: Void, Config: )[m
[36m[02:13:29.441117] [D] [SingleNodeWorker] [WorkerThread-29] [Task:2068205922-117] [VoidSink.cpp:37] [start] Setting up void sink: VoidSink[m
[36m[02:13:29.495679] [D] [SingleNodeWorker] [WorkerThread-29] [] [SourceThread.cpp:184] [start] Starting source with originId: 2[m
[36m[02:13:29.501488] [D] [SingleNodeWorker] [WorkerThread-9] [Task:2068205922-116] [BufferManager.cpp:65] [~BufferManager] Calling BufferManager::destroy()[m
[36m[02:13:29.501568] [D] [SingleNodeWorker] [WorkerThread-9] [Task:2068205922-116] [BufferManager.cpp:93] [~BufferManager] Shutting down Buffer Manager completed[m
[36m[02:13:29.635589] [D] [SingleNodeWorker] [WorkerThread-30] [Task:2068205922-116] [InputFormatter.hpp:348] [indexTrailingSpanningTupleProxy] last offset: 262143, first offset: 26[m
[36m[02:13:29.939758] [D] [SingleNodeWorker] [WorkerThread-12] [Task:2068205922-116] [InputFormatter.hpp:348] [indexTrailingSpanningTupleProxy] last offset: 262143, first offset: 38[m
[36m[02:13:31.498253] [D] [SingleNodeWorker] [WorkerThread-1] [Task:2068205922-116] [InputFormatter.hpp:348] [indexTrailingSpanningTupleProxy] last offset: 262143, first offset: 19[m
[36m[02:13:32.465433] [D] [SingleNodeWorker] [WorkerThread-25] [Task:2068205922-116] [InputFormatter.hpp:348] [indexTrailingSpanningTupleProxy] last offset: 262143, first offset: 8[m
[36m[02:13:35.345774] [D] [SingleNodeWorker] [WorkerThread-29] [Task:2068205922-116] [InputFormatter.hpp:348] [indexTrailingSpanningTupleProxy] last offset: 262143, first offset: 7[m
[36m[02:13:36.086687] [D] [SingleNodeWorker] [WorkerThread-28] [Task:2068205922-116] [InputFormatter.hpp:348] [indexTrailingSpanningTupleProxy] last offset: 262143, first offset: 47[m
[36m[02:13:36.911423] [D] [SingleNodeWorker] [WorkerThread-29] [Task:2068205922-116] [InputFormatter.hpp:348] [indexTrailingSpanningTupleProxy] last offset: 262143, first offset: 12[m
[36m[02:13:36.976403] [D] [SingleNodeWorker] [WorkerThread-2] [Task:2068205922-116] [InputFormatter.hpp:348] [indexTrailingSpanningTupleProxy] last offset: 262143, first offset: 73[m
[36m[02:13:37.758355] [D] [SingleNodeWorker] [WorkerThread-29] [Task:2068205922-116] [InputFormatter.hpp:348] [indexTrailingSpanningTupleProxy] last offset: 262143, first offset: 29[m
[36m[02:13:38.260736] [D] [SingleNodeWorker] [WorkerThread-16] [Task:2068205922-116] [InputFormatter.hpp:348] [indexTrailingSpanningTupleProxy] last offset: 262143, first offset: 24[m
[36m[02:13:39.464113] [D] [SingleNodeWorker] [WorkerThread-27] [Task:2068205922-116] [InputFormatter.hpp:348] [indexTrailingSpanningTupleProxy] last offset: 262143, first offset: 21[m
[36m[02:13:41.875470] [D] [SingleNodeWorker] [WorkerThread-2] [Task:2068205922-116] [InputFormatter.hpp:348] [indexTrailingSpanningTupleProxy] last offset: 262143, first offset: 78[m
[36m[02:13:42.731228] [D] [SingleNodeWorker] [WorkerThread-15] [Task:2068205922-116] [InputFormatter.hpp:348] [indexTrailingSpanningTupleProxy] last offset: 262143, first offset: 76[m
[36m[02:13:43.035634] [D] [SingleNodeWorker] [WorkerThread-18] [Task:2068205922-116] [InputFormatter.hpp:348] [indexTrailingSpanningTupleProxy] last offset: 262143, first offset: 69[m
[36m[02:13:43.063488] [D] [SingleNodeWorker] [WorkerThread-8] [Task:2068205922-116] [InputFormatter.hpp:348] [indexTrailingSpanningTupleProxy] last offset: 262143, first offset: 80[m
[36m[02:13:45.071369] [D] [SingleNodeWorker] [WorkerThread-16] [Task:2068205922-116] [InputFormatter.hpp:348] [indexTrailingSpanningTupleProxy] last offset: 262143, first offset: 85[m
[36m[02:13:45.819595] [D] [SingleNodeWorker] [WorkerThread-19] [Task:2068205922-116] [InputFormatter.hpp:348] [indexTrailingSpanningTupleProxy] last offset: 262143, first offset: 82[m
[36m[02:13:46.237921] [D] [SingleNodeWorker] [WorkerThread-23] [Task:2068205922-116] [InputFormatter.hpp:348] [indexTrailingSpanningTupleProxy] last offset: 262143, first offset: 78[m
[36m[02:13:47.398161] [D] [SingleNodeWorker] [WorkerThread-0] [Task:2068205922] [SourceThread.cpp:230] [tryStop] SourceThread 2: attempting to stop source[m
[36m[02:13:47.398201] [D] [SingleNodeWorker] [WorkerThread-0] [Task:2068205922] [SourceThread.cpp:248] [tryStop] SourceThread 2: stopped[m
[32m[02:13:47.424324] [I] [SingleNodeWorker] [WorkerThread-11] [] [SequenceShredder.cpp:55] [~SequenceShredder] Successfully validated SequenceShredder[m
[32m[02:13:47.424364] [I] [SingleNodeWorker] [WorkerThread-31] [Task:2068205922-117] [VoidSink.cpp:42] [stop] Void Sink completed.[m
[36m[02:13:47.424525] [D] [SingleNodeWorker] [WorkerThread-31] [] [SourceThread.cpp:226] [tryStop] SourceThread 2: thread is not running[m
[36m[02:13:51.187362] [D] [Not A Worker] [unnamed] [queryId:1054908706] [BufferManager.cpp:110] [initialize] NES memory allocation requires 1 out of 540577120256 (so 1.8498748143954595e-10%) available bytes[m
[36m[02:13:51.187412] [D] [Not A Worker] [unnamed] [queryId:1054908706] [BufferManager.cpp:160] [initialize] BufferManager configuration bufferSize=1 numOfBuffers=1[m
[36m[02:13:51.187593] [D] [Not A Worker] [unnamed] [queryId:1054908706] [PipeliningPhase.cpp:365] [apply] Constructed pipeline plan with 1 root pipelines.
PipelinedQueryPlan for Query: 1054908706
Number of root pipelines: 1
------------------
Root Pipeline 0:
  Pipeline(ID(118), Provider(COMPILER))
  Operator chain:
    PhysicalOperator(NES::SourcePhysicalOperator)
  Successor Pipeline:
    Pipeline(ID(119), Provider(None))
      Operator chain:
        PhysicalOperator(NES::ScanPhysicalOperator)
          PhysicalOperator(NES::SelectionPhysicalOperator)
            PhysicalOperator(NES::MapPhysicalOperator)
              PhysicalOperator(NES::EmitPhysicalOperator)
      Successor Pipeline:
        Pipeline(ID(120), Provider(None))
          Operator chain:
            PhysicalOperator(NES::SinkPhysicalOperator)

[m
[36m[02:13:51.190630] [D] [Not A Worker] [unnamed] [] [SinkProvider.cpp:30] [lower] The sinkDescriptor is: SinkDescriptor: (name: variant("BID_AUCTION_ID_SINK"), type: Void, Config: )[m
[36m[02:13:51.191067] [D] [SingleNodeWorker] [WorkerThread-27] [Task:1054908706-120] [VoidSink.cpp:37] [start] Setting up void sink: VoidSink[m
[36m[02:13:51.247440] [D] [SingleNodeWorker] [WorkerThread-2] [] [SourceThread.cpp:184] [start] Starting source with originId: 2[m
[36m[02:13:51.254515] [D] [SingleNodeWorker] [WorkerThread-19] [Task:1054908706-119] [BufferManager.cpp:65] [~BufferManager] Calling BufferManager::destroy()[m
[36m[02:13:51.254599] [D] [SingleNodeWorker] [WorkerThread-19] [Task:1054908706-119] [BufferManager.cpp:93] [~BufferManager] Shutting down Buffer Manager completed[m
[36m[02:13:51.323061] [D] [SingleNodeWorker] [WorkerThread-14] [Task:1054908706-119] [InputFormatter.hpp:348] [indexTrailingSpanningTupleProxy] last offset: 262143, first offset: 75[m
[36m[02:13:51.773737] [D] [SingleNodeWorker] [WorkerThread-27] [Task:1054908706-119] [InputFormatter.hpp:348] [indexTrailingSpanningTupleProxy] last offset: 262143, first offset: 21[m
[36m[02:13:51.941260] [D] [SingleNodeWorker] [WorkerThread-26] [Task:1054908706-119] [InputFormatter.hpp:348] [indexTrailingSpanningTupleProxy] last offset: 262143, first offset: 12[m
[36m[02:13:55.728074] [D] [SingleNodeWorker] [WorkerThread-16] [Task:1054908706-119] [InputFormatter.hpp:348] [indexTrailingSpanningTupleProxy] last offset: 262143, first offset: 17[m
[36m[02:13:56.259063] [D] [SingleNodeWorker] [WorkerThread-14] [Task:1054908706-119] [InputFormatter.hpp:348] [indexTrailingSpanningTupleProxy] last offset: 262143, first offset: 52[m
[36m[02:13:57.569474] [D] [SingleNodeWorker] [WorkerThread-26] [Task:1054908706-119] [InputFormatter.hpp:348] [indexTrailingSpanningTupleProxy] last offset: 262143, first offset: 14[m
[36m[02:13:58.829631] [D] [SingleNodeWorker] [WorkerThread-15] [Task:1054908706-119] [InputFormatter.hpp:348] [indexTrailingSpanningTupleProxy] last offset: 262143, first offset: 79[m
[36m[02:14:00.240147] [D] [SingleNodeWorker] [WorkerThread-2] [Task:1054908706-119] [InputFormatter.hpp:348] [indexTrailingSpanningTupleProxy] last offset: 262143, first offset: 42[m
[36m[02:14:00.747597] [D] [SingleNodeWorker] [WorkerThread-14] [Task:1054908706-119] [InputFormatter.hpp:348] [indexTrailingSpanningTupleProxy] last offset: 262143, first offset: 83[m
[36m[02:14:04.756176] [D] [SingleNodeWorker] [WorkerThread-14] [Task:1054908706-119] [InputFormatter.hpp:348] [indexTrailingSpanningTupleProxy] last offset: 262143, first offset: 69[m
[36m[02:14:05.698710] [D] [SingleNodeWorker] [WorkerThread-13] [Task:1054908706-119] [InputFormatter.hpp:348] [indexTrailingSpanningTupleProxy] last offset: 262143, first offset: 10[m
[36m[02:14:06.180997] [D] [SingleNodeWorker] [WorkerThread-13] [Task:1054908706-119] [InputFormatter.hpp:348] [indexTrailingSpanningTupleProxy] last offset: 262143, first offset: 70[m
[36m[02:14:06.973864] [D] [SingleNodeWorker] [WorkerThread-17] [Task:1054908706-119] [InputFormatter.hpp:348] [indexTrailingSpanningTupleProxy] last offset: 262143, first offset: 82[m
[36m[02:14:07.348439] [D] [SingleNodeWorker] [WorkerThread-4] [Task:1054908706-119] [InputFormatter.hpp:348] [indexTrailingSpanningTupleProxy] last offset: 262143, first offset: 35[m
[36m[02:14:07.993722] [D] [SingleNodeWorker] [WorkerThread-7] [Task:1054908706-119] [InputFormatter.hpp:348] [indexTrailingSpanningTupleProxy] last offset: 262143, first offset: 84[m
[36m[02:14:09.124914] [D] [SingleNodeWorker] [WorkerThread-0] [Task:1054908706] [SourceThread.cpp:230] [tryStop] SourceThread 2: attempting to stop source[m
[36m[02:14:09.124960] [D] [SingleNodeWorker] [WorkerThread-0] [Task:1054908706] [SourceThread.cpp:248] [tryStop] SourceThread 2: stopped[m
[32m[02:14:09.150591] [I] [SingleNodeWorker] [WorkerThread-23] [] [SequenceShredder.cpp:55] [~SequenceShredder] Successfully validated SequenceShredder[m
[32m[02:14:09.150809] [I] [SingleNodeWorker] [WorkerThread-6] [Task:1054908706-120] [VoidSink.cpp:42] [stop] Void Sink completed.[m
[36m[02:14:09.150972] [D] [SingleNodeWorker] [WorkerThread-6] [] [SourceThread.cpp:226] [tryStop] SourceThread 2: thread is not running[m
[36m[02:14:13.097611] [D] [Not A Worker] [unnamed] [queryId:243599858] [BufferManager.cpp:110] [initialize] NES memory allocation requires 1 out of 540577120256 (so 1.8498748143954595e-10%) available bytes[m
[36m[02:14:13.097676] [D] [Not A Worker] [unnamed] [queryId:243599858] [BufferManager.cpp:160] [initialize] BufferManager configuration bufferSize=1 numOfBuffers=1[m
[36m[02:14:13.097890] [D] [Not A Worker] [unnamed] [queryId:243599858] [PipeliningPhase.cpp:365] [apply] Constructed pipeline plan with 1 root pipelines.
PipelinedQueryPlan for Query: 243599858
Number of root pipelines: 1
------------------
Root Pipeline 0:
  Pipeline(ID(121), Provider(COMPILER))
  Operator chain:
    PhysicalOperator(NES::SourcePhysicalOperator)
  Successor Pipeline:
    Pipeline(ID(122), Provider(None))
      Operator chain:
        PhysicalOperator(NES::ScanPhysicalOperator)
          PhysicalOperator(NES::SelectionPhysicalOperator)
            PhysicalOperator(NES::MapPhysicalOperator)
              PhysicalOperator(NES::EmitPhysicalOperator)
      Successor Pipeline:
        Pipeline(ID(123), Provider(None))
          Operator chain:
            PhysicalOperator(NES::SinkPhysicalOperator)

[m
[36m[02:14:13.101964] [D] [Not A Worker] [unnamed] [] [SinkProvider.cpp:30] [lower] The sinkDescriptor is: SinkDescriptor: (name: variant("CITY_SINK"), type: Void, Config: )[m
[36m[02:14:13.102428] [D] [SingleNodeWorker] [WorkerThread-4] [Task:243599858-123] [VoidSink.cpp:37] [start] Setting up void sink: VoidSink[m
[36m[02:14:13.174100] [D] [SingleNodeWorker] [WorkerThread-8] [] [SourceThread.cpp:184] [start] Starting source with originId: 2[m
[36m[02:14:13.182343] [D] [SingleNodeWorker] [WorkerThread-12] [Task:243599858-122] [BufferManager.cpp:65] [~BufferManager] Calling BufferManager::destroy()[m
[36m[02:14:13.182438] [D] [SingleNodeWorker] [WorkerThread-12] [Task:243599858-122] [BufferManager.cpp:93] [~BufferManager] Shutting down Buffer Manager completed[m
[36m[02:14:13.805082] [D] [SingleNodeWorker] [WorkerThread-8] [Task:243599858-122] [InputFormatter.hpp:348] [indexTrailingSpanningTupleProxy] last offset: 262143, first offset: 214[m
[36m[02:14:14.043785] [D] [SingleNodeWorker] [WorkerThread-18] [Task:243599858] [SourceThread.cpp:230] [tryStop] SourceThread 2: attempting to stop source[m
[36m[02:14:14.043835] [D] [SingleNodeWorker] [WorkerThread-18] [Task:243599858] [SourceThread.cpp:248] [tryStop] SourceThread 2: stopped[m
[32m[02:14:14.069803] [I] [SingleNodeWorker] [WorkerThread-12] [] [SequenceShredder.cpp:55] [~SequenceShredder] Successfully validated SequenceShredder[m
[32m[02:14:14.070032] [I] [SingleNodeWorker] [WorkerThread-0] [Task:243599858-123] [VoidSink.cpp:42] [stop] Void Sink completed.[m
[36m[02:14:14.070153] [D] [SingleNodeWorker] [WorkerThread-0] [] [SourceThread.cpp:226] [tryStop] SourceThread 2: thread is not running[m
[36m[02:14:18.017178] [D] [Not A Worker] [unnamed] [queryId:513966061] [BufferManager.cpp:110] [initialize] NES memory allocation requires 1 out of 540577120256 (so 1.8498748143954595e-10%) available bytes[m
[36m[02:14:18.017250] [D] [Not A Worker] [unnamed] [queryId:513966061] [BufferManager.cpp:160] [initialize] BufferManager configuration bufferSize=1 numOfBuffers=1[m
[36m[02:14:18.017423] [D] [Not A Worker] [unnamed] [queryId:513966061] [PipeliningPhase.cpp:365] [apply] Constructed pipeline plan with 1 root pipelines.
PipelinedQueryPlan for Query: 513966061
Number of root pipelines: 1
------------------
Root Pipeline 0:
  Pipeline(ID(124), Provider(COMPILER))
  Operator chain:
    PhysicalOperator(NES::SourcePhysicalOperator)
  Successor Pipeline:
    Pipeline(ID(125), Provider(None))
      Operator chain:
        PhysicalOperator(NES::ScanPhysicalOperator)
          PhysicalOperator(NES::SelectionPhysicalOperator)
            PhysicalOperator(NES::MapPhysicalOperator)
              PhysicalOperator(NES::EmitPhysicalOperator)
      Successor Pipeline:
        Pipeline(ID(126), Provider(None))
          Operator chain:
            PhysicalOperator(NES::SinkPhysicalOperator)

[m
[36m[02:14:18.021774] [D] [Not A Worker] [unnamed] [] [SinkProvider.cpp:30] [lower] The sinkDescriptor is: SinkDescriptor: (name: variant("CITY_SINK"), type: Void, Config: )[m
[36m[02:14:18.022955] [D] [SingleNodeWorker] [WorkerThread-6] [Task:513966061-126] [VoidSink.cpp:37] [start] Setting up void sink: VoidSink[m
[36m[02:14:18.095338] [D] [SingleNodeWorker] [WorkerThread-10] [] [SourceThread.cpp:184] [start] Starting source with originId: 2[m
[36m[02:14:18.097025] [D] [SingleNodeWorker] [WorkerThread-18] [Task:513966061-125] [BufferManager.cpp:65] [~BufferManager] Calling BufferManager::destroy()[m
[36m[02:14:18.097108] [D] [SingleNodeWorker] [WorkerThread-18] [Task:513966061-125] [BufferManager.cpp:93] [~BufferManager] Shutting down Buffer Manager completed[m
[36m[02:14:18.941643] [D] [SingleNodeWorker] [WorkerThread-29] [Task:513966061] [SourceThread.cpp:230] [tryStop] SourceThread 2: attempting to stop source[m
[36m[02:14:18.941699] [D] [SingleNodeWorker] [WorkerThread-29] [Task:513966061] [SourceThread.cpp:248] [tryStop] SourceThread 2: stopped[m
[32m[02:14:18.967204] [I] [SingleNodeWorker] [WorkerThread-9] [Task:513966061-126] [VoidSink.cpp:42] [stop] Void Sink completed.[m
[36m[02:14:18.967351] [D] [SingleNodeWorker] [WorkerThread-9] [] [SourceThread.cpp:226] [tryStop] SourceThread 2: thread is not running[m
[32m[02:14:18.967541] [I] [SingleNodeWorker] [WorkerThread-23] [] [SequenceShredder.cpp:55] [~SequenceShredder] Successfully validated SequenceShredder[m
[36m[02:14:22.866308] [D] [Not A Worker] [unnamed] [queryId:1593716311] [BufferManager.cpp:110] [initialize] NES memory allocation requires 1 out of 540577120256 (so 1.8498748143954595e-10%) available bytes[m
[36m[02:14:22.866358] [D] [Not A Worker] [unnamed] [queryId:1593716311] [BufferManager.cpp:160] [initialize] BufferManager configuration bufferSize=1 numOfBuffers=1[m
[36m[02:14:22.866521] [D] [Not A Worker] [unnamed] [queryId:1593716311] [PipeliningPhase.cpp:365] [apply] Constructed pipeline plan with 1 root pipelines.
PipelinedQueryPlan for Query: 1593716311
Number of root pipelines: 1
------------------
Root Pipeline 0:
  Pipeline(ID(127), Provider(COMPILER))
  Operator chain:
    PhysicalOperator(NES::SourcePhysicalOperator)
  Successor Pipeline:
    Pipeline(ID(128), Provider(None))
      Operator chain:
        PhysicalOperator(NES::ScanPhysicalOperator)
          PhysicalOperator(NES::SelectionPhysicalOperator)
            PhysicalOperator(NES::MapPhysicalOperator)
              PhysicalOperator(NES::EmitPhysicalOperator)
      Successor Pipeline:
        Pipeline(ID(129), Provider(None))
          Operator chain:
            PhysicalOperator(NES::SinkPhysicalOperator)

[m
[36m[02:14:22.870556] [D] [Not A Worker] [unnamed] [] [SinkProvider.cpp:30] [lower] The sinkDescriptor is: SinkDescriptor: (name: variant("CITY_SINK"), type: Void, Config: )[m
[36m[02:14:22.871155] [D] [SingleNodeWorker] [WorkerThread-11] [Task:1593716311-129] [VoidSink.cpp:37] [start] Setting up void sink: VoidSink[m
[36m[02:14:22.944289] [D] [SingleNodeWorker] [WorkerThread-11] [] [SourceThread.cpp:184] [start] Starting source with originId: 2[m
[36m[02:14:22.946166] [D] [SingleNodeWorker] [WorkerThread-5] [Task:1593716311-128] [BufferManager.cpp:65] [~BufferManager] Calling BufferManager::destroy()[m
[36m[02:14:22.946248] [D] [SingleNodeWorker] [WorkerThread-5] [Task:1593716311-128] [BufferManager.cpp:93] [~BufferManager] Shutting down Buffer Manager completed[m
[36m[02:14:23.769433] [D] [SingleNodeWorker] [WorkerThread-28] [Task:1593716311-128] [InputFormatter.hpp:348] [indexTrailingSpanningTupleProxy] last offset: 262143, first offset: 198[m
[36m[02:14:23.775452] [D] [SingleNodeWorker] [WorkerThread-27] [Task:1593716311] [SourceThread.cpp:230] [tryStop] SourceThread 2: attempting to stop source[m
[36m[02:14:23.775491] [D] [SingleNodeWorker] [WorkerThread-27] [Task:1593716311] [SourceThread.cpp:248] [tryStop] SourceThread 2: stopped[m
[32m[02:14:23.801758] [I] [SingleNodeWorker] [WorkerThread-9] [Task:1593716311-129] [VoidSink.cpp:42] [stop] Void Sink completed.[m
[36m[02:14:23.801890] [D] [SingleNodeWorker] [WorkerThread-9] [] [SourceThread.cpp:226] [tryStop] SourceThread 2: thread is not running[m
[32m[02:14:23.801919] [I] [SingleNodeWorker] [WorkerThread-24] [] [SequenceShredder.cpp:55] [~SequenceShredder] Successfully validated SequenceShredder[m
[36m[02:14:27.687822] [D] [Not A Worker] [unnamed] [queryId:1744524228] [BufferManager.cpp:110] [initialize] NES memory allocation requires 1 out of 540577120256 (so 1.8498748143954595e-10%) available bytes[m
[36m[02:14:27.687884] [D] [Not A Worker] [unnamed] [queryId:1744524228] [BufferManager.cpp:160] [initialize] BufferManager configuration bufferSize=1 numOfBuffers=1[m
[36m[02:14:27.688061] [D] [Not A Worker] [unnamed] [queryId:1744524228] [PipeliningPhase.cpp:365] [apply] Constructed pipeline plan with 1 root pipelines.
PipelinedQueryPlan for Query: 1744524228
Number of root pipelines: 1
------------------
Root Pipeline 0:
  Pipeline(ID(130), Provider(COMPILER))
  Operator chain:
    PhysicalOperator(NES::SourcePhysicalOperator)
  Successor Pipeline:
    Pipeline(ID(131), Provider(None))
      Operator chain:
        PhysicalOperator(NES::ScanPhysicalOperator)
          PhysicalOperator(NES::SelectionPhysicalOperator)
            PhysicalOperator(NES::MapPhysicalOperator)
              PhysicalOperator(NES::EmitPhysicalOperator)
      Successor Pipeline:
        Pipeline(ID(132), Provider(None))
          Operator chain:
            PhysicalOperator(NES::SinkPhysicalOperator)

[m
[36m[02:14:27.691302] [D] [Not A Worker] [unnamed] [] [SinkProvider.cpp:30] [lower] The sinkDescriptor is: SinkDescriptor: (name: variant("CITY_SINK"), type: Void, Config: )[m
[36m[02:14:27.692025] [D] [SingleNodeWorker] [WorkerThread-5] [Task:1744524228-132] [VoidSink.cpp:37] [start] Setting up void sink: VoidSink[m
[36m[02:14:27.763169] [D] [SingleNodeWorker] [WorkerThread-19] [] [SourceThread.cpp:184] [start] Starting source with originId: 2[m
[36m[02:14:27.764700] [D] [SingleNodeWorker] [WorkerThread-19] [Task:1744524228-131] [BufferManager.cpp:65] [~BufferManager] Calling BufferManager::destroy()[m
[36m[02:14:27.764723] [D] [SingleNodeWorker] [WorkerThread-19] [Task:1744524228-131] [BufferManager.cpp:93] [~BufferManager] Shutting down Buffer Manager completed[m
[36m[02:14:27.844255] [D] [SingleNodeWorker] [WorkerThread-17] [Task:1744524228-131] [InputFormatter.hpp:348] [indexTrailingSpanningTupleProxy] last offset: 262143, first offset: 31[m
[36m[02:14:28.062462] [D] [SingleNodeWorker] [WorkerThread-12] [Task:1744524228-131] [InputFormatter.hpp:348] [indexTrailingSpanningTupleProxy] last offset: 262143, first offset: 152[m
[36m[02:14:28.239465] [D] [SingleNodeWorker] [WorkerThread-3] [Task:1744524228-131] [InputFormatter.hpp:348] [indexTrailingSpanningTupleProxy] last offset: 262143, first offset: 29[m
[36m[02:14:28.247728] [D] [SingleNodeWorker] [WorkerThread-22] [Task:1744524228-131] [InputFormatter.hpp:348] [indexTrailingSpanningTupleProxy] last offset: 262143, first offset: 297[m
[36m[02:14:28.588755] [D] [SingleNodeWorker] [WorkerThread-30] [Task:1744524228] [SourceThread.cpp:230] [tryStop] SourceThread 2: attempting to stop source[m
[36m[02:14:28.588800] [D] [SingleNodeWorker] [WorkerThread-30] [Task:1744524228] [SourceThread.cpp:248] [tryStop] SourceThread 2: stopped[m
[32m[02:14:28.614431] [I] [SingleNodeWorker] [WorkerThread-18] [Task:1744524228-132] [VoidSink.cpp:42] [stop] Void Sink completed.[m
[36m[02:14:28.614551] [D] [SingleNodeWorker] [WorkerThread-18] [] [SourceThread.cpp:226] [tryStop] SourceThread 2: thread is not running[m
[32m[02:14:28.614740] [I] [SingleNodeWorker] [WorkerThread-27] [] [SequenceShredder.cpp:55] [~SequenceShredder] Successfully validated SequenceShredder[m
[36m[02:14:32.526788] [D] [Not A Worker] [unnamed] [queryId:554883200] [BufferManager.cpp:110] [initialize] NES memory allocation requires 1 out of 540577120256 (so 1.8498748143954595e-10%) available bytes[m
[36m[02:14:32.526855] [D] [Not A Worker] [unnamed] [queryId:554883200] [BufferManager.cpp:160] [initialize] BufferManager configuration bufferSize=1 numOfBuffers=1[m
[36m[02:14:32.527055] [D] [Not A Worker] [unnamed] [queryId:554883200] [PipeliningPhase.cpp:365] [apply] Constructed pipeline plan with 1 root pipelines.
PipelinedQueryPlan for Query: 554883200
Number of root pipelines: 1
------------------
Root Pipeline 0:
  Pipeline(ID(133), Provider(COMPILER))
  Operator chain:
    PhysicalOperator(NES::SourcePhysicalOperator)
  Successor Pipeline:
    Pipeline(ID(134), Provider(None))
      Operator chain:
        PhysicalOperator(NES::ScanPhysicalOperator)
          PhysicalOperator(NES::SelectionPhysicalOperator)
            PhysicalOperator(NES::MapPhysicalOperator)
              PhysicalOperator(NES::EmitPhysicalOperator)
      Successor Pipeline:
        Pipeline(ID(135), Provider(None))
          Operator chain:
            PhysicalOperator(NES::SinkPhysicalOperator)

[m
[36m[02:14:32.530743] [D] [Not A Worker] [unnamed] [] [SinkProvider.cpp:30] [lower] The sinkDescriptor is: SinkDescriptor: (name: variant("CITY_SINK"), type: Void, Config: )[m
[36m[02:14:32.531230] [D] [SingleNodeWorker] [WorkerThread-30] [Task:554883200-135] [VoidSink.cpp:37] [start] Setting up void sink: VoidSink[m
[36m[02:14:32.604965] [D] [SingleNodeWorker] [WorkerThread-25] [] [SourceThread.cpp:184] [start] Starting source with originId: 2[m
[36m[02:14:32.606533] [D] [SingleNodeWorker] [WorkerThread-25] [Task:554883200-134] [BufferManager.cpp:65] [~BufferManager] Calling BufferManager::destroy()[m
[36m[02:14:32.606556] [D] [SingleNodeWorker] [WorkerThread-25] [Task:554883200-134] [BufferManager.cpp:93] [~BufferManager] Shutting down Buffer Manager completed[m
[36m[02:14:33.452282] [D] [SingleNodeWorker] [WorkerThread-3] [Task:554883200] [SourceThread.cpp:230] [tryStop] SourceThread 2: attempting to stop source[m
[36m[02:14:33.452338] [D] [SingleNodeWorker] [WorkerThread-3] [Task:554883200] [SourceThread.cpp:248] [tryStop] SourceThread 2: stopped[m
[32m[02:14:33.478196] [I] [SingleNodeWorker] [WorkerThread-16] [] [SequenceShredder.cpp:55] [~SequenceShredder] Successfully validated SequenceShredder[m
[32m[02:14:33.478240] [I] [SingleNodeWorker] [WorkerThread-13] [Task:554883200-135] [VoidSink.cpp:42] [stop] Void Sink completed.[m
[36m[02:14:33.478410] [D] [SingleNodeWorker] [WorkerThread-13] [] [SourceThread.cpp:226] [tryStop] SourceThread 2: thread is not running[m
[36m[02:14:37.366602] [D] [Not A Worker] [unnamed] [queryId:1702858984] [BufferManager.cpp:110] [initialize] NES memory allocation requires 1 out of 540577120256 (so 1.8498748143954595e-10%) available bytes[m
[36m[02:14:37.366663] [D] [Not A Worker] [unnamed] [queryId:1702858984] [BufferManager.cpp:160] [initialize] BufferManager configuration bufferSize=1 numOfBuffers=1[m
[36m[02:14:37.366839] [D] [Not A Worker] [unnamed] [queryId:1702858984] [PipeliningPhase.cpp:365] [apply] Constructed pipeline plan with 1 root pipelines.
PipelinedQueryPlan for Query: 1702858984
Number of root pipelines: 1
------------------
Root Pipeline 0:
  Pipeline(ID(136), Provider(COMPILER))
  Operator chain:
    PhysicalOperator(NES::SourcePhysicalOperator)
  Successor Pipeline:
    Pipeline(ID(137), Provider(None))
      Operator chain:
        PhysicalOperator(NES::ScanPhysicalOperator)
          PhysicalOperator(NES::SelectionPhysicalOperator)
            PhysicalOperator(NES::MapPhysicalOperator)
              PhysicalOperator(NES::EmitPhysicalOperator)
      Successor Pipeline:
        Pipeline(ID(138), Provider(None))
          Operator chain:
            PhysicalOperator(NES::SinkPhysicalOperator)

[m
[36m[02:14:37.370588] [D] [Not A Worker] [unnamed] [] [SinkProvider.cpp:30] [lower] The sinkDescriptor is: SinkDescriptor: (name: variant("CITY_SINK"), type: Void, Config: )[m
[36m[02:14:37.371040] [D] [SingleNodeWorker] [WorkerThread-11] [Task:1702858984-138] [VoidSink.cpp:37] [start] Setting up void sink: VoidSink[m
[36m[02:14:37.442339] [D] [SingleNodeWorker] [WorkerThread-11] [] [SourceThread.cpp:184] [start] Starting source with originId: 2[m
[36m[02:14:37.443879] [D] [SingleNodeWorker] [WorkerThread-11] [Task:1702858984-137] [BufferManager.cpp:65] [~BufferManager] Calling BufferManager::destroy()[m
[36m[02:14:37.443907] [D] [SingleNodeWorker] [WorkerThread-11] [Task:1702858984-137] [BufferManager.cpp:93] [~BufferManager] Shutting down Buffer Manager completed[m
[36m[02:14:38.260471] [D] [SingleNodeWorker] [WorkerThread-20] [Task:1702858984] [SourceThread.cpp:230] [tryStop] SourceThread 2: attempting to stop source[m
[36m[02:14:38.260518] [D] [SingleNodeWorker] [WorkerThread-20] [Task:1702858984] [SourceThread.cpp:248] [tryStop] SourceThread 2: stopped[m
[32m[02:14:38.286349] [I] [SingleNodeWorker] [WorkerThread-30] [Task:1702858984-138] [VoidSink.cpp:42] [stop] Void Sink completed.[m
[32m[02:14:38.286379] [I] [SingleNodeWorker] [WorkerThread-10] [] [SequenceShredder.cpp:55] [~SequenceShredder] Successfully validated SequenceShredder[m
[36m[02:14:38.286483] [D] [SingleNodeWorker] [WorkerThread-30] [] [SourceThread.cpp:226] [tryStop] SourceThread 2: thread is not running[m
[36m[02:14:42.267102] [D] [Not A Worker] [unnamed] [queryId:1095424523] [BufferManager.cpp:110] [initialize] NES memory allocation requires 1 out of 540577120256 (so 1.8498748143954595e-10%) available bytes[m
[36m[02:14:42.267162] [D] [Not A Worker] [unnamed] [queryId:1095424523] [BufferManager.cpp:160] [initialize] BufferManager configuration bufferSize=1 numOfBuffers=1[m
[36m[02:14:42.267348] [D] [Not A Worker] [unnamed] [queryId:1095424523] [PipeliningPhase.cpp:365] [apply] Constructed pipeline plan with 1 root pipelines.
PipelinedQueryPlan for Query: 1095424523
Number of root pipelines: 1
------------------
Root Pipeline 0:
  Pipeline(ID(139), Provider(COMPILER))
  Operator chain:
    PhysicalOperator(NES::SourcePhysicalOperator)
  Successor Pipeline:
    Pipeline(ID(140), Provider(None))
      Operator chain:
        PhysicalOperator(NES::ScanPhysicalOperator)
          PhysicalOperator(NES::SelectionPhysicalOperator)
            PhysicalOperator(NES::MapPhysicalOperator)
              PhysicalOperator(NES::EmitPhysicalOperator)
      Successor Pipeline:
        Pipeline(ID(141), Provider(None))
          Operator chain:
            PhysicalOperator(NES::SinkPhysicalOperator)

[m
[36m[02:14:42.270518] [D] [Not A Worker] [unnamed] [] [SinkProvider.cpp:30] [lower] The sinkDescriptor is: SinkDescriptor: (name: variant("CITY_SINK"), type: Void, Config: )[m
[36m[02:14:42.271173] [D] [SingleNodeWorker] [WorkerThread-21] [Task:1095424523-141] [VoidSink.cpp:37] [start] Setting up void sink: VoidSink[m
[36m[02:14:42.342236] [D] [SingleNodeWorker] [WorkerThread-21] [] [SourceThread.cpp:184] [start] Starting source with originId: 2[m
[36m[02:14:42.343821] [D] [SingleNodeWorker] [WorkerThread-21] [Task:1095424523-140] [BufferManager.cpp:65] [~BufferManager] Calling BufferManager::destroy()[m
[36m[02:14:42.343848] [D] [SingleNodeWorker] [WorkerThread-21] [Task:1095424523-140] [BufferManager.cpp:93] [~BufferManager] Shutting down Buffer Manager completed[m
[36m[02:14:42.512806] [D] [SingleNodeWorker] [WorkerThread-12] [Task:1095424523-140] [InputFormatter.hpp:348] [indexTrailingSpanningTupleProxy] last offset: 262143, first offset: 264[m
[36m[02:14:43.181891] [D] [SingleNodeWorker] [WorkerThread-21] [Task:1095424523] [SourceThread.cpp:230] [tryStop] SourceThread 2: attempting to stop source[m
[36m[02:14:43.181934] [D] [SingleNodeWorker] [WorkerThread-21] [Task:1095424523] [SourceThread.cpp:248] [tryStop] SourceThread 2: stopped[m
[32m[02:14:43.207640] [I] [SingleNodeWorker] [WorkerThread-9] [Task:1095424523-141] [VoidSink.cpp:42] [stop] Void Sink completed.[m
[36m[02:14:43.207763] [D] [SingleNodeWorker] [WorkerThread-9] [] [SourceThread.cpp:226] [tryStop] SourceThread 2: thread is not running[m
[32m[02:14:43.207922] [I] [SingleNodeWorker] [WorkerThread-4] [] [SequenceShredder.cpp:55] [~SequenceShredder] Successfully validated SequenceShredder[m
[36m[02:14:47.132913] [D] [Not A Worker] [unnamed] [queryId:99011557] [BufferManager.cpp:110] [initialize] NES memory allocation requires 1 out of 540577120256 (so 1.8498748143954595e-10%) available bytes[m
[36m[02:14:47.132965] [D] [Not A Worker] [unnamed] [queryId:99011557] [BufferManager.cpp:160] [initialize] BufferManager configuration bufferSize=1 numOfBuffers=1[m
[36m[02:14:47.133151] [D] [Not A Worker] [unnamed] [queryId:99011557] [PipeliningPhase.cpp:365] [apply] Constructed pipeline plan with 1 root pipelines.
PipelinedQueryPlan for Query: 99011557
Number of root pipelines: 1
------------------
Root Pipeline 0:
  Pipeline(ID(142), Provider(COMPILER))
  Operator chain:
    PhysicalOperator(NES::SourcePhysicalOperator)
  Successor Pipeline:
    Pipeline(ID(143), Provider(None))
      Operator chain:
        PhysicalOperator(NES::ScanPhysicalOperator)
          PhysicalOperator(NES::SelectionPhysicalOperator)
            PhysicalOperator(NES::MapPhysicalOperator)
              PhysicalOperator(NES::EmitPhysicalOperator)
      Successor Pipeline:
        Pipeline(ID(144), Provider(None))
          Operator chain:
            PhysicalOperator(NES::SinkPhysicalOperator)

[m
[36m[02:14:47.136498] [D] [Not A Worker] [unnamed] [] [SinkProvider.cpp:30] [lower] The sinkDescriptor is: SinkDescriptor: (name: variant("CITY_SINK"), type: Void, Config: )[m
[36m[02:14:47.136762] [D] [SingleNodeWorker] [WorkerThread-18] [Task:99011557-144] [VoidSink.cpp:37] [start] Setting up void sink: VoidSink[m
[36m[02:14:47.200533] [D] [SingleNodeWorker] [WorkerThread-18] [] [SourceThread.cpp:184] [start] Starting source with originId: 2[m
[36m[02:14:47.202246] [D] [SingleNodeWorker] [WorkerThread-4] [Task:99011557-143] [BufferManager.cpp:65] [~BufferManager] Calling BufferManager::destroy()[m
[36m[02:14:47.202335] [D] [SingleNodeWorker] [WorkerThread-4] [Task:99011557-143] [BufferManager.cpp:93] [~BufferManager] Shutting down Buffer Manager completed[m
[36m[02:14:47.420663] [D] [SingleNodeWorker] [WorkerThread-23] [Task:99011557-143] [InputFormatter.hpp:348] [indexTrailingSpanningTupleProxy] last offset: 262143, first offset: 206[m
[36m[02:14:47.514306] [D] [SingleNodeWorker] [WorkerThread-20] [Task:99011557-143] [InputFormatter.hpp:348] [indexTrailingSpanningTupleProxy] last offset: 262143, first offset: 152[m
[36m[02:14:48.066075] [D] [SingleNodeWorker] [WorkerThread-22] [Task:99011557] [SourceThread.cpp:230] [tryStop] SourceThread 2: attempting to stop source[m
[36m[02:14:48.066128] [D] [SingleNodeWorker] [WorkerThread-22] [Task:99011557] [SourceThread.cpp:248] [tryStop] SourceThread 2: stopped[m
[32m[02:14:48.091620] [I] [SingleNodeWorker] [WorkerThread-9] [Task:99011557-144] [VoidSink.cpp:42] [stop] Void Sink completed.[m
[36m[02:14:48.091762] [D] [SingleNodeWorker] [WorkerThread-9] [] [SourceThread.cpp:226] [tryStop] SourceThread 2: thread is not running[m
[32m[02:14:48.091945] [I] [SingleNodeWorker] [WorkerThread-21] [] [SequenceShredder.cpp:55] [~SequenceShredder] Successfully validated SequenceShredder[m
[36m[02:14:52.005018] [D] [Not A Worker] [unnamed] [queryId:1532967787] [BufferManager.cpp:110] [initialize] NES memory allocation requires 1 out of 540577120256 (so 1.8498748143954595e-10%) available bytes[m
[36m[02:14:52.005064] [D] [Not A Worker] [unnamed] [queryId:1532967787] [BufferManager.cpp:160] [initialize] BufferManager configuration bufferSize=1 numOfBuffers=1[m
[36m[02:14:52.005248] [D] [Not A Worker] [unnamed] [queryId:1532967787] [PipeliningPhase.cpp:365] [apply] Constructed pipeline plan with 1 root pipelines.
PipelinedQueryPlan for Query: 1532967787
Number of root pipelines: 1
------------------
Root Pipeline 0:
  Pipeline(ID(145), Provider(COMPILER))
  Operator chain:
    PhysicalOperator(NES::SourcePhysicalOperator)
  Successor Pipeline:
    Pipeline(ID(146), Provider(None))
      Operator chain:
        PhysicalOperator(NES::ScanPhysicalOperator)
          PhysicalOperator(NES::SelectionPhysicalOperator)
            PhysicalOperator(NES::MapPhysicalOperator)
              PhysicalOperator(NES::EmitPhysicalOperator)
      Successor Pipeline:
        Pipeline(ID(147), Provider(None))
          Operator chain:
            PhysicalOperator(NES::SinkPhysicalOperator)

[m
[36m[02:14:52.008699] [D] [Not A Worker] [unnamed] [] [SinkProvider.cpp:30] [lower] The sinkDescriptor is: SinkDescriptor: (name: variant("CITY_SINK"), type: Void, Config: )[m
[36m[02:14:52.009130] [D] [SingleNodeWorker] [WorkerThread-13] [Task:1532967787-147] [VoidSink.cpp:37] [start] Setting up void sink: VoidSink[m
[36m[02:14:52.069880] [D] [SingleNodeWorker] [WorkerThread-13] [] [SourceThread.cpp:184] [start] Starting source with originId: 2[m
[36m[02:14:52.071383] [D] [SingleNodeWorker] [WorkerThread-13] [Task:1532967787-146] [BufferManager.cpp:65] [~BufferManager] Calling BufferManager::destroy()[m
[36m[02:14:52.071410] [D] [SingleNodeWorker] [WorkerThread-13] [Task:1532967787-146] [BufferManager.cpp:93] [~BufferManager] Shutting down Buffer Manager completed[m
[36m[02:14:52.887471] [D] [SingleNodeWorker] [WorkerThread-9] [Task:1532967787] [SourceThread.cpp:230] [tryStop] SourceThread 2: attempting to stop source[m
[36m[02:14:52.887520] [D] [SingleNodeWorker] [WorkerThread-9] [Task:1532967787] [SourceThread.cpp:248] [tryStop] SourceThread 2: stopped[m
[32m[02:14:52.913383] [I] [SingleNodeWorker] [WorkerThread-1] [Task:1532967787-147] [VoidSink.cpp:42] [stop] Void Sink completed.[m
[36m[02:14:52.913508] [D] [SingleNodeWorker] [WorkerThread-1] [] [SourceThread.cpp:226] [tryStop] SourceThread 2: thread is not running[m
[32m[02:14:52.913585] [I] [SingleNodeWorker] [WorkerThread-26] [] [SequenceShredder.cpp:55] [~SequenceShredder] Successfully validated SequenceShredder[m
[36m[02:14:56.865333] [D] [Not A Worker] [unnamed] [queryId:1816715542] [BufferManager.cpp:110] [initialize] NES memory allocation requires 1 out of 540577120256 (so 1.8498748143954595e-10%) available bytes[m
[36m[02:14:56.865385] [D] [Not A Worker] [unnamed] [queryId:1816715542] [BufferManager.cpp:160] [initialize] BufferManager configuration bufferSize=1 numOfBuffers=1[m
[36m[02:14:56.865553] [D] [Not A Worker] [unnamed] [queryId:1816715542] [PipeliningPhase.cpp:365] [apply] Constructed pipeline plan with 1 root pipelines.
PipelinedQueryPlan for Query: 1816715542
Number of root pipelines: 1
------------------
Root Pipeline 0:
  Pipeline(ID(148), Provider(COMPILER))
  Operator chain:
    PhysicalOperator(NES::SourcePhysicalOperator)
  Successor Pipeline:
    Pipeline(ID(149), Provider(None))
      Operator chain:
        PhysicalOperator(NES::ScanPhysicalOperator)
          PhysicalOperator(NES::SelectionPhysicalOperator)
            PhysicalOperator(NES::MapPhysicalOperator)
              PhysicalOperator(NES::EmitPhysicalOperator)
      Successor Pipeline:
        Pipeline(ID(150), Provider(None))
          Operator chain:
            PhysicalOperator(NES::SinkPhysicalOperator)

[m
[36m[02:14:56.869543] [D] [Not A Worker] [unnamed] [] [SinkProvider.cpp:30] [lower] The sinkDescriptor is: SinkDescriptor: (name: variant("CITY_SINK"), type: Void, Config: )[m
[36m[02:14:56.870004] [D] [SingleNodeWorker] [WorkerThread-10] [Task:1816715542-150] [VoidSink.cpp:37] [start] Setting up void sink: VoidSink[m
[36m[02:14:56.940729] [D] [SingleNodeWorker] [WorkerThread-4] [] [SourceThread.cpp:184] [start] Starting source with originId: 2[m
[36m[02:14:56.942396] [D] [SingleNodeWorker] [WorkerThread-15] [Task:1816715542-149] [BufferManager.cpp:65] [~BufferManager] Calling BufferManager::destroy()[m
[36m[02:14:56.942478] [D] [SingleNodeWorker] [WorkerThread-15] [Task:1816715542-149] [BufferManager.cpp:93] [~BufferManager] Shutting down Buffer Manager completed[m
[36m[02:14:57.767054] [D] [SingleNodeWorker] [WorkerThread-6] [Task:1816715542] [SourceThread.cpp:230] [tryStop] SourceThread 2: attempting to stop source[m
[36m[02:14:57.767103] [D] [SingleNodeWorker] [WorkerThread-6] [Task:1816715542] [SourceThread.cpp:248] [tryStop] SourceThread 2: stopped[m
[32m[02:14:57.792859] [I] [SingleNodeWorker] [WorkerThread-30] [Task:1816715542-150] [VoidSink.cpp:42] [stop] Void Sink completed.[m
[36m[02:14:57.793003] [D] [SingleNodeWorker] [WorkerThread-30] [] [SourceThread.cpp:226] [tryStop] SourceThread 2: thread is not running[m
[32m[02:14:57.793147] [I] [SingleNodeWorker] [WorkerThread-7] [] [SequenceShredder.cpp:55] [~SequenceShredder] Successfully validated SequenceShredder[m
[36m[02:15:01.769515] [D] [Not A Worker] [unnamed] [queryId:1926466147] [BufferManager.cpp:110] [initialize] NES memory allocation requires 1 out of 540577120256 (so 1.8498748143954595e-10%) available bytes[m
[36m[02:15:01.769562] [D] [Not A Worker] [unnamed] [queryId:1926466147] [BufferManager.cpp:160] [initialize] BufferManager configuration bufferSize=1 numOfBuffers=1[m
[36m[02:15:01.769752] [D] [Not A Worker] [unnamed] [queryId:1926466147] [PipeliningPhase.cpp:365] [apply] Constructed pipeline plan with 1 root pipelines.
PipelinedQueryPlan for Query: 1926466147
Number of root pipelines: 1
------------------
Root Pipeline 0:
  Pipeline(ID(151), Provider(COMPILER))
  Operator chain:
    PhysicalOperator(NES::SourcePhysicalOperator)
  Successor Pipeline:
    Pipeline(ID(152), Provider(None))
      Operator chain:
        PhysicalOperator(NES::ScanPhysicalOperator)
          PhysicalOperator(NES::SelectionPhysicalOperator)
            PhysicalOperator(NES::MapPhysicalOperator)
              PhysicalOperator(NES::EmitPhysicalOperator)
      Successor Pipeline:
        Pipeline(ID(153), Provider(None))
          Operator chain:
            PhysicalOperator(NES::SinkPhysicalOperator)

[m
[36m[02:15:01.773451] [D] [Not A Worker] [unnamed] [] [SinkProvider.cpp:30] [lower] The sinkDescriptor is: SinkDescriptor: (name: variant("EXTRA_SINK"), type: Void, Config: )[m
[36m[02:15:01.774232] [D] [SingleNodeWorker] [WorkerThread-19] [Task:1926466147-153] [VoidSink.cpp:37] [start] Setting up void sink: VoidSink[m
[36m[02:15:01.838734] [D] [SingleNodeWorker] [WorkerThread-19] [] [SourceThread.cpp:184] [start] Starting source with originId: 2[m
[36m[02:15:01.840483] [D] [SingleNodeWorker] [WorkerThread-18] [Task:1926466147-152] [BufferManager.cpp:65] [~BufferManager] Calling BufferManager::destroy()[m
[36m[02:15:01.840559] [D] [SingleNodeWorker] [WorkerThread-18] [Task:1926466147-152] [BufferManager.cpp:93] [~BufferManager] Shutting down Buffer Manager completed[m
[36m[02:15:02.703130] [D] [SingleNodeWorker] [WorkerThread-25] [Task:1926466147] [SourceThread.cpp:230] [tryStop] SourceThread 2: attempting to stop source[m
[36m[02:15:02.703187] [D] [SingleNodeWorker] [WorkerThread-25] [Task:1926466147] [SourceThread.cpp:248] [tryStop] SourceThread 2: stopped[m
[32m[02:15:02.729138] [I] [SingleNodeWorker] [WorkerThread-30] [] [SequenceShredder.cpp:55] [~SequenceShredder] Successfully validated SequenceShredder[m
[32m[02:15:02.729394] [I] [SingleNodeWorker] [WorkerThread-13] [Task:1926466147-153] [VoidSink.cpp:42] [stop] Void Sink completed.[m
[36m[02:15:02.729520] [D] [SingleNodeWorker] [WorkerThread-13] [] [SourceThread.cpp:226] [tryStop] SourceThread 2: thread is not running[m
[36m[02:15:06.653896] [D] [Not A Worker] [unnamed] [queryId:581278713] [BufferManager.cpp:110] [initialize] NES memory allocation requires 1 out of 540577120256 (so 1.8498748143954595e-10%) available bytes[m
[36m[02:15:06.653943] [D] [Not A Worker] [unnamed] [queryId:581278713] [BufferManager.cpp:160] [initialize] BufferManager configuration bufferSize=1 numOfBuffers=1[m
[36m[02:15:06.654118] [D] [Not A Worker] [unnamed] [queryId:581278713] [PipeliningPhase.cpp:365] [apply] Constructed pipeline plan with 1 root pipelines.
PipelinedQueryPlan for Query: 581278713
Number of root pipelines: 1
------------------
Root Pipeline 0:
  Pipeline(ID(154), Provider(COMPILER))
  Operator chain:
    PhysicalOperator(NES::SourcePhysicalOperator)
  Successor Pipeline:
    Pipeline(ID(155), Provider(None))
      Operator chain:
        PhysicalOperator(NES::ScanPhysicalOperator)
          PhysicalOperator(NES::SelectionPhysicalOperator)
            PhysicalOperator(NES::MapPhysicalOperator)
              PhysicalOperator(NES::EmitPhysicalOperator)
      Successor Pipeline:
        Pipeline(ID(156), Provider(None))
          Operator chain:
            PhysicalOperator(NES::SinkPhysicalOperator)

[m
[36m[02:15:06.658294] [D] [Not A Worker] [unnamed] [] [SinkProvider.cpp:30] [lower] The sinkDescriptor is: SinkDescriptor: (name: variant("EXTRA_SINK"), type: Void, Config: )[m
[36m[02:15:06.658701] [D] [SingleNodeWorker] [WorkerThread-11] [Task:581278713-156] [VoidSink.cpp:37] [start] Setting up void sink: VoidSink[m
[36m[02:15:06.730333] [D] [SingleNodeWorker] [WorkerThread-9] [] [SourceThread.cpp:184] [start] Starting source with originId: 2[m
[36m[02:15:06.731939] [D] [SingleNodeWorker] [WorkerThread-1] [Task:581278713-155] [BufferManager.cpp:65] [~BufferManager] Calling BufferManager::destroy()[m
[36m[02:15:06.732016] [D] [SingleNodeWorker] [WorkerThread-1] [Task:581278713-155] [BufferManager.cpp:93] [~BufferManager] Shutting down Buffer Manager completed[m
[36m[02:15:06.794004] [D] [SingleNodeWorker] [WorkerThread-26] [Task:581278713-155] [InputFormatter.hpp:348] [indexTrailingSpanningTupleProxy] last offset: 262143, first offset: 151[m
[36m[02:15:07.218128] [D] [SingleNodeWorker] [WorkerThread-18] [Task:581278713-155] [InputFormatter.hpp:348] [indexTrailingSpanningTupleProxy] last offset: 262143, first offset: 327[m
[36m[02:15:07.575661] [D] [SingleNodeWorker] [WorkerThread-13] [Task:581278713] [SourceThread.cpp:230] [tryStop] SourceThread 2: attempting to stop source[m
[36m[02:15:07.575704] [D] [SingleNodeWorker] [WorkerThread-13] [Task:581278713] [SourceThread.cpp:248] [tryStop] SourceThread 2: stopped[m
[32m[02:15:07.601500] [I] [SingleNodeWorker] [WorkerThread-6] [Task:581278713-156] [VoidSink.cpp:42] [stop] Void Sink completed.[m
[32m[02:15:07.601618] [I] [SingleNodeWorker] [WorkerThread-30] [] [SequenceShredder.cpp:55] [~SequenceShredder] Successfully validated SequenceShredder[m
[36m[02:15:07.601629] [D] [SingleNodeWorker] [WorkerThread-6] [] [SourceThread.cpp:226] [tryStop] SourceThread 2: thread is not running[m
[36m[02:15:11.500656] [D] [Not A Worker] [unnamed] [queryId:1458339239] [BufferManager.cpp:110] [initialize] NES memory allocation requires 1 out of 540577120256 (so 1.8498748143954595e-10%) available bytes[m
[36m[02:15:11.500705] [D] [Not A Worker] [unnamed] [queryId:1458339239] [BufferManager.cpp:160] [initialize] BufferManager configuration bufferSize=1 numOfBuffers=1[m
[36m[02:15:11.500883] [D] [Not A Worker] [unnamed] [queryId:1458339239] [PipeliningPhase.cpp:365] [apply] Constructed pipeline plan with 1 root pipelines.
PipelinedQueryPlan for Query: 1458339239
Number of root pipelines: 1
------------------
Root Pipeline 0:
  Pipeline(ID(157), Provider(COMPILER))
  Operator chain:
    PhysicalOperator(NES::SourcePhysicalOperator)
  Successor Pipeline:
    Pipeline(ID(158), Provider(None))
      Operator chain:
        PhysicalOperator(NES::ScanPhysicalOperator)
          PhysicalOperator(NES::SelectionPhysicalOperator)
            PhysicalOperator(NES::MapPhysicalOperator)
              PhysicalOperator(NES::EmitPhysicalOperator)
      Successor Pipeline:
        Pipeline(ID(159), Provider(None))
          Operator chain:
            PhysicalOperator(NES::SinkPhysicalOperator)

[m
[36m[02:15:11.504194] [D] [Not A Worker] [unnamed] [] [SinkProvider.cpp:30] [lower] The sinkDescriptor is: SinkDescriptor: (name: variant("EXTRA_SINK"), type: Void, Config: )[m
[36m[02:15:11.504597] [D] [SingleNodeWorker] [WorkerThread-28] [Task:1458339239-159] [VoidSink.cpp:37] [start] Setting up void sink: VoidSink[m
[36m[02:15:11.579662] [D] [SingleNodeWorker] [WorkerThread-31] [] [SourceThread.cpp:184] [start] Starting source with originId: 2[m
[36m[02:15:11.581258] [D] [SingleNodeWorker] [WorkerThread-31] [Task:1458339239-158] [BufferManager.cpp:65] [~BufferManager] Calling BufferManager::destroy()[m
[36m[02:15:11.581281] [D] [SingleNodeWorker] [WorkerThread-31] [Task:1458339239-158] [BufferManager.cpp:93] [~BufferManager] Shutting down Buffer Manager completed[m
[36m[02:15:11.903082] [D] [SingleNodeWorker] [WorkerThread-30] [Task:1458339239-158] [InputFormatter.hpp:348] [indexTrailingSpanningTupleProxy] last offset: 262143, first offset: 284[m
[36m[02:15:12.054880] [D] [SingleNodeWorker] [WorkerThread-6] [Task:1458339239-158] [InputFormatter.hpp:348] [indexTrailingSpanningTupleProxy] last offset: 262143, first offset: 327[m
[36m[02:15:12.412842] [D] [SingleNodeWorker] [WorkerThread-10] [Task:1458339239] [SourceThread.cpp:230] [tryStop] SourceThread 2: attempting to stop source[m
[36m[02:15:12.412890] [D] [SingleNodeWorker] [WorkerThread-10] [Task:1458339239] [SourceThread.cpp:248] [tryStop] SourceThread 2: stopped[m
[32m[02:15:12.438737] [I] [SingleNodeWorker] [WorkerThread-25] [Task:1458339239-159] [VoidSink.cpp:42] [stop] Void Sink completed.[m
[32m[02:15:12.438830] [I] [SingleNodeWorker] [WorkerThread-3] [] [SequenceShredder.cpp:55] [~SequenceShredder] Successfully validated SequenceShredder[m
[36m[02:15:12.438877] [D] [SingleNodeWorker] [WorkerThread-25] [] [SourceThread.cpp:226] [tryStop] SourceThread 2: thread is not running[m
[36m[02:15:16.359057] [D] [Not A Worker] [unnamed] [queryId:1271472126] [BufferManager.cpp:110] [initialize] NES memory allocation requires 1 out of 540577120256 (so 1.8498748143954595e-10%) available bytes[m
[36m[02:15:16.359111] [D] [Not A Worker] [unnamed] [queryId:1271472126] [BufferManager.cpp:160] [initialize] BufferManager configuration bufferSize=1 numOfBuffers=1[m
[36m[02:15:16.359300] [D] [Not A Worker] [unnamed] [queryId:1271472126] [PipeliningPhase.cpp:365] [apply] Constructed pipeline plan with 1 root pipelines.
PipelinedQueryPlan for Query: 1271472126
Number of root pipelines: 1
------------------
Root Pipeline 0:
  Pipeline(ID(160), Provider(COMPILER))
  Operator chain:
    PhysicalOperator(NES::SourcePhysicalOperator)
  Successor Pipeline:
    Pipeline(ID(161), Provider(None))
      Operator chain:
        PhysicalOperator(NES::ScanPhysicalOperator)
          PhysicalOperator(NES::SelectionPhysicalOperator)
            PhysicalOperator(NES::MapPhysicalOperator)
              PhysicalOperator(NES::EmitPhysicalOperator)
      Successor Pipeline:
        Pipeline(ID(162), Provider(None))
          Operator chain:
            PhysicalOperator(NES::SinkPhysicalOperator)

[m
[36m[02:15:16.363123] [D] [Not A Worker] [unnamed] [] [SinkProvider.cpp:30] [lower] The sinkDescriptor is: SinkDescriptor: (name: variant("EXTRA_SINK"), type: Void, Config: )[m
[36m[02:15:16.363698] [D] [SingleNodeWorker] [WorkerThread-27] [Task:1271472126-162] [VoidSink.cpp:37] [start] Setting up void sink: VoidSink[m
[36m[02:15:16.438651] [D] [SingleNodeWorker] [WorkerThread-27] [] [SourceThread.cpp:184] [start] Starting source with originId: 2[m
[36m[02:15:16.440207] [D] [SingleNodeWorker] [WorkerThread-27] [Task:1271472126-161] [BufferManager.cpp:65] [~BufferManager] Calling BufferManager::destroy()[m
[36m[02:15:16.440238] [D] [SingleNodeWorker] [WorkerThread-27] [Task:1271472126-161] [BufferManager.cpp:93] [~BufferManager] Shutting down Buffer Manager completed[m
[36m[02:15:17.320696] [D] [SingleNodeWorker] [WorkerThread-29] [Task:1271472126] [SourceThread.cpp:230] [tryStop] SourceThread 2: attempting to stop source[m
[36m[02:15:17.320748] [D] [SingleNodeWorker] [WorkerThread-29] [Task:1271472126] [SourceThread.cpp:248] [tryStop] SourceThread 2: stopped[m
[32m[02:15:17.346433] [I] [SingleNodeWorker] [WorkerThread-24] [Task:1271472126-162] [VoidSink.cpp:42] [stop] Void Sink completed.[m
[36m[02:15:17.346574] [D] [SingleNodeWorker] [WorkerThread-24] [] [SourceThread.cpp:226] [tryStop] SourceThread 2: thread is not running[m
[32m[02:15:17.346591] [I] [SingleNodeWorker] [WorkerThread-4] [] [SequenceShredder.cpp:55] [~SequenceShredder] Successfully validated SequenceShredder[m
[36m[02:15:21.227896] [D] [Not A Worker] [unnamed] [queryId:476485531] [BufferManager.cpp:110] [initialize] NES memory allocation requires 1 out of 540577120256 (so 1.8498748143954595e-10%) available bytes[m
[36m[02:15:21.227950] [D] [Not A Worker] [unnamed] [queryId:476485531] [BufferManager.cpp:160] [initialize] BufferManager configuration bufferSize=1 numOfBuffers=1[m
[36m[02:15:21.228125] [D] [Not A Worker] [unnamed] [queryId:476485531] [PipeliningPhase.cpp:365] [apply] Constructed pipeline plan with 1 root pipelines.
PipelinedQueryPlan for Query: 476485531
Number of root pipelines: 1
------------------
Root Pipeline 0:
  Pipeline(ID(163), Provider(COMPILER))
  Operator chain:
    PhysicalOperator(NES::SourcePhysicalOperator)
  Successor Pipeline:
    Pipeline(ID(164), Provider(None))
      Operator chain:
        PhysicalOperator(NES::ScanPhysicalOperator)
          PhysicalOperator(NES::SelectionPhysicalOperator)
            PhysicalOperator(NES::MapPhysicalOperator)
              PhysicalOperator(NES::EmitPhysicalOperator)
      Successor Pipeline:
        Pipeline(ID(165), Provider(None))
          Operator chain:
            PhysicalOperator(NES::SinkPhysicalOperator)

[m
[36m[02:15:21.231571] [D] [Not A Worker] [unnamed] [] [SinkProvider.cpp:30] [lower] The sinkDescriptor is: SinkDescriptor: (name: variant("EXTRA_SINK"), type: Void, Config: )[m
[36m[02:15:21.231938] [D] [SingleNodeWorker] [WorkerThread-4] [Task:476485531-165] [VoidSink.cpp:37] [start] Setting up void sink: VoidSink[m
[36m[02:15:21.305434] [D] [SingleNodeWorker] [WorkerThread-28] [] [SourceThread.cpp:184] [start] Starting source with originId: 2[m
[36m[02:15:21.307171] [D] [SingleNodeWorker] [WorkerThread-25] [Task:476485531-164] [BufferManager.cpp:65] [~BufferManager] Calling BufferManager::destroy()[m
[36m[02:15:21.307258] [D] [SingleNodeWorker] [WorkerThread-25] [Task:476485531-164] [BufferManager.cpp:93] [~BufferManager] Shutting down Buffer Manager completed[m
[36m[02:15:22.175117] [D] [SingleNodeWorker] [WorkerThread-22] [Task:476485531] [SourceThread.cpp:230] [tryStop] SourceThread 2: attempting to stop source[m
[36m[02:15:22.175168] [D] [SingleNodeWorker] [WorkerThread-22] [Task:476485531] [SourceThread.cpp:248] [tryStop] SourceThread 2: stopped[m
[32m[02:15:22.200693] [I] [SingleNodeWorker] [WorkerThread-25] [Task:476485531-165] [VoidSink.cpp:42] [stop] Void Sink completed.[m
[36m[02:15:22.200843] [D] [SingleNodeWorker] [WorkerThread-25] [] [SourceThread.cpp:226] [tryStop] SourceThread 2: thread is not running[m
[32m[02:15:22.201002] [I] [SingleNodeWorker] [WorkerThread-0] [] [SequenceShredder.cpp:55] [~SequenceShredder] Successfully validated SequenceShredder[m
[36m[02:15:26.176819] [D] [Not A Worker] [unnamed] [queryId:1086458543] [BufferManager.cpp:110] [initialize] NES memory allocation requires 1 out of 540577120256 (so 1.8498748143954595e-10%) available bytes[m
[36m[02:15:26.176870] [D] [Not A Worker] [unnamed] [queryId:1086458543] [BufferManager.cpp:160] [initialize] BufferManager configuration bufferSize=1 numOfBuffers=1[m
[36m[02:15:26.177046] [D] [Not A Worker] [unnamed] [queryId:1086458543] [PipeliningPhase.cpp:365] [apply] Constructed pipeline plan with 1 root pipelines.
PipelinedQueryPlan for Query: 1086458543
Number of root pipelines: 1
------------------
Root Pipeline 0:
  Pipeline(ID(166), Provider(COMPILER))
  Operator chain:
    PhysicalOperator(NES::SourcePhysicalOperator)
  Successor Pipeline:
    Pipeline(ID(167), Provider(None))
      Operator chain:
        PhysicalOperator(NES::ScanPhysicalOperator)
          PhysicalOperator(NES::SelectionPhysicalOperator)
            PhysicalOperator(NES::MapPhysicalOperator)
              PhysicalOperator(NES::EmitPhysicalOperator)
      Successor Pipeline:
        Pipeline(ID(168), Provider(None))
          Operator chain:
            PhysicalOperator(NES::SinkPhysicalOperator)

[m
[36m[02:15:26.180896] [D] [Not A Worker] [unnamed] [] [SinkProvider.cpp:30] [lower] The sinkDescriptor is: SinkDescriptor: (name: variant("EXTRA_SINK"), type: Void, Config: )[m
[36m[02:15:26.181788] [D] [SingleNodeWorker] [WorkerThread-18] [Task:1086458543-168] [VoidSink.cpp:37] [start] Setting up void sink: VoidSink[m
[36m[02:15:26.255220] [D] [SingleNodeWorker] [WorkerThread-18] [] [SourceThread.cpp:184] [start] Starting source with originId: 2[m
[36m[02:15:26.256732] [D] [SingleNodeWorker] [WorkerThread-2] [Task:1086458543-167] [BufferManager.cpp:65] [~BufferManager] Calling BufferManager::destroy()[m
[36m[02:15:26.256812] [D] [SingleNodeWorker] [WorkerThread-2] [Task:1086458543-167] [BufferManager.cpp:93] [~BufferManager] Shutting down Buffer Manager completed[m
[36m[02:15:26.580882] [D] [SingleNodeWorker] [WorkerThread-25] [Task:1086458543-167] [InputFormatter.hpp:348] [indexTrailingSpanningTupleProxy] last offset: 262143, first offset: 284[m
[36m[02:15:27.114733] [D] [SingleNodeWorker] [WorkerThread-30] [Task:1086458543] [SourceThread.cpp:230] [tryStop] SourceThread 2: attempting to stop source[m
[36m[02:15:27.114778] [D] [SingleNodeWorker] [WorkerThread-30] [Task:1086458543] [SourceThread.cpp:248] [tryStop] SourceThread 2: stopped[m
[32m[02:15:27.141016] [I] [SingleNodeWorker] [WorkerThread-9] [Task:1086458543-168] [VoidSink.cpp:42] [stop] Void Sink completed.[m
[36m[02:15:27.141148] [D] [SingleNodeWorker] [WorkerThread-9] [] [SourceThread.cpp:226] [tryStop] SourceThread 2: thread is not running[m
[32m[02:15:27.141222] [I] [SingleNodeWorker] [WorkerThread-17] [] [SequenceShredder.cpp:55] [~SequenceShredder] Successfully validated SequenceShredder[m
[36m[02:15:31.108046] [D] [Not A Worker] [unnamed] [queryId:1157584334] [BufferManager.cpp:110] [initialize] NES memory allocation requires 1 out of 540577120256 (so 1.8498748143954595e-10%) available bytes[m
[36m[02:15:31.108102] [D] [Not A Worker] [unnamed] [queryId:1157584334] [BufferManager.cpp:160] [initialize] BufferManager configuration bufferSize=1 numOfBuffers=1[m
[36m[02:15:31.108294] [D] [Not A Worker] [unnamed] [queryId:1157584334] [PipeliningPhase.cpp:365] [apply] Constructed pipeline plan with 1 root pipelines.
PipelinedQueryPlan for Query: 1157584334
Number of root pipelines: 1
------------------
Root Pipeline 0:
  Pipeline(ID(169), Provider(COMPILER))
  Operator chain:
    PhysicalOperator(NES::SourcePhysicalOperator)
  Successor Pipeline:
    Pipeline(ID(170), Provider(None))
      Operator chain:
        PhysicalOperator(NES::ScanPhysicalOperator)
          PhysicalOperator(NES::SelectionPhysicalOperator)
            PhysicalOperator(NES::MapPhysicalOperator)
              PhysicalOperator(NES::EmitPhysicalOperator)
      Successor Pipeline:
        Pipeline(ID(171), Provider(None))
          Operator chain:
            PhysicalOperator(NES::SinkPhysicalOperator)

[m
[36m[02:15:31.111551] [D] [Not A Worker] [unnamed] [] [SinkProvider.cpp:30] [lower] The sinkDescriptor is: SinkDescriptor: (name: variant("EXTRA_SINK"), type: Void, Config: )[m
[36m[02:15:31.112009] [D] [SingleNodeWorker] [WorkerThread-7] [Task:1157584334-171] [VoidSink.cpp:37] [start] Setting up void sink: VoidSink[m
[36m[02:15:31.184276] [D] [SingleNodeWorker] [WorkerThread-3] [] [SourceThread.cpp:184] [start] Starting source with originId: 2[m
[36m[02:15:31.185821] [D] [SingleNodeWorker] [WorkerThread-3] [Task:1157584334-170] [BufferManager.cpp:65] [~BufferManager] Calling BufferManager::destroy()[m
[36m[02:15:31.185847] [D] [SingleNodeWorker] [WorkerThread-3] [Task:1157584334-170] [BufferManager.cpp:93] [~BufferManager] Shutting down Buffer Manager completed[m
[36m[02:15:31.689126] [D] [SingleNodeWorker] [WorkerThread-15] [Task:1157584334-170] [InputFormatter.hpp:348] [indexTrailingSpanningTupleProxy] last offset: 262143, first offset: 297[m
[36m[02:15:31.774351] [D] [SingleNodeWorker] [WorkerThread-11] [Task:1157584334-170] [InputFormatter.hpp:348] [indexTrailingSpanningTupleProxy] last offset: 262143, first offset: 154[m
[36m[02:15:32.035108] [D] [SingleNodeWorker] [WorkerThread-18] [Task:1157584334-170] [InputFormatter.hpp:348] [indexTrailingSpanningTupleProxy] last offset: 262143, first offset: 198[m
[36m[02:15:32.040001] [D] [SingleNodeWorker] [WorkerThread-10] [Task:1157584334] [SourceThread.cpp:230] [tryStop] SourceThread 2: attempting to stop source[m
[36m[02:15:32.040029] [D] [SingleNodeWorker] [WorkerThread-10] [Task:1157584334] [SourceThread.cpp:248] [tryStop] SourceThread 2: stopped[m
[32m[02:15:32.067280] [I] [SingleNodeWorker] [WorkerThread-30] [Task:1157584334-171] [VoidSink.cpp:42] [stop] Void Sink completed.[m
[36m[02:15:32.067902] [D] [SingleNodeWorker] [WorkerThread-30] [] [SourceThread.cpp:226] [tryStop] SourceThread 2: thread is not running[m
[32m[02:15:32.068214] [I] [SingleNodeWorker] [WorkerThread-5] [] [SequenceShredder.cpp:55] [~SequenceShredder] Successfully validated SequenceShredder[m
[36m[02:15:36.015575] [D] [Not A Worker] [unnamed] [queryId:834973407] [BufferManager.cpp:110] [initialize] NES memory allocation requires 1 out of 540577120256 (so 1.8498748143954595e-10%) available bytes[m
[36m[02:15:36.015629] [D] [Not A Worker] [unnamed] [queryId:834973407] [BufferManager.cpp:160] [initialize] BufferManager configuration bufferSize=1 numOfBuffers=1[m
[36m[02:15:36.015814] [D] [Not A Worker] [unnamed] [queryId:834973407] [PipeliningPhase.cpp:365] [apply] Constructed pipeline plan with 1 root pipelines.
PipelinedQueryPlan for Query: 834973407
Number of root pipelines: 1
------------------
Root Pipeline 0:
  Pipeline(ID(172), Provider(COMPILER))
  Operator chain:
    PhysicalOperator(NES::SourcePhysicalOperator)
  Successor Pipeline:
    Pipeline(ID(173), Provider(None))
      Operator chain:
        PhysicalOperator(NES::ScanPhysicalOperator)
          PhysicalOperator(NES::SelectionPhysicalOperator)
            PhysicalOperator(NES::MapPhysicalOperator)
              PhysicalOperator(NES::EmitPhysicalOperator)
      Successor Pipeline:
        Pipeline(ID(174), Provider(None))
          Operator chain:
            PhysicalOperator(NES::SinkPhysicalOperator)

[m
[36m[02:15:36.019641] [D] [Not A Worker] [unnamed] [] [SinkProvider.cpp:30] [lower] The sinkDescriptor is: SinkDescriptor: (name: variant("EXTRA_SINK"), type: Void, Config: )[m
[36m[02:15:36.020016] [D] [SingleNodeWorker] [WorkerThread-21] [Task:834973407-174] [VoidSink.cpp:37] [start] Setting up void sink: VoidSink[m
[36m[02:15:36.092516] [D] [SingleNodeWorker] [WorkerThread-21] [] [SourceThread.cpp:184] [start] Starting source with originId: 2[m
[36m[02:15:36.094040] [D] [SingleNodeWorker] [WorkerThread-21] [Task:834973407-173] [BufferManager.cpp:65] [~BufferManager] Calling BufferManager::destroy()[m
[36m[02:15:36.094065] [D] [SingleNodeWorker] [WorkerThread-21] [Task:834973407-173] [BufferManager.cpp:93] [~BufferManager] Shutting down Buffer Manager completed[m
[36m[02:15:36.962329] [D] [SingleNodeWorker] [WorkerThread-31] [Task:834973407] [SourceThread.cpp:230] [tryStop] SourceThread 2: attempting to stop source[m
[36m[02:15:36.962373] [D] [SingleNodeWorker] [WorkerThread-31] [Task:834973407] [SourceThread.cpp:248] [tryStop] SourceThread 2: stopped[m
[32m[02:15:36.988132] [I] [SingleNodeWorker] [WorkerThread-9] [Task:834973407-174] [VoidSink.cpp:42] [stop] Void Sink completed.[m
[36m[02:15:36.988257] [D] [SingleNodeWorker] [WorkerThread-9] [] [SourceThread.cpp:226] [tryStop] SourceThread 2: thread is not running[m
[32m[02:15:36.988445] [I] [SingleNodeWorker] [WorkerThread-22] [] [SequenceShredder.cpp:55] [~SequenceShredder] Successfully validated SequenceShredder[m
[36m[02:15:40.905260] [D] [Not A Worker] [unnamed] [queryId:847367048] [BufferManager.cpp:110] [initialize] NES memory allocation requires 1 out of 540577120256 (so 1.8498748143954595e-10%) available bytes[m
[36m[02:15:40.905310] [D] [Not A Worker] [unnamed] [queryId:847367048] [BufferManager.cpp:160] [initialize] BufferManager configuration bufferSize=1 numOfBuffers=1[m
[36m[02:15:40.905491] [D] [Not A Worker] [unnamed] [queryId:847367048] [PipeliningPhase.cpp:365] [apply] Constructed pipeline plan with 1 root pipelines.
PipelinedQueryPlan for Query: 847367048
Number of root pipelines: 1
------------------
Root Pipeline 0:
  Pipeline(ID(175), Provider(COMPILER))
  Operator chain:
    PhysicalOperator(NES::SourcePhysicalOperator)
  Successor Pipeline:
    Pipeline(ID(176), Provider(None))
      Operator chain:
        PhysicalOperator(NES::ScanPhysicalOperator)
          PhysicalOperator(NES::SelectionPhysicalOperator)
            PhysicalOperator(NES::MapPhysicalOperator)
              PhysicalOperator(NES::EmitPhysicalOperator)
      Successor Pipeline:
        Pipeline(ID(177), Provider(None))
          Operator chain:
            PhysicalOperator(NES::SinkPhysicalOperator)

[m
[36m[02:15:40.908330] [D] [Not A Worker] [unnamed] [] [SinkProvider.cpp:30] [lower] The sinkDescriptor is: SinkDescriptor: (name: variant("EXTRA_SINK"), type: Void, Config: )[m
[36m[02:15:40.910880] [D] [SingleNodeWorker] [WorkerThread-25] [Task:847367048-177] [VoidSink.cpp:37] [start] Setting up void sink: VoidSink[m
[36m[02:15:40.984212] [D] [SingleNodeWorker] [WorkerThread-25] [] [SourceThread.cpp:184] [start] Starting source with originId: 2[m
[36m[02:15:40.985765] [D] [SingleNodeWorker] [WorkerThread-25] [Task:847367048-176] [BufferManager.cpp:65] [~BufferManager] Calling BufferManager::destroy()[m
[36m[02:15:40.985789] [D] [SingleNodeWorker] [WorkerThread-25] [Task:847367048-176] [BufferManager.cpp:93] [~BufferManager] Shutting down Buffer Manager completed[m
[36m[02:15:41.860468] [D] [SingleNodeWorker] [WorkerThread-12] [Task:847367048] [SourceThread.cpp:230] [tryStop] SourceThread 2: attempting to stop source[m
[36m[02:15:41.860517] [D] [SingleNodeWorker] [WorkerThread-12] [Task:847367048] [SourceThread.cpp:248] [tryStop] SourceThread 2: stopped[m
[32m[02:15:41.886229] [I] [SingleNodeWorker] [WorkerThread-23] [Task:847367048-177] [VoidSink.cpp:42] [stop] Void Sink completed.[m
[36m[02:15:41.886304] [D] [SingleNodeWorker] [WorkerThread-23] [] [SourceThread.cpp:226] [tryStop] SourceThread 2: thread is not running[m
[32m[02:15:41.886384] [I] [SingleNodeWorker] [WorkerThread-30] [] [SequenceShredder.cpp:55] [~SequenceShredder] Successfully validated SequenceShredder[m
[36m[02:15:45.764771] [D] [Not A Worker] [unnamed] [queryId:1248517440] [BufferManager.cpp:110] [initialize] NES memory allocation requires 1 out of 540577120256 (so 1.8498748143954595e-10%) available bytes[m
[36m[02:15:45.764823] [D] [Not A Worker] [unnamed] [queryId:1248517440] [BufferManager.cpp:160] [initialize] BufferManager configuration bufferSize=1 numOfBuffers=1[m
[36m[02:15:45.765002] [D] [Not A Worker] [unnamed] [queryId:1248517440] [PipeliningPhase.cpp:365] [apply] Constructed pipeline plan with 1 root pipelines.
PipelinedQueryPlan for Query: 1248517440
Number of root pipelines: 1
------------------
Root Pipeline 0:
  Pipeline(ID(178), Provider(COMPILER))
  Operator chain:
    PhysicalOperator(NES::SourcePhysicalOperator)
  Successor Pipeline:
    Pipeline(ID(179), Provider(None))
      Operator chain:
        PhysicalOperator(NES::ScanPhysicalOperator)
          PhysicalOperator(NES::SelectionPhysicalOperator)
            PhysicalOperator(NES::MapPhysicalOperator)
              PhysicalOperator(NES::EmitPhysicalOperator)
      Successor Pipeline:
        Pipeline(ID(180), Provider(None))
          Operator chain:
            PhysicalOperator(NES::SinkPhysicalOperator)

[m
[36m[02:15:45.768513] [D] [Not A Worker] [unnamed] [] [SinkProvider.cpp:30] [lower] The sinkDescriptor is: SinkDescriptor: (name: variant("EXTRA_SINK"), type: Void, Config: )[m
[36m[02:15:45.769214] [D] [SingleNodeWorker] [WorkerThread-29] [Task:1248517440-180] [VoidSink.cpp:37] [start] Setting up void sink: VoidSink[m
[36m[02:15:45.840988] [D] [SingleNodeWorker] [WorkerThread-4] [] [SourceThread.cpp:184] [start] Starting source with originId: 2[m
[36m[02:15:45.842522] [D] [SingleNodeWorker] [WorkerThread-4] [Task:1248517440-179] [BufferManager.cpp:65] [~BufferManager] Calling BufferManager::destroy()[m
[36m[02:15:45.842548] [D] [SingleNodeWorker] [WorkerThread-4] [Task:1248517440-179] [BufferManager.cpp:93] [~BufferManager] Shutting down Buffer Manager completed[m
[36m[02:15:46.700248] [D] [SingleNodeWorker] [WorkerThread-18] [Task:1248517440] [SourceThread.cpp:230] [tryStop] SourceThread 2: attempting to stop source[m
[36m[02:15:46.700302] [D] [SingleNodeWorker] [WorkerThread-18] [Task:1248517440] [SourceThread.cpp:248] [tryStop] SourceThread 2: stopped[m
[32m[02:15:46.725723] [I] [SingleNodeWorker] [WorkerThread-6] [] [SequenceShredder.cpp:55] [~SequenceShredder] Successfully validated SequenceShredder[m
[32m[02:15:46.725920] [I] [SingleNodeWorker] [WorkerThread-0] [Task:1248517440-180] [VoidSink.cpp:42] [stop] Void Sink completed.[m
[36m[02:15:46.725993] [D] [SingleNodeWorker] [WorkerThread-0] [] [SourceThread.cpp:226] [tryStop] SourceThread 2: thread is not running[m
[36m[02:15:50.564290] [D] [Not A Worker] [unnamed] [queryId:1136693976] [BufferManager.cpp:110] [initialize] NES memory allocation requires 1 out of 540577120256 (so 1.8498748143954595e-10%) available bytes[m
[36m[02:15:50.564356] [D] [Not A Worker] [unnamed] [queryId:1136693976] [BufferManager.cpp:160] [initialize] BufferManager configuration bufferSize=1 numOfBuffers=1[m
[36m[02:15:50.564548] [D] [Not A Worker] [unnamed] [queryId:1136693976] [PipeliningPhase.cpp:365] [apply] Constructed pipeline plan with 1 root pipelines.
PipelinedQueryPlan for Query: 1136693976
Number of root pipelines: 1
------------------
Root Pipeline 0:
  Pipeline(ID(181), Provider(COMPILER))
  Operator chain:
    PhysicalOperator(NES::SourcePhysicalOperator)
  Successor Pipeline:
    Pipeline(ID(182), Provider(None))
      Operator chain:
        PhysicalOperator(NES::ScanPhysicalOperator)
          PhysicalOperator(NES::SelectionPhysicalOperator)
            PhysicalOperator(NES::MapPhysicalOperator)
              PhysicalOperator(NES::EmitPhysicalOperator)
      Successor Pipeline:
        Pipeline(ID(183), Provider(None))
          Operator chain:
            PhysicalOperator(NES::SinkPhysicalOperator)

[m
[36m[02:15:50.568241] [D] [Not A Worker] [unnamed] [] [SinkProvider.cpp:30] [lower] The sinkDescriptor is: SinkDescriptor: (name: variant("NAME_SINK"), type: Void, Config: )[m
[36m[02:15:50.568670] [D] [SingleNodeWorker] [WorkerThread-23] [Task:1136693976-183] [VoidSink.cpp:37] [start] Setting up void sink: VoidSink[m
[36m[02:15:50.631156] [D] [SingleNodeWorker] [WorkerThread-8] [] [SourceThread.cpp:184] [start] Starting source with originId: 2[m
[36m[02:15:50.632763] [D] [SingleNodeWorker] [WorkerThread-18] [Task:1136693976-182] [BufferManager.cpp:65] [~BufferManager] Calling BufferManager::destroy()[m
[36m[02:15:50.632841] [D] [SingleNodeWorker] [WorkerThread-18] [Task:1136693976-182] [BufferManager.cpp:93] [~BufferManager] Shutting down Buffer Manager completed[m
[36m[02:15:51.238503] [D] [SingleNodeWorker] [WorkerThread-20] [Task:1136693976-182] [InputFormatter.hpp:348] [indexTrailingSpanningTupleProxy] last offset: 262143, first offset: 214[m
[36m[02:15:51.479610] [D] [SingleNodeWorker] [WorkerThread-16] [Task:1136693976] [SourceThread.cpp:230] [tryStop] SourceThread 2: attempting to stop source[m
[36m[02:15:51.479657] [D] [SingleNodeWorker] [WorkerThread-16] [Task:1136693976] [SourceThread.cpp:248] [tryStop] SourceThread 2: stopped[m
[32m[02:15:51.506030] [I] [SingleNodeWorker] [WorkerThread-5] [Task:1136693976-183] [VoidSink.cpp:42] [stop] Void Sink completed.[m
[36m[02:15:51.506171] [D] [SingleNodeWorker] [WorkerThread-5] [] [SourceThread.cpp:226] [tryStop] SourceThread 2: thread is not running[m
[32m[02:15:51.506209] [I] [SingleNodeWorker] [WorkerThread-15] [] [SequenceShredder.cpp:55] [~SequenceShredder] Successfully validated SequenceShredder[m
[36m[02:15:55.439030] [D] [Not A Worker] [unnamed] [queryId:1768623199] [BufferManager.cpp:110] [initialize] NES memory allocation requires 1 out of 540577120256 (so 1.8498748143954595e-10%) available bytes[m
[36m[02:15:55.439079] [D] [Not A Worker] [unnamed] [queryId:1768623199] [BufferManager.cpp:160] [initialize] BufferManager configuration bufferSize=1 numOfBuffers=1[m
[36m[02:15:55.439244] [D] [Not A Worker] [unnamed] [queryId:1768623199] [PipeliningPhase.cpp:365] [apply] Constructed pipeline plan with 1 root pipelines.
PipelinedQueryPlan for Query: 1768623199
Number of root pipelines: 1
------------------
Root Pipeline 0:
  Pipeline(ID(184), Provider(COMPILER))
  Operator chain:
    PhysicalOperator(NES::SourcePhysicalOperator)
  Successor Pipeline:
    Pipeline(ID(185), Provider(None))
      Operator chain:
        PhysicalOperator(NES::ScanPhysicalOperator)
          PhysicalOperator(NES::SelectionPhysicalOperator)
            PhysicalOperator(NES::MapPhysicalOperator)
              PhysicalOperator(NES::EmitPhysicalOperator)
      Successor Pipeline:
        Pipeline(ID(186), Provider(None))
          Operator chain:
            PhysicalOperator(NES::SinkPhysicalOperator)

[m
[36m[02:15:55.442558] [D] [Not A Worker] [unnamed] [] [SinkProvider.cpp:30] [lower] The sinkDescriptor is: SinkDescriptor: (name: variant("NAME_SINK"), type: Void, Config: )[m
[36m[02:15:55.442970] [D] [SingleNodeWorker] [WorkerThread-16] [Task:1768623199-186] [VoidSink.cpp:37] [start] Setting up void sink: VoidSink[m
[36m[02:15:55.517538] [D] [SingleNodeWorker] [WorkerThread-6] [] [SourceThread.cpp:184] [start] Starting source with originId: 2[m
[36m[02:15:55.519088] [D] [SingleNodeWorker] [WorkerThread-6] [Task:1768623199-185] [BufferManager.cpp:65] [~BufferManager] Calling BufferManager::destroy()[m
[36m[02:15:55.519114] [D] [SingleNodeWorker] [WorkerThread-6] [Task:1768623199-185] [BufferManager.cpp:93] [~BufferManager] Shutting down Buffer Manager completed[m
[36m[02:15:56.185030] [D] [SingleNodeWorker] [WorkerThread-9] [Task:1768623199-185] [InputFormatter.hpp:348] [indexTrailingSpanningTupleProxy] last offset: 262143, first offset: 214[m
[36m[02:15:56.419849] [D] [SingleNodeWorker] [WorkerThread-13] [Task:1768623199] [SourceThread.cpp:230] [tryStop] SourceThread 2: attempting to stop source[m
[36m[02:15:56.419893] [D] [SingleNodeWorker] [WorkerThread-13] [Task:1768623199] [SourceThread.cpp:248] [tryStop] SourceThread 2: stopped[m
[32m[02:15:56.445817] [I] [SingleNodeWorker] [WorkerThread-3] [Task:1768623199-186] [VoidSink.cpp:42] [stop] Void Sink completed.[m
[32m[02:15:56.445944] [I] [SingleNodeWorker] [WorkerThread-5] [] [SequenceShredder.cpp:55] [~SequenceShredder] Successfully validated SequenceShredder[m
[36m[02:15:56.445953] [D] [SingleNodeWorker] [WorkerThread-3] [] [SourceThread.cpp:226] [tryStop] SourceThread 2: thread is not running[m
[36m[02:16:00.313644] [D] [Not A Worker] [unnamed] [queryId:698546198] [BufferManager.cpp:110] [initialize] NES memory allocation requires 1 out of 540577120256 (so 1.8498748143954595e-10%) available bytes[m
[36m[02:16:00.313691] [D] [Not A Worker] [unnamed] [queryId:698546198] [BufferManager.cpp:160] [initialize] BufferManager configuration bufferSize=1 numOfBuffers=1[m
[36m[02:16:00.313861] [D] [Not A Worker] [unnamed] [queryId:698546198] [PipeliningPhase.cpp:365] [apply] Constructed pipeline plan with 1 root pipelines.
PipelinedQueryPlan for Query: 698546198
Number of root pipelines: 1
------------------
Root Pipeline 0:
  Pipeline(ID(187), Provider(COMPILER))
  Operator chain:
    PhysicalOperator(NES::SourcePhysicalOperator)
  Successor Pipeline:
    Pipeline(ID(188), Provider(None))
      Operator chain:
        PhysicalOperator(NES::ScanPhysicalOperator)
          PhysicalOperator(NES::SelectionPhysicalOperator)
            PhysicalOperator(NES::MapPhysicalOperator)
              PhysicalOperator(NES::EmitPhysicalOperator)
      Successor Pipeline:
        Pipeline(ID(189), Provider(None))
          Operator chain:
            PhysicalOperator(NES::SinkPhysicalOperator)

[m
[36m[02:16:00.317236] [D] [Not A Worker] [unnamed] [] [SinkProvider.cpp:30] [lower] The sinkDescriptor is: SinkDescriptor: (name: variant("NAME_SINK"), type: Void, Config: )[m
[36m[02:16:00.320475] [D] [SingleNodeWorker] [WorkerThread-3] [Task:698546198-189] [VoidSink.cpp:37] [start] Setting up void sink: VoidSink[m
[36m[02:16:00.392263] [D] [SingleNodeWorker] [WorkerThread-18] [] [SourceThread.cpp:184] [start] Starting source with originId: 2[m
[36m[02:16:00.393780] [D] [SingleNodeWorker] [WorkerThread-18] [Task:698546198-188] [BufferManager.cpp:65] [~BufferManager] Calling BufferManager::destroy()[m
[36m[02:16:00.393805] [D] [SingleNodeWorker] [WorkerThread-18] [Task:698546198-188] [BufferManager.cpp:93] [~BufferManager] Shutting down Buffer Manager completed[m
[36m[02:16:01.222764] [D] [SingleNodeWorker] [WorkerThread-28] [Task:698546198] [SourceThread.cpp:230] [tryStop] SourceThread 2: attempting to stop source[m
[36m[02:16:01.222813] [D] [SingleNodeWorker] [WorkerThread-28] [Task:698546198] [SourceThread.cpp:248] [tryStop] SourceThread 2: stopped[m
[32m[02:16:01.249222] [I] [SingleNodeWorker] [WorkerThread-29] [Task:698546198-189] [VoidSink.cpp:42] [stop] Void Sink completed.[m
[36m[02:16:01.249375] [D] [SingleNodeWorker] [WorkerThread-29] [] [SourceThread.cpp:226] [tryStop] SourceThread 2: thread is not running[m
[32m[02:16:01.249601] [I] [SingleNodeWorker] [WorkerThread-18] [] [SequenceShredder.cpp:55] [~SequenceShredder] Successfully validated SequenceShredder[m
[36m[02:16:05.225986] [D] [Not A Worker] [unnamed] [queryId:642108530] [BufferManager.cpp:110] [initialize] NES memory allocation requires 1 out of 540577120256 (so 1.8498748143954595e-10%) available bytes[m
[36m[02:16:05.226034] [D] [Not A Worker] [unnamed] [queryId:642108530] [BufferManager.cpp:160] [initialize] BufferManager configuration bufferSize=1 numOfBuffers=1[m
[36m[02:16:05.226240] [D] [Not A Worker] [unnamed] [queryId:642108530] [PipeliningPhase.cpp:365] [apply] Constructed pipeline plan with 1 root pipelines.
PipelinedQueryPlan for Query: 642108530
Number of root pipelines: 1
------------------
Root Pipeline 0:
  Pipeline(ID(190), Provider(COMPILER))
  Operator chain:
    PhysicalOperator(NES::SourcePhysicalOperator)
  Successor Pipeline:
    Pipeline(ID(191), Provider(None))
      Operator chain:
        PhysicalOperator(NES::ScanPhysicalOperator)
          PhysicalOperator(NES::SelectionPhysicalOperator)
            PhysicalOperator(NES::MapPhysicalOperator)
              PhysicalOperator(NES::EmitPhysicalOperator)
      Successor Pipeline:
        Pipeline(ID(192), Provider(None))
          Operator chain:
            PhysicalOperator(NES::SinkPhysicalOperator)

[m
[36m[02:16:05.229490] [D] [Not A Worker] [unnamed] [] [SinkProvider.cpp:30] [lower] The sinkDescriptor is: SinkDescriptor: (name: variant("NAME_SINK"), type: Void, Config: )[m
[36m[02:16:05.230836] [D] [SingleNodeWorker] [WorkerThread-5] [Task:642108530-192] [VoidSink.cpp:37] [start] Setting up void sink: VoidSink[m
[36m[02:16:05.303191] [D] [SingleNodeWorker] [WorkerThread-12] [] [SourceThread.cpp:184] [start] Starting source with originId: 2[m
[36m[02:16:05.304880] [D] [SingleNodeWorker] [WorkerThread-15] [Task:642108530-191] [BufferManager.cpp:65] [~BufferManager] Calling BufferManager::destroy()[m
[36m[02:16:05.304960] [D] [SingleNodeWorker] [WorkerThread-15] [Task:642108530-191] [BufferManager.cpp:93] [~BufferManager] Shutting down Buffer Manager completed[m
[36m[02:16:06.181506] [D] [SingleNodeWorker] [WorkerThread-25] [Task:642108530] [SourceThread.cpp:230] [tryStop] SourceThread 2: attempting to stop source[m
[36m[02:16:06.181570] [D] [SingleNodeWorker] [WorkerThread-25] [Task:642108530] [SourceThread.cpp:248] [tryStop] SourceThread 2: stopped[m
[32m[02:16:06.207364] [I] [SingleNodeWorker] [WorkerThread-9] [] [SequenceShredder.cpp:55] [~SequenceShredder] Successfully validated SequenceShredder[m
[32m[02:16:06.207597] [I] [SingleNodeWorker] [WorkerThread-4] [Task:642108530-192] [VoidSink.cpp:42] [stop] Void Sink completed.[m
[36m[02:16:06.207726] [D] [SingleNodeWorker] [WorkerThread-4] [] [SourceThread.cpp:226] [tryStop] SourceThread 2: thread is not running[m
[36m[02:16:10.177685] [D] [Not A Worker] [unnamed] [queryId:1290762158] [BufferManager.cpp:110] [initialize] NES memory allocation requires 1 out of 540577120256 (so 1.8498748143954595e-10%) available bytes[m
[36m[02:16:10.177751] [D] [Not A Worker] [unnamed] [queryId:1290762158] [BufferManager.cpp:160] [initialize] BufferManager configuration bufferSize=1 numOfBuffers=1[m
[36m[02:16:10.177960] [D] [Not A Worker] [unnamed] [queryId:1290762158] [PipeliningPhase.cpp:365] [apply] Constructed pipeline plan with 1 root pipelines.
PipelinedQueryPlan for Query: 1290762158
Number of root pipelines: 1
------------------
Root Pipeline 0:
  Pipeline(ID(193), Provider(COMPILER))
  Operator chain:
    PhysicalOperator(NES::SourcePhysicalOperator)
  Successor Pipeline:
    Pipeline(ID(194), Provider(None))
      Operator chain:
        PhysicalOperator(NES::ScanPhysicalOperator)
          PhysicalOperator(NES::SelectionPhysicalOperator)
            PhysicalOperator(NES::MapPhysicalOperator)
              PhysicalOperator(NES::EmitPhysicalOperator)
      Successor Pipeline:
        Pipeline(ID(195), Provider(None))
          Operator chain:
            PhysicalOperator(NES::SinkPhysicalOperator)

[m
[36m[02:16:10.181296] [D] [Not A Worker] [unnamed] [] [SinkProvider.cpp:30] [lower] The sinkDescriptor is: SinkDescriptor: (name: variant("NAME_SINK"), type: Void, Config: )[m
[36m[02:16:10.181656] [D] [SingleNodeWorker] [WorkerThread-4] [Task:1290762158-195] [VoidSink.cpp:37] [start] Setting up void sink: VoidSink[m
[36m[02:16:10.250491] [D] [SingleNodeWorker] [WorkerThread-25] [] [SourceThread.cpp:184] [start] Starting source with originId: 2[m
[36m[02:16:10.252207] [D] [SingleNodeWorker] [WorkerThread-26] [Task:1290762158-194] [BufferManager.cpp:65] [~BufferManager] Calling BufferManager::destroy()[m
[36m[02:16:10.252297] [D] [SingleNodeWorker] [WorkerThread-26] [Task:1290762158-194] [BufferManager.cpp:93] [~BufferManager] Shutting down Buffer Manager completed[m
[36m[02:16:11.089102] [D] [SingleNodeWorker] [WorkerThread-3] [Task:1290762158] [SourceThread.cpp:230] [tryStop] SourceThread 2: attempting to stop source[m
[36m[02:16:11.089159] [D] [SingleNodeWorker] [WorkerThread-3] [Task:1290762158] [SourceThread.cpp:248] [tryStop] SourceThread 2: stopped[m
[32m[02:16:11.114863] [I] [SingleNodeWorker] [WorkerThread-17] [Task:1290762158-195] [VoidSink.cpp:42] [stop] Void Sink completed.[m
[36m[02:16:11.115029] [D] [SingleNodeWorker] [WorkerThread-17] [] [SourceThread.cpp:226] [tryStop] SourceThread 2: thread is not running[m
[32m[02:16:11.115258] [I] [SingleNodeWorker] [WorkerThread-15] [] [SequenceShredder.cpp:55] [~SequenceShredder] Successfully validated SequenceShredder[m
[36m[02:16:15.053153] [D] [Not A Worker] [unnamed] [queryId:1365276385] [BufferManager.cpp:110] [initialize] NES memory allocation requires 1 out of 540577120256 (so 1.8498748143954595e-10%) available bytes[m
[36m[02:16:15.053207] [D] [Not A Worker] [unnamed] [queryId:1365276385] [BufferManager.cpp:160] [initialize] BufferManager configuration bufferSize=1 numOfBuffers=1[m
[36m[02:16:15.053393] [D] [Not A Worker] [unnamed] [queryId:1365276385] [PipeliningPhase.cpp:365] [apply] Constructed pipeline plan with 1 root pipelines.
PipelinedQueryPlan for Query: 1365276385
Number of root pipelines: 1
------------------
Root Pipeline 0:
  Pipeline(ID(196), Provider(COMPILER))
  Operator chain:
    PhysicalOperator(NES::SourcePhysicalOperator)
  Successor Pipeline:
    Pipeline(ID(197), Provider(None))
      Operator chain:
        PhysicalOperator(NES::ScanPhysicalOperator)
          PhysicalOperator(NES::SelectionPhysicalOperator)
            PhysicalOperator(NES::MapPhysicalOperator)
              PhysicalOperator(NES::EmitPhysicalOperator)
      Successor Pipeline:
        Pipeline(ID(198), Provider(None))
          Operator chain:
            PhysicalOperator(NES::SinkPhysicalOperator)

[m
[36m[02:16:15.057098] [D] [Not A Worker] [unnamed] [] [SinkProvider.cpp:30] [lower] The sinkDescriptor is: SinkDescriptor: (name: variant("NAME_SINK"), type: Void, Config: )[m
[36m[02:16:15.057430] [D] [SingleNodeWorker] [WorkerThread-0] [Task:1365276385-198] [VoidSink.cpp:37] [start] Setting up void sink: VoidSink[m
[36m[02:16:15.128483] [D] [SingleNodeWorker] [WorkerThread-1] [] [SourceThread.cpp:184] [start] Starting source with originId: 2[m
[36m[02:16:15.130226] [D] [SingleNodeWorker] [WorkerThread-15] [Task:1365276385-197] [BufferManager.cpp:65] [~BufferManager] Calling BufferManager::destroy()[m
[36m[02:16:15.130305] [D] [SingleNodeWorker] [WorkerThread-15] [Task:1365276385-197] [BufferManager.cpp:93] [~BufferManager] Shutting down Buffer Manager completed[m
[36m[02:16:15.724038] [D] [SingleNodeWorker] [WorkerThread-28] [Task:1365276385-197] [InputFormatter.hpp:348] [indexTrailingSpanningTupleProxy] last offset: 262143, first offset: 154[m
[36m[02:16:15.990061] [D] [SingleNodeWorker] [WorkerThread-22] [Task:1365276385-197] [InputFormatter.hpp:348] [indexTrailingSpanningTupleProxy] last offset: 262143, first offset: 198[m
[36m[02:16:15.994579] [D] [SingleNodeWorker] [WorkerThread-13] [Task:1365276385] [SourceThread.cpp:230] [tryStop] SourceThread 2: attempting to stop source[m
[36m[02:16:15.994610] [D] [SingleNodeWorker] [WorkerThread-13] [Task:1365276385] [SourceThread.cpp:248] [tryStop] SourceThread 2: stopped[m
[32m[02:16:16.020254] [I] [SingleNodeWorker] [WorkerThread-17] [Task:1365276385-198] [VoidSink.cpp:42] [stop] Void Sink completed.[m
[36m[02:16:16.020405] [D] [SingleNodeWorker] [WorkerThread-17] [] [SourceThread.cpp:226] [tryStop] SourceThread 2: thread is not running[m
[32m[02:16:16.020524] [I] [SingleNodeWorker] [WorkerThread-28] [] [SequenceShredder.cpp:55] [~SequenceShredder] Successfully validated SequenceShredder[m
[36m[02:16:20.008573] [D] [Not A Worker] [unnamed] [queryId:289802274] [BufferManager.cpp:110] [initialize] NES memory allocation requires 1 out of 540577120256 (so 1.8498748143954595e-10%) available bytes[m
[36m[02:16:20.008622] [D] [Not A Worker] [unnamed] [queryId:289802274] [BufferManager.cpp:160] [initialize] BufferManager configuration bufferSize=1 numOfBuffers=1[m
[36m[02:16:20.008785] [D] [Not A Worker] [unnamed] [queryId:289802274] [PipeliningPhase.cpp:365] [apply] Constructed pipeline plan with 1 root pipelines.
PipelinedQueryPlan for Query: 289802274
Number of root pipelines: 1
------------------
Root Pipeline 0:
  Pipeline(ID(199), Provider(COMPILER))
  Operator chain:
    PhysicalOperator(NES::SourcePhysicalOperator)
  Successor Pipeline:
    Pipeline(ID(200), Provider(None))
      Operator chain:
        PhysicalOperator(NES::ScanPhysicalOperator)
          PhysicalOperator(NES::SelectionPhysicalOperator)
            PhysicalOperator(NES::MapPhysicalOperator)
              PhysicalOperator(NES::EmitPhysicalOperator)
      Successor Pipeline:
        Pipeline(ID(201), Provider(None))
          Operator chain:
            PhysicalOperator(NES::SinkPhysicalOperator)

[m
[36m[02:16:20.011459] [D] [Not A Worker] [unnamed] [] [SinkProvider.cpp:30] [lower] The sinkDescriptor is: SinkDescriptor: (name: variant("NAME_SINK"), type: Void, Config: )[m
[36m[02:16:20.012012] [D] [SingleNodeWorker] [WorkerThread-2] [Task:289802274-201] [VoidSink.cpp:37] [start] Setting up void sink: VoidSink[m
[36m[02:16:20.086149] [D] [SingleNodeWorker] [WorkerThread-2] [] [SourceThread.cpp:184] [start] Starting source with originId: 2[m
[36m[02:16:20.088052] [D] [SingleNodeWorker] [WorkerThread-0] [Task:289802274-200] [BufferManager.cpp:65] [~BufferManager] Calling BufferManager::destroy()[m
[36m[02:16:20.088161] [D] [SingleNodeWorker] [WorkerThread-0] [Task:289802274-200] [BufferManager.cpp:93] [~BufferManager] Shutting down Buffer Manager completed[m
[36m[02:16:20.951017] [D] [SingleNodeWorker] [WorkerThread-9] [Task:289802274] [SourceThread.cpp:230] [tryStop] SourceThread 2: attempting to stop source[m
[36m[02:16:20.951071] [D] [SingleNodeWorker] [WorkerThread-9] [Task:289802274] [SourceThread.cpp:248] [tryStop] SourceThread 2: stopped[m
[32m[02:16:20.976586] [I] [SingleNodeWorker] [WorkerThread-23] [Task:289802274-201] [VoidSink.cpp:42] [stop] Void Sink completed.[m
[36m[02:16:20.976709] [D] [SingleNodeWorker] [WorkerThread-23] [] [SourceThread.cpp:226] [tryStop] SourceThread 2: thread is not running[m
[32m[02:16:20.976898] [I] [SingleNodeWorker] [WorkerThread-31] [] [SequenceShredder.cpp:55] [~SequenceShredder] Successfully validated SequenceShredder[m
[36m[02:16:24.842146] [D] [Not A Worker] [unnamed] [queryId:804547060] [BufferManager.cpp:110] [initialize] NES memory allocation requires 1 out of 540577120256 (so 1.8498748143954595e-10%) available bytes[m
[36m[02:16:24.842196] [D] [Not A Worker] [unnamed] [queryId:804547060] [BufferManager.cpp:160] [initialize] BufferManager configuration bufferSize=1 numOfBuffers=1[m
[36m[02:16:24.842399] [D] [Not A Worker] [unnamed] [queryId:804547060] [PipeliningPhase.cpp:365] [apply] Constructed pipeline plan with 1 root pipelines.
PipelinedQueryPlan for Query: 804547060
Number of root pipelines: 1
------------------
Root Pipeline 0:
  Pipeline(ID(202), Provider(COMPILER))
  Operator chain:
    PhysicalOperator(NES::SourcePhysicalOperator)
  Successor Pipeline:
    Pipeline(ID(203), Provider(None))
      Operator chain:
        PhysicalOperator(NES::ScanPhysicalOperator)
          PhysicalOperator(NES::SelectionPhysicalOperator)
            PhysicalOperator(NES::MapPhysicalOperator)
              PhysicalOperator(NES::EmitPhysicalOperator)
      Successor Pipeline:
        Pipeline(ID(204), Provider(None))
          Operator chain:
            PhysicalOperator(NES::SinkPhysicalOperator)

[m
[36m[02:16:24.845662] [D] [Not A Worker] [unnamed] [] [SinkProvider.cpp:30] [lower] The sinkDescriptor is: SinkDescriptor: (name: variant("NAME_SINK"), type: Void, Config: )[m
[36m[02:16:24.847095] [D] [SingleNodeWorker] [WorkerThread-18] [Task:804547060-204] [VoidSink.cpp:37] [start] Setting up void sink: VoidSink[m
[36m[02:16:24.918688] [D] [SingleNodeWorker] [WorkerThread-18] [] [SourceThread.cpp:184] [start] Starting source with originId: 2[m
[36m[02:16:24.920187] [D] [SingleNodeWorker] [WorkerThread-1] [Task:804547060-203] [BufferManager.cpp:65] [~BufferManager] Calling BufferManager::destroy()[m
[36m[02:16:24.920269] [D] [SingleNodeWorker] [WorkerThread-1] [Task:804547060-203] [BufferManager.cpp:93] [~BufferManager] Shutting down Buffer Manager completed[m
[36m[02:16:24.999640] [D] [SingleNodeWorker] [WorkerThread-3] [Task:804547060-203] [InputFormatter.hpp:348] [indexTrailingSpanningTupleProxy] last offset: 262143, first offset: 31[m
[36m[02:16:25.765595] [D] [SingleNodeWorker] [WorkerThread-20] [Task:804547060] [SourceThread.cpp:230] [tryStop] SourceThread 2: attempting to stop source[m
[36m[02:16:25.765637] [D] [SingleNodeWorker] [WorkerThread-20] [Task:804547060] [SourceThread.cpp:248] [tryStop] SourceThread 2: stopped[m
[32m[02:16:25.791440] [I] [SingleNodeWorker] [WorkerThread-18] [Task:804547060-204] [VoidSink.cpp:42] [stop] Void Sink completed.[m
[36m[02:16:25.791604] [D] [SingleNodeWorker] [WorkerThread-18] [] [SourceThread.cpp:226] [tryStop] SourceThread 2: thread is not running[m
[32m[02:16:25.791627] [I] [SingleNodeWorker] [WorkerThread-4] [] [SequenceShredder.cpp:55] [~SequenceShredder] Successfully validated SequenceShredder[m
[36m[02:16:29.743391] [D] [Not A Worker] [unnamed] [queryId:687747769] [BufferManager.cpp:110] [initialize] NES memory allocation requires 1 out of 540577120256 (so 1.8498748143954595e-10%) available bytes[m
[36m[02:16:29.743446] [D] [Not A Worker] [unnamed] [queryId:687747769] [BufferManager.cpp:160] [initialize] BufferManager configuration bufferSize=1 numOfBuffers=1[m
[36m[02:16:29.743628] [D] [Not A Worker] [unnamed] [queryId:687747769] [PipeliningPhase.cpp:365] [apply] Constructed pipeline plan with 1 root pipelines.
PipelinedQueryPlan for Query: 687747769
Number of root pipelines: 1
------------------
Root Pipeline 0:
  Pipeline(ID(205), Provider(COMPILER))
  Operator chain:
    PhysicalOperator(NES::SourcePhysicalOperator)
  Successor Pipeline:
    Pipeline(ID(206), Provider(None))
      Operator chain:
        PhysicalOperator(NES::ScanPhysicalOperator)
          PhysicalOperator(NES::SelectionPhysicalOperator)
            PhysicalOperator(NES::MapPhysicalOperator)
              PhysicalOperator(NES::EmitPhysicalOperator)
      Successor Pipeline:
        Pipeline(ID(207), Provider(None))
          Operator chain:
            PhysicalOperator(NES::SinkPhysicalOperator)

[m
[36m[02:16:29.747600] [D] [Not A Worker] [unnamed] [] [SinkProvider.cpp:30] [lower] The sinkDescriptor is: SinkDescriptor: (name: variant("NAME_SINK"), type: Void, Config: )[m
[36m[02:16:29.748069] [D] [SingleNodeWorker] [WorkerThread-17] [Task:687747769-207] [VoidSink.cpp:37] [start] Setting up void sink: VoidSink[m
[36m[02:16:29.818979] [D] [SingleNodeWorker] [WorkerThread-7] [] [SourceThread.cpp:184] [start] Starting source with originId: 2[m
[36m[02:16:29.820477] [D] [SingleNodeWorker] [WorkerThread-7] [Task:687747769-206] [BufferManager.cpp:65] [~BufferManager] Calling BufferManager::destroy()[m
[36m[02:16:29.820501] [D] [SingleNodeWorker] [WorkerThread-7] [Task:687747769-206] [BufferManager.cpp:93] [~BufferManager] Shutting down Buffer Manager completed[m
[36m[02:16:30.417314] [D] [SingleNodeWorker] [WorkerThread-30] [Task:687747769-206] [InputFormatter.hpp:348] [indexTrailingSpanningTupleProxy] last offset: 262143, first offset: 214[m
[36m[02:16:30.536585] [D] [SingleNodeWorker] [WorkerThread-26] [Task:687747769-206] [InputFormatter.hpp:348] [indexTrailingSpanningTupleProxy] last offset: 262143, first offset: 238[m
[36m[02:16:30.654928] [D] [SingleNodeWorker] [WorkerThread-9] [Task:687747769] [SourceThread.cpp:230] [tryStop] SourceThread 2: attempting to stop source[m
[36m[02:16:30.654976] [D] [SingleNodeWorker] [WorkerThread-9] [Task:687747769] [SourceThread.cpp:248] [tryStop] SourceThread 2: stopped[m
[32m[02:16:30.680587] [I] [SingleNodeWorker] [WorkerThread-20] [Task:687747769-207] [VoidSink.cpp:42] [stop] Void Sink completed.[m
[36m[02:16:30.680715] [D] [SingleNodeWorker] [WorkerThread-20] [] [SourceThread.cpp:226] [tryStop] SourceThread 2: thread is not running[m
[32m[02:16:30.680772] [I] [SingleNodeWorker] [WorkerThread-3] [] [SequenceShredder.cpp:55] [~SequenceShredder] Successfully validated SequenceShredder[m
[36m[02:16:34.646193] [D] [Not A Worker] [unnamed] [queryId:70234351] [BufferManager.cpp:110] [initialize] NES memory allocation requires 1 out of 540577120256 (so 1.8498748143954595e-10%) available bytes[m
[36m[02:16:34.646249] [D] [Not A Worker] [unnamed] [queryId:70234351] [BufferManager.cpp:160] [initialize] BufferManager configuration bufferSize=1 numOfBuffers=1[m
[36m[02:16:34.646423] [D] [Not A Worker] [unnamed] [queryId:70234351] [PipeliningPhase.cpp:365] [apply] Constructed pipeline plan with 1 root pipelines.
PipelinedQueryPlan for Query: 70234351
Number of root pipelines: 1
------------------
Root Pipeline 0:
  Pipeline(ID(208), Provider(COMPILER))
  Operator chain:
    PhysicalOperator(NES::SourcePhysicalOperator)
  Successor Pipeline:
    Pipeline(ID(209), Provider(None))
      Operator chain:
        PhysicalOperator(NES::ScanPhysicalOperator)
          PhysicalOperator(NES::SelectionPhysicalOperator)
            PhysicalOperator(NES::MapPhysicalOperator)
              PhysicalOperator(NES::EmitPhysicalOperator)
      Successor Pipeline:
        Pipeline(ID(210), Provider(None))
          Operator chain:
            PhysicalOperator(NES::SinkPhysicalOperator)

[m
[36m[02:16:34.650309] [D] [Not A Worker] [unnamed] [] [SinkProvider.cpp:30] [lower] The sinkDescriptor is: SinkDescriptor: (name: variant("NAME_SINK"), type: Void, Config: )[m
[36m[02:16:34.651668] [D] [SingleNodeWorker] [WorkerThread-31] [Task:70234351-210] [VoidSink.cpp:37] [start] Setting up void sink: VoidSink[m
[36m[02:16:34.723033] [D] [SingleNodeWorker] [WorkerThread-31] [] [SourceThread.cpp:184] [start] Starting source with originId: 2[m
[36m[02:16:34.724767] [D] [SingleNodeWorker] [WorkerThread-28] [Task:70234351-209] [BufferManager.cpp:65] [~BufferManager] Calling BufferManager::destroy()[m
[36m[02:16:34.724851] [D] [SingleNodeWorker] [WorkerThread-28] [Task:70234351-209] [BufferManager.cpp:93] [~BufferManager] Shutting down Buffer Manager completed[m
[36m[02:16:35.579998] [D] [SingleNodeWorker] [WorkerThread-4] [Task:70234351] [SourceThread.cpp:230] [tryStop] SourceThread 2: attempting to stop source[m
[36m[02:16:35.580052] [D] [SingleNodeWorker] [WorkerThread-4] [Task:70234351] [SourceThread.cpp:248] [tryStop] SourceThread 2: stopped[m
[32m[02:16:35.605981] [I] [SingleNodeWorker] [WorkerThread-10] [Task:70234351-210] [VoidSink.cpp:42] [stop] Void Sink completed.[m
[32m[02:16:35.606004] [I] [SingleNodeWorker] [WorkerThread-25] [] [SequenceShredder.cpp:55] [~SequenceShredder] Successfully validated SequenceShredder[m
[36m[02:16:35.606129] [D] [SingleNodeWorker] [WorkerThread-10] [] [SourceThread.cpp:226] [tryStop] SourceThread 2: thread is not running[m
[36m[02:16:39.475107] [D] [Not A Worker] [unnamed] [queryId:586489945] [BufferManager.cpp:110] [initialize] NES memory allocation requires 1 out of 540577120256 (so 1.8498748143954595e-10%) available bytes[m
[36m[02:16:39.475161] [D] [Not A Worker] [unnamed] [queryId:586489945] [BufferManager.cpp:160] [initialize] BufferManager configuration bufferSize=1 numOfBuffers=1[m
[36m[02:16:39.475327] [D] [Not A Worker] [unnamed] [queryId:586489945] [PipeliningPhase.cpp:365] [apply] Constructed pipeline plan with 1 root pipelines.
PipelinedQueryPlan for Query: 586489945
Number of root pipelines: 1
------------------
Root Pipeline 0:
  Pipeline(ID(211), Provider(COMPILER))
  Operator chain:
    PhysicalOperator(NES::SourcePhysicalOperator)
  Successor Pipeline:
    Pipeline(ID(212), Provider(None))
      Operator chain:
        PhysicalOperator(NES::ScanPhysicalOperator)
          PhysicalOperator(NES::SelectionPhysicalOperator)
            PhysicalOperator(NES::MapPhysicalOperator)
              PhysicalOperator(NES::EmitPhysicalOperator)
      Successor Pipeline:
        Pipeline(ID(213), Provider(None))
          Operator chain:
            PhysicalOperator(NES::SinkPhysicalOperator)

[m
[36m[02:16:39.479305] [D] [Not A Worker] [unnamed] [] [SinkProvider.cpp:30] [lower] The sinkDescriptor is: SinkDescriptor: (name: variant("EXTRA_SINK"), type: Void, Config: )[m
[36m[02:16:39.479707] [D] [SingleNodeWorker] [WorkerThread-26] [Task:586489945-213] [VoidSink.cpp:37] [start] Setting up void sink: VoidSink[m
[36m[02:16:39.551743] [D] [SingleNodeWorker] [WorkerThread-26] [] [SourceThread.cpp:184] [start] Starting source with originId: 2[m
[36m[02:16:39.553528] [D] [SingleNodeWorker] [WorkerThread-3] [Task:586489945-212] [BufferManager.cpp:65] [~BufferManager] Calling BufferManager::destroy()[m
[36m[02:16:39.553616] [D] [SingleNodeWorker] [WorkerThread-3] [Task:586489945-212] [BufferManager.cpp:93] [~BufferManager] Shutting down Buffer Manager completed[m
[36m[02:16:40.446613] [D] [SingleNodeWorker] [WorkerThread-2] [Task:586489945] [SourceThread.cpp:230] [tryStop] SourceThread 2: attempting to stop source[m
[36m[02:16:40.446661] [D] [SingleNodeWorker] [WorkerThread-2] [Task:586489945] [SourceThread.cpp:248] [tryStop] SourceThread 2: stopped[m
[32m[02:16:40.472611] [I] [SingleNodeWorker] [WorkerThread-14] [Task:586489945-213] [VoidSink.cpp:42] [stop] Void Sink completed.[m
[36m[02:16:40.472738] [D] [SingleNodeWorker] [WorkerThread-14] [] [SourceThread.cpp:226] [tryStop] SourceThread 2: thread is not running[m
[32m[02:16:40.472887] [I] [SingleNodeWorker] [WorkerThread-12] [] [SequenceShredder.cpp:55] [~SequenceShredder] Successfully validated SequenceShredder[m
[36m[02:16:44.439549] [D] [Not A Worker] [unnamed] [queryId:1149569675] [BufferManager.cpp:110] [initialize] NES memory allocation requires 1 out of 540577120256 (so 1.8498748143954595e-10%) available bytes[m
[36m[02:16:44.439599] [D] [Not A Worker] [unnamed] [queryId:1149569675] [BufferManager.cpp:160] [initialize] BufferManager configuration bufferSize=1 numOfBuffers=1[m
[36m[02:16:44.439779] [D] [Not A Worker] [unnamed] [queryId:1149569675] [PipeliningPhase.cpp:365] [apply] Constructed pipeline plan with 1 root pipelines.
PipelinedQueryPlan for Query: 1149569675
Number of root pipelines: 1
------------------
Root Pipeline 0:
  Pipeline(ID(214), Provider(COMPILER))
  Operator chain:
    PhysicalOperator(NES::SourcePhysicalOperator)
  Successor Pipeline:
    Pipeline(ID(215), Provider(None))
      Operator chain:
        PhysicalOperator(NES::ScanPhysicalOperator)
          PhysicalOperator(NES::SelectionPhysicalOperator)
            PhysicalOperator(NES::MapPhysicalOperator)
              PhysicalOperator(NES::EmitPhysicalOperator)
      Successor Pipeline:
        Pipeline(ID(216), Provider(None))
          Operator chain:
            PhysicalOperator(NES::SinkPhysicalOperator)

[m
[36m[02:16:44.443355] [D] [Not A Worker] [unnamed] [] [SinkProvider.cpp:30] [lower] The sinkDescriptor is: SinkDescriptor: (name: variant("EXTRA_SINK"), type: Void, Config: )[m
[36m[02:16:44.443850] [D] [SingleNodeWorker] [WorkerThread-28] [Task:1149569675-216] [VoidSink.cpp:37] [start] Setting up void sink: VoidSink[m
[36m[02:16:44.509997] [D] [SingleNodeWorker] [WorkerThread-28] [] [SourceThread.cpp:184] [start] Starting source with originId: 2[m
[36m[02:16:44.511505] [D] [SingleNodeWorker] [WorkerThread-28] [Task:1149569675-215] [BufferManager.cpp:65] [~BufferManager] Calling BufferManager::destroy()[m
[36m[02:16:44.511531] [D] [SingleNodeWorker] [WorkerThread-28] [Task:1149569675-215] [BufferManager.cpp:93] [~BufferManager] Shutting down Buffer Manager completed[m
[36m[02:16:44.572342] [D] [SingleNodeWorker] [WorkerThread-4] [Task:1149569675-215] [InputFormatter.hpp:348] [indexTrailingSpanningTupleProxy] last offset: 262143, first offset: 151[m
[36m[02:16:45.333029] [D] [SingleNodeWorker] [WorkerThread-23] [Task:1149569675] [SourceThread.cpp:230] [tryStop] SourceThread 2: attempting to stop source[m
[36m[02:16:45.333079] [D] [SingleNodeWorker] [WorkerThread-23] [Task:1149569675] [SourceThread.cpp:248] [tryStop] SourceThread 2: stopped[m
[32m[02:16:45.358516] [I] [SingleNodeWorker] [WorkerThread-0] [Task:1149569675-216] [VoidSink.cpp:42] [stop] Void Sink completed.[m
[36m[02:16:45.358659] [D] [SingleNodeWorker] [WorkerThread-0] [] [SourceThread.cpp:226] [tryStop] SourceThread 2: thread is not running[m
[32m[02:16:45.358928] [I] [SingleNodeWorker] [WorkerThread-14] [] [SequenceShredder.cpp:55] [~SequenceShredder] Successfully validated SequenceShredder[m
[36m[02:16:49.289876] [D] [Not A Worker] [unnamed] [queryId:1523530127] [BufferManager.cpp:110] [initialize] NES memory allocation requires 1 out of 540577120256 (so 1.8498748143954595e-10%) available bytes[m
[36m[02:16:49.289927] [D] [Not A Worker] [unnamed] [queryId:1523530127] [BufferManager.cpp:160] [initialize] BufferManager configuration bufferSize=1 numOfBuffers=1[m
[36m[02:16:49.290102] [D] [Not A Worker] [unnamed] [queryId:1523530127] [PipeliningPhase.cpp:365] [apply] Constructed pipeline plan with 1 root pipelines.
PipelinedQueryPlan for Query: 1523530127
Number of root pipelines: 1
------------------
Root Pipeline 0:
  Pipeline(ID(217), Provider(COMPILER))
  Operator chain:
    PhysicalOperator(NES::SourcePhysicalOperator)
  Successor Pipeline:
    Pipeline(ID(218), Provider(None))
      Operator chain:
        PhysicalOperator(NES::ScanPhysicalOperator)
          PhysicalOperator(NES::SelectionPhysicalOperator)
            PhysicalOperator(NES::MapPhysicalOperator)
              PhysicalOperator(NES::EmitPhysicalOperator)
      Successor Pipeline:
        Pipeline(ID(219), Provider(None))
          Operator chain:
            PhysicalOperator(NES::SinkPhysicalOperator)

[m
[36m[02:16:49.293938] [D] [Not A Worker] [unnamed] [] [SinkProvider.cpp:30] [lower] The sinkDescriptor is: SinkDescriptor: (name: variant("EXTRA_SINK"), type: Void, Config: )[m
[36m[02:16:49.295066] [D] [SingleNodeWorker] [WorkerThread-24] [Task:1523530127-219] [VoidSink.cpp:37] [start] Setting up void sink: VoidSink[m
[36m[02:16:49.367504] [D] [SingleNodeWorker] [WorkerThread-24] [] [SourceThread.cpp:184] [start] Starting source with originId: 2[m
[36m[02:16:49.369285] [D] [SingleNodeWorker] [WorkerThread-9] [Task:1523530127-218] [BufferManager.cpp:65] [~BufferManager] Calling BufferManager::destroy()[m
[36m[02:16:49.369392] [D] [SingleNodeWorker] [WorkerThread-9] [Task:1523530127-218] [BufferManager.cpp:93] [~BufferManager] Shutting down Buffer Manager completed[m
[36m[02:16:50.213053] [D] [SingleNodeWorker] [WorkerThread-31] [Task:1523530127] [SourceThread.cpp:230] [tryStop] SourceThread 2: attempting to stop source[m
[36m[02:16:50.213106] [D] [SingleNodeWorker] [WorkerThread-31] [Task:1523530127] [SourceThread.cpp:248] [tryStop] SourceThread 2: stopped[m
[32m[02:16:50.238824] [I] [SingleNodeWorker] [WorkerThread-4] [Task:1523530127-219] [VoidSink.cpp:42] [stop] Void Sink completed.[m
[36m[02:16:50.238969] [D] [SingleNodeWorker] [WorkerThread-4] [] [SourceThread.cpp:226] [tryStop] SourceThread 2: thread is not running[m
[32m[02:16:50.239082] [I] [SingleNodeWorker] [WorkerThread-3] [] [SequenceShredder.cpp:55] [~SequenceShredder] Successfully validated SequenceShredder[m
[36m[02:16:54.201069] [D] [Not A Worker] [unnamed] [queryId:1059621986] [BufferManager.cpp:110] [initialize] NES memory allocation requires 1 out of 540577120256 (so 1.8498748143954595e-10%) available bytes[m
[36m[02:16:54.201119] [D] [Not A Worker] [unnamed] [queryId:1059621986] [BufferManager.cpp:160] [initialize] BufferManager configuration bufferSize=1 numOfBuffers=1[m
[36m[02:16:54.201283] [D] [Not A Worker] [unnamed] [queryId:1059621986] [PipeliningPhase.cpp:365] [apply] Constructed pipeline plan with 1 root pipelines.
PipelinedQueryPlan for Query: 1059621986
Number of root pipelines: 1
------------------
Root Pipeline 0:
  Pipeline(ID(220), Provider(COMPILER))
  Operator chain:
    PhysicalOperator(NES::SourcePhysicalOperator)
  Successor Pipeline:
    Pipeline(ID(221), Provider(None))
      Operator chain:
        PhysicalOperator(NES::ScanPhysicalOperator)
          PhysicalOperator(NES::SelectionPhysicalOperator)
            PhysicalOperator(NES::MapPhysicalOperator)
              PhysicalOperator(NES::EmitPhysicalOperator)
      Successor Pipeline:
        Pipeline(ID(222), Provider(None))
          Operator chain:
            PhysicalOperator(NES::SinkPhysicalOperator)

[m
[36m[02:16:54.204719] [D] [Not A Worker] [unnamed] [] [SinkProvider.cpp:30] [lower] The sinkDescriptor is: SinkDescriptor: (name: variant("EXTRA_SINK"), type: Void, Config: )[m
[36m[02:16:54.205146] [D] [SingleNodeWorker] [WorkerThread-1] [Task:1059621986-222] [VoidSink.cpp:37] [start] Setting up void sink: VoidSink[m
[36m[02:16:54.276888] [D] [SingleNodeWorker] [WorkerThread-1] [] [SourceThread.cpp:184] [start] Starting source with originId: 2[m
[36m[02:16:54.278468] [D] [SingleNodeWorker] [WorkerThread-1] [Task:1059621986-221] [BufferManager.cpp:65] [~BufferManager] Calling BufferManager::destroy()[m
[36m[02:16:54.278491] [D] [SingleNodeWorker] [WorkerThread-1] [Task:1059621986-221] [BufferManager.cpp:93] [~BufferManager] Shutting down Buffer Manager completed[m
[36m[02:16:55.125745] [D] [SingleNodeWorker] [WorkerThread-28] [Task:1059621986] [SourceThread.cpp:230] [tryStop] SourceThread 2: attempting to stop source[m
[36m[02:16:55.125800] [D] [SingleNodeWorker] [WorkerThread-28] [Task:1059621986] [SourceThread.cpp:248] [tryStop] SourceThread 2: stopped[m
[32m[02:16:55.151513] [I] [SingleNodeWorker] [WorkerThread-16] [Task:1059621986-222] [VoidSink.cpp:42] [stop] Void Sink completed.[m
[36m[02:16:55.151652] [D] [SingleNodeWorker] [WorkerThread-16] [] [SourceThread.cpp:226] [tryStop] SourceThread 2: thread is not running[m
[32m[02:16:55.151756] [I] [SingleNodeWorker] [WorkerThread-15] [] [SequenceShredder.cpp:55] [~SequenceShredder] Successfully validated SequenceShredder[m
[36m[02:16:59.133466] [D] [Not A Worker] [unnamed] [queryId:1697852909] [BufferManager.cpp:110] [initialize] NES memory allocation requires 1 out of 540577120256 (so 1.8498748143954595e-10%) available bytes[m
[36m[02:16:59.133541] [D] [Not A Worker] [unnamed] [queryId:1697852909] [BufferManager.cpp:160] [initialize] BufferManager configuration bufferSize=1 numOfBuffers=1[m
[36m[02:16:59.133729] [D] [Not A Worker] [unnamed] [queryId:1697852909] [PipeliningPhase.cpp:365] [apply] Constructed pipeline plan with 1 root pipelines.
PipelinedQueryPlan for Query: 1697852909
Number of root pipelines: 1
------------------
Root Pipeline 0:
  Pipeline(ID(223), Provider(COMPILER))
  Operator chain:
    PhysicalOperator(NES::SourcePhysicalOperator)
  Successor Pipeline:
    Pipeline(ID(224), Provider(None))
      Operator chain:
        PhysicalOperator(NES::ScanPhysicalOperator)
          PhysicalOperator(NES::SelectionPhysicalOperator)
            PhysicalOperator(NES::MapPhysicalOperator)
              PhysicalOperator(NES::EmitPhysicalOperator)
      Successor Pipeline:
        Pipeline(ID(225), Provider(None))
          Operator chain:
            PhysicalOperator(NES::SinkPhysicalOperator)

[m
[36m[02:16:59.137358] [D] [Not A Worker] [unnamed] [] [SinkProvider.cpp:30] [lower] The sinkDescriptor is: SinkDescriptor: (name: variant("EXTRA_SINK"), type: Void, Config: )[m
[36m[02:16:59.138728] [D] [SingleNodeWorker] [WorkerThread-8] [Task:1697852909-225] [VoidSink.cpp:37] [start] Setting up void sink: VoidSink[m
[36m[02:16:59.211188] [D] [SingleNodeWorker] [WorkerThread-7] [] [SourceThread.cpp:184] [start] Starting source with originId: 2[m
[36m[02:16:59.212907] [D] [SingleNodeWorker] [WorkerThread-11] [Task:1697852909-224] [BufferManager.cpp:65] [~BufferManager] Calling BufferManager::destroy()[m
[36m[02:16:59.212989] [D] [SingleNodeWorker] [WorkerThread-11] [Task:1697852909-224] [BufferManager.cpp:93] [~BufferManager] Shutting down Buffer Manager completed[m
[36m[02:16:59.297164] [D] [SingleNodeWorker] [WorkerThread-28] [Task:1697852909-224] [InputFormatter.hpp:348] [indexTrailingSpanningTupleProxy] last offset: 262143, first offset: 31[m
[36m[02:17:00.074485] [D] [SingleNodeWorker] [WorkerThread-2] [Task:1697852909] [SourceThread.cpp:230] [tryStop] SourceThread 2: attempting to stop source[m
[36m[02:17:00.074528] [D] [SingleNodeWorker] [WorkerThread-2] [Task:1697852909] [SourceThread.cpp:248] [tryStop] SourceThread 2: stopped[m
[32m[02:17:00.100323] [I] [SingleNodeWorker] [WorkerThread-11] [] [SequenceShredder.cpp:55] [~SequenceShredder] Successfully validated SequenceShredder[m
[32m[02:17:00.100368] [I] [SingleNodeWorker] [WorkerThread-7] [Task:1697852909-225] [VoidSink.cpp:42] [stop] Void Sink completed.[m
[36m[02:17:00.100491] [D] [SingleNodeWorker] [WorkerThread-7] [] [SourceThread.cpp:226] [tryStop] SourceThread 2: thread is not running[m
[36m[02:17:04.014541] [D] [Not A Worker] [unnamed] [queryId:226259000] [BufferManager.cpp:110] [initialize] NES memory allocation requires 1 out of 540577120256 (so 1.8498748143954595e-10%) available bytes[m
[36m[02:17:04.014589] [D] [Not A Worker] [unnamed] [queryId:226259000] [BufferManager.cpp:160] [initialize] BufferManager configuration bufferSize=1 numOfBuffers=1[m
[36m[02:17:04.014768] [D] [Not A Worker] [unnamed] [queryId:226259000] [PipeliningPhase.cpp:365] [apply] Constructed pipeline plan with 1 root pipelines.
PipelinedQueryPlan for Query: 226259000
Number of root pipelines: 1
------------------
Root Pipeline 0:
  Pipeline(ID(226), Provider(COMPILER))
  Operator chain:
    PhysicalOperator(NES::SourcePhysicalOperator)
  Successor Pipeline:
    Pipeline(ID(227), Provider(None))
      Operator chain:
        PhysicalOperator(NES::ScanPhysicalOperator)
          PhysicalOperator(NES::SelectionPhysicalOperator)
            PhysicalOperator(NES::MapPhysicalOperator)
              PhysicalOperator(NES::EmitPhysicalOperator)
      Successor Pipeline:
        Pipeline(ID(228), Provider(None))
          Operator chain:
            PhysicalOperator(NES::SinkPhysicalOperator)

[m
[36m[02:17:04.018730] [D] [Not A Worker] [unnamed] [] [SinkProvider.cpp:30] [lower] The sinkDescriptor is: SinkDescriptor: (name: variant("EXTRA_SINK"), type: Void, Config: )[m
[36m[02:17:04.019249] [D] [SingleNodeWorker] [WorkerThread-0] [Task:226259000-228] [VoidSink.cpp:37] [start] Setting up void sink: VoidSink[m
[36m[02:17:04.090838] [D] [SingleNodeWorker] [WorkerThread-0] [] [SourceThread.cpp:184] [start] Starting source with originId: 2[m
[36m[02:17:04.092721] [D] [SingleNodeWorker] [WorkerThread-0] [Task:226259000-227] [BufferManager.cpp:65] [~BufferManager] Calling BufferManager::destroy()[m
[36m[02:17:04.092748] [D] [SingleNodeWorker] [WorkerThread-0] [Task:226259000-227] [BufferManager.cpp:93] [~BufferManager] Shutting down Buffer Manager completed[m
[36m[02:17:04.432946] [D] [SingleNodeWorker] [WorkerThread-1] [Task:226259000-227] [InputFormatter.hpp:348] [indexTrailingSpanningTupleProxy] last offset: 262143, first offset: 284[m
[36m[02:17:04.700442] [D] [SingleNodeWorker] [WorkerThread-20] [Task:226259000-227] [InputFormatter.hpp:348] [indexTrailingSpanningTupleProxy] last offset: 262143, first offset: 154[m
[36m[02:17:04.963717] [D] [SingleNodeWorker] [WorkerThread-27] [Task:226259000] [SourceThread.cpp:230] [tryStop] SourceThread 2: attempting to stop source[m
[36m[02:17:04.963766] [D] [SingleNodeWorker] [WorkerThread-27] [Task:226259000] [SourceThread.cpp:248] [tryStop] SourceThread 2: stopped[m
[32m[02:17:04.989203] [I] [SingleNodeWorker] [WorkerThread-26] [Task:226259000-228] [VoidSink.cpp:42] [stop] Void Sink completed.[m
[32m[02:17:04.989233] [I] [SingleNodeWorker] [WorkerThread-12] [] [SequenceShredder.cpp:55] [~SequenceShredder] Successfully validated SequenceShredder[m
[36m[02:17:04.989299] [D] [SingleNodeWorker] [WorkerThread-26] [] [SourceThread.cpp:226] [tryStop] SourceThread 2: thread is not running[m
[36m[02:17:08.955384] [D] [Not A Worker] [unnamed] [queryId:666443591] [BufferManager.cpp:110] [initialize] NES memory allocation requires 1 out of 540577120256 (so 1.8498748143954595e-10%) available bytes[m
[36m[02:17:08.955432] [D] [Not A Worker] [unnamed] [queryId:666443591] [BufferManager.cpp:160] [initialize] BufferManager configuration bufferSize=1 numOfBuffers=1[m
[36m[02:17:08.955608] [D] [Not A Worker] [unnamed] [queryId:666443591] [PipeliningPhase.cpp:365] [apply] Constructed pipeline plan with 1 root pipelines.
PipelinedQueryPlan for Query: 666443591
Number of root pipelines: 1
------------------
Root Pipeline 0:
  Pipeline(ID(229), Provider(COMPILER))
  Operator chain:
    PhysicalOperator(NES::SourcePhysicalOperator)
  Successor Pipeline:
    Pipeline(ID(230), Provider(None))
      Operator chain:
        PhysicalOperator(NES::ScanPhysicalOperator)
          PhysicalOperator(NES::SelectionPhysicalOperator)
            PhysicalOperator(NES::MapPhysicalOperator)
              PhysicalOperator(NES::EmitPhysicalOperator)
      Successor Pipeline:
        Pipeline(ID(231), Provider(None))
          Operator chain:
            PhysicalOperator(NES::SinkPhysicalOperator)

[m
[36m[02:17:08.959005] [D] [Not A Worker] [unnamed] [] [SinkProvider.cpp:30] [lower] The sinkDescriptor is: SinkDescriptor: (name: variant("EXTRA_SINK"), type: Void, Config: )[m
[36m[02:17:08.961015] [D] [SingleNodeWorker] [WorkerThread-25] [Task:666443591-231] [VoidSink.cpp:37] [start] Setting up void sink: VoidSink[m
[36m[02:17:09.034366] [D] [SingleNodeWorker] [WorkerThread-25] [] [SourceThread.cpp:184] [start] Starting source with originId: 2[m
[36m[02:17:09.035899] [D] [SingleNodeWorker] [WorkerThread-25] [Task:666443591-230] [BufferManager.cpp:65] [~BufferManager] Calling BufferManager::destroy()[m
[36m[02:17:09.035926] [D] [SingleNodeWorker] [WorkerThread-25] [Task:666443591-230] [BufferManager.cpp:93] [~BufferManager] Shutting down Buffer Manager completed[m
[36m[02:17:09.893107] [D] [SingleNodeWorker] [WorkerThread-5] [Task:666443591] [SourceThread.cpp:230] [tryStop] SourceThread 2: attempting to stop source[m
[36m[02:17:09.893151] [D] [SingleNodeWorker] [WorkerThread-5] [Task:666443591] [SourceThread.cpp:248] [tryStop] SourceThread 2: stopped[m
[32m[02:17:09.918994] [I] [SingleNodeWorker] [WorkerThread-12] [] [SequenceShredder.cpp:55] [~SequenceShredder] Successfully validated SequenceShredder[m
[32m[02:17:09.919649] [I] [SingleNodeWorker] [WorkerThread-31] [Task:666443591-231] [VoidSink.cpp:42] [stop] Void Sink completed.[m
[36m[02:17:09.919794] [D] [SingleNodeWorker] [WorkerThread-31] [] [SourceThread.cpp:226] [tryStop] SourceThread 2: thread is not running[m
[36m[02:17:13.904849] [D] [Not A Worker] [unnamed] [queryId:55958263] [BufferManager.cpp:110] [initialize] NES memory allocation requires 1 out of 540577120256 (so 1.8498748143954595e-10%) available bytes[m
[36m[02:17:13.904898] [D] [Not A Worker] [unnamed] [queryId:55958263] [BufferManager.cpp:160] [initialize] BufferManager configuration bufferSize=1 numOfBuffers=1[m
[36m[02:17:13.905070] [D] [Not A Worker] [unnamed] [queryId:55958263] [PipeliningPhase.cpp:365] [apply] Constructed pipeline plan with 1 root pipelines.
PipelinedQueryPlan for Query: 55958263
Number of root pipelines: 1
------------------
Root Pipeline 0:
  Pipeline(ID(232), Provider(COMPILER))
  Operator chain:
    PhysicalOperator(NES::SourcePhysicalOperator)
  Successor Pipeline:
    Pipeline(ID(233), Provider(None))
      Operator chain:
        PhysicalOperator(NES::ScanPhysicalOperator)
          PhysicalOperator(NES::SelectionPhysicalOperator)
            PhysicalOperator(NES::MapPhysicalOperator)
              PhysicalOperator(NES::EmitPhysicalOperator)
      Successor Pipeline:
        Pipeline(ID(234), Provider(None))
          Operator chain:
            PhysicalOperator(NES::SinkPhysicalOperator)

[m
[36m[02:17:13.909106] [D] [Not A Worker] [unnamed] [] [SinkProvider.cpp:30] [lower] The sinkDescriptor is: SinkDescriptor: (name: variant("EXTRA_SINK"), type: Void, Config: )[m
[36m[02:17:13.910136] [D] [SingleNodeWorker] [WorkerThread-31] [Task:55958263-234] [VoidSink.cpp:37] [start] Setting up void sink: VoidSink[m
[36m[02:17:13.983589] [D] [SingleNodeWorker] [WorkerThread-31] [] [SourceThread.cpp:184] [start] Starting source with originId: 2[m
[36m[02:17:13.985115] [D] [SingleNodeWorker] [WorkerThread-31] [Task:55958263-233] [BufferManager.cpp:65] [~BufferManager] Calling BufferManager::destroy()[m
[36m[02:17:13.985139] [D] [SingleNodeWorker] [WorkerThread-31] [Task:55958263-233] [BufferManager.cpp:93] [~BufferManager] Shutting down Buffer Manager completed[m
[36m[02:17:14.497709] [D] [SingleNodeWorker] [WorkerThread-21] [Task:55958263-233] [InputFormatter.hpp:348] [indexTrailingSpanningTupleProxy] last offset: 262143, first offset: 327[m
[36m[02:17:14.601808] [D] [SingleNodeWorker] [WorkerThread-14] [Task:55958263-233] [InputFormatter.hpp:348] [indexTrailingSpanningTupleProxy] last offset: 262143, first offset: 154[m
[36m[02:17:14.876309] [D] [SingleNodeWorker] [WorkerThread-30] [Task:55958263] [SourceThread.cpp:230] [tryStop] SourceThread 2: attempting to stop source[m
[36m[02:17:14.876355] [D] [SingleNodeWorker] [WorkerThread-30] [Task:55958263] [SourceThread.cpp:248] [tryStop] SourceThread 2: stopped[m
[32m[02:17:14.902979] [I] [SingleNodeWorker] [WorkerThread-26] [Task:55958263-234] [VoidSink.cpp:42] [stop] Void Sink completed.[m
[36m[02:17:14.903112] [D] [SingleNodeWorker] [WorkerThread-26] [] [SourceThread.cpp:226] [tryStop] SourceThread 2: thread is not running[m
[32m[02:17:14.903136] [I] [SingleNodeWorker] [WorkerThread-5] [] [SequenceShredder.cpp:55] [~SequenceShredder] Successfully validated SequenceShredder[m
[36m[02:17:18.824089] [D] [Not A Worker] [unnamed] [queryId:1543069999] [BufferManager.cpp:110] [initialize] NES memory allocation requires 1 out of 540577120256 (so 1.8498748143954595e-10%) available bytes[m
[36m[02:17:18.824139] [D] [Not A Worker] [unnamed] [queryId:1543069999] [BufferManager.cpp:160] [initialize] BufferManager configuration bufferSize=1 numOfBuffers=1[m
[36m[02:17:18.824306] [D] [Not A Worker] [unnamed] [queryId:1543069999] [PipeliningPhase.cpp:365] [apply] Constructed pipeline plan with 1 root pipelines.
PipelinedQueryPlan for Query: 1543069999
Number of root pipelines: 1
------------------
Root Pipeline 0:
  Pipeline(ID(235), Provider(COMPILER))
  Operator chain:
    PhysicalOperator(NES::SourcePhysicalOperator)
  Successor Pipeline:
    Pipeline(ID(236), Provider(None))
      Operator chain:
        PhysicalOperator(NES::ScanPhysicalOperator)
          PhysicalOperator(NES::SelectionPhysicalOperator)
            PhysicalOperator(NES::MapPhysicalOperator)
              PhysicalOperator(NES::EmitPhysicalOperator)
      Successor Pipeline:
        Pipeline(ID(237), Provider(None))
          Operator chain:
            PhysicalOperator(NES::SinkPhysicalOperator)

[m
[36m[02:17:18.827312] [D] [Not A Worker] [unnamed] [] [SinkProvider.cpp:30] [lower] The sinkDescriptor is: SinkDescriptor: (name: variant("EXTRA_SINK"), type: Void, Config: )[m
[36m[02:17:18.827663] [D] [SingleNodeWorker] [WorkerThread-16] [Task:1543069999-237] [VoidSink.cpp:37] [start] Setting up void sink: VoidSink[m
[36m[02:17:18.902121] [D] [SingleNodeWorker] [WorkerThread-1] [] [SourceThread.cpp:184] [start] Starting source with originId: 2[m
[36m[02:17:18.903771] [D] [SingleNodeWorker] [WorkerThread-15] [Task:1543069999-236] [BufferManager.cpp:65] [~BufferManager] Calling BufferManager::destroy()[m
[36m[02:17:18.903798] [D] [SingleNodeWorker] [WorkerThread-15] [Task:1543069999-236] [BufferManager.cpp:93] [~BufferManager] Shutting down Buffer Manager completed[m
[36m[02:17:19.078758] [D] [SingleNodeWorker] [WorkerThread-14] [Task:1543069999-236] [InputFormatter.hpp:348] [indexTrailingSpanningTupleProxy] last offset: 262143, first offset: 264[m
[36m[02:17:19.777930] [D] [SingleNodeWorker] [WorkerThread-2] [Task:1543069999] [SourceThread.cpp:230] [tryStop] SourceThread 2: attempting to stop source[m
[36m[02:17:19.777982] [D] [SingleNodeWorker] [WorkerThread-2] [Task:1543069999] [SourceThread.cpp:248] [tryStop] SourceThread 2: stopped[m
[32m[02:17:19.803656] [I] [SingleNodeWorker] [WorkerThread-25] [Task:1543069999-237] [VoidSink.cpp:42] [stop] Void Sink completed.[m
[36m[02:17:19.803800] [D] [SingleNodeWorker] [WorkerThread-25] [] [SourceThread.cpp:226] [tryStop] SourceThread 2: thread is not running[m
[32m[02:17:19.803808] [I] [SingleNodeWorker] [WorkerThread-19] [] [SequenceShredder.cpp:55] [~SequenceShredder] Successfully validated SequenceShredder[m
[36m[02:17:23.659054] [D] [Not A Worker] [unnamed] [queryId:1546835619] [BufferManager.cpp:110] [initialize] NES memory allocation requires 1 out of 540577120256 (so 1.8498748143954595e-10%) available bytes[m
[36m[02:17:23.659104] [D] [Not A Worker] [unnamed] [queryId:1546835619] [BufferManager.cpp:160] [initialize] BufferManager configuration bufferSize=1 numOfBuffers=1[m
[36m[02:17:23.659290] [D] [Not A Worker] [unnamed] [queryId:1546835619] [PipeliningPhase.cpp:365] [apply] Constructed pipeline plan with 1 root pipelines.
PipelinedQueryPlan for Query: 1546835619
Number of root pipelines: 1
------------------
Root Pipeline 0:
  Pipeline(ID(238), Provider(COMPILER))
  Operator chain:
    PhysicalOperator(NES::SourcePhysicalOperator)
  Successor Pipeline:
    Pipeline(ID(239), Provider(None))
      Operator chain:
        PhysicalOperator(NES::ScanPhysicalOperator)
          PhysicalOperator(NES::SelectionPhysicalOperator)
            PhysicalOperator(NES::MapPhysicalOperator)
              PhysicalOperator(NES::EmitPhysicalOperator)
      Successor Pipeline:
        Pipeline(ID(240), Provider(None))
          Operator chain:
            PhysicalOperator(NES::SinkPhysicalOperator)

[m
[36m[02:17:23.662733] [D] [Not A Worker] [unnamed] [] [SinkProvider.cpp:30] [lower] The sinkDescriptor is: SinkDescriptor: (name: variant("EXTRA_SINK"), type: Void, Config: )[m
[36m[02:17:23.663220] [D] [SingleNodeWorker] [WorkerThread-14] [Task:1546835619-240] [VoidSink.cpp:37] [start] Setting up void sink: VoidSink[m
[36m[02:17:23.735754] [D] [SingleNodeWorker] [WorkerThread-14] [] [SourceThread.cpp:184] [start] Starting source with originId: 2[m
[36m[02:17:23.737289] [D] [SingleNodeWorker] [WorkerThread-21] [Task:1546835619-239] [BufferManager.cpp:65] [~BufferManager] Calling BufferManager::destroy()[m
[36m[02:17:23.737373] [D] [SingleNodeWorker] [WorkerThread-21] [Task:1546835619-239] [BufferManager.cpp:93] [~BufferManager] Shutting down Buffer Manager completed[m
[36m[02:17:23.796166] [D] [SingleNodeWorker] [WorkerThread-0] [Task:1546835619-239] [InputFormatter.hpp:348] [indexTrailingSpanningTupleProxy] last offset: 262143, first offset: 151[m
[36m[02:17:24.657559] [D] [SingleNodeWorker] [WorkerThread-9] [Task:1546835619] [SourceThread.cpp:230] [tryStop] SourceThread 2: attempting to stop source[m
[36m[02:17:24.657619] [D] [SingleNodeWorker] [WorkerThread-9] [Task:1546835619] [SourceThread.cpp:248] [tryStop] SourceThread 2: stopped[m
[32m[02:17:24.683349] [I] [SingleNodeWorker] [WorkerThread-14] [Task:1546835619-240] [VoidSink.cpp:42] [stop] Void Sink completed.[m
[36m[02:17:24.683474] [D] [SingleNodeWorker] [WorkerThread-14] [] [SourceThread.cpp:226] [tryStop] SourceThread 2: thread is not running[m
[32m[02:17:24.683512] [I] [SingleNodeWorker] [WorkerThread-8] [] [SequenceShredder.cpp:55] [~SequenceShredder] Successfully validated SequenceShredder[m
