[32m[23:21:20.408951] [I] [Not A Worker] [unnamed] [] [SingleNodeWorker.cpp:63] [SingleNodeWorker] Starting SingleNodeWorker SingleNodeWorker with configuration:
worker.query_engine.number_of_worker_threads: 2
worker.query_engine.admission_queue_size: 1000 (default)
worker.default_query_execution.execution_mode: COMPILER (default)
worker.default_query_execution.page_size: 1024 (default)
worker.default_query_execution.number_of_partitions: 100 (default)
worker.default_query_execution.number_of_records_per_key: 10 (default)
worker.default_query_execution.max_number_of_buckets: 10000 (default)
worker.default_query_execution.operator_buffer_size: 262144
worker.default_query_optimization.join_strategy: OPTIMIZER_CHOOSES (default)
worker.number_of_buffers_in_global_buffer_manager: 32768 (default)
worker.default_max_inflight_buffers: 64 (default)
worker.dump_compilation_result: NONE (default)
worker.dump_graph: 0 (default)
grpc: [::]:8080 (default)
enable_event_trace: 0 (default)
[m
[36m[23:21:20.410352] [D] [Not A Worker] [unnamed] [] [BufferManager.cpp:110] [initialize] NES memory allocation requires 8589934592 out of 540577120256 (so 1.5890303659045137%) available bytes[m
[36m[23:21:20.500892] [D] [Not A Worker] [unnamed] [] [BufferManager.cpp:160] [initialize] BufferManager configuration bufferSize=262144 numOfBuffers=32768[m
[32m[23:21:20.507491] [I] [Not A Worker] [unnamed] [] [SingleNodeWorkerStarter.cpp:93] [main] Server listening on [::]:8080[m
[36m[23:21:22.961482] [D] [Not A Worker] [unnamed] [queryId:1060926375] [BufferManager.cpp:110] [initialize] NES memory allocation requires 1 out of 540577120256 (so 1.8498748143954595e-10%) available bytes[m
[36m[23:21:22.961531] [D] [Not A Worker] [unnamed] [queryId:1060926375] [BufferManager.cpp:160] [initialize] BufferManager configuration bufferSize=1 numOfBuffers=1[m
[36m[23:21:22.961726] [D] [Not A Worker] [unnamed] [queryId:1060926375] [PipeliningPhase.cpp:365] [apply] Constructed pipeline plan with 1 root pipelines.
PipelinedQueryPlan for Query: 1060926375
Number of root pipelines: 1
------------------
Root Pipeline 0:
  Pipeline(ID(1), Provider(COMPILER))
  Operator chain:
    PhysicalOperator(NES::SourcePhysicalOperator)
  Successor Pipeline:
    Pipeline(ID(2), Provider(None))
      Operator chain:
        PhysicalOperator(NES::ScanPhysicalOperator)
          PhysicalOperator(NES::SelectionPhysicalOperator)
            PhysicalOperator(NES::MapPhysicalOperator)
              PhysicalOperator(NES::EmitPhysicalOperator)
      Successor Pipeline:
        Pipeline(ID(3), Provider(None))
          Operator chain:
            PhysicalOperator(NES::SinkPhysicalOperator)

[m
[36m[23:21:22.965293] [D] [Not A Worker] [unnamed] [] [SinkProvider.cpp:30] [lower] The sinkDescriptor is: SinkDescriptor: (name: variant("NAME_SINK"), type: Void, Config: )[m
[36m[23:21:22.969804] [D] [SingleNodeWorker] [WorkerThread-0] [Task:1060926375-3] [VoidSink.cpp:37] [start] Setting up void sink: VoidSink[m
[36m[23:21:23.042338] [D] [SingleNodeWorker] [WorkerThread-0] [] [SourceThread.cpp:184] [start] Starting source with originId: 2[m
[36m[23:21:23.044040] [D] [SingleNodeWorker] [WorkerThread-0] [Task:1060926375-2] [BufferManager.cpp:65] [~BufferManager] Calling BufferManager::destroy()[m
[36m[23:21:23.044067] [D] [SingleNodeWorker] [WorkerThread-0] [Task:1060926375-2] [BufferManager.cpp:93] [~BufferManager] Shutting down Buffer Manager completed[m
[36m[23:21:33.474610] [D] [SingleNodeWorker] [WorkerThread-1] [Task:1060926375] [SourceThread.cpp:230] [tryStop] SourceThread 2: attempting to stop source[m
[36m[23:21:33.474696] [D] [SingleNodeWorker] [WorkerThread-1] [Task:1060926375] [SourceThread.cpp:248] [tryStop] SourceThread 2: stopped[m
[32m[23:21:33.511775] [I] [SingleNodeWorker] [WorkerThread-1] [] [SequenceShredder.cpp:55] [~SequenceShredder] Successfully validated SequenceShredder[m
[32m[23:21:33.512168] [I] [SingleNodeWorker] [WorkerThread-0] [Task:1060926375-3] [VoidSink.cpp:42] [stop] Void Sink completed.[m
[36m[23:21:33.512312] [D] [SingleNodeWorker] [WorkerThread-0] [] [SourceThread.cpp:226] [tryStop] SourceThread 2: thread is not running[m
[36m[23:21:36.495644] [D] [Not A Worker] [unnamed] [queryId:2111587878] [BufferManager.cpp:110] [initialize] NES memory allocation requires 1 out of 540577120256 (so 1.8498748143954595e-10%) available bytes[m
[36m[23:21:36.495699] [D] [Not A Worker] [unnamed] [queryId:2111587878] [BufferManager.cpp:160] [initialize] BufferManager configuration bufferSize=1 numOfBuffers=1[m
[36m[23:21:36.495899] [D] [Not A Worker] [unnamed] [queryId:2111587878] [PipeliningPhase.cpp:365] [apply] Constructed pipeline plan with 1 root pipelines.
PipelinedQueryPlan for Query: 2111587878
Number of root pipelines: 1
------------------
Root Pipeline 0:
  Pipeline(ID(4), Provider(COMPILER))
  Operator chain:
    PhysicalOperator(NES::SourcePhysicalOperator)
  Successor Pipeline:
    Pipeline(ID(5), Provider(None))
      Operator chain:
        PhysicalOperator(NES::ScanPhysicalOperator)
          PhysicalOperator(NES::SelectionPhysicalOperator)
            PhysicalOperator(NES::MapPhysicalOperator)
              PhysicalOperator(NES::EmitPhysicalOperator)
      Successor Pipeline:
        Pipeline(ID(6), Provider(None))
          Operator chain:
            PhysicalOperator(NES::SinkPhysicalOperator)

[m
[36m[23:21:36.499058] [D] [Not A Worker] [unnamed] [] [SinkProvider.cpp:30] [lower] The sinkDescriptor is: SinkDescriptor: (name: variant("NAME_SINK"), type: Void, Config: )[m
[36m[23:21:36.538160] [D] [SingleNodeWorker] [WorkerThread-0] [Task:2111587878-6] [VoidSink.cpp:37] [start] Setting up void sink: VoidSink[m
[36m[23:21:36.609404] [D] [SingleNodeWorker] [WorkerThread-0] [] [SourceThread.cpp:184] [start] Starting source with originId: 2[m
[36m[23:21:36.610967] [D] [SingleNodeWorker] [WorkerThread-0] [Task:2111587878-5] [BufferManager.cpp:65] [~BufferManager] Calling BufferManager::destroy()[m
[36m[23:21:36.610994] [D] [SingleNodeWorker] [WorkerThread-0] [Task:2111587878-5] [BufferManager.cpp:93] [~BufferManager] Shutting down Buffer Manager completed[m
[36m[23:21:47.076605] [D] [SingleNodeWorker] [WorkerThread-1] [Task:2111587878] [SourceThread.cpp:230] [tryStop] SourceThread 2: attempting to stop source[m
[36m[23:21:47.076658] [D] [SingleNodeWorker] [WorkerThread-1] [Task:2111587878] [SourceThread.cpp:248] [tryStop] SourceThread 2: stopped[m
[32m[23:21:47.112941] [I] [SingleNodeWorker] [WorkerThread-1] [] [SequenceShredder.cpp:55] [~SequenceShredder] Successfully validated SequenceShredder[m
[32m[23:21:47.113385] [I] [SingleNodeWorker] [WorkerThread-0] [Task:2111587878-6] [VoidSink.cpp:42] [stop] Void Sink completed.[m
[36m[23:21:47.113529] [D] [SingleNodeWorker] [WorkerThread-0] [] [SourceThread.cpp:226] [tryStop] SourceThread 2: thread is not running[m
[36m[23:21:50.152667] [D] [Not A Worker] [unnamed] [queryId:1927093313] [BufferManager.cpp:110] [initialize] NES memory allocation requires 1 out of 540577120256 (so 1.8498748143954595e-10%) available bytes[m
[36m[23:21:50.152738] [D] [Not A Worker] [unnamed] [queryId:1927093313] [BufferManager.cpp:160] [initialize] BufferManager configuration bufferSize=1 numOfBuffers=1[m
[36m[23:21:50.152967] [D] [Not A Worker] [unnamed] [queryId:1927093313] [PipeliningPhase.cpp:365] [apply] Constructed pipeline plan with 1 root pipelines.
PipelinedQueryPlan for Query: 1927093313
Number of root pipelines: 1
------------------
Root Pipeline 0:
  Pipeline(ID(7), Provider(COMPILER))
  Operator chain:
    PhysicalOperator(NES::SourcePhysicalOperator)
  Successor Pipeline:
    Pipeline(ID(8), Provider(None))
      Operator chain:
        PhysicalOperator(NES::ScanPhysicalOperator)
          PhysicalOperator(NES::SelectionPhysicalOperator)
            PhysicalOperator(NES::MapPhysicalOperator)
              PhysicalOperator(NES::EmitPhysicalOperator)
      Successor Pipeline:
        Pipeline(ID(9), Provider(None))
          Operator chain:
            PhysicalOperator(NES::SinkPhysicalOperator)

[m
[36m[23:21:50.156435] [D] [Not A Worker] [unnamed] [] [SinkProvider.cpp:30] [lower] The sinkDescriptor is: SinkDescriptor: (name: variant("NAME_SINK"), type: Void, Config: )[m
[36m[23:21:50.158693] [D] [SingleNodeWorker] [WorkerThread-0] [Task:1927093313-9] [VoidSink.cpp:37] [start] Setting up void sink: VoidSink[m
[36m[23:21:50.231565] [D] [SingleNodeWorker] [WorkerThread-0] [] [SourceThread.cpp:184] [start] Starting source with originId: 2[m
[36m[23:21:50.232624] [D] [SingleNodeWorker] [WorkerThread-0] [Task:1927093313-8] [BufferManager.cpp:65] [~BufferManager] Calling BufferManager::destroy()[m
[36m[23:21:50.232651] [D] [SingleNodeWorker] [WorkerThread-0] [Task:1927093313-8] [BufferManager.cpp:93] [~BufferManager] Shutting down Buffer Manager completed[m
[36m[23:22:00.833269] [D] [SingleNodeWorker] [WorkerThread-1] [Task:1927093313] [SourceThread.cpp:230] [tryStop] SourceThread 2: attempting to stop source[m
[36m[23:22:00.833332] [D] [SingleNodeWorker] [WorkerThread-1] [Task:1927093313] [SourceThread.cpp:248] [tryStop] SourceThread 2: stopped[m
[32m[23:22:00.860971] [I] [SingleNodeWorker] [WorkerThread-1] [] [SequenceShredder.cpp:55] [~SequenceShredder] Successfully validated SequenceShredder[m
[32m[23:22:00.870810] [I] [SingleNodeWorker] [WorkerThread-0] [Task:1927093313-9] [VoidSink.cpp:42] [stop] Void Sink completed.[m
[36m[23:22:00.870992] [D] [SingleNodeWorker] [WorkerThread-0] [] [SourceThread.cpp:226] [tryStop] SourceThread 2: thread is not running[m
[36m[23:22:03.680859] [D] [Not A Worker] [unnamed] [queryId:449094073] [BufferManager.cpp:110] [initialize] NES memory allocation requires 1 out of 540577120256 (so 1.8498748143954595e-10%) available bytes[m
[36m[23:22:03.680914] [D] [Not A Worker] [unnamed] [queryId:449094073] [BufferManager.cpp:160] [initialize] BufferManager configuration bufferSize=1 numOfBuffers=1[m
[36m[23:22:03.681090] [D] [Not A Worker] [unnamed] [queryId:449094073] [PipeliningPhase.cpp:365] [apply] Constructed pipeline plan with 1 root pipelines.
PipelinedQueryPlan for Query: 449094073
Number of root pipelines: 1
------------------
Root Pipeline 0:
  Pipeline(ID(10), Provider(COMPILER))
  Operator chain:
    PhysicalOperator(NES::SourcePhysicalOperator)
  Successor Pipeline:
    Pipeline(ID(11), Provider(None))
      Operator chain:
        PhysicalOperator(NES::ScanPhysicalOperator)
          PhysicalOperator(NES::SelectionPhysicalOperator)
            PhysicalOperator(NES::MapPhysicalOperator)
              PhysicalOperator(NES::EmitPhysicalOperator)
      Successor Pipeline:
        Pipeline(ID(12), Provider(None))
          Operator chain:
            PhysicalOperator(NES::SinkPhysicalOperator)

[m
[36m[23:22:03.684443] [D] [Not A Worker] [unnamed] [] [SinkProvider.cpp:30] [lower] The sinkDescriptor is: SinkDescriptor: (name: variant("NAME_SINK"), type: Void, Config: )[m
[36m[23:22:03.691066] [D] [SingleNodeWorker] [WorkerThread-0] [Task:449094073-12] [VoidSink.cpp:37] [start] Setting up void sink: VoidSink[m
[36m[23:22:03.765266] [D] [SingleNodeWorker] [WorkerThread-1] [] [SourceThread.cpp:184] [start] Starting source with originId: 2[m
[36m[23:22:03.767574] [D] [SingleNodeWorker] [WorkerThread-1] [Task:449094073-11] [BufferManager.cpp:65] [~BufferManager] Calling BufferManager::destroy()[m
[36m[23:22:03.767604] [D] [SingleNodeWorker] [WorkerThread-1] [Task:449094073-11] [BufferManager.cpp:93] [~BufferManager] Shutting down Buffer Manager completed[m
[36m[23:22:14.279500] [D] [SingleNodeWorker] [WorkerThread-1] [Task:449094073] [SourceThread.cpp:230] [tryStop] SourceThread 2: attempting to stop source[m
[36m[23:22:14.279555] [D] [SingleNodeWorker] [WorkerThread-1] [Task:449094073] [SourceThread.cpp:248] [tryStop] SourceThread 2: stopped[m
[32m[23:22:14.305618] [I] [SingleNodeWorker] [WorkerThread-0] [] [SequenceShredder.cpp:55] [~SequenceShredder] Successfully validated SequenceShredder[m
[32m[23:22:14.315492] [I] [SingleNodeWorker] [WorkerThread-1] [Task:449094073-12] [VoidSink.cpp:42] [stop] Void Sink completed.[m
[36m[23:22:14.315704] [D] [SingleNodeWorker] [WorkerThread-1] [] [SourceThread.cpp:226] [tryStop] SourceThread 2: thread is not running[m
[36m[23:22:17.201759] [D] [Not A Worker] [unnamed] [queryId:1572975048] [BufferManager.cpp:110] [initialize] NES memory allocation requires 1 out of 540577120256 (so 1.8498748143954595e-10%) available bytes[m
[36m[23:22:17.201818] [D] [Not A Worker] [unnamed] [queryId:1572975048] [BufferManager.cpp:160] [initialize] BufferManager configuration bufferSize=1 numOfBuffers=1[m
[36m[23:22:17.202013] [D] [Not A Worker] [unnamed] [queryId:1572975048] [PipeliningPhase.cpp:365] [apply] Constructed pipeline plan with 1 root pipelines.
PipelinedQueryPlan for Query: 1572975048
Number of root pipelines: 1
------------------
Root Pipeline 0:
  Pipeline(ID(13), Provider(COMPILER))
  Operator chain:
    PhysicalOperator(NES::SourcePhysicalOperator)
  Successor Pipeline:
    Pipeline(ID(14), Provider(None))
      Operator chain:
        PhysicalOperator(NES::ScanPhysicalOperator)
          PhysicalOperator(NES::SelectionPhysicalOperator)
            PhysicalOperator(NES::MapPhysicalOperator)
              PhysicalOperator(NES::EmitPhysicalOperator)
      Successor Pipeline:
        Pipeline(ID(15), Provider(None))
          Operator chain:
            PhysicalOperator(NES::SinkPhysicalOperator)

[m
[36m[23:22:17.205522] [D] [Not A Worker] [unnamed] [] [SinkProvider.cpp:30] [lower] The sinkDescriptor is: SinkDescriptor: (name: variant("NAME_SINK"), type: Void, Config: )[m
[36m[23:22:17.209656] [D] [SingleNodeWorker] [WorkerThread-0] [Task:1572975048-15] [VoidSink.cpp:37] [start] Setting up void sink: VoidSink[m
[36m[23:22:17.284300] [D] [SingleNodeWorker] [WorkerThread-0] [] [SourceThread.cpp:184] [start] Starting source with originId: 2[m
[36m[23:22:17.286465] [D] [SingleNodeWorker] [WorkerThread-0] [Task:1572975048-14] [BufferManager.cpp:65] [~BufferManager] Calling BufferManager::destroy()[m
[36m[23:22:17.286544] [D] [SingleNodeWorker] [WorkerThread-0] [Task:1572975048-14] [BufferManager.cpp:93] [~BufferManager] Shutting down Buffer Manager completed[m
[36m[23:22:21.019100] [D] [SingleNodeWorker] [WorkerThread-1] [Task:1572975048-14] [InputFormatter.hpp:348] [indexTrailingSpanningTupleProxy] last offset: 262143, first offset: 284[m
[36m[23:22:21.052314] [D] [SingleNodeWorker] [WorkerThread-1] [Task:1572975048-14] [InputFormatter.hpp:348] [indexTrailingSpanningTupleProxy] last offset: 262143, first offset: 39[m
[36m[23:22:27.755958] [D] [SingleNodeWorker] [WorkerThread-1] [Task:1572975048] [SourceThread.cpp:230] [tryStop] SourceThread 2: attempting to stop source[m
[36m[23:22:27.756012] [D] [SingleNodeWorker] [WorkerThread-1] [Task:1572975048] [SourceThread.cpp:248] [tryStop] SourceThread 2: stopped[m
[32m[23:22:27.782494] [I] [SingleNodeWorker] [WorkerThread-1] [] [SequenceShredder.cpp:55] [~SequenceShredder] Successfully validated SequenceShredder[m
[32m[23:22:27.792538] [I] [SingleNodeWorker] [WorkerThread-0] [Task:1572975048-15] [VoidSink.cpp:42] [stop] Void Sink completed.[m
[36m[23:22:27.792718] [D] [SingleNodeWorker] [WorkerThread-0] [] [SourceThread.cpp:226] [tryStop] SourceThread 2: thread is not running[m
[36m[23:22:30.819817] [D] [Not A Worker] [unnamed] [queryId:1216644167] [BufferManager.cpp:110] [initialize] NES memory allocation requires 1 out of 540577120256 (so 1.8498748143954595e-10%) available bytes[m
[36m[23:22:30.819874] [D] [Not A Worker] [unnamed] [queryId:1216644167] [BufferManager.cpp:160] [initialize] BufferManager configuration bufferSize=1 numOfBuffers=1[m
[36m[23:22:30.820062] [D] [Not A Worker] [unnamed] [queryId:1216644167] [PipeliningPhase.cpp:365] [apply] Constructed pipeline plan with 1 root pipelines.
PipelinedQueryPlan for Query: 1216644167
Number of root pipelines: 1
------------------
Root Pipeline 0:
  Pipeline(ID(16), Provider(COMPILER))
  Operator chain:
    PhysicalOperator(NES::SourcePhysicalOperator)
  Successor Pipeline:
    Pipeline(ID(17), Provider(None))
      Operator chain:
        PhysicalOperator(NES::ScanPhysicalOperator)
          PhysicalOperator(NES::SelectionPhysicalOperator)
            PhysicalOperator(NES::MapPhysicalOperator)
              PhysicalOperator(NES::EmitPhysicalOperator)
      Successor Pipeline:
        Pipeline(ID(18), Provider(None))
          Operator chain:
            PhysicalOperator(NES::SinkPhysicalOperator)

[m
[36m[23:22:30.823961] [D] [Not A Worker] [unnamed] [] [SinkProvider.cpp:30] [lower] The sinkDescriptor is: SinkDescriptor: (name: variant("NAME_SINK"), type: Void, Config: )[m
[36m[23:22:30.835685] [D] [SingleNodeWorker] [WorkerThread-0] [Task:1216644167-18] [VoidSink.cpp:37] [start] Setting up void sink: VoidSink[m
[36m[23:22:30.907085] [D] [SingleNodeWorker] [WorkerThread-0] [] [SourceThread.cpp:184] [start] Starting source with originId: 2[m
[36m[23:22:30.908673] [D] [SingleNodeWorker] [WorkerThread-0] [Task:1216644167-17] [BufferManager.cpp:65] [~BufferManager] Calling BufferManager::destroy()[m
[36m[23:22:30.908696] [D] [SingleNodeWorker] [WorkerThread-0] [Task:1216644167-17] [BufferManager.cpp:93] [~BufferManager] Shutting down Buffer Manager completed[m
[36m[23:22:41.377939] [D] [SingleNodeWorker] [WorkerThread-1] [Task:1216644167] [SourceThread.cpp:230] [tryStop] SourceThread 2: attempting to stop source[m
[36m[23:22:41.377997] [D] [SingleNodeWorker] [WorkerThread-1] [Task:1216644167] [SourceThread.cpp:248] [tryStop] SourceThread 2: stopped[m
[32m[23:22:41.414424] [I] [SingleNodeWorker] [WorkerThread-1] [] [SequenceShredder.cpp:55] [~SequenceShredder] Successfully validated SequenceShredder[m
[32m[23:22:41.415175] [I] [SingleNodeWorker] [WorkerThread-0] [Task:1216644167-18] [VoidSink.cpp:42] [stop] Void Sink completed.[m
[36m[23:22:41.415326] [D] [SingleNodeWorker] [WorkerThread-0] [] [SourceThread.cpp:226] [tryStop] SourceThread 2: thread is not running[m
[36m[23:22:44.397544] [D] [Not A Worker] [unnamed] [queryId:983117630] [BufferManager.cpp:110] [initialize] NES memory allocation requires 1 out of 540577120256 (so 1.8498748143954595e-10%) available bytes[m
[36m[23:22:44.397600] [D] [Not A Worker] [unnamed] [queryId:983117630] [BufferManager.cpp:160] [initialize] BufferManager configuration bufferSize=1 numOfBuffers=1[m
[36m[23:22:44.397830] [D] [Not A Worker] [unnamed] [queryId:983117630] [PipeliningPhase.cpp:365] [apply] Constructed pipeline plan with 1 root pipelines.
PipelinedQueryPlan for Query: 983117630
Number of root pipelines: 1
------------------
Root Pipeline 0:
  Pipeline(ID(19), Provider(COMPILER))
  Operator chain:
    PhysicalOperator(NES::SourcePhysicalOperator)
  Successor Pipeline:
    Pipeline(ID(20), Provider(None))
      Operator chain:
        PhysicalOperator(NES::ScanPhysicalOperator)
          PhysicalOperator(NES::SelectionPhysicalOperator)
            PhysicalOperator(NES::MapPhysicalOperator)
              PhysicalOperator(NES::EmitPhysicalOperator)
      Successor Pipeline:
        Pipeline(ID(21), Provider(None))
          Operator chain:
            PhysicalOperator(NES::SinkPhysicalOperator)

[m
[36m[23:22:44.401163] [D] [Not A Worker] [unnamed] [] [SinkProvider.cpp:30] [lower] The sinkDescriptor is: SinkDescriptor: (name: variant("NAME_SINK"), type: Void, Config: )[m
[36m[23:22:44.404508] [D] [SingleNodeWorker] [WorkerThread-1] [Task:983117630-21] [VoidSink.cpp:37] [start] Setting up void sink: VoidSink[m
[36m[23:22:44.480364] [D] [SingleNodeWorker] [WorkerThread-1] [] [SourceThread.cpp:184] [start] Starting source with originId: 2[m
[36m[23:22:44.482588] [D] [SingleNodeWorker] [WorkerThread-1] [Task:983117630-20] [BufferManager.cpp:65] [~BufferManager] Calling BufferManager::destroy()[m
[36m[23:22:44.482613] [D] [SingleNodeWorker] [WorkerThread-1] [Task:983117630-20] [BufferManager.cpp:93] [~BufferManager] Shutting down Buffer Manager completed[m
[36m[23:22:54.962383] [D] [SingleNodeWorker] [WorkerThread-0] [Task:983117630] [SourceThread.cpp:230] [tryStop] SourceThread 2: attempting to stop source[m
[36m[23:22:54.962429] [D] [SingleNodeWorker] [WorkerThread-0] [Task:983117630] [SourceThread.cpp:248] [tryStop] SourceThread 2: stopped[m
[32m[23:22:54.997159] [I] [SingleNodeWorker] [WorkerThread-1] [] [SequenceShredder.cpp:55] [~SequenceShredder] Successfully validated SequenceShredder[m
[32m[23:22:54.998410] [I] [SingleNodeWorker] [WorkerThread-0] [Task:983117630-21] [VoidSink.cpp:42] [stop] Void Sink completed.[m
[36m[23:22:54.998534] [D] [SingleNodeWorker] [WorkerThread-0] [] [SourceThread.cpp:226] [tryStop] SourceThread 2: thread is not running[m
[36m[23:22:57.752097] [D] [Not A Worker] [unnamed] [queryId:859236372] [BufferManager.cpp:110] [initialize] NES memory allocation requires 1 out of 540577120256 (so 1.8498748143954595e-10%) available bytes[m
[36m[23:22:57.752157] [D] [Not A Worker] [unnamed] [queryId:859236372] [BufferManager.cpp:160] [initialize] BufferManager configuration bufferSize=1 numOfBuffers=1[m
[36m[23:22:57.752341] [D] [Not A Worker] [unnamed] [queryId:859236372] [PipeliningPhase.cpp:365] [apply] Constructed pipeline plan with 1 root pipelines.
PipelinedQueryPlan for Query: 859236372
Number of root pipelines: 1
------------------
Root Pipeline 0:
  Pipeline(ID(22), Provider(COMPILER))
  Operator chain:
    PhysicalOperator(NES::SourcePhysicalOperator)
  Successor Pipeline:
    Pipeline(ID(23), Provider(None))
      Operator chain:
        PhysicalOperator(NES::ScanPhysicalOperator)
          PhysicalOperator(NES::SelectionPhysicalOperator)
            PhysicalOperator(NES::MapPhysicalOperator)
              PhysicalOperator(NES::EmitPhysicalOperator)
      Successor Pipeline:
        Pipeline(ID(24), Provider(None))
          Operator chain:
            PhysicalOperator(NES::SinkPhysicalOperator)

[m
[36m[23:22:57.755726] [D] [Not A Worker] [unnamed] [] [SinkProvider.cpp:30] [lower] The sinkDescriptor is: SinkDescriptor: (name: variant("NAME_SINK"), type: Void, Config: )[m
[36m[23:22:57.762204] [D] [SingleNodeWorker] [WorkerThread-0] [Task:859236372-24] [VoidSink.cpp:37] [start] Setting up void sink: VoidSink[m
[36m[23:22:57.823490] [D] [SingleNodeWorker] [WorkerThread-0] [] [SourceThread.cpp:184] [start] Starting source with originId: 2[m
[36m[23:22:57.824998] [D] [SingleNodeWorker] [WorkerThread-0] [Task:859236372-23] [BufferManager.cpp:65] [~BufferManager] Calling BufferManager::destroy()[m
[36m[23:22:57.825021] [D] [SingleNodeWorker] [WorkerThread-0] [Task:859236372-23] [BufferManager.cpp:93] [~BufferManager] Shutting down Buffer Manager completed[m
[36m[23:23:08.320922] [D] [SingleNodeWorker] [WorkerThread-0] [Task:859236372] [SourceThread.cpp:230] [tryStop] SourceThread 2: attempting to stop source[m
[36m[23:23:08.320969] [D] [SingleNodeWorker] [WorkerThread-0] [Task:859236372] [SourceThread.cpp:248] [tryStop] SourceThread 2: stopped[m
[32m[23:23:08.348030] [I] [SingleNodeWorker] [WorkerThread-1] [] [SequenceShredder.cpp:55] [~SequenceShredder] Successfully validated SequenceShredder[m
[32m[23:23:08.357578] [I] [SingleNodeWorker] [WorkerThread-0] [Task:859236372-24] [VoidSink.cpp:42] [stop] Void Sink completed.[m
[36m[23:23:08.357711] [D] [SingleNodeWorker] [WorkerThread-0] [] [SourceThread.cpp:226] [tryStop] SourceThread 2: thread is not running[m
[36m[23:23:11.417443] [D] [Not A Worker] [unnamed] [queryId:1232137659] [BufferManager.cpp:110] [initialize] NES memory allocation requires 1 out of 540577120256 (so 1.8498748143954595e-10%) available bytes[m
[36m[23:23:11.417510] [D] [Not A Worker] [unnamed] [queryId:1232137659] [BufferManager.cpp:160] [initialize] BufferManager configuration bufferSize=1 numOfBuffers=1[m
[36m[23:23:11.417710] [D] [Not A Worker] [unnamed] [queryId:1232137659] [PipeliningPhase.cpp:365] [apply] Constructed pipeline plan with 1 root pipelines.
PipelinedQueryPlan for Query: 1232137659
Number of root pipelines: 1
------------------
Root Pipeline 0:
  Pipeline(ID(25), Provider(COMPILER))
  Operator chain:
    PhysicalOperator(NES::SourcePhysicalOperator)
  Successor Pipeline:
    Pipeline(ID(26), Provider(None))
      Operator chain:
        PhysicalOperator(NES::ScanPhysicalOperator)
          PhysicalOperator(NES::SelectionPhysicalOperator)
            PhysicalOperator(NES::MapPhysicalOperator)
              PhysicalOperator(NES::EmitPhysicalOperator)
      Successor Pipeline:
        Pipeline(ID(27), Provider(None))
          Operator chain:
            PhysicalOperator(NES::SinkPhysicalOperator)

[m
[36m[23:23:11.421029] [D] [Not A Worker] [unnamed] [] [SinkProvider.cpp:30] [lower] The sinkDescriptor is: SinkDescriptor: (name: variant("NAME_SINK"), type: Void, Config: )[m
[36m[23:23:11.423978] [D] [SingleNodeWorker] [WorkerThread-1] [Task:1232137659-27] [VoidSink.cpp:37] [start] Setting up void sink: VoidSink[m
[36m[23:23:11.496889] [D] [SingleNodeWorker] [WorkerThread-0] [] [SourceThread.cpp:184] [start] Starting source with originId: 2[m
[36m[23:23:11.498490] [D] [SingleNodeWorker] [WorkerThread-0] [Task:1232137659-26] [BufferManager.cpp:65] [~BufferManager] Calling BufferManager::destroy()[m
[36m[23:23:11.498517] [D] [SingleNodeWorker] [WorkerThread-0] [Task:1232137659-26] [BufferManager.cpp:93] [~BufferManager] Shutting down Buffer Manager completed[m
[36m[23:23:21.928460] [D] [SingleNodeWorker] [WorkerThread-0] [Task:1232137659] [SourceThread.cpp:230] [tryStop] SourceThread 2: attempting to stop source[m
[36m[23:23:21.928506] [D] [SingleNodeWorker] [WorkerThread-0] [Task:1232137659] [SourceThread.cpp:248] [tryStop] SourceThread 2: stopped[m
[32m[23:23:21.965287] [I] [SingleNodeWorker] [WorkerThread-0] [] [SequenceShredder.cpp:55] [~SequenceShredder] Successfully validated SequenceShredder[m
[32m[23:23:21.965945] [I] [SingleNodeWorker] [WorkerThread-1] [Task:1232137659-27] [VoidSink.cpp:42] [stop] Void Sink completed.[m
[36m[23:23:21.966089] [D] [SingleNodeWorker] [WorkerThread-1] [] [SourceThread.cpp:226] [tryStop] SourceThread 2: thread is not running[m
[36m[23:23:25.109669] [D] [Not A Worker] [unnamed] [queryId:527452591] [BufferManager.cpp:110] [initialize] NES memory allocation requires 1 out of 540577120256 (so 1.8498748143954595e-10%) available bytes[m
[36m[23:23:25.109720] [D] [Not A Worker] [unnamed] [queryId:527452591] [BufferManager.cpp:160] [initialize] BufferManager configuration bufferSize=1 numOfBuffers=1[m
[36m[23:23:25.109904] [D] [Not A Worker] [unnamed] [queryId:527452591] [PipeliningPhase.cpp:365] [apply] Constructed pipeline plan with 1 root pipelines.
PipelinedQueryPlan for Query: 527452591
Number of root pipelines: 1
------------------
Root Pipeline 0:
  Pipeline(ID(28), Provider(COMPILER))
  Operator chain:
    PhysicalOperator(NES::SourcePhysicalOperator)
  Successor Pipeline:
    Pipeline(ID(29), Provider(None))
      Operator chain:
        PhysicalOperator(NES::ScanPhysicalOperator)
          PhysicalOperator(NES::SelectionPhysicalOperator)
            PhysicalOperator(NES::MapPhysicalOperator)
              PhysicalOperator(NES::EmitPhysicalOperator)
      Successor Pipeline:
        Pipeline(ID(30), Provider(None))
          Operator chain:
            PhysicalOperator(NES::SinkPhysicalOperator)

[m
[36m[23:23:25.113718] [D] [Not A Worker] [unnamed] [] [SinkProvider.cpp:30] [lower] The sinkDescriptor is: SinkDescriptor: (name: variant("NAME_SINK"), type: Void, Config: )[m
[36m[23:23:25.114212] [D] [SingleNodeWorker] [WorkerThread-1] [Task:527452591-30] [VoidSink.cpp:37] [start] Setting up void sink: VoidSink[m
[36m[23:23:25.187040] [D] [SingleNodeWorker] [WorkerThread-1] [] [SourceThread.cpp:184] [start] Starting source with originId: 2[m
[36m[23:23:25.188602] [D] [SingleNodeWorker] [WorkerThread-1] [Task:527452591-29] [BufferManager.cpp:65] [~BufferManager] Calling BufferManager::destroy()[m
[36m[23:23:25.188627] [D] [SingleNodeWorker] [WorkerThread-1] [Task:527452591-29] [BufferManager.cpp:93] [~BufferManager] Shutting down Buffer Manager completed[m
[36m[23:23:35.646312] [D] [SingleNodeWorker] [WorkerThread-0] [Task:527452591] [SourceThread.cpp:230] [tryStop] SourceThread 2: attempting to stop source[m
[36m[23:23:35.646371] [D] [SingleNodeWorker] [WorkerThread-0] [Task:527452591] [SourceThread.cpp:248] [tryStop] SourceThread 2: stopped[m
[32m[23:23:35.673431] [I] [SingleNodeWorker] [WorkerThread-1] [] [SequenceShredder.cpp:55] [~SequenceShredder] Successfully validated SequenceShredder[m
[32m[23:23:35.682265] [I] [SingleNodeWorker] [WorkerThread-0] [Task:527452591-30] [VoidSink.cpp:42] [stop] Void Sink completed.[m
[36m[23:23:35.682391] [D] [SingleNodeWorker] [WorkerThread-0] [] [SourceThread.cpp:226] [tryStop] SourceThread 2: thread is not running[m
[36m[23:23:38.720544] [D] [Not A Worker] [unnamed] [queryId:839765784] [BufferManager.cpp:110] [initialize] NES memory allocation requires 1 out of 540577120256 (so 1.8498748143954595e-10%) available bytes[m
[36m[23:23:38.720595] [D] [Not A Worker] [unnamed] [queryId:839765784] [BufferManager.cpp:160] [initialize] BufferManager configuration bufferSize=1 numOfBuffers=1[m
[36m[23:23:38.720776] [D] [Not A Worker] [unnamed] [queryId:839765784] [PipeliningPhase.cpp:365] [apply] Constructed pipeline plan with 1 root pipelines.
PipelinedQueryPlan for Query: 839765784
Number of root pipelines: 1
------------------
Root Pipeline 0:
  Pipeline(ID(31), Provider(COMPILER))
  Operator chain:
    PhysicalOperator(NES::SourcePhysicalOperator)
  Successor Pipeline:
    Pipeline(ID(32), Provider(None))
      Operator chain:
        PhysicalOperator(NES::ScanPhysicalOperator)
          PhysicalOperator(NES::SelectionPhysicalOperator)
            PhysicalOperator(NES::EmitPhysicalOperator)
      Successor Pipeline:
        Pipeline(ID(33), Provider(None))
          Operator chain:
            PhysicalOperator(NES::SinkPhysicalOperator)

[m
[36m[23:23:38.724108] [D] [Not A Worker] [unnamed] [] [SinkProvider.cpp:30] [lower] The sinkDescriptor is: SinkDescriptor: (name: variant("PERSON_SINK"), type: Void, Config: )[m
[36m[23:23:38.724444] [D] [SingleNodeWorker] [WorkerThread-0] [Task:839765784-33] [VoidSink.cpp:37] [start] Setting up void sink: VoidSink[m
[36m[23:23:38.797037] [D] [SingleNodeWorker] [WorkerThread-0] [] [SourceThread.cpp:184] [start] Starting source with originId: 2[m
[36m[23:23:38.798639] [D] [SingleNodeWorker] [WorkerThread-0] [Task:839765784-32] [BufferManager.cpp:65] [~BufferManager] Calling BufferManager::destroy()[m
[36m[23:23:38.798666] [D] [SingleNodeWorker] [WorkerThread-0] [Task:839765784-32] [BufferManager.cpp:93] [~BufferManager] Shutting down Buffer Manager completed[m
[36m[23:23:49.629039] [D] [SingleNodeWorker] [WorkerThread-0] [Task:839765784] [SourceThread.cpp:230] [tryStop] SourceThread 2: attempting to stop source[m
[36m[23:23:49.629080] [D] [SingleNodeWorker] [WorkerThread-0] [Task:839765784] [SourceThread.cpp:248] [tryStop] SourceThread 2: stopped[m
[32m[23:23:49.655075] [I] [SingleNodeWorker] [WorkerThread-1] [] [SequenceShredder.cpp:55] [~SequenceShredder] Successfully validated SequenceShredder[m
[32m[23:23:49.665042] [I] [SingleNodeWorker] [WorkerThread-0] [Task:839765784-33] [VoidSink.cpp:42] [stop] Void Sink completed.[m
[36m[23:23:49.665166] [D] [SingleNodeWorker] [WorkerThread-0] [] [SourceThread.cpp:226] [tryStop] SourceThread 2: thread is not running[m
[36m[23:23:52.205903] [D] [Not A Worker] [unnamed] [queryId:98126920] [BufferManager.cpp:110] [initialize] NES memory allocation requires 1 out of 540577120256 (so 1.8498748143954595e-10%) available bytes[m
[36m[23:23:52.205955] [D] [Not A Worker] [unnamed] [queryId:98126920] [BufferManager.cpp:160] [initialize] BufferManager configuration bufferSize=1 numOfBuffers=1[m
[36m[23:23:52.206127] [D] [Not A Worker] [unnamed] [queryId:98126920] [PipeliningPhase.cpp:365] [apply] Constructed pipeline plan with 1 root pipelines.
PipelinedQueryPlan for Query: 98126920
Number of root pipelines: 1
------------------
Root Pipeline 0:
  Pipeline(ID(34), Provider(COMPILER))
  Operator chain:
    PhysicalOperator(NES::SourcePhysicalOperator)
  Successor Pipeline:
    Pipeline(ID(35), Provider(None))
      Operator chain:
        PhysicalOperator(NES::ScanPhysicalOperator)
          PhysicalOperator(NES::SelectionPhysicalOperator)
            PhysicalOperator(NES::EmitPhysicalOperator)
      Successor Pipeline:
        Pipeline(ID(36), Provider(None))
          Operator chain:
            PhysicalOperator(NES::SinkPhysicalOperator)

[m
[36m[23:23:52.208805] [D] [Not A Worker] [unnamed] [] [SinkProvider.cpp:30] [lower] The sinkDescriptor is: SinkDescriptor: (name: variant("PERSON_SINK"), type: Void, Config: )[m
[36m[23:23:52.210158] [D] [SingleNodeWorker] [WorkerThread-1] [Task:98126920-36] [VoidSink.cpp:37] [start] Setting up void sink: VoidSink[m
[36m[23:23:52.294975] [D] [SingleNodeWorker] [WorkerThread-1] [] [SourceThread.cpp:184] [start] Starting source with originId: 2[m
[36m[23:23:52.296525] [D] [SingleNodeWorker] [WorkerThread-1] [Task:98126920-35] [BufferManager.cpp:65] [~BufferManager] Calling BufferManager::destroy()[m
[36m[23:23:52.296551] [D] [SingleNodeWorker] [WorkerThread-1] [Task:98126920-35] [BufferManager.cpp:93] [~BufferManager] Shutting down Buffer Manager completed[m
[36m[23:23:55.983915] [D] [SingleNodeWorker] [WorkerThread-0] [Task:98126920-35] [InputFormatter.hpp:348] [indexTrailingSpanningTupleProxy] last offset: 262143, first offset: 235[m
[36m[23:24:03.119050] [D] [SingleNodeWorker] [WorkerThread-0] [Task:98126920] [SourceThread.cpp:230] [tryStop] SourceThread 2: attempting to stop source[m
[36m[23:24:03.119101] [D] [SingleNodeWorker] [WorkerThread-0] [Task:98126920] [SourceThread.cpp:248] [tryStop] SourceThread 2: stopped[m
[32m[23:24:03.145677] [I] [SingleNodeWorker] [WorkerThread-1] [] [SequenceShredder.cpp:55] [~SequenceShredder] Successfully validated SequenceShredder[m
[32m[23:24:03.154726] [I] [SingleNodeWorker] [WorkerThread-0] [Task:98126920-36] [VoidSink.cpp:42] [stop] Void Sink completed.[m
[36m[23:24:03.154869] [D] [SingleNodeWorker] [WorkerThread-0] [] [SourceThread.cpp:226] [tryStop] SourceThread 2: thread is not running[m
[36m[23:24:05.723939] [D] [Not A Worker] [unnamed] [queryId:84857974] [BufferManager.cpp:110] [initialize] NES memory allocation requires 1 out of 540577120256 (so 1.8498748143954595e-10%) available bytes[m
[36m[23:24:05.723992] [D] [Not A Worker] [unnamed] [queryId:84857974] [BufferManager.cpp:160] [initialize] BufferManager configuration bufferSize=1 numOfBuffers=1[m
[36m[23:24:05.724199] [D] [Not A Worker] [unnamed] [queryId:84857974] [PipeliningPhase.cpp:365] [apply] Constructed pipeline plan with 1 root pipelines.
PipelinedQueryPlan for Query: 84857974
Number of root pipelines: 1
------------------
Root Pipeline 0:
  Pipeline(ID(37), Provider(COMPILER))
  Operator chain:
    PhysicalOperator(NES::SourcePhysicalOperator)
  Successor Pipeline:
    Pipeline(ID(38), Provider(None))
      Operator chain:
        PhysicalOperator(NES::ScanPhysicalOperator)
          PhysicalOperator(NES::SelectionPhysicalOperator)
            PhysicalOperator(NES::EmitPhysicalOperator)
      Successor Pipeline:
        Pipeline(ID(39), Provider(None))
          Operator chain:
            PhysicalOperator(NES::SinkPhysicalOperator)

[m
[36m[23:24:05.727616] [D] [Not A Worker] [unnamed] [] [SinkProvider.cpp:30] [lower] The sinkDescriptor is: SinkDescriptor: (name: variant("PERSON_SINK"), type: Void, Config: )[m
[36m[23:24:05.742834] [D] [SingleNodeWorker] [WorkerThread-1] [Task:84857974-39] [VoidSink.cpp:37] [start] Setting up void sink: VoidSink[m
[36m[23:24:05.829205] [D] [SingleNodeWorker] [WorkerThread-1] [] [SourceThread.cpp:184] [start] Starting source with originId: 2[m
[36m[23:24:05.831442] [D] [SingleNodeWorker] [WorkerThread-1] [Task:84857974-38] [BufferManager.cpp:65] [~BufferManager] Calling BufferManager::destroy()[m
[36m[23:24:05.831471] [D] [SingleNodeWorker] [WorkerThread-1] [Task:84857974-38] [BufferManager.cpp:93] [~BufferManager] Shutting down Buffer Manager completed[m
[36m[23:24:16.765194] [D] [SingleNodeWorker] [WorkerThread-1] [Task:84857974] [SourceThread.cpp:230] [tryStop] SourceThread 2: attempting to stop source[m
[36m[23:24:16.765244] [D] [SingleNodeWorker] [WorkerThread-1] [Task:84857974] [SourceThread.cpp:248] [tryStop] SourceThread 2: stopped[m
[32m[23:24:16.801980] [I] [SingleNodeWorker] [WorkerThread-1] [Task:84857974-39] [VoidSink.cpp:42] [stop] Void Sink completed.[m
[36m[23:24:16.802105] [D] [SingleNodeWorker] [WorkerThread-1] [] [SourceThread.cpp:226] [tryStop] SourceThread 2: thread is not running[m
[32m[23:24:16.802331] [I] [SingleNodeWorker] [WorkerThread-0] [] [SequenceShredder.cpp:55] [~SequenceShredder] Successfully validated SequenceShredder[m
[36m[23:24:19.402699] [D] [Not A Worker] [unnamed] [queryId:1066117201] [BufferManager.cpp:110] [initialize] NES memory allocation requires 1 out of 540577120256 (so 1.8498748143954595e-10%) available bytes[m
[36m[23:24:19.402749] [D] [Not A Worker] [unnamed] [queryId:1066117201] [BufferManager.cpp:160] [initialize] BufferManager configuration bufferSize=1 numOfBuffers=1[m
[36m[23:24:19.402947] [D] [Not A Worker] [unnamed] [queryId:1066117201] [PipeliningPhase.cpp:365] [apply] Constructed pipeline plan with 1 root pipelines.
PipelinedQueryPlan for Query: 1066117201
Number of root pipelines: 1
------------------
Root Pipeline 0:
  Pipeline(ID(40), Provider(COMPILER))
  Operator chain:
    PhysicalOperator(NES::SourcePhysicalOperator)
  Successor Pipeline:
    Pipeline(ID(41), Provider(None))
      Operator chain:
        PhysicalOperator(NES::ScanPhysicalOperator)
          PhysicalOperator(NES::SelectionPhysicalOperator)
            PhysicalOperator(NES::EmitPhysicalOperator)
      Successor Pipeline:
        Pipeline(ID(42), Provider(None))
          Operator chain:
            PhysicalOperator(NES::SinkPhysicalOperator)

[m
[36m[23:24:19.406313] [D] [Not A Worker] [unnamed] [] [SinkProvider.cpp:30] [lower] The sinkDescriptor is: SinkDescriptor: (name: variant("PERSON_SINK"), type: Void, Config: )[m
[36m[23:24:19.412330] [D] [SingleNodeWorker] [WorkerThread-0] [Task:1066117201-42] [VoidSink.cpp:37] [start] Setting up void sink: VoidSink[m
[36m[23:24:19.499090] [D] [SingleNodeWorker] [WorkerThread-0] [] [SourceThread.cpp:184] [start] Starting source with originId: 2[m
[36m[23:24:19.500614] [D] [SingleNodeWorker] [WorkerThread-0] [Task:1066117201-41] [BufferManager.cpp:65] [~BufferManager] Calling BufferManager::destroy()[m
[36m[23:24:19.500637] [D] [SingleNodeWorker] [WorkerThread-0] [Task:1066117201-41] [BufferManager.cpp:93] [~BufferManager] Shutting down Buffer Manager completed[m
[36m[23:24:30.366483] [D] [SingleNodeWorker] [WorkerThread-0] [Task:1066117201] [SourceThread.cpp:230] [tryStop] SourceThread 2: attempting to stop source[m
[36m[23:24:30.366531] [D] [SingleNodeWorker] [WorkerThread-0] [Task:1066117201] [SourceThread.cpp:248] [tryStop] SourceThread 2: stopped[m
[32m[23:24:30.392959] [I] [SingleNodeWorker] [WorkerThread-1] [] [SequenceShredder.cpp:55] [~SequenceShredder] Successfully validated SequenceShredder[m
[32m[23:24:30.402485] [I] [SingleNodeWorker] [WorkerThread-0] [Task:1066117201-42] [VoidSink.cpp:42] [stop] Void Sink completed.[m
[36m[23:24:30.402612] [D] [SingleNodeWorker] [WorkerThread-0] [] [SourceThread.cpp:226] [tryStop] SourceThread 2: thread is not running[m
[36m[23:24:32.914696] [D] [Not A Worker] [unnamed] [queryId:653558891] [BufferManager.cpp:110] [initialize] NES memory allocation requires 1 out of 540577120256 (so 1.8498748143954595e-10%) available bytes[m
[36m[23:24:32.914747] [D] [Not A Worker] [unnamed] [queryId:653558891] [BufferManager.cpp:160] [initialize] BufferManager configuration bufferSize=1 numOfBuffers=1[m
[36m[23:24:32.914957] [D] [Not A Worker] [unnamed] [queryId:653558891] [PipeliningPhase.cpp:365] [apply] Constructed pipeline plan with 1 root pipelines.
PipelinedQueryPlan for Query: 653558891
Number of root pipelines: 1
------------------
Root Pipeline 0:
  Pipeline(ID(43), Provider(COMPILER))
  Operator chain:
    PhysicalOperator(NES::SourcePhysicalOperator)
  Successor Pipeline:
    Pipeline(ID(44), Provider(None))
      Operator chain:
        PhysicalOperator(NES::ScanPhysicalOperator)
          PhysicalOperator(NES::SelectionPhysicalOperator)
            PhysicalOperator(NES::EmitPhysicalOperator)
      Successor Pipeline:
        Pipeline(ID(45), Provider(None))
          Operator chain:
            PhysicalOperator(NES::SinkPhysicalOperator)

[m
[36m[23:24:32.918005] [D] [Not A Worker] [unnamed] [] [SinkProvider.cpp:30] [lower] The sinkDescriptor is: SinkDescriptor: (name: variant("PERSON_SINK"), type: Void, Config: )[m
[36m[23:24:32.920797] [D] [SingleNodeWorker] [WorkerThread-0] [Task:653558891-45] [VoidSink.cpp:37] [start] Setting up void sink: VoidSink[m
[36m[23:24:33.010532] [D] [SingleNodeWorker] [WorkerThread-0] [] [SourceThread.cpp:184] [start] Starting source with originId: 2[m
[36m[23:24:33.012152] [D] [SingleNodeWorker] [WorkerThread-0] [Task:653558891-44] [BufferManager.cpp:65] [~BufferManager] Calling BufferManager::destroy()[m
[36m[23:24:33.012177] [D] [SingleNodeWorker] [WorkerThread-0] [Task:653558891-44] [BufferManager.cpp:93] [~BufferManager] Shutting down Buffer Manager completed[m
[36m[23:24:43.870395] [D] [SingleNodeWorker] [WorkerThread-0] [Task:653558891] [SourceThread.cpp:230] [tryStop] SourceThread 2: attempting to stop source[m
[36m[23:24:43.870442] [D] [SingleNodeWorker] [WorkerThread-0] [Task:653558891] [SourceThread.cpp:248] [tryStop] SourceThread 2: stopped[m
[32m[23:24:43.907361] [I] [SingleNodeWorker] [WorkerThread-0] [] [SequenceShredder.cpp:55] [~SequenceShredder] Successfully validated SequenceShredder[m
[32m[23:24:43.907690] [I] [SingleNodeWorker] [WorkerThread-1] [Task:653558891-45] [VoidSink.cpp:42] [stop] Void Sink completed.[m
[36m[23:24:43.907847] [D] [SingleNodeWorker] [WorkerThread-1] [] [SourceThread.cpp:226] [tryStop] SourceThread 2: thread is not running[m
[36m[23:24:46.409119] [D] [Not A Worker] [unnamed] [queryId:1201921559] [BufferManager.cpp:110] [initialize] NES memory allocation requires 1 out of 540577120256 (so 1.8498748143954595e-10%) available bytes[m
[36m[23:24:46.409166] [D] [Not A Worker] [unnamed] [queryId:1201921559] [BufferManager.cpp:160] [initialize] BufferManager configuration bufferSize=1 numOfBuffers=1[m
[36m[23:24:46.409360] [D] [Not A Worker] [unnamed] [queryId:1201921559] [PipeliningPhase.cpp:365] [apply] Constructed pipeline plan with 1 root pipelines.
PipelinedQueryPlan for Query: 1201921559
Number of root pipelines: 1
------------------
Root Pipeline 0:
  Pipeline(ID(46), Provider(COMPILER))
  Operator chain:
    PhysicalOperator(NES::SourcePhysicalOperator)
  Successor Pipeline:
    Pipeline(ID(47), Provider(None))
      Operator chain:
        PhysicalOperator(NES::ScanPhysicalOperator)
          PhysicalOperator(NES::SelectionPhysicalOperator)
            PhysicalOperator(NES::EmitPhysicalOperator)
      Successor Pipeline:
        Pipeline(ID(48), Provider(None))
          Operator chain:
            PhysicalOperator(NES::SinkPhysicalOperator)

[m
[36m[23:24:46.413388] [D] [Not A Worker] [unnamed] [] [SinkProvider.cpp:30] [lower] The sinkDescriptor is: SinkDescriptor: (name: variant("PERSON_SINK"), type: Void, Config: )[m
[36m[23:24:46.415419] [D] [SingleNodeWorker] [WorkerThread-1] [Task:1201921559-48] [VoidSink.cpp:37] [start] Setting up void sink: VoidSink[m
[36m[23:24:46.502890] [D] [SingleNodeWorker] [WorkerThread-1] [] [SourceThread.cpp:184] [start] Starting source with originId: 2[m
[36m[23:24:46.504573] [D] [SingleNodeWorker] [WorkerThread-1] [Task:1201921559-47] [BufferManager.cpp:65] [~BufferManager] Calling BufferManager::destroy()[m
[36m[23:24:46.504599] [D] [SingleNodeWorker] [WorkerThread-1] [Task:1201921559-47] [BufferManager.cpp:93] [~BufferManager] Shutting down Buffer Manager completed[m
[36m[23:24:57.545409] [D] [SingleNodeWorker] [WorkerThread-1] [Task:1201921559] [SourceThread.cpp:230] [tryStop] SourceThread 2: attempting to stop source[m
[36m[23:24:57.545467] [D] [SingleNodeWorker] [WorkerThread-1] [Task:1201921559] [SourceThread.cpp:248] [tryStop] SourceThread 2: stopped[m
[32m[23:24:57.571689] [I] [SingleNodeWorker] [WorkerThread-0] [] [SequenceShredder.cpp:55] [~SequenceShredder] Successfully validated SequenceShredder[m
[32m[23:24:57.583176] [I] [SingleNodeWorker] [WorkerThread-1] [Task:1201921559-48] [VoidSink.cpp:42] [stop] Void Sink completed.[m
[36m[23:24:57.583317] [D] [SingleNodeWorker] [WorkerThread-1] [] [SourceThread.cpp:226] [tryStop] SourceThread 2: thread is not running[m
[36m[23:25:00.132945] [D] [Not A Worker] [unnamed] [queryId:1497232088] [BufferManager.cpp:110] [initialize] NES memory allocation requires 1 out of 540577120256 (so 1.8498748143954595e-10%) available bytes[m
[36m[23:25:00.132992] [D] [Not A Worker] [unnamed] [queryId:1497232088] [BufferManager.cpp:160] [initialize] BufferManager configuration bufferSize=1 numOfBuffers=1[m
[36m[23:25:00.133201] [D] [Not A Worker] [unnamed] [queryId:1497232088] [PipeliningPhase.cpp:365] [apply] Constructed pipeline plan with 1 root pipelines.
PipelinedQueryPlan for Query: 1497232088
Number of root pipelines: 1
------------------
Root Pipeline 0:
  Pipeline(ID(49), Provider(COMPILER))
  Operator chain:
    PhysicalOperator(NES::SourcePhysicalOperator)
  Successor Pipeline:
    Pipeline(ID(50), Provider(None))
      Operator chain:
        PhysicalOperator(NES::ScanPhysicalOperator)
          PhysicalOperator(NES::SelectionPhysicalOperator)
            PhysicalOperator(NES::EmitPhysicalOperator)
      Successor Pipeline:
        Pipeline(ID(51), Provider(None))
          Operator chain:
            PhysicalOperator(NES::SinkPhysicalOperator)

[m
[36m[23:25:00.136589] [D] [Not A Worker] [unnamed] [] [SinkProvider.cpp:30] [lower] The sinkDescriptor is: SinkDescriptor: (name: variant("PERSON_SINK"), type: Void, Config: )[m
[36m[23:25:00.141609] [D] [SingleNodeWorker] [WorkerThread-1] [Task:1497232088-51] [VoidSink.cpp:37] [start] Setting up void sink: VoidSink[m
[36m[23:25:00.227179] [D] [SingleNodeWorker] [WorkerThread-1] [] [SourceThread.cpp:184] [start] Starting source with originId: 2[m
[36m[23:25:00.229064] [D] [SingleNodeWorker] [WorkerThread-1] [Task:1497232088-50] [BufferManager.cpp:65] [~BufferManager] Calling BufferManager::destroy()[m
[36m[23:25:00.229091] [D] [SingleNodeWorker] [WorkerThread-1] [Task:1497232088-50] [BufferManager.cpp:93] [~BufferManager] Shutting down Buffer Manager completed[m
[36m[23:25:11.116044] [D] [SingleNodeWorker] [WorkerThread-0] [Task:1497232088] [SourceThread.cpp:230] [tryStop] SourceThread 2: attempting to stop source[m
[36m[23:25:11.116089] [D] [SingleNodeWorker] [WorkerThread-0] [Task:1497232088] [SourceThread.cpp:248] [tryStop] SourceThread 2: stopped[m
[32m[23:25:11.116209] [I] [SingleNodeWorker] [WorkerThread-1] [Task:1497232088-51] [VoidSink.cpp:42] [stop] Void Sink completed.[m
[36m[23:25:11.116276] [D] [SingleNodeWorker] [WorkerThread-1] [] [SourceThread.cpp:226] [tryStop] SourceThread 2: thread is not running[m
[32m[23:25:11.116332] [I] [SingleNodeWorker] [WorkerThread-0] [] [SequenceShredder.cpp:55] [~SequenceShredder] Successfully validated SequenceShredder[m
[36m[23:25:13.857994] [D] [Not A Worker] [unnamed] [queryId:385834948] [BufferManager.cpp:110] [initialize] NES memory allocation requires 1 out of 540577120256 (so 1.8498748143954595e-10%) available bytes[m
[36m[23:25:13.858059] [D] [Not A Worker] [unnamed] [queryId:385834948] [BufferManager.cpp:160] [initialize] BufferManager configuration bufferSize=1 numOfBuffers=1[m
[36m[23:25:13.858240] [D] [Not A Worker] [unnamed] [queryId:385834948] [PipeliningPhase.cpp:365] [apply] Constructed pipeline plan with 1 root pipelines.
PipelinedQueryPlan for Query: 385834948
Number of root pipelines: 1
------------------
Root Pipeline 0:
  Pipeline(ID(52), Provider(COMPILER))
  Operator chain:
    PhysicalOperator(NES::SourcePhysicalOperator)
  Successor Pipeline:
    Pipeline(ID(53), Provider(None))
      Operator chain:
        PhysicalOperator(NES::ScanPhysicalOperator)
          PhysicalOperator(NES::SelectionPhysicalOperator)
            PhysicalOperator(NES::EmitPhysicalOperator)
      Successor Pipeline:
        Pipeline(ID(54), Provider(None))
          Operator chain:
            PhysicalOperator(NES::SinkPhysicalOperator)

[m
[36m[23:25:13.861704] [D] [Not A Worker] [unnamed] [] [SinkProvider.cpp:30] [lower] The sinkDescriptor is: SinkDescriptor: (name: variant("PERSON_SINK"), type: Void, Config: )[m
[36m[23:25:13.869233] [D] [SingleNodeWorker] [WorkerThread-1] [Task:385834948-54] [VoidSink.cpp:37] [start] Setting up void sink: VoidSink[m
[36m[23:25:13.954277] [D] [SingleNodeWorker] [WorkerThread-1] [] [SourceThread.cpp:184] [start] Starting source with originId: 2[m
[36m[23:25:13.956474] [D] [SingleNodeWorker] [WorkerThread-1] [Task:385834948-53] [BufferManager.cpp:65] [~BufferManager] Calling BufferManager::destroy()[m
[36m[23:25:13.956500] [D] [SingleNodeWorker] [WorkerThread-1] [Task:385834948-53] [BufferManager.cpp:93] [~BufferManager] Shutting down Buffer Manager completed[m
[36m[23:25:24.864589] [D] [SingleNodeWorker] [WorkerThread-1] [Task:385834948] [SourceThread.cpp:230] [tryStop] SourceThread 2: attempting to stop source[m
[36m[23:25:24.864662] [D] [SingleNodeWorker] [WorkerThread-1] [Task:385834948] [SourceThread.cpp:248] [tryStop] SourceThread 2: stopped[m
[32m[23:25:24.891468] [I] [SingleNodeWorker] [WorkerThread-0] [] [SequenceShredder.cpp:55] [~SequenceShredder] Successfully validated SequenceShredder[m
[32m[23:25:24.900595] [I] [SingleNodeWorker] [WorkerThread-1] [Task:385834948-54] [VoidSink.cpp:42] [stop] Void Sink completed.[m
[36m[23:25:24.900740] [D] [SingleNodeWorker] [WorkerThread-1] [] [SourceThread.cpp:226] [tryStop] SourceThread 2: thread is not running[m
[36m[23:25:27.533807] [D] [Not A Worker] [unnamed] [queryId:1202461255] [BufferManager.cpp:110] [initialize] NES memory allocation requires 1 out of 540577120256 (so 1.8498748143954595e-10%) available bytes[m
[36m[23:25:27.533855] [D] [Not A Worker] [unnamed] [queryId:1202461255] [BufferManager.cpp:160] [initialize] BufferManager configuration bufferSize=1 numOfBuffers=1[m
[36m[23:25:27.534088] [D] [Not A Worker] [unnamed] [queryId:1202461255] [PipeliningPhase.cpp:365] [apply] Constructed pipeline plan with 1 root pipelines.
PipelinedQueryPlan for Query: 1202461255
Number of root pipelines: 1
------------------
Root Pipeline 0:
  Pipeline(ID(55), Provider(COMPILER))
  Operator chain:
    PhysicalOperator(NES::SourcePhysicalOperator)
  Successor Pipeline:
    Pipeline(ID(56), Provider(None))
      Operator chain:
        PhysicalOperator(NES::ScanPhysicalOperator)
          PhysicalOperator(NES::SelectionPhysicalOperator)
            PhysicalOperator(NES::EmitPhysicalOperator)
      Successor Pipeline:
        Pipeline(ID(57), Provider(None))
          Operator chain:
            PhysicalOperator(NES::SinkPhysicalOperator)

[m
[36m[23:25:27.537283] [D] [Not A Worker] [unnamed] [] [SinkProvider.cpp:30] [lower] The sinkDescriptor is: SinkDescriptor: (name: variant("PERSON_SINK"), type: Void, Config: )[m
[36m[23:25:27.537961] [D] [SingleNodeWorker] [WorkerThread-0] [Task:1202461255-57] [VoidSink.cpp:37] [start] Setting up void sink: VoidSink[m
[36m[23:25:27.625595] [D] [SingleNodeWorker] [WorkerThread-0] [] [SourceThread.cpp:184] [start] Starting source with originId: 2[m
[36m[23:25:27.627211] [D] [SingleNodeWorker] [WorkerThread-0] [Task:1202461255-56] [BufferManager.cpp:65] [~BufferManager] Calling BufferManager::destroy()[m
[36m[23:25:27.627238] [D] [SingleNodeWorker] [WorkerThread-0] [Task:1202461255-56] [BufferManager.cpp:93] [~BufferManager] Shutting down Buffer Manager completed[m
[36m[23:25:38.524676] [D] [SingleNodeWorker] [WorkerThread-0] [Task:1202461255] [SourceThread.cpp:230] [tryStop] SourceThread 2: attempting to stop source[m
[36m[23:25:38.524716] [D] [SingleNodeWorker] [WorkerThread-0] [Task:1202461255] [SourceThread.cpp:248] [tryStop] SourceThread 2: stopped[m
[32m[23:25:38.561221] [I] [SingleNodeWorker] [WorkerThread-0] [] [SequenceShredder.cpp:55] [~SequenceShredder] Successfully validated SequenceShredder[m
[32m[23:25:38.561270] [I] [SingleNodeWorker] [WorkerThread-1] [Task:1202461255-57] [VoidSink.cpp:42] [stop] Void Sink completed.[m
[36m[23:25:38.561422] [D] [SingleNodeWorker] [WorkerThread-1] [] [SourceThread.cpp:226] [tryStop] SourceThread 2: thread is not running[m
[36m[23:25:41.140967] [D] [Not A Worker] [unnamed] [queryId:335329987] [BufferManager.cpp:110] [initialize] NES memory allocation requires 1 out of 540577120256 (so 1.8498748143954595e-10%) available bytes[m
[36m[23:25:41.141037] [D] [Not A Worker] [unnamed] [queryId:335329987] [BufferManager.cpp:160] [initialize] BufferManager configuration bufferSize=1 numOfBuffers=1[m
[36m[23:25:41.141198] [D] [Not A Worker] [unnamed] [queryId:335329987] [PipeliningPhase.cpp:365] [apply] Constructed pipeline plan with 1 root pipelines.
PipelinedQueryPlan for Query: 335329987
Number of root pipelines: 1
------------------
Root Pipeline 0:
  Pipeline(ID(58), Provider(COMPILER))
  Operator chain:
    PhysicalOperator(NES::SourcePhysicalOperator)
  Successor Pipeline:
    Pipeline(ID(59), Provider(None))
      Operator chain:
        PhysicalOperator(NES::ScanPhysicalOperator)
          PhysicalOperator(NES::SelectionPhysicalOperator)
            PhysicalOperator(NES::EmitPhysicalOperator)
      Successor Pipeline:
        Pipeline(ID(60), Provider(None))
          Operator chain:
            PhysicalOperator(NES::SinkPhysicalOperator)

[m
[36m[23:25:41.144502] [D] [Not A Worker] [unnamed] [] [SinkProvider.cpp:30] [lower] The sinkDescriptor is: SinkDescriptor: (name: variant("PERSON_SINK"), type: Void, Config: )[m
[36m[23:25:41.146767] [D] [SingleNodeWorker] [WorkerThread-1] [Task:335329987-60] [VoidSink.cpp:37] [start] Setting up void sink: VoidSink[m
[36m[23:25:41.233925] [D] [SingleNodeWorker] [WorkerThread-1] [] [SourceThread.cpp:184] [start] Starting source with originId: 2[m
[36m[23:25:41.235451] [D] [SingleNodeWorker] [WorkerThread-1] [Task:335329987-59] [BufferManager.cpp:65] [~BufferManager] Calling BufferManager::destroy()[m
[36m[23:25:41.235478] [D] [SingleNodeWorker] [WorkerThread-1] [Task:335329987-59] [BufferManager.cpp:93] [~BufferManager] Shutting down Buffer Manager completed[m
[36m[23:25:52.094157] [D] [SingleNodeWorker] [WorkerThread-0] [Task:335329987] [SourceThread.cpp:230] [tryStop] SourceThread 2: attempting to stop source[m
[36m[23:25:52.094204] [D] [SingleNodeWorker] [WorkerThread-0] [Task:335329987] [SourceThread.cpp:248] [tryStop] SourceThread 2: stopped[m
[32m[23:25:52.121410] [I] [SingleNodeWorker] [WorkerThread-1] [] [SequenceShredder.cpp:55] [~SequenceShredder] Successfully validated SequenceShredder[m
[32m[23:25:52.130583] [I] [SingleNodeWorker] [WorkerThread-0] [Task:335329987-60] [VoidSink.cpp:42] [stop] Void Sink completed.[m
[36m[23:25:52.130710] [D] [SingleNodeWorker] [WorkerThread-0] [] [SourceThread.cpp:226] [tryStop] SourceThread 2: thread is not running[m
[36m[23:25:54.700312] [D] [Not A Worker] [unnamed] [queryId:580611942] [BufferManager.cpp:110] [initialize] NES memory allocation requires 1 out of 540577120256 (so 1.8498748143954595e-10%) available bytes[m
[36m[23:25:54.700361] [D] [Not A Worker] [unnamed] [queryId:580611942] [BufferManager.cpp:160] [initialize] BufferManager configuration bufferSize=1 numOfBuffers=1[m
[36m[23:25:54.700562] [D] [Not A Worker] [unnamed] [queryId:580611942] [PipeliningPhase.cpp:365] [apply] Constructed pipeline plan with 1 root pipelines.
PipelinedQueryPlan for Query: 580611942
Number of root pipelines: 1
------------------
Root Pipeline 0:
  Pipeline(ID(61), Provider(COMPILER))
  Operator chain:
    PhysicalOperator(NES::SourcePhysicalOperator)
  Successor Pipeline:
    Pipeline(ID(62), Provider(None))
      Operator chain:
        PhysicalOperator(NES::ScanPhysicalOperator)
          PhysicalOperator(NES::SelectionPhysicalOperator)
            PhysicalOperator(NES::MapPhysicalOperator)
              PhysicalOperator(NES::EmitPhysicalOperator)
      Successor Pipeline:
        Pipeline(ID(63), Provider(None))
          Operator chain:
            PhysicalOperator(NES::SinkPhysicalOperator)

[m
[36m[23:25:54.703965] [D] [Not A Worker] [unnamed] [] [SinkProvider.cpp:30] [lower] The sinkDescriptor is: SinkDescriptor: (name: variant("PERSON_ID_SINK"), type: Void, Config: )[m
[36m[23:25:54.707776] [D] [SingleNodeWorker] [WorkerThread-0] [Task:580611942-63] [VoidSink.cpp:37] [start] Setting up void sink: VoidSink[m
[36m[23:25:54.767580] [D] [SingleNodeWorker] [WorkerThread-0] [] [SourceThread.cpp:184] [start] Starting source with originId: 2[m
[36m[23:25:54.769353] [D] [SingleNodeWorker] [WorkerThread-0] [Task:580611942-62] [BufferManager.cpp:65] [~BufferManager] Calling BufferManager::destroy()[m
[36m[23:25:54.769377] [D] [SingleNodeWorker] [WorkerThread-0] [Task:580611942-62] [BufferManager.cpp:93] [~BufferManager] Shutting down Buffer Manager completed[m
[36m[23:26:05.110475] [D] [SingleNodeWorker] [WorkerThread-1] [Task:580611942] [SourceThread.cpp:230] [tryStop] SourceThread 2: attempting to stop source[m
[36m[23:26:05.110527] [D] [SingleNodeWorker] [WorkerThread-1] [Task:580611942] [SourceThread.cpp:248] [tryStop] SourceThread 2: stopped[m
[32m[23:26:05.138166] [I] [SingleNodeWorker] [WorkerThread-0] [] [SequenceShredder.cpp:55] [~SequenceShredder] Successfully validated SequenceShredder[m
[32m[23:26:05.147613] [I] [SingleNodeWorker] [WorkerThread-1] [Task:580611942-63] [VoidSink.cpp:42] [stop] Void Sink completed.[m
[36m[23:26:05.147743] [D] [SingleNodeWorker] [WorkerThread-1] [] [SourceThread.cpp:226] [tryStop] SourceThread 2: thread is not running[m
[36m[23:26:08.349877] [D] [Not A Worker] [unnamed] [queryId:589364896] [BufferManager.cpp:110] [initialize] NES memory allocation requires 1 out of 540577120256 (so 1.8498748143954595e-10%) available bytes[m
[36m[23:26:08.349928] [D] [Not A Worker] [unnamed] [queryId:589364896] [BufferManager.cpp:160] [initialize] BufferManager configuration bufferSize=1 numOfBuffers=1[m
[36m[23:26:08.350126] [D] [Not A Worker] [unnamed] [queryId:589364896] [PipeliningPhase.cpp:365] [apply] Constructed pipeline plan with 1 root pipelines.
PipelinedQueryPlan for Query: 589364896
Number of root pipelines: 1
------------------
Root Pipeline 0:
  Pipeline(ID(64), Provider(COMPILER))
  Operator chain:
    PhysicalOperator(NES::SourcePhysicalOperator)
  Successor Pipeline:
    Pipeline(ID(65), Provider(None))
      Operator chain:
        PhysicalOperator(NES::ScanPhysicalOperator)
          PhysicalOperator(NES::SelectionPhysicalOperator)
            PhysicalOperator(NES::MapPhysicalOperator)
              PhysicalOperator(NES::EmitPhysicalOperator)
      Successor Pipeline:
        Pipeline(ID(66), Provider(None))
          Operator chain:
            PhysicalOperator(NES::SinkPhysicalOperator)

[m
[36m[23:26:08.353270] [D] [Not A Worker] [unnamed] [] [SinkProvider.cpp:30] [lower] The sinkDescriptor is: SinkDescriptor: (name: variant("PERSON_ID_SINK"), type: Void, Config: )[m
[36m[23:26:08.366185] [D] [SingleNodeWorker] [WorkerThread-1] [Task:589364896-66] [VoidSink.cpp:37] [start] Setting up void sink: VoidSink[m
[36m[23:26:08.435192] [D] [SingleNodeWorker] [WorkerThread-1] [] [SourceThread.cpp:184] [start] Starting source with originId: 2[m
[36m[23:26:08.436725] [D] [SingleNodeWorker] [WorkerThread-1] [Task:589364896-65] [BufferManager.cpp:65] [~BufferManager] Calling BufferManager::destroy()[m
[36m[23:26:08.436749] [D] [SingleNodeWorker] [WorkerThread-1] [Task:589364896-65] [BufferManager.cpp:93] [~BufferManager] Shutting down Buffer Manager completed[m
[36m[23:26:18.766679] [D] [SingleNodeWorker] [WorkerThread-0] [Task:589364896] [SourceThread.cpp:230] [tryStop] SourceThread 2: attempting to stop source[m
[36m[23:26:18.766738] [D] [SingleNodeWorker] [WorkerThread-0] [Task:589364896] [SourceThread.cpp:248] [tryStop] SourceThread 2: stopped[m
[32m[23:26:18.793037] [I] [SingleNodeWorker] [WorkerThread-1] [] [SequenceShredder.cpp:55] [~SequenceShredder] Successfully validated SequenceShredder[m
[32m[23:26:18.802495] [I] [SingleNodeWorker] [WorkerThread-0] [Task:589364896-66] [VoidSink.cpp:42] [stop] Void Sink completed.[m
[36m[23:26:18.802670] [D] [SingleNodeWorker] [WorkerThread-0] [] [SourceThread.cpp:226] [tryStop] SourceThread 2: thread is not running[m
[36m[23:26:21.997996] [D] [Not A Worker] [unnamed] [queryId:63885548] [BufferManager.cpp:110] [initialize] NES memory allocation requires 1 out of 540577120256 (so 1.8498748143954595e-10%) available bytes[m
[36m[23:26:21.998049] [D] [Not A Worker] [unnamed] [queryId:63885548] [BufferManager.cpp:160] [initialize] BufferManager configuration bufferSize=1 numOfBuffers=1[m
[36m[23:26:21.998234] [D] [Not A Worker] [unnamed] [queryId:63885548] [PipeliningPhase.cpp:365] [apply] Constructed pipeline plan with 1 root pipelines.
PipelinedQueryPlan for Query: 63885548
Number of root pipelines: 1
------------------
Root Pipeline 0:
  Pipeline(ID(67), Provider(COMPILER))
  Operator chain:
    PhysicalOperator(NES::SourcePhysicalOperator)
  Successor Pipeline:
    Pipeline(ID(68), Provider(None))
      Operator chain:
        PhysicalOperator(NES::ScanPhysicalOperator)
          PhysicalOperator(NES::SelectionPhysicalOperator)
            PhysicalOperator(NES::MapPhysicalOperator)
              PhysicalOperator(NES::EmitPhysicalOperator)
      Successor Pipeline:
        Pipeline(ID(69), Provider(None))
          Operator chain:
            PhysicalOperator(NES::SinkPhysicalOperator)

[m
[36m[23:26:22.001285] [D] [Not A Worker] [unnamed] [] [SinkProvider.cpp:30] [lower] The sinkDescriptor is: SinkDescriptor: (name: variant("PERSON_ID_SINK"), type: Void, Config: )[m
[36m[23:26:22.003617] [D] [SingleNodeWorker] [WorkerThread-0] [Task:63885548-69] [VoidSink.cpp:37] [start] Setting up void sink: VoidSink[m
[36m[23:26:22.073616] [D] [SingleNodeWorker] [WorkerThread-0] [] [SourceThread.cpp:184] [start] Starting source with originId: 2[m
[36m[23:26:22.075190] [D] [SingleNodeWorker] [WorkerThread-0] [Task:63885548-68] [BufferManager.cpp:65] [~BufferManager] Calling BufferManager::destroy()[m
[36m[23:26:22.075215] [D] [SingleNodeWorker] [WorkerThread-0] [Task:63885548-68] [BufferManager.cpp:93] [~BufferManager] Shutting down Buffer Manager completed[m
[36m[23:26:32.422525] [D] [SingleNodeWorker] [WorkerThread-1] [Task:63885548] [SourceThread.cpp:230] [tryStop] SourceThread 2: attempting to stop source[m
[36m[23:26:32.422578] [D] [SingleNodeWorker] [WorkerThread-1] [Task:63885548] [SourceThread.cpp:248] [tryStop] SourceThread 2: stopped[m
[32m[23:26:32.449108] [I] [SingleNodeWorker] [WorkerThread-0] [] [SequenceShredder.cpp:55] [~SequenceShredder] Successfully validated SequenceShredder[m
[32m[23:26:32.459597] [I] [SingleNodeWorker] [WorkerThread-1] [Task:63885548-69] [VoidSink.cpp:42] [stop] Void Sink completed.[m
[36m[23:26:32.459724] [D] [SingleNodeWorker] [WorkerThread-1] [] [SourceThread.cpp:226] [tryStop] SourceThread 2: thread is not running[m
[36m[23:26:35.532994] [D] [Not A Worker] [unnamed] [queryId:1283342760] [BufferManager.cpp:110] [initialize] NES memory allocation requires 1 out of 540577120256 (so 1.8498748143954595e-10%) available bytes[m
[36m[23:26:35.533042] [D] [Not A Worker] [unnamed] [queryId:1283342760] [BufferManager.cpp:160] [initialize] BufferManager configuration bufferSize=1 numOfBuffers=1[m
[36m[23:26:35.533237] [D] [Not A Worker] [unnamed] [queryId:1283342760] [PipeliningPhase.cpp:365] [apply] Constructed pipeline plan with 1 root pipelines.
PipelinedQueryPlan for Query: 1283342760
Number of root pipelines: 1
------------------
Root Pipeline 0:
  Pipeline(ID(70), Provider(COMPILER))
  Operator chain:
    PhysicalOperator(NES::SourcePhysicalOperator)
  Successor Pipeline:
    Pipeline(ID(71), Provider(None))
      Operator chain:
        PhysicalOperator(NES::ScanPhysicalOperator)
          PhysicalOperator(NES::SelectionPhysicalOperator)
            PhysicalOperator(NES::MapPhysicalOperator)
              PhysicalOperator(NES::EmitPhysicalOperator)
      Successor Pipeline:
        Pipeline(ID(72), Provider(None))
          Operator chain:
            PhysicalOperator(NES::SinkPhysicalOperator)

[m
[36m[23:26:35.536474] [D] [Not A Worker] [unnamed] [] [SinkProvider.cpp:30] [lower] The sinkDescriptor is: SinkDescriptor: (name: variant("PERSON_ID_SINK"), type: Void, Config: )[m
[36m[23:26:35.537528] [D] [SingleNodeWorker] [WorkerThread-1] [Task:1283342760-72] [VoidSink.cpp:37] [start] Setting up void sink: VoidSink[m
[36m[23:26:35.607374] [D] [SingleNodeWorker] [WorkerThread-1] [] [SourceThread.cpp:184] [start] Starting source with originId: 2[m
[36m[23:26:35.608909] [D] [SingleNodeWorker] [WorkerThread-1] [Task:1283342760-71] [BufferManager.cpp:65] [~BufferManager] Calling BufferManager::destroy()[m
[36m[23:26:35.608934] [D] [SingleNodeWorker] [WorkerThread-1] [Task:1283342760-71] [BufferManager.cpp:93] [~BufferManager] Shutting down Buffer Manager completed[m
[36m[23:26:45.956736] [D] [SingleNodeWorker] [WorkerThread-0] [Task:1283342760] [SourceThread.cpp:230] [tryStop] SourceThread 2: attempting to stop source[m
[36m[23:26:45.956786] [D] [SingleNodeWorker] [WorkerThread-0] [Task:1283342760] [SourceThread.cpp:248] [tryStop] SourceThread 2: stopped[m
[32m[23:26:45.983322] [I] [SingleNodeWorker] [WorkerThread-1] [] [SequenceShredder.cpp:55] [~SequenceShredder] Successfully validated SequenceShredder[m
[32m[23:26:45.992308] [I] [SingleNodeWorker] [WorkerThread-0] [Task:1283342760-72] [VoidSink.cpp:42] [stop] Void Sink completed.[m
[36m[23:26:45.992458] [D] [SingleNodeWorker] [WorkerThread-0] [] [SourceThread.cpp:226] [tryStop] SourceThread 2: thread is not running[m
[36m[23:26:49.060498] [D] [Not A Worker] [unnamed] [queryId:1545678407] [BufferManager.cpp:110] [initialize] NES memory allocation requires 1 out of 540577120256 (so 1.8498748143954595e-10%) available bytes[m
[36m[23:26:49.060546] [D] [Not A Worker] [unnamed] [queryId:1545678407] [BufferManager.cpp:160] [initialize] BufferManager configuration bufferSize=1 numOfBuffers=1[m
[36m[23:26:49.060745] [D] [Not A Worker] [unnamed] [queryId:1545678407] [PipeliningPhase.cpp:365] [apply] Constructed pipeline plan with 1 root pipelines.
PipelinedQueryPlan for Query: 1545678407
Number of root pipelines: 1
------------------
Root Pipeline 0:
  Pipeline(ID(73), Provider(COMPILER))
  Operator chain:
    PhysicalOperator(NES::SourcePhysicalOperator)
  Successor Pipeline:
    Pipeline(ID(74), Provider(None))
      Operator chain:
        PhysicalOperator(NES::ScanPhysicalOperator)
          PhysicalOperator(NES::SelectionPhysicalOperator)
            PhysicalOperator(NES::MapPhysicalOperator)
              PhysicalOperator(NES::EmitPhysicalOperator)
      Successor Pipeline:
        Pipeline(ID(75), Provider(None))
          Operator chain:
            PhysicalOperator(NES::SinkPhysicalOperator)

[m
[36m[23:26:49.064205] [D] [Not A Worker] [unnamed] [] [SinkProvider.cpp:30] [lower] The sinkDescriptor is: SinkDescriptor: (name: variant("PERSON_ID_SINK"), type: Void, Config: )[m
[36m[23:26:49.066485] [D] [SingleNodeWorker] [WorkerThread-1] [Task:1545678407-75] [VoidSink.cpp:37] [start] Setting up void sink: VoidSink[m
[36m[23:26:49.138276] [D] [SingleNodeWorker] [WorkerThread-1] [] [SourceThread.cpp:184] [start] Starting source with originId: 2[m
[36m[23:26:49.139885] [D] [SingleNodeWorker] [WorkerThread-1] [Task:1545678407-74] [BufferManager.cpp:65] [~BufferManager] Calling BufferManager::destroy()[m
[36m[23:26:49.139912] [D] [SingleNodeWorker] [WorkerThread-1] [Task:1545678407-74] [BufferManager.cpp:93] [~BufferManager] Shutting down Buffer Manager completed[m
[36m[23:26:59.367612] [D] [SingleNodeWorker] [WorkerThread-1] [Task:1545678407-74] [InputFormatter.hpp:348] [indexTrailingSpanningTupleProxy] last offset: 262143, first offset: 198[m
[36m[23:26:59.512768] [D] [SingleNodeWorker] [WorkerThread-1] [Task:1545678407] [SourceThread.cpp:230] [tryStop] SourceThread 2: attempting to stop source[m
[36m[23:26:59.512794] [D] [SingleNodeWorker] [WorkerThread-1] [Task:1545678407] [SourceThread.cpp:248] [tryStop] SourceThread 2: stopped[m
[32m[23:26:59.550169] [I] [SingleNodeWorker] [WorkerThread-0] [] [SequenceShredder.cpp:55] [~SequenceShredder] Successfully validated SequenceShredder[m
[32m[23:26:59.550430] [I] [SingleNodeWorker] [WorkerThread-1] [Task:1545678407-75] [VoidSink.cpp:42] [stop] Void Sink completed.[m
[36m[23:26:59.550559] [D] [SingleNodeWorker] [WorkerThread-1] [] [SourceThread.cpp:226] [tryStop] SourceThread 2: thread is not running[m
[36m[23:27:02.688657] [D] [Not A Worker] [unnamed] [queryId:292511008] [BufferManager.cpp:110] [initialize] NES memory allocation requires 1 out of 540577120256 (so 1.8498748143954595e-10%) available bytes[m
[36m[23:27:02.688707] [D] [Not A Worker] [unnamed] [queryId:292511008] [BufferManager.cpp:160] [initialize] BufferManager configuration bufferSize=1 numOfBuffers=1[m
[36m[23:27:02.688889] [D] [Not A Worker] [unnamed] [queryId:292511008] [PipeliningPhase.cpp:365] [apply] Constructed pipeline plan with 1 root pipelines.
PipelinedQueryPlan for Query: 292511008
Number of root pipelines: 1
------------------
Root Pipeline 0:
  Pipeline(ID(76), Provider(COMPILER))
  Operator chain:
    PhysicalOperator(NES::SourcePhysicalOperator)
  Successor Pipeline:
    Pipeline(ID(77), Provider(None))
      Operator chain:
        PhysicalOperator(NES::ScanPhysicalOperator)
          PhysicalOperator(NES::SelectionPhysicalOperator)
            PhysicalOperator(NES::MapPhysicalOperator)
              PhysicalOperator(NES::EmitPhysicalOperator)
      Successor Pipeline:
        Pipeline(ID(78), Provider(None))
          Operator chain:
            PhysicalOperator(NES::SinkPhysicalOperator)

[m
[36m[23:27:02.692295] [D] [Not A Worker] [unnamed] [] [SinkProvider.cpp:30] [lower] The sinkDescriptor is: SinkDescriptor: (name: variant("PERSON_ID_SINK"), type: Void, Config: )[m
[36m[23:27:02.708694] [D] [SingleNodeWorker] [WorkerThread-1] [Task:292511008-78] [VoidSink.cpp:37] [start] Setting up void sink: VoidSink[m
[36m[23:27:02.780692] [D] [SingleNodeWorker] [WorkerThread-1] [] [SourceThread.cpp:184] [start] Starting source with originId: 2[m
[36m[23:27:02.782237] [D] [SingleNodeWorker] [WorkerThread-1] [Task:292511008-77] [BufferManager.cpp:65] [~BufferManager] Calling BufferManager::destroy()[m
[36m[23:27:02.782262] [D] [SingleNodeWorker] [WorkerThread-1] [Task:292511008-77] [BufferManager.cpp:93] [~BufferManager] Shutting down Buffer Manager completed[m
[36m[23:27:13.181636] [D] [SingleNodeWorker] [WorkerThread-1] [Task:292511008] [SourceThread.cpp:230] [tryStop] SourceThread 2: attempting to stop source[m
[36m[23:27:13.181689] [D] [SingleNodeWorker] [WorkerThread-1] [Task:292511008] [SourceThread.cpp:248] [tryStop] SourceThread 2: stopped[m
[32m[23:27:13.209359] [I] [SingleNodeWorker] [WorkerThread-0] [] [SequenceShredder.cpp:55] [~SequenceShredder] Successfully validated SequenceShredder[m
[32m[23:27:13.218763] [I] [SingleNodeWorker] [WorkerThread-1] [Task:292511008-78] [VoidSink.cpp:42] [stop] Void Sink completed.[m
[36m[23:27:13.218914] [D] [SingleNodeWorker] [WorkerThread-1] [] [SourceThread.cpp:226] [tryStop] SourceThread 2: thread is not running[m
[36m[23:27:16.343401] [D] [Not A Worker] [unnamed] [queryId:1247779170] [BufferManager.cpp:110] [initialize] NES memory allocation requires 1 out of 540577120256 (so 1.8498748143954595e-10%) available bytes[m
[36m[23:27:16.343454] [D] [Not A Worker] [unnamed] [queryId:1247779170] [BufferManager.cpp:160] [initialize] BufferManager configuration bufferSize=1 numOfBuffers=1[m
[36m[23:27:16.343636] [D] [Not A Worker] [unnamed] [queryId:1247779170] [PipeliningPhase.cpp:365] [apply] Constructed pipeline plan with 1 root pipelines.
PipelinedQueryPlan for Query: 1247779170
Number of root pipelines: 1
------------------
Root Pipeline 0:
  Pipeline(ID(79), Provider(COMPILER))
  Operator chain:
    PhysicalOperator(NES::SourcePhysicalOperator)
  Successor Pipeline:
    Pipeline(ID(80), Provider(None))
      Operator chain:
        PhysicalOperator(NES::ScanPhysicalOperator)
          PhysicalOperator(NES::SelectionPhysicalOperator)
            PhysicalOperator(NES::MapPhysicalOperator)
              PhysicalOperator(NES::EmitPhysicalOperator)
      Successor Pipeline:
        Pipeline(ID(81), Provider(None))
          Operator chain:
            PhysicalOperator(NES::SinkPhysicalOperator)

[m
[36m[23:27:16.347019] [D] [Not A Worker] [unnamed] [] [SinkProvider.cpp:30] [lower] The sinkDescriptor is: SinkDescriptor: (name: variant("PERSON_ID_SINK"), type: Void, Config: )[m
[36m[23:27:16.351677] [D] [SingleNodeWorker] [WorkerThread-1] [Task:1247779170-81] [VoidSink.cpp:37] [start] Setting up void sink: VoidSink[m
[36m[23:27:16.421614] [D] [SingleNodeWorker] [WorkerThread-1] [] [SourceThread.cpp:184] [start] Starting source with originId: 2[m
[36m[23:27:16.423137] [D] [SingleNodeWorker] [WorkerThread-1] [Task:1247779170-80] [BufferManager.cpp:65] [~BufferManager] Calling BufferManager::destroy()[m
[36m[23:27:16.423163] [D] [SingleNodeWorker] [WorkerThread-1] [Task:1247779170-80] [BufferManager.cpp:93] [~BufferManager] Shutting down Buffer Manager completed[m
[36m[23:27:26.774263] [D] [SingleNodeWorker] [WorkerThread-0] [Task:1247779170] [SourceThread.cpp:230] [tryStop] SourceThread 2: attempting to stop source[m
[36m[23:27:26.774313] [D] [SingleNodeWorker] [WorkerThread-0] [Task:1247779170] [SourceThread.cpp:248] [tryStop] SourceThread 2: stopped[m
[32m[23:27:26.810159] [I] [SingleNodeWorker] [WorkerThread-1] [] [SequenceShredder.cpp:55] [~SequenceShredder] Successfully validated SequenceShredder[m
[32m[23:27:26.811133] [I] [SingleNodeWorker] [WorkerThread-0] [Task:1247779170-81] [VoidSink.cpp:42] [stop] Void Sink completed.[m
[36m[23:27:26.811272] [D] [SingleNodeWorker] [WorkerThread-0] [] [SourceThread.cpp:226] [tryStop] SourceThread 2: thread is not running[m
[36m[23:27:29.900732] [D] [Not A Worker] [unnamed] [queryId:1371164453] [BufferManager.cpp:110] [initialize] NES memory allocation requires 1 out of 540577120256 (so 1.8498748143954595e-10%) available bytes[m
[36m[23:27:29.900783] [D] [Not A Worker] [unnamed] [queryId:1371164453] [BufferManager.cpp:160] [initialize] BufferManager configuration bufferSize=1 numOfBuffers=1[m
[36m[23:27:29.900980] [D] [Not A Worker] [unnamed] [queryId:1371164453] [PipeliningPhase.cpp:365] [apply] Constructed pipeline plan with 1 root pipelines.
PipelinedQueryPlan for Query: 1371164453
Number of root pipelines: 1
------------------
Root Pipeline 0:
  Pipeline(ID(82), Provider(COMPILER))
  Operator chain:
    PhysicalOperator(NES::SourcePhysicalOperator)
  Successor Pipeline:
    Pipeline(ID(83), Provider(None))
      Operator chain:
        PhysicalOperator(NES::ScanPhysicalOperator)
          PhysicalOperator(NES::SelectionPhysicalOperator)
            PhysicalOperator(NES::MapPhysicalOperator)
              PhysicalOperator(NES::EmitPhysicalOperator)
      Successor Pipeline:
        Pipeline(ID(84), Provider(None))
          Operator chain:
            PhysicalOperator(NES::SinkPhysicalOperator)

[m
[36m[23:27:29.903897] [D] [Not A Worker] [unnamed] [] [SinkProvider.cpp:30] [lower] The sinkDescriptor is: SinkDescriptor: (name: variant("PERSON_ID_SINK"), type: Void, Config: )[m
[36m[23:27:29.905768] [D] [SingleNodeWorker] [WorkerThread-0] [Task:1371164453-84] [VoidSink.cpp:37] [start] Setting up void sink: VoidSink[m
[36m[23:27:29.977303] [D] [SingleNodeWorker] [WorkerThread-0] [] [SourceThread.cpp:184] [start] Starting source with originId: 2[m
[36m[23:27:29.978906] [D] [SingleNodeWorker] [WorkerThread-0] [Task:1371164453-83] [BufferManager.cpp:65] [~BufferManager] Calling BufferManager::destroy()[m
[36m[23:27:29.978951] [D] [SingleNodeWorker] [WorkerThread-0] [Task:1371164453-83] [BufferManager.cpp:93] [~BufferManager] Shutting down Buffer Manager completed[m
[36m[23:27:40.292102] [D] [SingleNodeWorker] [WorkerThread-0] [Task:1371164453] [SourceThread.cpp:230] [tryStop] SourceThread 2: attempting to stop source[m
[36m[23:27:40.292145] [D] [SingleNodeWorker] [WorkerThread-0] [Task:1371164453] [SourceThread.cpp:248] [tryStop] SourceThread 2: stopped[m
[32m[23:27:40.318699] [I] [SingleNodeWorker] [WorkerThread-1] [] [SequenceShredder.cpp:55] [~SequenceShredder] Successfully validated SequenceShredder[m
[32m[23:27:40.328092] [I] [SingleNodeWorker] [WorkerThread-0] [Task:1371164453-84] [VoidSink.cpp:42] [stop] Void Sink completed.[m
[36m[23:27:40.328216] [D] [SingleNodeWorker] [WorkerThread-0] [] [SourceThread.cpp:226] [tryStop] SourceThread 2: thread is not running[m
[36m[23:27:43.360395] [D] [Not A Worker] [unnamed] [queryId:1367300742] [BufferManager.cpp:110] [initialize] NES memory allocation requires 1 out of 540577120256 (so 1.8498748143954595e-10%) available bytes[m
[36m[23:27:43.360445] [D] [Not A Worker] [unnamed] [queryId:1367300742] [BufferManager.cpp:160] [initialize] BufferManager configuration bufferSize=1 numOfBuffers=1[m
[36m[23:27:43.360682] [D] [Not A Worker] [unnamed] [queryId:1367300742] [PipeliningPhase.cpp:365] [apply] Constructed pipeline plan with 1 root pipelines.
PipelinedQueryPlan for Query: 1367300742
Number of root pipelines: 1
------------------
Root Pipeline 0:
  Pipeline(ID(85), Provider(COMPILER))
  Operator chain:
    PhysicalOperator(NES::SourcePhysicalOperator)
  Successor Pipeline:
    Pipeline(ID(86), Provider(None))
      Operator chain:
        PhysicalOperator(NES::ScanPhysicalOperator)
          PhysicalOperator(NES::SelectionPhysicalOperator)
            PhysicalOperator(NES::MapPhysicalOperator)
              PhysicalOperator(NES::EmitPhysicalOperator)
      Successor Pipeline:
        Pipeline(ID(87), Provider(None))
          Operator chain:
            PhysicalOperator(NES::SinkPhysicalOperator)

[m
[36m[23:27:43.364243] [D] [Not A Worker] [unnamed] [] [SinkProvider.cpp:30] [lower] The sinkDescriptor is: SinkDescriptor: (name: variant("PERSON_ID_SINK"), type: Void, Config: )[m
[36m[23:27:43.371780] [D] [SingleNodeWorker] [WorkerThread-0] [Task:1367300742-87] [VoidSink.cpp:37] [start] Setting up void sink: VoidSink[m
[36m[23:27:43.443061] [D] [SingleNodeWorker] [WorkerThread-0] [] [SourceThread.cpp:184] [start] Starting source with originId: 2[m
[36m[23:27:43.444581] [D] [SingleNodeWorker] [WorkerThread-0] [Task:1367300742-86] [BufferManager.cpp:65] [~BufferManager] Calling BufferManager::destroy()[m
[36m[23:27:43.444605] [D] [SingleNodeWorker] [WorkerThread-0] [Task:1367300742-86] [BufferManager.cpp:93] [~BufferManager] Shutting down Buffer Manager completed[m
[36m[23:27:53.781697] [D] [SingleNodeWorker] [WorkerThread-0] [Task:1367300742] [SourceThread.cpp:230] [tryStop] SourceThread 2: attempting to stop source[m
[36m[23:27:53.781753] [D] [SingleNodeWorker] [WorkerThread-0] [Task:1367300742] [SourceThread.cpp:248] [tryStop] SourceThread 2: stopped[m
[32m[23:27:53.809091] [I] [SingleNodeWorker] [WorkerThread-1] [] [SequenceShredder.cpp:55] [~SequenceShredder] Successfully validated SequenceShredder[m
[32m[23:27:53.819640] [I] [SingleNodeWorker] [WorkerThread-0] [Task:1367300742-87] [VoidSink.cpp:42] [stop] Void Sink completed.[m
[36m[23:27:53.819772] [D] [SingleNodeWorker] [WorkerThread-0] [] [SourceThread.cpp:226] [tryStop] SourceThread 2: thread is not running[m
[36m[23:27:57.055348] [D] [Not A Worker] [unnamed] [queryId:173974465] [BufferManager.cpp:110] [initialize] NES memory allocation requires 1 out of 540577120256 (so 1.8498748143954595e-10%) available bytes[m
[36m[23:27:57.055402] [D] [Not A Worker] [unnamed] [queryId:173974465] [BufferManager.cpp:160] [initialize] BufferManager configuration bufferSize=1 numOfBuffers=1[m
[36m[23:27:57.055576] [D] [Not A Worker] [unnamed] [queryId:173974465] [PipeliningPhase.cpp:365] [apply] Constructed pipeline plan with 1 root pipelines.
PipelinedQueryPlan for Query: 173974465
Number of root pipelines: 1
------------------
Root Pipeline 0:
  Pipeline(ID(88), Provider(COMPILER))
  Operator chain:
    PhysicalOperator(NES::SourcePhysicalOperator)
  Successor Pipeline:
    Pipeline(ID(89), Provider(None))
      Operator chain:
        PhysicalOperator(NES::ScanPhysicalOperator)
          PhysicalOperator(NES::SelectionPhysicalOperator)
            PhysicalOperator(NES::MapPhysicalOperator)
              PhysicalOperator(NES::EmitPhysicalOperator)
      Successor Pipeline:
        Pipeline(ID(90), Provider(None))
          Operator chain:
            PhysicalOperator(NES::SinkPhysicalOperator)

[m
[36m[23:27:57.059043] [D] [Not A Worker] [unnamed] [] [SinkProvider.cpp:30] [lower] The sinkDescriptor is: SinkDescriptor: (name: variant("PERSON_ID_SINK"), type: Void, Config: )[m
[36m[23:27:57.065933] [D] [SingleNodeWorker] [WorkerThread-0] [Task:173974465-90] [VoidSink.cpp:37] [start] Setting up void sink: VoidSink[m
[36m[23:27:57.133741] [D] [SingleNodeWorker] [WorkerThread-0] [] [SourceThread.cpp:184] [start] Starting source with originId: 2[m
[36m[23:27:57.135267] [D] [SingleNodeWorker] [WorkerThread-0] [Task:173974465-89] [BufferManager.cpp:65] [~BufferManager] Calling BufferManager::destroy()[m
[36m[23:27:57.135291] [D] [SingleNodeWorker] [WorkerThread-0] [Task:173974465-89] [BufferManager.cpp:93] [~BufferManager] Shutting down Buffer Manager completed[m
[36m[23:28:07.497290] [D] [SingleNodeWorker] [WorkerThread-1] [Task:173974465] [SourceThread.cpp:230] [tryStop] SourceThread 2: attempting to stop source[m
[36m[23:28:07.497342] [D] [SingleNodeWorker] [WorkerThread-1] [Task:173974465] [SourceThread.cpp:248] [tryStop] SourceThread 2: stopped[m
[32m[23:28:07.523825] [I] [SingleNodeWorker] [WorkerThread-0] [] [SequenceShredder.cpp:55] [~SequenceShredder] Successfully validated SequenceShredder[m
[32m[23:28:07.532904] [I] [SingleNodeWorker] [WorkerThread-1] [Task:173974465-90] [VoidSink.cpp:42] [stop] Void Sink completed.[m
[36m[23:28:07.533193] [D] [SingleNodeWorker] [WorkerThread-1] [] [SourceThread.cpp:226] [tryStop] SourceThread 2: thread is not running[m
[36m[23:28:10.680404] [D] [Not A Worker] [unnamed] [queryId:404936489] [BufferManager.cpp:110] [initialize] NES memory allocation requires 1 out of 540577120256 (so 1.8498748143954595e-10%) available bytes[m
[36m[23:28:10.680466] [D] [Not A Worker] [unnamed] [queryId:404936489] [BufferManager.cpp:160] [initialize] BufferManager configuration bufferSize=1 numOfBuffers=1[m
[36m[23:28:10.680718] [D] [Not A Worker] [unnamed] [queryId:404936489] [PipeliningPhase.cpp:365] [apply] Constructed pipeline plan with 1 root pipelines.
PipelinedQueryPlan for Query: 404936489
Number of root pipelines: 1
------------------
Root Pipeline 0:
  Pipeline(ID(91), Provider(COMPILER))
  Operator chain:
    PhysicalOperator(NES::SourcePhysicalOperator)
  Successor Pipeline:
    Pipeline(ID(92), Provider(None))
      Operator chain:
        PhysicalOperator(NES::ScanPhysicalOperator)
          PhysicalOperator(NES::SelectionPhysicalOperator)
            PhysicalOperator(NES::MapPhysicalOperator)
              PhysicalOperator(NES::EmitPhysicalOperator)
      Successor Pipeline:
        Pipeline(ID(93), Provider(None))
          Operator chain:
            PhysicalOperator(NES::SinkPhysicalOperator)

[m
[36m[23:28:10.684575] [D] [Not A Worker] [unnamed] [] [SinkProvider.cpp:30] [lower] The sinkDescriptor is: SinkDescriptor: (name: variant("BID_AUCTION_ID_SINK"), type: Void, Config: )[m
[36m[23:28:10.687408] [D] [SingleNodeWorker] [WorkerThread-1] [Task:404936489-93] [VoidSink.cpp:37] [start] Setting up void sink: VoidSink[m
[36m[23:28:10.742824] [D] [SingleNodeWorker] [WorkerThread-1] [] [SourceThread.cpp:184] [start] Starting source with originId: 2[m
[36m[23:28:10.744605] [D] [SingleNodeWorker] [WorkerThread-1] [Task:404936489-92] [BufferManager.cpp:65] [~BufferManager] Calling BufferManager::destroy()[m
[36m[23:28:10.744630] [D] [SingleNodeWorker] [WorkerThread-1] [Task:404936489-92] [BufferManager.cpp:93] [~BufferManager] Shutting down Buffer Manager completed[m
[36m[23:32:17.483015] [D] [SingleNodeWorker] [WorkerThread-1] [Task:404936489] [SourceThread.cpp:230] [tryStop] SourceThread 2: attempting to stop source[m
[36m[23:32:17.483087] [D] [SingleNodeWorker] [WorkerThread-1] [Task:404936489] [SourceThread.cpp:248] [tryStop] SourceThread 2: stopped[m
[32m[23:32:17.514682] [I] [SingleNodeWorker] [WorkerThread-0] [] [SequenceShredder.cpp:55] [~SequenceShredder] Successfully validated SequenceShredder[m
[32m[23:32:17.518864] [I] [SingleNodeWorker] [WorkerThread-1] [Task:404936489-93] [VoidSink.cpp:42] [stop] Void Sink completed.[m
[36m[23:32:17.519060] [D] [SingleNodeWorker] [WorkerThread-1] [] [SourceThread.cpp:226] [tryStop] SourceThread 2: thread is not running[m
[36m[23:32:19.583744] [D] [Not A Worker] [unnamed] [queryId:1155581419] [BufferManager.cpp:110] [initialize] NES memory allocation requires 1 out of 540577120256 (so 1.8498748143954595e-10%) available bytes[m
[36m[23:32:19.583798] [D] [Not A Worker] [unnamed] [queryId:1155581419] [BufferManager.cpp:160] [initialize] BufferManager configuration bufferSize=1 numOfBuffers=1[m
[36m[23:32:19.583989] [D] [Not A Worker] [unnamed] [queryId:1155581419] [PipeliningPhase.cpp:365] [apply] Constructed pipeline plan with 1 root pipelines.
PipelinedQueryPlan for Query: 1155581419
Number of root pipelines: 1
------------------
Root Pipeline 0:
  Pipeline(ID(94), Provider(COMPILER))
  Operator chain:
    PhysicalOperator(NES::SourcePhysicalOperator)
  Successor Pipeline:
    Pipeline(ID(95), Provider(None))
      Operator chain:
        PhysicalOperator(NES::ScanPhysicalOperator)
          PhysicalOperator(NES::SelectionPhysicalOperator)
            PhysicalOperator(NES::MapPhysicalOperator)
              PhysicalOperator(NES::EmitPhysicalOperator)
      Successor Pipeline:
        Pipeline(ID(96), Provider(None))
          Operator chain:
            PhysicalOperator(NES::SinkPhysicalOperator)

[m
[36m[23:32:19.587290] [D] [Not A Worker] [unnamed] [] [SinkProvider.cpp:30] [lower] The sinkDescriptor is: SinkDescriptor: (name: variant("BID_AUCTION_ID_SINK"), type: Void, Config: )[m
[36m[23:32:19.589472] [D] [SingleNodeWorker] [WorkerThread-1] [Task:1155581419-96] [VoidSink.cpp:37] [start] Setting up void sink: VoidSink[m
[36m[23:32:19.644749] [D] [SingleNodeWorker] [WorkerThread-1] [] [SourceThread.cpp:184] [start] Starting source with originId: 2[m
[36m[23:32:19.652041] [D] [SingleNodeWorker] [WorkerThread-1] [Task:1155581419-95] [BufferManager.cpp:65] [~BufferManager] Calling BufferManager::destroy()[m
[36m[23:32:19.652073] [D] [SingleNodeWorker] [WorkerThread-1] [Task:1155581419-95] [BufferManager.cpp:93] [~BufferManager] Shutting down Buffer Manager completed[m
[36m[23:35:49.371043] [D] [SingleNodeWorker] [WorkerThread-1] [Task:1155581419-95] [InputFormatter.hpp:348] [indexTrailingSpanningTupleProxy] last offset: 262143, first offset: 55[m
[36m[23:36:27.253472] [D] [SingleNodeWorker] [WorkerThread-0] [Task:1155581419] [SourceThread.cpp:230] [tryStop] SourceThread 2: attempting to stop source[m
[36m[23:36:27.253517] [D] [SingleNodeWorker] [WorkerThread-0] [Task:1155581419] [SourceThread.cpp:248] [tryStop] SourceThread 2: stopped[m
[32m[23:36:27.279486] [I] [SingleNodeWorker] [WorkerThread-1] [] [SequenceShredder.cpp:55] [~SequenceShredder] Successfully validated SequenceShredder[m
[32m[23:36:27.280008] [I] [SingleNodeWorker] [WorkerThread-0] [Task:1155581419-96] [VoidSink.cpp:42] [stop] Void Sink completed.[m
[36m[23:36:27.280233] [D] [SingleNodeWorker] [WorkerThread-0] [] [SourceThread.cpp:226] [tryStop] SourceThread 2: thread is not running[m
[36m[23:36:30.317156] [D] [Not A Worker] [unnamed] [queryId:76800605] [BufferManager.cpp:110] [initialize] NES memory allocation requires 1 out of 540577120256 (so 1.8498748143954595e-10%) available bytes[m
[36m[23:36:30.317223] [D] [Not A Worker] [unnamed] [queryId:76800605] [BufferManager.cpp:160] [initialize] BufferManager configuration bufferSize=1 numOfBuffers=1[m
[36m[23:36:30.317406] [D] [Not A Worker] [unnamed] [queryId:76800605] [PipeliningPhase.cpp:365] [apply] Constructed pipeline plan with 1 root pipelines.
PipelinedQueryPlan for Query: 76800605
Number of root pipelines: 1
------------------
Root Pipeline 0:
  Pipeline(ID(97), Provider(COMPILER))
  Operator chain:
    PhysicalOperator(NES::SourcePhysicalOperator)
  Successor Pipeline:
    Pipeline(ID(98), Provider(None))
      Operator chain:
        PhysicalOperator(NES::ScanPhysicalOperator)
          PhysicalOperator(NES::SelectionPhysicalOperator)
            PhysicalOperator(NES::MapPhysicalOperator)
              PhysicalOperator(NES::EmitPhysicalOperator)
      Successor Pipeline:
        Pipeline(ID(99), Provider(None))
          Operator chain:
            PhysicalOperator(NES::SinkPhysicalOperator)

[m
[36m[23:36:30.320817] [D] [Not A Worker] [unnamed] [] [SinkProvider.cpp:30] [lower] The sinkDescriptor is: SinkDescriptor: (name: variant("BID_AUCTION_ID_SINK"), type: Void, Config: )[m
[36m[23:36:30.340139] [D] [SingleNodeWorker] [WorkerThread-1] [Task:76800605-99] [VoidSink.cpp:37] [start] Setting up void sink: VoidSink[m
[36m[23:36:30.392008] [D] [SingleNodeWorker] [WorkerThread-1] [] [SourceThread.cpp:184] [start] Starting source with originId: 2[m
[36m[23:36:30.399154] [D] [SingleNodeWorker] [WorkerThread-1] [Task:76800605-98] [BufferManager.cpp:65] [~BufferManager] Calling BufferManager::destroy()[m
[36m[23:36:30.399184] [D] [SingleNodeWorker] [WorkerThread-1] [Task:76800605-98] [BufferManager.cpp:93] [~BufferManager] Shutting down Buffer Manager completed[m
[36m[23:40:37.235951] [D] [SingleNodeWorker] [WorkerThread-0] [Task:76800605] [SourceThread.cpp:230] [tryStop] SourceThread 2: attempting to stop source[m
[36m[23:40:37.236012] [D] [SingleNodeWorker] [WorkerThread-0] [Task:76800605] [SourceThread.cpp:248] [tryStop] SourceThread 2: stopped[m
[32m[23:40:37.268534] [I] [SingleNodeWorker] [WorkerThread-1] [] [SequenceShredder.cpp:55] [~SequenceShredder] Successfully validated SequenceShredder[m
[32m[23:40:37.272196] [I] [SingleNodeWorker] [WorkerThread-0] [Task:76800605-99] [VoidSink.cpp:42] [stop] Void Sink completed.[m
[36m[23:40:37.272341] [D] [SingleNodeWorker] [WorkerThread-0] [] [SourceThread.cpp:226] [tryStop] SourceThread 2: thread is not running[m
[36m[23:40:38.944500] [D] [Not A Worker] [unnamed] [queryId:1742611948] [BufferManager.cpp:110] [initialize] NES memory allocation requires 1 out of 540577120256 (so 1.8498748143954595e-10%) available bytes[m
[36m[23:40:38.944552] [D] [Not A Worker] [unnamed] [queryId:1742611948] [BufferManager.cpp:160] [initialize] BufferManager configuration bufferSize=1 numOfBuffers=1[m
[36m[23:40:38.944749] [D] [Not A Worker] [unnamed] [queryId:1742611948] [PipeliningPhase.cpp:365] [apply] Constructed pipeline plan with 1 root pipelines.
PipelinedQueryPlan for Query: 1742611948
Number of root pipelines: 1
------------------
Root Pipeline 0:
  Pipeline(ID(100), Provider(COMPILER))
  Operator chain:
    PhysicalOperator(NES::SourcePhysicalOperator)
  Successor Pipeline:
    Pipeline(ID(101), Provider(None))
      Operator chain:
        PhysicalOperator(NES::ScanPhysicalOperator)
          PhysicalOperator(NES::SelectionPhysicalOperator)
            PhysicalOperator(NES::MapPhysicalOperator)
              PhysicalOperator(NES::EmitPhysicalOperator)
      Successor Pipeline:
        Pipeline(ID(102), Provider(None))
          Operator chain:
            PhysicalOperator(NES::SinkPhysicalOperator)

[m
[36m[23:40:38.947991] [D] [Not A Worker] [unnamed] [] [SinkProvider.cpp:30] [lower] The sinkDescriptor is: SinkDescriptor: (name: variant("BID_AUCTION_ID_SINK"), type: Void, Config: )[m
[36m[23:40:38.950165] [D] [SingleNodeWorker] [WorkerThread-1] [Task:1742611948-102] [VoidSink.cpp:37] [start] Setting up void sink: VoidSink[m
[36m[23:40:39.004352] [D] [SingleNodeWorker] [WorkerThread-1] [] [SourceThread.cpp:184] [start] Starting source with originId: 2[m
[36m[23:40:39.011516] [D] [SingleNodeWorker] [WorkerThread-0] [Task:1742611948-101] [BufferManager.cpp:65] [~BufferManager] Calling BufferManager::destroy()[m
[36m[23:40:39.011608] [D] [SingleNodeWorker] [WorkerThread-0] [Task:1742611948-101] [BufferManager.cpp:93] [~BufferManager] Shutting down Buffer Manager completed[m
[36m[23:43:13.313412] [D] [SingleNodeWorker] [WorkerThread-0] [Task:1742611948-101] [InputFormatter.hpp:348] [indexTrailingSpanningTupleProxy] last offset: 262143, first offset: 72[m
[36m[23:44:45.961191] [D] [SingleNodeWorker] [WorkerThread-1] [Task:1742611948] [SourceThread.cpp:230] [tryStop] SourceThread 2: attempting to stop source[m
[36m[23:44:45.961260] [D] [SingleNodeWorker] [WorkerThread-1] [Task:1742611948] [SourceThread.cpp:248] [tryStop] SourceThread 2: stopped[m
[32m[23:44:45.987190] [I] [SingleNodeWorker] [WorkerThread-1] [] [SequenceShredder.cpp:55] [~SequenceShredder] Successfully validated SequenceShredder[m
[32m[23:44:45.996758] [I] [SingleNodeWorker] [WorkerThread-0] [Task:1742611948-102] [VoidSink.cpp:42] [stop] Void Sink completed.[m
[36m[23:44:45.996879] [D] [SingleNodeWorker] [WorkerThread-0] [] [SourceThread.cpp:226] [tryStop] SourceThread 2: thread is not running[m
[36m[23:44:49.696306] [D] [Not A Worker] [unnamed] [queryId:1504598151] [BufferManager.cpp:110] [initialize] NES memory allocation requires 1 out of 540577120256 (so 1.8498748143954595e-10%) available bytes[m
[36m[23:44:49.696356] [D] [Not A Worker] [unnamed] [queryId:1504598151] [BufferManager.cpp:160] [initialize] BufferManager configuration bufferSize=1 numOfBuffers=1[m
[36m[23:44:49.696581] [D] [Not A Worker] [unnamed] [queryId:1504598151] [PipeliningPhase.cpp:365] [apply] Constructed pipeline plan with 1 root pipelines.
PipelinedQueryPlan for Query: 1504598151
Number of root pipelines: 1
------------------
Root Pipeline 0:
  Pipeline(ID(103), Provider(COMPILER))
  Operator chain:
    PhysicalOperator(NES::SourcePhysicalOperator)
  Successor Pipeline:
    Pipeline(ID(104), Provider(None))
      Operator chain:
        PhysicalOperator(NES::ScanPhysicalOperator)
          PhysicalOperator(NES::SelectionPhysicalOperator)
            PhysicalOperator(NES::MapPhysicalOperator)
              PhysicalOperator(NES::EmitPhysicalOperator)
      Successor Pipeline:
        Pipeline(ID(105), Provider(None))
          Operator chain:
            PhysicalOperator(NES::SinkPhysicalOperator)

[m
[36m[23:44:49.699493] [D] [Not A Worker] [unnamed] [] [SinkProvider.cpp:30] [lower] The sinkDescriptor is: SinkDescriptor: (name: variant("BID_AUCTION_ID_SINK"), type: Void, Config: )[m
[36m[23:44:49.717871] [D] [SingleNodeWorker] [WorkerThread-1] [Task:1504598151-105] [VoidSink.cpp:37] [start] Setting up void sink: VoidSink[m
[36m[23:44:49.772025] [D] [SingleNodeWorker] [WorkerThread-1] [] [SourceThread.cpp:184] [start] Starting source with originId: 2[m
[36m[23:44:49.779179] [D] [SingleNodeWorker] [WorkerThread-1] [Task:1504598151-104] [BufferManager.cpp:65] [~BufferManager] Calling BufferManager::destroy()[m
[36m[23:44:49.779211] [D] [SingleNodeWorker] [WorkerThread-1] [Task:1504598151-104] [BufferManager.cpp:93] [~BufferManager] Shutting down Buffer Manager completed[m
[36m[23:45:18.046532] [D] [SingleNodeWorker] [WorkerThread-1] [Task:1504598151-104] [InputFormatter.hpp:348] [indexTrailingSpanningTupleProxy] last offset: 262143, first offset: 69[m
[36m[23:48:14.369155] [D] [SingleNodeWorker] [WorkerThread-1] [Task:1504598151-104] [InputFormatter.hpp:348] [indexTrailingSpanningTupleProxy] last offset: 262143, first offset: 80[m
[36m[23:48:57.124385] [D] [SingleNodeWorker] [WorkerThread-0] [Task:1504598151] [SourceThread.cpp:230] [tryStop] SourceThread 2: attempting to stop source[m
[36m[23:48:57.124431] [D] [SingleNodeWorker] [WorkerThread-0] [Task:1504598151] [SourceThread.cpp:248] [tryStop] SourceThread 2: stopped[m
[32m[23:48:57.151594] [I] [SingleNodeWorker] [WorkerThread-1] [] [SequenceShredder.cpp:55] [~SequenceShredder] Successfully validated SequenceShredder[m
[32m[23:48:57.160314] [I] [SingleNodeWorker] [WorkerThread-0] [Task:1504598151-105] [VoidSink.cpp:42] [stop] Void Sink completed.[m
[36m[23:48:57.160457] [D] [SingleNodeWorker] [WorkerThread-0] [] [SourceThread.cpp:226] [tryStop] SourceThread 2: thread is not running[m
[36m[23:48:58.812542] [D] [Not A Worker] [unnamed] [queryId:1941270095] [BufferManager.cpp:110] [initialize] NES memory allocation requires 1 out of 540577120256 (so 1.8498748143954595e-10%) available bytes[m
[36m[23:48:58.812598] [D] [Not A Worker] [unnamed] [queryId:1941270095] [BufferManager.cpp:160] [initialize] BufferManager configuration bufferSize=1 numOfBuffers=1[m
[36m[23:48:58.812822] [D] [Not A Worker] [unnamed] [queryId:1941270095] [PipeliningPhase.cpp:365] [apply] Constructed pipeline plan with 1 root pipelines.
PipelinedQueryPlan for Query: 1941270095
Number of root pipelines: 1
------------------
Root Pipeline 0:
  Pipeline(ID(106), Provider(COMPILER))
  Operator chain:
    PhysicalOperator(NES::SourcePhysicalOperator)
  Successor Pipeline:
    Pipeline(ID(107), Provider(None))
      Operator chain:
        PhysicalOperator(NES::ScanPhysicalOperator)
          PhysicalOperator(NES::SelectionPhysicalOperator)
            PhysicalOperator(NES::MapPhysicalOperator)
              PhysicalOperator(NES::EmitPhysicalOperator)
      Successor Pipeline:
        Pipeline(ID(108), Provider(None))
          Operator chain:
            PhysicalOperator(NES::SinkPhysicalOperator)

[m
[36m[23:48:58.816414] [D] [Not A Worker] [unnamed] [] [SinkProvider.cpp:30] [lower] The sinkDescriptor is: SinkDescriptor: (name: variant("BID_AUCTION_ID_SINK"), type: Void, Config: )[m
[36m[23:48:58.822361] [D] [SingleNodeWorker] [WorkerThread-0] [Task:1941270095-108] [VoidSink.cpp:37] [start] Setting up void sink: VoidSink[m
[36m[23:48:58.864848] [D] [SingleNodeWorker] [WorkerThread-0] [] [SourceThread.cpp:184] [start] Starting source with originId: 2[m
[36m[23:48:58.871823] [D] [SingleNodeWorker] [WorkerThread-0] [Task:1941270095-107] [BufferManager.cpp:65] [~BufferManager] Calling BufferManager::destroy()[m
[36m[23:48:58.871851] [D] [SingleNodeWorker] [WorkerThread-0] [Task:1941270095-107] [BufferManager.cpp:93] [~BufferManager] Shutting down Buffer Manager completed[m
[36m[23:53:05.476450] [D] [SingleNodeWorker] [WorkerThread-0] [Task:1941270095] [SourceThread.cpp:230] [tryStop] SourceThread 2: attempting to stop source[m
[36m[23:53:05.476519] [D] [SingleNodeWorker] [WorkerThread-0] [Task:1941270095] [SourceThread.cpp:248] [tryStop] SourceThread 2: stopped[m
[32m[23:53:05.508052] [I] [SingleNodeWorker] [WorkerThread-1] [] [SequenceShredder.cpp:55] [~SequenceShredder] Successfully validated SequenceShredder[m
[32m[23:53:05.515468] [I] [SingleNodeWorker] [WorkerThread-0] [Task:1941270095-108] [VoidSink.cpp:42] [stop] Void Sink completed.[m
[36m[23:53:05.515615] [D] [SingleNodeWorker] [WorkerThread-0] [] [SourceThread.cpp:226] [tryStop] SourceThread 2: thread is not running[m
[36m[23:53:09.365073] [D] [Not A Worker] [unnamed] [queryId:753848753] [BufferManager.cpp:110] [initialize] NES memory allocation requires 1 out of 540577120256 (so 1.8498748143954595e-10%) available bytes[m
[36m[23:53:09.365126] [D] [Not A Worker] [unnamed] [queryId:753848753] [BufferManager.cpp:160] [initialize] BufferManager configuration bufferSize=1 numOfBuffers=1[m
[36m[23:53:09.365331] [D] [Not A Worker] [unnamed] [queryId:753848753] [PipeliningPhase.cpp:365] [apply] Constructed pipeline plan with 1 root pipelines.
PipelinedQueryPlan for Query: 753848753
Number of root pipelines: 1
------------------
Root Pipeline 0:
  Pipeline(ID(109), Provider(COMPILER))
  Operator chain:
    PhysicalOperator(NES::SourcePhysicalOperator)
  Successor Pipeline:
    Pipeline(ID(110), Provider(None))
      Operator chain:
        PhysicalOperator(NES::ScanPhysicalOperator)
          PhysicalOperator(NES::SelectionPhysicalOperator)
            PhysicalOperator(NES::MapPhysicalOperator)
              PhysicalOperator(NES::EmitPhysicalOperator)
      Successor Pipeline:
        Pipeline(ID(111), Provider(None))
          Operator chain:
            PhysicalOperator(NES::SinkPhysicalOperator)

[m
[36m[23:53:09.368618] [D] [Not A Worker] [unnamed] [] [SinkProvider.cpp:30] [lower] The sinkDescriptor is: SinkDescriptor: (name: variant("BID_AUCTION_ID_SINK"), type: Void, Config: )[m
[36m[23:53:09.371362] [D] [SingleNodeWorker] [WorkerThread-1] [Task:753848753-111] [VoidSink.cpp:37] [start] Setting up void sink: VoidSink[m
[36m[23:53:09.422290] [D] [SingleNodeWorker] [WorkerThread-1] [] [SourceThread.cpp:184] [start] Starting source with originId: 2[m
[36m[23:53:09.428480] [D] [SingleNodeWorker] [WorkerThread-0] [Task:753848753-110] [BufferManager.cpp:65] [~BufferManager] Calling BufferManager::destroy()[m
[36m[23:53:09.428568] [D] [SingleNodeWorker] [WorkerThread-0] [Task:753848753-110] [BufferManager.cpp:93] [~BufferManager] Shutting down Buffer Manager completed[m
[36m[23:54:14.586759] [D] [SingleNodeWorker] [WorkerThread-0] [Task:753848753-110] [InputFormatter.hpp:348] [indexTrailingSpanningTupleProxy] last offset: 262143, first offset: 49[m
[36m[23:57:15.381927] [D] [SingleNodeWorker] [WorkerThread-1] [Task:753848753] [SourceThread.cpp:230] [tryStop] SourceThread 2: attempting to stop source[m
[36m[23:57:15.381989] [D] [SingleNodeWorker] [WorkerThread-1] [Task:753848753] [SourceThread.cpp:248] [tryStop] SourceThread 2: stopped[m
[32m[23:57:15.410080] [I] [SingleNodeWorker] [WorkerThread-0] [] [SequenceShredder.cpp:55] [~SequenceShredder] Successfully validated SequenceShredder[m
[32m[23:57:15.419406] [I] [SingleNodeWorker] [WorkerThread-1] [Task:753848753-111] [VoidSink.cpp:42] [stop] Void Sink completed.[m
[36m[23:57:15.419547] [D] [SingleNodeWorker] [WorkerThread-1] [] [SourceThread.cpp:226] [tryStop] SourceThread 2: thread is not running[m
[36m[23:57:17.153212] [D] [Not A Worker] [unnamed] [queryId:1475999135] [BufferManager.cpp:110] [initialize] NES memory allocation requires 1 out of 540577120256 (so 1.8498748143954595e-10%) available bytes[m
[36m[23:57:17.153262] [D] [Not A Worker] [unnamed] [queryId:1475999135] [BufferManager.cpp:160] [initialize] BufferManager configuration bufferSize=1 numOfBuffers=1[m
[36m[23:57:17.153449] [D] [Not A Worker] [unnamed] [queryId:1475999135] [PipeliningPhase.cpp:365] [apply] Constructed pipeline plan with 1 root pipelines.
PipelinedQueryPlan for Query: 1475999135
Number of root pipelines: 1
------------------
Root Pipeline 0:
  Pipeline(ID(112), Provider(COMPILER))
  Operator chain:
    PhysicalOperator(NES::SourcePhysicalOperator)
  Successor Pipeline:
    Pipeline(ID(113), Provider(None))
      Operator chain:
        PhysicalOperator(NES::ScanPhysicalOperator)
          PhysicalOperator(NES::SelectionPhysicalOperator)
            PhysicalOperator(NES::MapPhysicalOperator)
              PhysicalOperator(NES::EmitPhysicalOperator)
      Successor Pipeline:
        Pipeline(ID(114), Provider(None))
          Operator chain:
            PhysicalOperator(NES::SinkPhysicalOperator)

[m
[36m[23:57:17.156643] [D] [Not A Worker] [unnamed] [] [SinkProvider.cpp:30] [lower] The sinkDescriptor is: SinkDescriptor: (name: variant("BID_AUCTION_ID_SINK"), type: Void, Config: )[m
[36m[23:57:17.159206] [D] [SingleNodeWorker] [WorkerThread-1] [Task:1475999135-114] [VoidSink.cpp:37] [start] Setting up void sink: VoidSink[m
[36m[23:57:17.211223] [D] [SingleNodeWorker] [WorkerThread-1] [] [SourceThread.cpp:184] [start] Starting source with originId: 2[m
[36m[23:57:17.218249] [D] [SingleNodeWorker] [WorkerThread-1] [Task:1475999135-113] [BufferManager.cpp:65] [~BufferManager] Calling BufferManager::destroy()[m
[36m[23:57:17.218275] [D] [SingleNodeWorker] [WorkerThread-1] [Task:1475999135-113] [BufferManager.cpp:93] [~BufferManager] Shutting down Buffer Manager completed[m
[36m[00:01:23.444889] [D] [SingleNodeWorker] [WorkerThread-0] [Task:1475999135] [SourceThread.cpp:230] [tryStop] SourceThread 2: attempting to stop source[m
[36m[00:01:23.444937] [D] [SingleNodeWorker] [WorkerThread-0] [Task:1475999135] [SourceThread.cpp:248] [tryStop] SourceThread 2: stopped[m
[32m[00:01:23.473921] [I] [SingleNodeWorker] [WorkerThread-1] [] [SequenceShredder.cpp:55] [~SequenceShredder] Successfully validated SequenceShredder[m
[32m[00:01:23.480998] [I] [SingleNodeWorker] [WorkerThread-0] [Task:1475999135-114] [VoidSink.cpp:42] [stop] Void Sink completed.[m
[36m[00:01:23.481190] [D] [SingleNodeWorker] [WorkerThread-0] [] [SourceThread.cpp:226] [tryStop] SourceThread 2: thread is not running[m
[36m[00:01:27.331737] [D] [Not A Worker] [unnamed] [queryId:1324122085] [BufferManager.cpp:110] [initialize] NES memory allocation requires 1 out of 540577120256 (so 1.8498748143954595e-10%) available bytes[m
[36m[00:01:27.331786] [D] [Not A Worker] [unnamed] [queryId:1324122085] [BufferManager.cpp:160] [initialize] BufferManager configuration bufferSize=1 numOfBuffers=1[m
[36m[00:01:27.331964] [D] [Not A Worker] [unnamed] [queryId:1324122085] [PipeliningPhase.cpp:365] [apply] Constructed pipeline plan with 1 root pipelines.
PipelinedQueryPlan for Query: 1324122085
Number of root pipelines: 1
------------------
Root Pipeline 0:
  Pipeline(ID(115), Provider(COMPILER))
  Operator chain:
    PhysicalOperator(NES::SourcePhysicalOperator)
  Successor Pipeline:
    Pipeline(ID(116), Provider(None))
      Operator chain:
        PhysicalOperator(NES::ScanPhysicalOperator)
          PhysicalOperator(NES::SelectionPhysicalOperator)
            PhysicalOperator(NES::MapPhysicalOperator)
              PhysicalOperator(NES::EmitPhysicalOperator)
      Successor Pipeline:
        Pipeline(ID(117), Provider(None))
          Operator chain:
            PhysicalOperator(NES::SinkPhysicalOperator)

[m
[36m[00:01:27.334659] [D] [Not A Worker] [unnamed] [] [SinkProvider.cpp:30] [lower] The sinkDescriptor is: SinkDescriptor: (name: variant("BID_AUCTION_ID_SINK"), type: Void, Config: )[m
[36m[00:01:27.341865] [D] [SingleNodeWorker] [WorkerThread-0] [Task:1324122085-117] [VoidSink.cpp:37] [start] Setting up void sink: VoidSink[m
[36m[00:01:27.394205] [D] [SingleNodeWorker] [WorkerThread-0] [] [SourceThread.cpp:184] [start] Starting source with originId: 2[m
[36m[00:01:27.401053] [D] [SingleNodeWorker] [WorkerThread-0] [Task:1324122085-116] [BufferManager.cpp:65] [~BufferManager] Calling BufferManager::destroy()[m
[36m[00:01:27.401081] [D] [SingleNodeWorker] [WorkerThread-0] [Task:1324122085-116] [BufferManager.cpp:93] [~BufferManager] Shutting down Buffer Manager completed[m
[36m[00:04:08.257866] [D] [SingleNodeWorker] [WorkerThread-0] [Task:1324122085-116] [InputFormatter.hpp:348] [indexTrailingSpanningTupleProxy] last offset: 262143, first offset: 26[m
[36m[00:05:34.704031] [D] [SingleNodeWorker] [WorkerThread-0] [Task:1324122085] [SourceThread.cpp:230] [tryStop] SourceThread 2: attempting to stop source[m
[36m[00:05:34.704094] [D] [SingleNodeWorker] [WorkerThread-0] [Task:1324122085] [SourceThread.cpp:248] [tryStop] SourceThread 2: stopped[m
[32m[00:05:34.732377] [I] [SingleNodeWorker] [WorkerThread-1] [] [SequenceShredder.cpp:55] [~SequenceShredder] Successfully validated SequenceShredder[m
[32m[00:05:34.740566] [I] [SingleNodeWorker] [WorkerThread-0] [Task:1324122085-117] [VoidSink.cpp:42] [stop] Void Sink completed.[m
[36m[00:05:34.740716] [D] [SingleNodeWorker] [WorkerThread-0] [] [SourceThread.cpp:226] [tryStop] SourceThread 2: thread is not running[m
[36m[00:05:38.360553] [D] [Not A Worker] [unnamed] [queryId:1016998090] [BufferManager.cpp:110] [initialize] NES memory allocation requires 1 out of 540577120256 (so 1.8498748143954595e-10%) available bytes[m
[36m[00:05:38.360612] [D] [Not A Worker] [unnamed] [queryId:1016998090] [BufferManager.cpp:160] [initialize] BufferManager configuration bufferSize=1 numOfBuffers=1[m
[36m[00:05:38.360862] [D] [Not A Worker] [unnamed] [queryId:1016998090] [PipeliningPhase.cpp:365] [apply] Constructed pipeline plan with 1 root pipelines.
PipelinedQueryPlan for Query: 1016998090
Number of root pipelines: 1
------------------
Root Pipeline 0:
  Pipeline(ID(118), Provider(COMPILER))
  Operator chain:
    PhysicalOperator(NES::SourcePhysicalOperator)
  Successor Pipeline:
    Pipeline(ID(119), Provider(None))
      Operator chain:
        PhysicalOperator(NES::ScanPhysicalOperator)
          PhysicalOperator(NES::SelectionPhysicalOperator)
            PhysicalOperator(NES::MapPhysicalOperator)
              PhysicalOperator(NES::EmitPhysicalOperator)
      Successor Pipeline:
        Pipeline(ID(120), Provider(None))
          Operator chain:
            PhysicalOperator(NES::SinkPhysicalOperator)

[m
[36m[00:05:38.364808] [D] [Not A Worker] [unnamed] [] [SinkProvider.cpp:30] [lower] The sinkDescriptor is: SinkDescriptor: (name: variant("BID_AUCTION_ID_SINK"), type: Void, Config: )[m
[36m[00:05:38.368510] [D] [SingleNodeWorker] [WorkerThread-0] [Task:1016998090-120] [VoidSink.cpp:37] [start] Setting up void sink: VoidSink[m
[36m[00:05:38.422635] [D] [SingleNodeWorker] [WorkerThread-0] [] [SourceThread.cpp:184] [start] Starting source with originId: 2[m
[36m[00:05:38.429844] [D] [SingleNodeWorker] [WorkerThread-0] [Task:1016998090-119] [BufferManager.cpp:65] [~BufferManager] Calling BufferManager::destroy()[m
[36m[00:05:38.429874] [D] [SingleNodeWorker] [WorkerThread-0] [Task:1016998090-119] [BufferManager.cpp:93] [~BufferManager] Shutting down Buffer Manager completed[m
[36m[00:08:51.125825] [D] [SingleNodeWorker] [WorkerThread-0] [Task:1016998090-119] [InputFormatter.hpp:348] [indexTrailingSpanningTupleProxy] last offset: 262143, first offset: 15[m
[36m[00:09:44.702298] [D] [SingleNodeWorker] [WorkerThread-0] [Task:1016998090] [SourceThread.cpp:230] [tryStop] SourceThread 2: attempting to stop source[m
[36m[00:09:44.702354] [D] [SingleNodeWorker] [WorkerThread-0] [Task:1016998090] [SourceThread.cpp:248] [tryStop] SourceThread 2: stopped[m
[32m[00:09:44.739562] [I] [SingleNodeWorker] [WorkerThread-0] [] [SequenceShredder.cpp:55] [~SequenceShredder] Successfully validated SequenceShredder[m
[32m[00:09:44.739682] [I] [SingleNodeWorker] [WorkerThread-1] [Task:1016998090-120] [VoidSink.cpp:42] [stop] Void Sink completed.[m
[36m[00:09:44.739916] [D] [SingleNodeWorker] [WorkerThread-1] [] [SourceThread.cpp:226] [tryStop] SourceThread 2: thread is not running[m
[36m[00:09:46.419588] [D] [Not A Worker] [unnamed] [queryId:1926438080] [BufferManager.cpp:110] [initialize] NES memory allocation requires 1 out of 540577120256 (so 1.8498748143954595e-10%) available bytes[m
[36m[00:09:46.419667] [D] [Not A Worker] [unnamed] [queryId:1926438080] [BufferManager.cpp:160] [initialize] BufferManager configuration bufferSize=1 numOfBuffers=1[m
[36m[00:09:46.420188] [D] [Not A Worker] [unnamed] [queryId:1926438080] [PipeliningPhase.cpp:365] [apply] Constructed pipeline plan with 1 root pipelines.
PipelinedQueryPlan for Query: 1926438080
Number of root pipelines: 1
------------------
Root Pipeline 0:
  Pipeline(ID(121), Provider(COMPILER))
  Operator chain:
    PhysicalOperator(NES::SourcePhysicalOperator)
  Successor Pipeline:
    Pipeline(ID(122), Provider(None))
      Operator chain:
        PhysicalOperator(NES::ScanPhysicalOperator)
          PhysicalOperator(NES::MapPhysicalOperator)
            PhysicalOperator(NES::EmitPhysicalOperator)
      Successor Pipeline:
        Pipeline(ID(123), Provider(None))
          Operator chain:
            PhysicalOperator(NES::SinkPhysicalOperator)

[m
[36m[00:09:46.423238] [D] [Not A Worker] [unnamed] [] [SinkProvider.cpp:30] [lower] The sinkDescriptor is: SinkDescriptor: (name: variant("NAME_SINK"), type: Void, Config: )[m
[36m[00:09:46.440475] [D] [SingleNodeWorker] [WorkerThread-1] [Task:1926438080-123] [VoidSink.cpp:37] [start] Setting up void sink: VoidSink[m
[36m[00:09:46.500459] [D] [SingleNodeWorker] [WorkerThread-1] [] [SourceThread.cpp:184] [start] Starting source with originId: 2[m
[36m[00:09:46.507511] [D] [SingleNodeWorker] [WorkerThread-1] [Task:1926438080-122] [BufferManager.cpp:65] [~BufferManager] Calling BufferManager::destroy()[m
[36m[00:09:46.507544] [D] [SingleNodeWorker] [WorkerThread-1] [Task:1926438080-122] [BufferManager.cpp:93] [~BufferManager] Shutting down Buffer Manager completed[m
[36m[00:09:57.686386] [D] [SingleNodeWorker] [WorkerThread-0] [Task:1926438080] [SourceThread.cpp:230] [tryStop] SourceThread 2: attempting to stop source[m
[36m[00:09:57.686437] [D] [SingleNodeWorker] [WorkerThread-0] [Task:1926438080] [SourceThread.cpp:248] [tryStop] SourceThread 2: stopped[m
[32m[00:09:57.722001] [I] [SingleNodeWorker] [WorkerThread-0] [] [SequenceShredder.cpp:55] [~SequenceShredder] Successfully validated SequenceShredder[m
[32m[00:09:57.722998] [I] [SingleNodeWorker] [WorkerThread-1] [Task:1926438080-123] [VoidSink.cpp:42] [stop] Void Sink completed.[m
[36m[00:09:57.723137] [D] [SingleNodeWorker] [WorkerThread-1] [] [SourceThread.cpp:226] [tryStop] SourceThread 2: thread is not running[m
[36m[00:09:59.904429] [D] [Not A Worker] [unnamed] [queryId:1024587904] [BufferManager.cpp:110] [initialize] NES memory allocation requires 1 out of 540577120256 (so 1.8498748143954595e-10%) available bytes[m
[36m[00:09:59.904479] [D] [Not A Worker] [unnamed] [queryId:1024587904] [BufferManager.cpp:160] [initialize] BufferManager configuration bufferSize=1 numOfBuffers=1[m
[36m[00:09:59.904811] [D] [Not A Worker] [unnamed] [queryId:1024587904] [PipeliningPhase.cpp:365] [apply] Constructed pipeline plan with 1 root pipelines.
PipelinedQueryPlan for Query: 1024587904
Number of root pipelines: 1
------------------
Root Pipeline 0:
  Pipeline(ID(124), Provider(COMPILER))
  Operator chain:
    PhysicalOperator(NES::SourcePhysicalOperator)
  Successor Pipeline:
    Pipeline(ID(125), Provider(None))
      Operator chain:
        PhysicalOperator(NES::ScanPhysicalOperator)
          PhysicalOperator(NES::MapPhysicalOperator)
            PhysicalOperator(NES::EmitPhysicalOperator)
      Successor Pipeline:
        Pipeline(ID(126), Provider(None))
          Operator chain:
            PhysicalOperator(NES::SinkPhysicalOperator)

[m
[36m[00:09:59.908080] [D] [Not A Worker] [unnamed] [] [SinkProvider.cpp:30] [lower] The sinkDescriptor is: SinkDescriptor: (name: variant("NAME_SINK"), type: Void, Config: )[m
[36m[00:09:59.915276] [D] [SingleNodeWorker] [WorkerThread-1] [Task:1024587904-126] [VoidSink.cpp:37] [start] Setting up void sink: VoidSink[m
[36m[00:09:59.974137] [D] [SingleNodeWorker] [WorkerThread-1] [] [SourceThread.cpp:184] [start] Starting source with originId: 2[m
[36m[00:09:59.975681] [D] [SingleNodeWorker] [WorkerThread-1] [Task:1024587904-125] [BufferManager.cpp:65] [~BufferManager] Calling BufferManager::destroy()[m
[36m[00:09:59.975705] [D] [SingleNodeWorker] [WorkerThread-1] [Task:1024587904-125] [BufferManager.cpp:93] [~BufferManager] Shutting down Buffer Manager completed[m
[36m[00:10:11.157358] [D] [SingleNodeWorker] [WorkerThread-1] [Task:1024587904] [SourceThread.cpp:230] [tryStop] SourceThread 2: attempting to stop source[m
[36m[00:10:11.157403] [D] [SingleNodeWorker] [WorkerThread-1] [Task:1024587904] [SourceThread.cpp:248] [tryStop] SourceThread 2: stopped[m
[32m[00:10:11.194934] [I] [SingleNodeWorker] [WorkerThread-0] [] [SequenceShredder.cpp:55] [~SequenceShredder] Successfully validated SequenceShredder[m
[32m[00:10:11.208335] [I] [SingleNodeWorker] [WorkerThread-0] [Task:1024587904-126] [VoidSink.cpp:42] [stop] Void Sink completed.[m
[36m[00:10:11.208417] [D] [SingleNodeWorker] [WorkerThread-0] [] [SourceThread.cpp:226] [tryStop] SourceThread 2: thread is not running[m
[36m[00:10:13.553717] [D] [Not A Worker] [unnamed] [queryId:585931470] [BufferManager.cpp:110] [initialize] NES memory allocation requires 1 out of 540577120256 (so 1.8498748143954595e-10%) available bytes[m
[36m[00:10:13.553773] [D] [Not A Worker] [unnamed] [queryId:585931470] [BufferManager.cpp:160] [initialize] BufferManager configuration bufferSize=1 numOfBuffers=1[m
[36m[00:10:13.554161] [D] [Not A Worker] [unnamed] [queryId:585931470] [PipeliningPhase.cpp:365] [apply] Constructed pipeline plan with 1 root pipelines.
PipelinedQueryPlan for Query: 585931470
Number of root pipelines: 1
------------------
Root Pipeline 0:
  Pipeline(ID(127), Provider(COMPILER))
  Operator chain:
    PhysicalOperator(NES::SourcePhysicalOperator)
  Successor Pipeline:
    Pipeline(ID(128), Provider(None))
      Operator chain:
        PhysicalOperator(NES::ScanPhysicalOperator)
          PhysicalOperator(NES::MapPhysicalOperator)
            PhysicalOperator(NES::EmitPhysicalOperator)
      Successor Pipeline:
        Pipeline(ID(129), Provider(None))
          Operator chain:
            PhysicalOperator(NES::SinkPhysicalOperator)

[m
[36m[00:10:13.557074] [D] [Not A Worker] [unnamed] [] [SinkProvider.cpp:30] [lower] The sinkDescriptor is: SinkDescriptor: (name: variant("NAME_SINK"), type: Void, Config: )[m
[36m[00:10:13.557330] [D] [SingleNodeWorker] [WorkerThread-1] [Task:585931470-129] [VoidSink.cpp:37] [start] Setting up void sink: VoidSink[m
[36m[00:10:13.613527] [D] [SingleNodeWorker] [WorkerThread-1] [] [SourceThread.cpp:184] [start] Starting source with originId: 2[m
[36m[00:10:13.615322] [D] [SingleNodeWorker] [WorkerThread-1] [Task:585931470-128] [BufferManager.cpp:65] [~BufferManager] Calling BufferManager::destroy()[m
[36m[00:10:13.615347] [D] [SingleNodeWorker] [WorkerThread-1] [Task:585931470-128] [BufferManager.cpp:93] [~BufferManager] Shutting down Buffer Manager completed[m
[36m[00:10:24.758929] [D] [SingleNodeWorker] [WorkerThread-0] [Task:585931470] [SourceThread.cpp:230] [tryStop] SourceThread 2: attempting to stop source[m
[36m[00:10:24.758983] [D] [SingleNodeWorker] [WorkerThread-0] [Task:585931470] [SourceThread.cpp:248] [tryStop] SourceThread 2: stopped[m
[32m[00:10:24.795210] [I] [SingleNodeWorker] [WorkerThread-0] [] [SequenceShredder.cpp:55] [~SequenceShredder] Successfully validated SequenceShredder[m
[32m[00:10:24.795810] [I] [SingleNodeWorker] [WorkerThread-1] [Task:585931470-129] [VoidSink.cpp:42] [stop] Void Sink completed.[m
[36m[00:10:24.795947] [D] [SingleNodeWorker] [WorkerThread-1] [] [SourceThread.cpp:226] [tryStop] SourceThread 2: thread is not running[m
[36m[00:10:27.036278] [D] [Not A Worker] [unnamed] [queryId:1099454841] [BufferManager.cpp:110] [initialize] NES memory allocation requires 1 out of 540577120256 (so 1.8498748143954595e-10%) available bytes[m
[36m[00:10:27.036334] [D] [Not A Worker] [unnamed] [queryId:1099454841] [BufferManager.cpp:160] [initialize] BufferManager configuration bufferSize=1 numOfBuffers=1[m
[36m[00:10:27.036761] [D] [Not A Worker] [unnamed] [queryId:1099454841] [PipeliningPhase.cpp:365] [apply] Constructed pipeline plan with 1 root pipelines.
PipelinedQueryPlan for Query: 1099454841
Number of root pipelines: 1
------------------
Root Pipeline 0:
  Pipeline(ID(130), Provider(COMPILER))
  Operator chain:
    PhysicalOperator(NES::SourcePhysicalOperator)
  Successor Pipeline:
    Pipeline(ID(131), Provider(None))
      Operator chain:
        PhysicalOperator(NES::ScanPhysicalOperator)
          PhysicalOperator(NES::MapPhysicalOperator)
            PhysicalOperator(NES::EmitPhysicalOperator)
      Successor Pipeline:
        Pipeline(ID(132), Provider(None))
          Operator chain:
            PhysicalOperator(NES::SinkPhysicalOperator)

[m
[36m[00:10:27.039477] [D] [Not A Worker] [unnamed] [] [SinkProvider.cpp:30] [lower] The sinkDescriptor is: SinkDescriptor: (name: variant("NAME_SINK"), type: Void, Config: )[m
[36m[00:10:27.040777] [D] [SingleNodeWorker] [WorkerThread-1] [Task:1099454841-132] [VoidSink.cpp:37] [start] Setting up void sink: VoidSink[m
[36m[00:10:27.098647] [D] [SingleNodeWorker] [WorkerThread-1] [] [SourceThread.cpp:184] [start] Starting source with originId: 2[m
[36m[00:10:27.100497] [D] [SingleNodeWorker] [WorkerThread-0] [Task:1099454841-131] [BufferManager.cpp:65] [~BufferManager] Calling BufferManager::destroy()[m
[36m[00:10:27.100599] [D] [SingleNodeWorker] [WorkerThread-0] [Task:1099454841-131] [BufferManager.cpp:93] [~BufferManager] Shutting down Buffer Manager completed[m
[36m[00:10:34.606779] [D] [SingleNodeWorker] [WorkerThread-0] [Task:1099454841-131] [InputFormatter.hpp:348] [indexTrailingSpanningTupleProxy] last offset: 262143, first offset: 154[m
[36m[00:10:38.309407] [D] [SingleNodeWorker] [WorkerThread-0] [Task:1099454841] [SourceThread.cpp:230] [tryStop] SourceThread 2: attempting to stop source[m
[36m[00:10:38.309458] [D] [SingleNodeWorker] [WorkerThread-0] [Task:1099454841] [SourceThread.cpp:248] [tryStop] SourceThread 2: stopped[m
[32m[00:10:38.336324] [I] [SingleNodeWorker] [WorkerThread-1] [] [SequenceShredder.cpp:55] [~SequenceShredder] Successfully validated SequenceShredder[m
[32m[00:10:38.346223] [I] [SingleNodeWorker] [WorkerThread-0] [Task:1099454841-132] [VoidSink.cpp:42] [stop] Void Sink completed.[m
[36m[00:10:38.346358] [D] [SingleNodeWorker] [WorkerThread-0] [] [SourceThread.cpp:226] [tryStop] SourceThread 2: thread is not running[m
[36m[00:10:40.557959] [D] [Not A Worker] [unnamed] [queryId:1192587474] [BufferManager.cpp:110] [initialize] NES memory allocation requires 1 out of 540577120256 (so 1.8498748143954595e-10%) available bytes[m
[36m[00:10:40.558011] [D] [Not A Worker] [unnamed] [queryId:1192587474] [BufferManager.cpp:160] [initialize] BufferManager configuration bufferSize=1 numOfBuffers=1[m
[36m[00:10:40.558334] [D] [Not A Worker] [unnamed] [queryId:1192587474] [PipeliningPhase.cpp:365] [apply] Constructed pipeline plan with 1 root pipelines.
PipelinedQueryPlan for Query: 1192587474
Number of root pipelines: 1
------------------
Root Pipeline 0:
  Pipeline(ID(133), Provider(COMPILER))
  Operator chain:
    PhysicalOperator(NES::SourcePhysicalOperator)
  Successor Pipeline:
    Pipeline(ID(134), Provider(None))
      Operator chain:
        PhysicalOperator(NES::ScanPhysicalOperator)
          PhysicalOperator(NES::MapPhysicalOperator)
            PhysicalOperator(NES::EmitPhysicalOperator)
      Successor Pipeline:
        Pipeline(ID(135), Provider(None))
          Operator chain:
            PhysicalOperator(NES::SinkPhysicalOperator)

[m
[36m[00:10:40.561778] [D] [Not A Worker] [unnamed] [] [SinkProvider.cpp:30] [lower] The sinkDescriptor is: SinkDescriptor: (name: variant("NAME_SINK"), type: Void, Config: )[m
[36m[00:10:40.564520] [D] [SingleNodeWorker] [WorkerThread-0] [Task:1192587474-135] [VoidSink.cpp:37] [start] Setting up void sink: VoidSink[m
[36m[00:10:40.625008] [D] [SingleNodeWorker] [WorkerThread-0] [] [SourceThread.cpp:184] [start] Starting source with originId: 2[m
[36m[00:10:40.626560] [D] [SingleNodeWorker] [WorkerThread-0] [Task:1192587474-134] [BufferManager.cpp:65] [~BufferManager] Calling BufferManager::destroy()[m
[36m[00:10:40.626585] [D] [SingleNodeWorker] [WorkerThread-0] [Task:1192587474-134] [BufferManager.cpp:93] [~BufferManager] Shutting down Buffer Manager completed[m
[36m[00:10:51.848977] [D] [SingleNodeWorker] [WorkerThread-0] [Task:1192587474] [SourceThread.cpp:230] [tryStop] SourceThread 2: attempting to stop source[m
[36m[00:10:51.849026] [D] [SingleNodeWorker] [WorkerThread-0] [Task:1192587474] [SourceThread.cpp:248] [tryStop] SourceThread 2: stopped[m
[32m[00:10:51.875748] [I] [SingleNodeWorker] [WorkerThread-1] [] [SequenceShredder.cpp:55] [~SequenceShredder] Successfully validated SequenceShredder[m
[32m[00:10:51.886532] [I] [SingleNodeWorker] [WorkerThread-0] [Task:1192587474-135] [VoidSink.cpp:42] [stop] Void Sink completed.[m
[36m[00:10:51.886661] [D] [SingleNodeWorker] [WorkerThread-0] [] [SourceThread.cpp:226] [tryStop] SourceThread 2: thread is not running[m
[36m[00:10:54.263809] [D] [Not A Worker] [unnamed] [queryId:1742689192] [BufferManager.cpp:110] [initialize] NES memory allocation requires 1 out of 540577120256 (so 1.8498748143954595e-10%) available bytes[m
[36m[00:10:54.263862] [D] [Not A Worker] [unnamed] [queryId:1742689192] [BufferManager.cpp:160] [initialize] BufferManager configuration bufferSize=1 numOfBuffers=1[m
[36m[00:10:54.264187] [D] [Not A Worker] [unnamed] [queryId:1742689192] [PipeliningPhase.cpp:365] [apply] Constructed pipeline plan with 1 root pipelines.
PipelinedQueryPlan for Query: 1742689192
Number of root pipelines: 1
------------------
Root Pipeline 0:
  Pipeline(ID(136), Provider(COMPILER))
  Operator chain:
    PhysicalOperator(NES::SourcePhysicalOperator)
  Successor Pipeline:
    Pipeline(ID(137), Provider(None))
      Operator chain:
        PhysicalOperator(NES::ScanPhysicalOperator)
          PhysicalOperator(NES::MapPhysicalOperator)
            PhysicalOperator(NES::EmitPhysicalOperator)
      Successor Pipeline:
        Pipeline(ID(138), Provider(None))
          Operator chain:
            PhysicalOperator(NES::SinkPhysicalOperator)

[m
[36m[00:10:54.267447] [D] [Not A Worker] [unnamed] [] [SinkProvider.cpp:30] [lower] The sinkDescriptor is: SinkDescriptor: (name: variant("NAME_SINK"), type: Void, Config: )[m
[36m[00:10:54.272802] [D] [SingleNodeWorker] [WorkerThread-1] [Task:1742689192-138] [VoidSink.cpp:37] [start] Setting up void sink: VoidSink[m
[36m[00:10:54.330127] [D] [SingleNodeWorker] [WorkerThread-1] [] [SourceThread.cpp:184] [start] Starting source with originId: 2[m
[36m[00:10:54.331636] [D] [SingleNodeWorker] [WorkerThread-1] [Task:1742689192-137] [BufferManager.cpp:65] [~BufferManager] Calling BufferManager::destroy()[m
[36m[00:10:54.331659] [D] [SingleNodeWorker] [WorkerThread-1] [Task:1742689192-137] [BufferManager.cpp:93] [~BufferManager] Shutting down Buffer Manager completed[m
[36m[00:11:05.466573] [D] [SingleNodeWorker] [WorkerThread-0] [Task:1742689192] [SourceThread.cpp:230] [tryStop] SourceThread 2: attempting to stop source[m
[36m[00:11:05.466623] [D] [SingleNodeWorker] [WorkerThread-0] [Task:1742689192] [SourceThread.cpp:248] [tryStop] SourceThread 2: stopped[m
[32m[00:11:05.503825] [I] [SingleNodeWorker] [WorkerThread-1] [] [SequenceShredder.cpp:55] [~SequenceShredder] Successfully validated SequenceShredder[m
[32m[00:11:05.515397] [I] [SingleNodeWorker] [WorkerThread-1] [Task:1742689192-138] [VoidSink.cpp:42] [stop] Void Sink completed.[m
[36m[00:11:05.515481] [D] [SingleNodeWorker] [WorkerThread-1] [] [SourceThread.cpp:226] [tryStop] SourceThread 2: thread is not running[m
[36m[00:11:07.712134] [D] [Not A Worker] [unnamed] [queryId:425349303] [BufferManager.cpp:110] [initialize] NES memory allocation requires 1 out of 540577120256 (so 1.8498748143954595e-10%) available bytes[m
[36m[00:11:07.712213] [D] [Not A Worker] [unnamed] [queryId:425349303] [BufferManager.cpp:160] [initialize] BufferManager configuration bufferSize=1 numOfBuffers=1[m
[36m[00:11:07.712558] [D] [Not A Worker] [unnamed] [queryId:425349303] [PipeliningPhase.cpp:365] [apply] Constructed pipeline plan with 1 root pipelines.
PipelinedQueryPlan for Query: 425349303
Number of root pipelines: 1
------------------
Root Pipeline 0:
  Pipeline(ID(139), Provider(COMPILER))
  Operator chain:
    PhysicalOperator(NES::SourcePhysicalOperator)
  Successor Pipeline:
    Pipeline(ID(140), Provider(None))
      Operator chain:
        PhysicalOperator(NES::ScanPhysicalOperator)
          PhysicalOperator(NES::MapPhysicalOperator)
            PhysicalOperator(NES::EmitPhysicalOperator)
      Successor Pipeline:
        Pipeline(ID(141), Provider(None))
          Operator chain:
            PhysicalOperator(NES::SinkPhysicalOperator)

[m
[36m[00:11:07.715204] [D] [Not A Worker] [unnamed] [] [SinkProvider.cpp:30] [lower] The sinkDescriptor is: SinkDescriptor: (name: variant("NAME_SINK"), type: Void, Config: )[m
[36m[00:11:07.719987] [D] [SingleNodeWorker] [WorkerThread-0] [Task:425349303-141] [VoidSink.cpp:37] [start] Setting up void sink: VoidSink[m
[36m[00:11:07.779911] [D] [SingleNodeWorker] [WorkerThread-0] [] [SourceThread.cpp:184] [start] Starting source with originId: 2[m
[36m[00:11:07.781472] [D] [SingleNodeWorker] [WorkerThread-0] [Task:425349303-140] [BufferManager.cpp:65] [~BufferManager] Calling BufferManager::destroy()[m
[36m[00:11:07.781495] [D] [SingleNodeWorker] [WorkerThread-0] [Task:425349303-140] [BufferManager.cpp:93] [~BufferManager] Shutting down Buffer Manager completed[m
[36m[00:11:19.031309] [D] [SingleNodeWorker] [WorkerThread-1] [Task:425349303] [SourceThread.cpp:230] [tryStop] SourceThread 2: attempting to stop source[m
[36m[00:11:19.031353] [D] [SingleNodeWorker] [WorkerThread-1] [Task:425349303] [SourceThread.cpp:248] [tryStop] SourceThread 2: stopped[m
[32m[00:11:19.058521] [I] [SingleNodeWorker] [WorkerThread-0] [] [SequenceShredder.cpp:55] [~SequenceShredder] Successfully validated SequenceShredder[m
[32m[00:11:19.067431] [I] [SingleNodeWorker] [WorkerThread-1] [Task:425349303-141] [VoidSink.cpp:42] [stop] Void Sink completed.[m
[36m[00:11:19.067558] [D] [SingleNodeWorker] [WorkerThread-1] [] [SourceThread.cpp:226] [tryStop] SourceThread 2: thread is not running[m
[36m[00:11:21.464841] [D] [Not A Worker] [unnamed] [queryId:134160549] [BufferManager.cpp:110] [initialize] NES memory allocation requires 1 out of 540577120256 (so 1.8498748143954595e-10%) available bytes[m
[36m[00:11:21.464905] [D] [Not A Worker] [unnamed] [queryId:134160549] [BufferManager.cpp:160] [initialize] BufferManager configuration bufferSize=1 numOfBuffers=1[m
[36m[00:11:21.465291] [D] [Not A Worker] [unnamed] [queryId:134160549] [PipeliningPhase.cpp:365] [apply] Constructed pipeline plan with 1 root pipelines.
PipelinedQueryPlan for Query: 134160549
Number of root pipelines: 1
------------------
Root Pipeline 0:
  Pipeline(ID(142), Provider(COMPILER))
  Operator chain:
    PhysicalOperator(NES::SourcePhysicalOperator)
  Successor Pipeline:
    Pipeline(ID(143), Provider(None))
      Operator chain:
        PhysicalOperator(NES::ScanPhysicalOperator)
          PhysicalOperator(NES::MapPhysicalOperator)
            PhysicalOperator(NES::EmitPhysicalOperator)
      Successor Pipeline:
        Pipeline(ID(144), Provider(None))
          Operator chain:
            PhysicalOperator(NES::SinkPhysicalOperator)

[m
[36m[00:11:21.468676] [D] [Not A Worker] [unnamed] [] [SinkProvider.cpp:30] [lower] The sinkDescriptor is: SinkDescriptor: (name: variant("NAME_SINK"), type: Void, Config: )[m
[36m[00:11:21.471720] [D] [SingleNodeWorker] [WorkerThread-0] [Task:134160549-144] [VoidSink.cpp:37] [start] Setting up void sink: VoidSink[m
[36m[00:11:21.530014] [D] [SingleNodeWorker] [WorkerThread-0] [] [SourceThread.cpp:184] [start] Starting source with originId: 2[m
[36m[00:11:21.531570] [D] [SingleNodeWorker] [WorkerThread-0] [Task:134160549-143] [BufferManager.cpp:65] [~BufferManager] Calling BufferManager::destroy()[m
[36m[00:11:21.531597] [D] [SingleNodeWorker] [WorkerThread-0] [Task:134160549-143] [BufferManager.cpp:93] [~BufferManager] Shutting down Buffer Manager completed[m
[36m[00:11:32.843890] [D] [SingleNodeWorker] [WorkerThread-1] [Task:134160549] [SourceThread.cpp:230] [tryStop] SourceThread 2: attempting to stop source[m
[36m[00:11:32.843959] [D] [SingleNodeWorker] [WorkerThread-1] [Task:134160549] [SourceThread.cpp:248] [tryStop] SourceThread 2: stopped[m
[32m[00:11:32.872784] [I] [SingleNodeWorker] [WorkerThread-0] [] [SequenceShredder.cpp:55] [~SequenceShredder] Successfully validated SequenceShredder[m
[32m[00:11:32.880602] [I] [SingleNodeWorker] [WorkerThread-1] [Task:134160549-144] [VoidSink.cpp:42] [stop] Void Sink completed.[m
[36m[00:11:32.880742] [D] [SingleNodeWorker] [WorkerThread-1] [] [SourceThread.cpp:226] [tryStop] SourceThread 2: thread is not running[m
[36m[00:11:35.073253] [D] [Not A Worker] [unnamed] [queryId:1167350459] [BufferManager.cpp:110] [initialize] NES memory allocation requires 1 out of 540577120256 (so 1.8498748143954595e-10%) available bytes[m
[36m[00:11:35.073302] [D] [Not A Worker] [unnamed] [queryId:1167350459] [BufferManager.cpp:160] [initialize] BufferManager configuration bufferSize=1 numOfBuffers=1[m
[36m[00:11:35.073668] [D] [Not A Worker] [unnamed] [queryId:1167350459] [PipeliningPhase.cpp:365] [apply] Constructed pipeline plan with 1 root pipelines.
PipelinedQueryPlan for Query: 1167350459
Number of root pipelines: 1
------------------
Root Pipeline 0:
  Pipeline(ID(145), Provider(COMPILER))
  Operator chain:
    PhysicalOperator(NES::SourcePhysicalOperator)
  Successor Pipeline:
    Pipeline(ID(146), Provider(None))
      Operator chain:
        PhysicalOperator(NES::ScanPhysicalOperator)
          PhysicalOperator(NES::MapPhysicalOperator)
            PhysicalOperator(NES::EmitPhysicalOperator)
      Successor Pipeline:
        Pipeline(ID(147), Provider(None))
          Operator chain:
            PhysicalOperator(NES::SinkPhysicalOperator)

[m
[36m[00:11:35.076981] [D] [Not A Worker] [unnamed] [] [SinkProvider.cpp:30] [lower] The sinkDescriptor is: SinkDescriptor: (name: variant("NAME_SINK"), type: Void, Config: )[m
[36m[00:11:35.078762] [D] [SingleNodeWorker] [WorkerThread-0] [Task:1167350459-147] [VoidSink.cpp:37] [start] Setting up void sink: VoidSink[m
[36m[00:11:35.139005] [D] [SingleNodeWorker] [WorkerThread-0] [] [SourceThread.cpp:184] [start] Starting source with originId: 2[m
[36m[00:11:35.140605] [D] [SingleNodeWorker] [WorkerThread-0] [Task:1167350459-146] [BufferManager.cpp:65] [~BufferManager] Calling BufferManager::destroy()[m
[36m[00:11:35.140629] [D] [SingleNodeWorker] [WorkerThread-0] [Task:1167350459-146] [BufferManager.cpp:93] [~BufferManager] Shutting down Buffer Manager completed[m
[36m[00:11:46.358409] [D] [SingleNodeWorker] [WorkerThread-0] [Task:1167350459] [SourceThread.cpp:230] [tryStop] SourceThread 2: attempting to stop source[m
[36m[00:11:46.358457] [D] [SingleNodeWorker] [WorkerThread-0] [Task:1167350459] [SourceThread.cpp:248] [tryStop] SourceThread 2: stopped[m
[32m[00:11:46.385923] [I] [SingleNodeWorker] [WorkerThread-1] [] [SequenceShredder.cpp:55] [~SequenceShredder] Successfully validated SequenceShredder[m
[32m[00:11:46.394454] [I] [SingleNodeWorker] [WorkerThread-0] [Task:1167350459-147] [VoidSink.cpp:42] [stop] Void Sink completed.[m
[36m[00:11:46.394588] [D] [SingleNodeWorker] [WorkerThread-0] [] [SourceThread.cpp:226] [tryStop] SourceThread 2: thread is not running[m
[36m[00:11:48.626290] [D] [Not A Worker] [unnamed] [queryId:1600305071] [BufferManager.cpp:110] [initialize] NES memory allocation requires 1 out of 540577120256 (so 1.8498748143954595e-10%) available bytes[m
[36m[00:11:48.626338] [D] [Not A Worker] [unnamed] [queryId:1600305071] [BufferManager.cpp:160] [initialize] BufferManager configuration bufferSize=1 numOfBuffers=1[m
[36m[00:11:48.626719] [D] [Not A Worker] [unnamed] [queryId:1600305071] [PipeliningPhase.cpp:365] [apply] Constructed pipeline plan with 1 root pipelines.
PipelinedQueryPlan for Query: 1600305071
Number of root pipelines: 1
------------------
Root Pipeline 0:
  Pipeline(ID(148), Provider(COMPILER))
  Operator chain:
    PhysicalOperator(NES::SourcePhysicalOperator)
  Successor Pipeline:
    Pipeline(ID(149), Provider(None))
      Operator chain:
        PhysicalOperator(NES::ScanPhysicalOperator)
          PhysicalOperator(NES::MapPhysicalOperator)
            PhysicalOperator(NES::EmitPhysicalOperator)
      Successor Pipeline:
        Pipeline(ID(150), Provider(None))
          Operator chain:
            PhysicalOperator(NES::SinkPhysicalOperator)

[m
[36m[00:11:48.630013] [D] [Not A Worker] [unnamed] [] [SinkProvider.cpp:30] [lower] The sinkDescriptor is: SinkDescriptor: (name: variant("NAME_SINK"), type: Void, Config: )[m
[36m[00:11:48.636200] [D] [SingleNodeWorker] [WorkerThread-1] [Task:1600305071-150] [VoidSink.cpp:37] [start] Setting up void sink: VoidSink[m
[36m[00:11:48.694166] [D] [SingleNodeWorker] [WorkerThread-1] [] [SourceThread.cpp:184] [start] Starting source with originId: 2[m
[36m[00:11:48.695725] [D] [SingleNodeWorker] [WorkerThread-1] [Task:1600305071-149] [BufferManager.cpp:65] [~BufferManager] Calling BufferManager::destroy()[m
[36m[00:11:48.695750] [D] [SingleNodeWorker] [WorkerThread-1] [Task:1600305071-149] [BufferManager.cpp:93] [~BufferManager] Shutting down Buffer Manager completed[m
[36m[00:11:59.860199] [D] [SingleNodeWorker] [WorkerThread-1] [Task:1600305071] [SourceThread.cpp:230] [tryStop] SourceThread 2: attempting to stop source[m
[36m[00:11:59.860240] [D] [SingleNodeWorker] [WorkerThread-1] [Task:1600305071] [SourceThread.cpp:248] [tryStop] SourceThread 2: stopped[m
[32m[00:11:59.888710] [I] [SingleNodeWorker] [WorkerThread-0] [] [SequenceShredder.cpp:55] [~SequenceShredder] Successfully validated SequenceShredder[m
[32m[00:11:59.896580] [I] [SingleNodeWorker] [WorkerThread-1] [Task:1600305071-150] [VoidSink.cpp:42] [stop] Void Sink completed.[m
[36m[00:11:59.896704] [D] [SingleNodeWorker] [WorkerThread-1] [] [SourceThread.cpp:226] [tryStop] SourceThread 2: thread is not running[m
[33m[1m[00:12:02.258400] [W] [Not A Worker] [unnamed] [queryId:1695792384] [SinkDescriptor.cpp:63] [getFormatType] Sinks of the type Void do not have an INPUT_FORMAT parameter.[m
[36m[00:12:02.258499] [D] [Not A Worker] [unnamed] [queryId:1695792384] [BufferManager.cpp:110] [initialize] NES memory allocation requires 1 out of 540577120256 (so 1.8498748143954595e-10%) available bytes[m
[36m[00:12:02.258517] [D] [Not A Worker] [unnamed] [queryId:1695792384] [BufferManager.cpp:160] [initialize] BufferManager configuration bufferSize=1 numOfBuffers=1[m
[36m[00:12:02.258688] [D] [Not A Worker] [unnamed] [queryId:1695792384] [PipeliningPhase.cpp:365] [apply] Constructed pipeline plan with 1 root pipelines.
PipelinedQueryPlan for Query: 1695792384
Number of root pipelines: 1
------------------
Root Pipeline 0:
  Pipeline(ID(151), Provider(COMPILER))
  Operator chain:
    PhysicalOperator(NES::SourcePhysicalOperator)
  Successor Pipeline:
    Pipeline(ID(152), Provider(None))
      Operator chain:
        PhysicalOperator(NES::ScanPhysicalOperator)
          PhysicalOperator(NES::EmitPhysicalOperator)
      Successor Pipeline:
        Pipeline(ID(153), Provider(None))
          Operator chain:
            PhysicalOperator(NES::SinkPhysicalOperator)

[m
[36m[00:12:02.261993] [D] [Not A Worker] [unnamed] [] [SinkProvider.cpp:30] [lower] The sinkDescriptor is: SinkDescriptor: (name: variant("PERSON_SINK"), type: Void, Config: )[m
[36m[00:12:02.274164] [D] [SingleNodeWorker] [WorkerThread-1] [Task:1695792384-153] [VoidSink.cpp:37] [start] Setting up void sink: VoidSink[m
[36m[00:12:02.347178] [D] [SingleNodeWorker] [WorkerThread-1] [] [SourceThread.cpp:184] [start] Starting source with originId: 2[m
[36m[00:12:02.348704] [D] [SingleNodeWorker] [WorkerThread-1] [Task:1695792384-152] [BufferManager.cpp:65] [~BufferManager] Calling BufferManager::destroy()[m
[36m[00:12:02.348729] [D] [SingleNodeWorker] [WorkerThread-1] [Task:1695792384-152] [BufferManager.cpp:93] [~BufferManager] Shutting down Buffer Manager completed[m
[36m[00:12:17.363730] [D] [SingleNodeWorker] [WorkerThread-1] [Task:1695792384] [SourceThread.cpp:230] [tryStop] SourceThread 2: attempting to stop source[m
[36m[00:12:17.363789] [D] [SingleNodeWorker] [WorkerThread-1] [Task:1695792384] [SourceThread.cpp:248] [tryStop] SourceThread 2: stopped[m
[32m[00:12:17.389841] [I] [SingleNodeWorker] [WorkerThread-1] [] [SequenceShredder.cpp:55] [~SequenceShredder] Successfully validated SequenceShredder[m
[32m[00:12:17.399143] [I] [SingleNodeWorker] [WorkerThread-0] [Task:1695792384-153] [VoidSink.cpp:42] [stop] Void Sink completed.[m
[36m[00:12:17.399277] [D] [SingleNodeWorker] [WorkerThread-0] [] [SourceThread.cpp:226] [tryStop] SourceThread 2: thread is not running[m
[33m[1m[00:12:18.781078] [W] [Not A Worker] [unnamed] [queryId:69220563] [SinkDescriptor.cpp:63] [getFormatType] Sinks of the type Void do not have an INPUT_FORMAT parameter.[m
[36m[00:12:18.781204] [D] [Not A Worker] [unnamed] [queryId:69220563] [BufferManager.cpp:110] [initialize] NES memory allocation requires 1 out of 540577120256 (so 1.8498748143954595e-10%) available bytes[m
[36m[00:12:18.781224] [D] [Not A Worker] [unnamed] [queryId:69220563] [BufferManager.cpp:160] [initialize] BufferManager configuration bufferSize=1 numOfBuffers=1[m
[36m[00:12:18.781406] [D] [Not A Worker] [unnamed] [queryId:69220563] [PipeliningPhase.cpp:365] [apply] Constructed pipeline plan with 1 root pipelines.
PipelinedQueryPlan for Query: 69220563
Number of root pipelines: 1
------------------
Root Pipeline 0:
  Pipeline(ID(154), Provider(COMPILER))
  Operator chain:
    PhysicalOperator(NES::SourcePhysicalOperator)
  Successor Pipeline:
    Pipeline(ID(155), Provider(None))
      Operator chain:
        PhysicalOperator(NES::ScanPhysicalOperator)
          PhysicalOperator(NES::EmitPhysicalOperator)
      Successor Pipeline:
        Pipeline(ID(156), Provider(None))
          Operator chain:
            PhysicalOperator(NES::SinkPhysicalOperator)

[m
[36m[00:12:18.784694] [D] [Not A Worker] [unnamed] [] [SinkProvider.cpp:30] [lower] The sinkDescriptor is: SinkDescriptor: (name: variant("PERSON_SINK"), type: Void, Config: )[m
[36m[00:12:18.812558] [D] [SingleNodeWorker] [WorkerThread-1] [Task:69220563-156] [VoidSink.cpp:37] [start] Setting up void sink: VoidSink[m
[36m[00:12:18.880490] [D] [SingleNodeWorker] [WorkerThread-1] [] [SourceThread.cpp:184] [start] Starting source with originId: 2[m
[36m[00:12:18.882044] [D] [SingleNodeWorker] [WorkerThread-1] [Task:69220563-155] [BufferManager.cpp:65] [~BufferManager] Calling BufferManager::destroy()[m
[36m[00:12:18.882070] [D] [SingleNodeWorker] [WorkerThread-1] [Task:69220563-155] [BufferManager.cpp:93] [~BufferManager] Shutting down Buffer Manager completed[m
[36m[00:12:34.037214] [D] [SingleNodeWorker] [WorkerThread-0] [Task:69220563] [SourceThread.cpp:230] [tryStop] SourceThread 2: attempting to stop source[m
[36m[00:12:34.037261] [D] [SingleNodeWorker] [WorkerThread-0] [Task:69220563] [SourceThread.cpp:248] [tryStop] SourceThread 2: stopped[m
[32m[00:12:34.064655] [I] [SingleNodeWorker] [WorkerThread-1] [] [SequenceShredder.cpp:55] [~SequenceShredder] Successfully validated SequenceShredder[m
[32m[00:12:34.072396] [I] [SingleNodeWorker] [WorkerThread-0] [Task:69220563-156] [VoidSink.cpp:42] [stop] Void Sink completed.[m
[36m[00:12:34.072506] [D] [SingleNodeWorker] [WorkerThread-0] [] [SourceThread.cpp:226] [tryStop] SourceThread 2: thread is not running[m
[33m[1m[00:12:38.146534] [W] [Not A Worker] [unnamed] [queryId:470335600] [SinkDescriptor.cpp:63] [getFormatType] Sinks of the type Void do not have an INPUT_FORMAT parameter.[m
[36m[00:12:38.146641] [D] [Not A Worker] [unnamed] [queryId:470335600] [BufferManager.cpp:110] [initialize] NES memory allocation requires 1 out of 540577120256 (so 1.8498748143954595e-10%) available bytes[m
[36m[00:12:38.146661] [D] [Not A Worker] [unnamed] [queryId:470335600] [BufferManager.cpp:160] [initialize] BufferManager configuration bufferSize=1 numOfBuffers=1[m
[36m[00:12:38.146828] [D] [Not A Worker] [unnamed] [queryId:470335600] [PipeliningPhase.cpp:365] [apply] Constructed pipeline plan with 1 root pipelines.
PipelinedQueryPlan for Query: 470335600
Number of root pipelines: 1
------------------
Root Pipeline 0:
  Pipeline(ID(157), Provider(COMPILER))
  Operator chain:
    PhysicalOperator(NES::SourcePhysicalOperator)
  Successor Pipeline:
    Pipeline(ID(158), Provider(None))
      Operator chain:
        PhysicalOperator(NES::ScanPhysicalOperator)
          PhysicalOperator(NES::EmitPhysicalOperator)
      Successor Pipeline:
        Pipeline(ID(159), Provider(None))
          Operator chain:
            PhysicalOperator(NES::SinkPhysicalOperator)

[m
[36m[00:12:38.150762] [D] [Not A Worker] [unnamed] [] [SinkProvider.cpp:30] [lower] The sinkDescriptor is: SinkDescriptor: (name: variant("PERSON_SINK"), type: Void, Config: )[m
[36m[00:12:38.156708] [D] [SingleNodeWorker] [WorkerThread-0] [Task:470335600-159] [VoidSink.cpp:37] [start] Setting up void sink: VoidSink[m
[36m[00:12:38.226268] [D] [SingleNodeWorker] [WorkerThread-0] [] [SourceThread.cpp:184] [start] Starting source with originId: 2[m
[36m[00:12:38.227785] [D] [SingleNodeWorker] [WorkerThread-0] [Task:470335600-158] [BufferManager.cpp:65] [~BufferManager] Calling BufferManager::destroy()[m
[36m[00:12:38.227810] [D] [SingleNodeWorker] [WorkerThread-0] [Task:470335600-158] [BufferManager.cpp:93] [~BufferManager] Shutting down Buffer Manager completed[m
[36m[00:12:53.160405] [D] [SingleNodeWorker] [WorkerThread-0] [Task:470335600] [SourceThread.cpp:230] [tryStop] SourceThread 2: attempting to stop source[m
[36m[00:12:53.160457] [D] [SingleNodeWorker] [WorkerThread-0] [Task:470335600] [SourceThread.cpp:248] [tryStop] SourceThread 2: stopped[m
[32m[00:12:53.186659] [I] [SingleNodeWorker] [WorkerThread-0] [] [SequenceShredder.cpp:55] [~SequenceShredder] Successfully validated SequenceShredder[m
[32m[00:12:53.187995] [I] [SingleNodeWorker] [WorkerThread-1] [Task:470335600-159] [VoidSink.cpp:42] [stop] Void Sink completed.[m
[36m[00:12:53.188136] [D] [SingleNodeWorker] [WorkerThread-1] [] [SourceThread.cpp:226] [tryStop] SourceThread 2: thread is not running[m
[33m[1m[00:12:54.512710] [W] [Not A Worker] [unnamed] [queryId:571992329] [SinkDescriptor.cpp:63] [getFormatType] Sinks of the type Void do not have an INPUT_FORMAT parameter.[m
[36m[00:12:54.512818] [D] [Not A Worker] [unnamed] [queryId:571992329] [BufferManager.cpp:110] [initialize] NES memory allocation requires 1 out of 540577120256 (so 1.8498748143954595e-10%) available bytes[m
[36m[00:12:54.512838] [D] [Not A Worker] [unnamed] [queryId:571992329] [BufferManager.cpp:160] [initialize] BufferManager configuration bufferSize=1 numOfBuffers=1[m
[36m[00:12:54.513020] [D] [Not A Worker] [unnamed] [queryId:571992329] [PipeliningPhase.cpp:365] [apply] Constructed pipeline plan with 1 root pipelines.
PipelinedQueryPlan for Query: 571992329
Number of root pipelines: 1
------------------
Root Pipeline 0:
  Pipeline(ID(160), Provider(COMPILER))
  Operator chain:
    PhysicalOperator(NES::SourcePhysicalOperator)
  Successor Pipeline:
    Pipeline(ID(161), Provider(None))
      Operator chain:
        PhysicalOperator(NES::ScanPhysicalOperator)
          PhysicalOperator(NES::EmitPhysicalOperator)
      Successor Pipeline:
        Pipeline(ID(162), Provider(None))
          Operator chain:
            PhysicalOperator(NES::SinkPhysicalOperator)

[m
[36m[00:12:54.516720] [D] [Not A Worker] [unnamed] [] [SinkProvider.cpp:30] [lower] The sinkDescriptor is: SinkDescriptor: (name: variant("PERSON_SINK"), type: Void, Config: )[m
[36m[00:12:54.518928] [D] [SingleNodeWorker] [WorkerThread-1] [Task:571992329-162] [VoidSink.cpp:37] [start] Setting up void sink: VoidSink[m
[36m[00:12:54.587327] [D] [SingleNodeWorker] [WorkerThread-1] [] [SourceThread.cpp:184] [start] Starting source with originId: 2[m
[36m[00:12:54.589112] [D] [SingleNodeWorker] [WorkerThread-1] [Task:571992329-161] [BufferManager.cpp:65] [~BufferManager] Calling BufferManager::destroy()[m
[36m[00:12:54.589137] [D] [SingleNodeWorker] [WorkerThread-1] [Task:571992329-161] [BufferManager.cpp:93] [~BufferManager] Shutting down Buffer Manager completed[m
[36m[00:13:09.835639] [D] [SingleNodeWorker] [WorkerThread-1] [Task:571992329] [SourceThread.cpp:230] [tryStop] SourceThread 2: attempting to stop source[m
[36m[00:13:09.835695] [D] [SingleNodeWorker] [WorkerThread-1] [Task:571992329] [SourceThread.cpp:248] [tryStop] SourceThread 2: stopped[m
[32m[00:13:09.872226] [I] [SingleNodeWorker] [WorkerThread-0] [] [SequenceShredder.cpp:55] [~SequenceShredder] Successfully validated SequenceShredder[m
[32m[00:13:09.872727] [I] [SingleNodeWorker] [WorkerThread-1] [Task:571992329-162] [VoidSink.cpp:42] [stop] Void Sink completed.[m
[36m[00:13:09.872847] [D] [SingleNodeWorker] [WorkerThread-1] [] [SourceThread.cpp:226] [tryStop] SourceThread 2: thread is not running[m
[33m[1m[00:13:13.853808] [W] [Not A Worker] [unnamed] [queryId:468519349] [SinkDescriptor.cpp:63] [getFormatType] Sinks of the type Void do not have an INPUT_FORMAT parameter.[m
[36m[00:13:13.853915] [D] [Not A Worker] [unnamed] [queryId:468519349] [BufferManager.cpp:110] [initialize] NES memory allocation requires 1 out of 540577120256 (so 1.8498748143954595e-10%) available bytes[m
[36m[00:13:13.853937] [D] [Not A Worker] [unnamed] [queryId:468519349] [BufferManager.cpp:160] [initialize] BufferManager configuration bufferSize=1 numOfBuffers=1[m
[36m[00:13:13.854106] [D] [Not A Worker] [unnamed] [queryId:468519349] [PipeliningPhase.cpp:365] [apply] Constructed pipeline plan with 1 root pipelines.
PipelinedQueryPlan for Query: 468519349
Number of root pipelines: 1
------------------
Root Pipeline 0:
  Pipeline(ID(163), Provider(COMPILER))
  Operator chain:
    PhysicalOperator(NES::SourcePhysicalOperator)
  Successor Pipeline:
    Pipeline(ID(164), Provider(None))
      Operator chain:
        PhysicalOperator(NES::ScanPhysicalOperator)
          PhysicalOperator(NES::EmitPhysicalOperator)
      Successor Pipeline:
        Pipeline(ID(165), Provider(None))
          Operator chain:
            PhysicalOperator(NES::SinkPhysicalOperator)

[m
[36m[00:13:13.857126] [D] [Not A Worker] [unnamed] [] [SinkProvider.cpp:30] [lower] The sinkDescriptor is: SinkDescriptor: (name: variant("PERSON_SINK"), type: Void, Config: )[m
[36m[00:13:13.858114] [D] [SingleNodeWorker] [WorkerThread-0] [Task:468519349-165] [VoidSink.cpp:37] [start] Setting up void sink: VoidSink[m
[36m[00:13:13.931117] [D] [SingleNodeWorker] [WorkerThread-0] [] [SourceThread.cpp:184] [start] Starting source with originId: 2[m
[36m[00:13:13.932222] [D] [SingleNodeWorker] [WorkerThread-0] [Task:468519349-164] [BufferManager.cpp:65] [~BufferManager] Calling BufferManager::destroy()[m
[36m[00:13:13.932248] [D] [SingleNodeWorker] [WorkerThread-0] [Task:468519349-164] [BufferManager.cpp:93] [~BufferManager] Shutting down Buffer Manager completed[m
[36m[00:13:28.912263] [D] [SingleNodeWorker] [WorkerThread-1] [Task:468519349] [SourceThread.cpp:230] [tryStop] SourceThread 2: attempting to stop source[m
[36m[00:13:28.912323] [D] [SingleNodeWorker] [WorkerThread-1] [Task:468519349] [SourceThread.cpp:248] [tryStop] SourceThread 2: stopped[m
[32m[00:13:28.938776] [I] [SingleNodeWorker] [WorkerThread-0] [] [SequenceShredder.cpp:55] [~SequenceShredder] Successfully validated SequenceShredder[m
[32m[00:13:28.949011] [I] [SingleNodeWorker] [WorkerThread-1] [Task:468519349-165] [VoidSink.cpp:42] [stop] Void Sink completed.[m
[36m[00:13:28.949145] [D] [SingleNodeWorker] [WorkerThread-1] [] [SourceThread.cpp:226] [tryStop] SourceThread 2: thread is not running[m
[33m[1m[00:13:30.307177] [W] [Not A Worker] [unnamed] [queryId:463720945] [SinkDescriptor.cpp:63] [getFormatType] Sinks of the type Void do not have an INPUT_FORMAT parameter.[m
[36m[00:13:30.307312] [D] [Not A Worker] [unnamed] [queryId:463720945] [BufferManager.cpp:110] [initialize] NES memory allocation requires 1 out of 540577120256 (so 1.8498748143954595e-10%) available bytes[m
[36m[00:13:30.307352] [D] [Not A Worker] [unnamed] [queryId:463720945] [BufferManager.cpp:160] [initialize] BufferManager configuration bufferSize=1 numOfBuffers=1[m
[36m[00:13:30.307562] [D] [Not A Worker] [unnamed] [queryId:463720945] [PipeliningPhase.cpp:365] [apply] Constructed pipeline plan with 1 root pipelines.
PipelinedQueryPlan for Query: 463720945
Number of root pipelines: 1
------------------
Root Pipeline 0:
  Pipeline(ID(166), Provider(COMPILER))
  Operator chain:
    PhysicalOperator(NES::SourcePhysicalOperator)
  Successor Pipeline:
    Pipeline(ID(167), Provider(None))
      Operator chain:
        PhysicalOperator(NES::ScanPhysicalOperator)
          PhysicalOperator(NES::EmitPhysicalOperator)
      Successor Pipeline:
        Pipeline(ID(168), Provider(None))
          Operator chain:
            PhysicalOperator(NES::SinkPhysicalOperator)

[m
[36m[00:13:30.311522] [D] [Not A Worker] [unnamed] [] [SinkProvider.cpp:30] [lower] The sinkDescriptor is: SinkDescriptor: (name: variant("PERSON_SINK"), type: Void, Config: )[m
[36m[00:13:30.317601] [D] [SingleNodeWorker] [WorkerThread-0] [Task:463720945-168] [VoidSink.cpp:37] [start] Setting up void sink: VoidSink[m
[36m[00:13:30.387875] [D] [SingleNodeWorker] [WorkerThread-0] [] [SourceThread.cpp:184] [start] Starting source with originId: 2[m
[36m[00:13:30.389395] [D] [SingleNodeWorker] [WorkerThread-0] [Task:463720945-167] [BufferManager.cpp:65] [~BufferManager] Calling BufferManager::destroy()[m
[36m[00:13:30.389421] [D] [SingleNodeWorker] [WorkerThread-0] [Task:463720945-167] [BufferManager.cpp:93] [~BufferManager] Shutting down Buffer Manager completed[m
[36m[00:13:45.333866] [D] [SingleNodeWorker] [WorkerThread-0] [Task:463720945] [SourceThread.cpp:230] [tryStop] SourceThread 2: attempting to stop source[m
[36m[00:13:45.333907] [D] [SingleNodeWorker] [WorkerThread-0] [Task:463720945] [SourceThread.cpp:248] [tryStop] SourceThread 2: stopped[m
[32m[00:13:45.369076] [I] [SingleNodeWorker] [WorkerThread-0] [] [SequenceShredder.cpp:55] [~SequenceShredder] Successfully validated SequenceShredder[m
[32m[00:13:45.370471] [I] [SingleNodeWorker] [WorkerThread-1] [Task:463720945-168] [VoidSink.cpp:42] [stop] Void Sink completed.[m
[36m[00:13:45.370620] [D] [SingleNodeWorker] [WorkerThread-1] [] [SourceThread.cpp:226] [tryStop] SourceThread 2: thread is not running[m
[33m[1m[00:13:49.299175] [W] [Not A Worker] [unnamed] [queryId:1250828673] [SinkDescriptor.cpp:63] [getFormatType] Sinks of the type Void do not have an INPUT_FORMAT parameter.[m
[36m[00:13:49.299284] [D] [Not A Worker] [unnamed] [queryId:1250828673] [BufferManager.cpp:110] [initialize] NES memory allocation requires 1 out of 540577120256 (so 1.8498748143954595e-10%) available bytes[m
[36m[00:13:49.299306] [D] [Not A Worker] [unnamed] [queryId:1250828673] [BufferManager.cpp:160] [initialize] BufferManager configuration bufferSize=1 numOfBuffers=1[m
[36m[00:13:49.299474] [D] [Not A Worker] [unnamed] [queryId:1250828673] [PipeliningPhase.cpp:365] [apply] Constructed pipeline plan with 1 root pipelines.
PipelinedQueryPlan for Query: 1250828673
Number of root pipelines: 1
------------------
Root Pipeline 0:
  Pipeline(ID(169), Provider(COMPILER))
  Operator chain:
    PhysicalOperator(NES::SourcePhysicalOperator)
  Successor Pipeline:
    Pipeline(ID(170), Provider(None))
      Operator chain:
        PhysicalOperator(NES::ScanPhysicalOperator)
          PhysicalOperator(NES::EmitPhysicalOperator)
      Successor Pipeline:
        Pipeline(ID(171), Provider(None))
          Operator chain:
            PhysicalOperator(NES::SinkPhysicalOperator)

[m
[36m[00:13:49.303064] [D] [Not A Worker] [unnamed] [] [SinkProvider.cpp:30] [lower] The sinkDescriptor is: SinkDescriptor: (name: variant("PERSON_SINK"), type: Void, Config: )[m
[36m[00:13:49.306200] [D] [SingleNodeWorker] [WorkerThread-1] [Task:1250828673-171] [VoidSink.cpp:37] [start] Setting up void sink: VoidSink[m
[36m[00:13:49.377285] [D] [SingleNodeWorker] [WorkerThread-1] [] [SourceThread.cpp:184] [start] Starting source with originId: 2[m
[36m[00:13:49.378846] [D] [SingleNodeWorker] [WorkerThread-1] [Task:1250828673-170] [BufferManager.cpp:65] [~BufferManager] Calling BufferManager::destroy()[m
[36m[00:13:49.378873] [D] [SingleNodeWorker] [WorkerThread-1] [Task:1250828673-170] [BufferManager.cpp:93] [~BufferManager] Shutting down Buffer Manager completed[m
[36m[00:14:04.520768] [D] [SingleNodeWorker] [WorkerThread-1] [Task:1250828673] [SourceThread.cpp:230] [tryStop] SourceThread 2: attempting to stop source[m
[36m[00:14:04.520834] [D] [SingleNodeWorker] [WorkerThread-1] [Task:1250828673] [SourceThread.cpp:248] [tryStop] SourceThread 2: stopped[m
[32m[00:14:04.546447] [I] [SingleNodeWorker] [WorkerThread-0] [] [SequenceShredder.cpp:55] [~SequenceShredder] Successfully validated SequenceShredder[m
[32m[00:14:04.556251] [I] [SingleNodeWorker] [WorkerThread-0] [Task:1250828673-171] [VoidSink.cpp:42] [stop] Void Sink completed.[m
[36m[00:14:04.556302] [D] [SingleNodeWorker] [WorkerThread-0] [] [SourceThread.cpp:226] [tryStop] SourceThread 2: thread is not running[m
[33m[1m[00:14:05.756212] [W] [Not A Worker] [unnamed] [queryId:877762264] [SinkDescriptor.cpp:63] [getFormatType] Sinks of the type Void do not have an INPUT_FORMAT parameter.[m
[36m[00:14:05.756311] [D] [Not A Worker] [unnamed] [queryId:877762264] [BufferManager.cpp:110] [initialize] NES memory allocation requires 1 out of 540577120256 (so 1.8498748143954595e-10%) available bytes[m
[36m[00:14:05.756332] [D] [Not A Worker] [unnamed] [queryId:877762264] [BufferManager.cpp:160] [initialize] BufferManager configuration bufferSize=1 numOfBuffers=1[m
[36m[00:14:05.756503] [D] [Not A Worker] [unnamed] [queryId:877762264] [PipeliningPhase.cpp:365] [apply] Constructed pipeline plan with 1 root pipelines.
PipelinedQueryPlan for Query: 877762264
Number of root pipelines: 1
------------------
Root Pipeline 0:
  Pipeline(ID(172), Provider(COMPILER))
  Operator chain:
    PhysicalOperator(NES::SourcePhysicalOperator)
  Successor Pipeline:
    Pipeline(ID(173), Provider(None))
      Operator chain:
        PhysicalOperator(NES::ScanPhysicalOperator)
          PhysicalOperator(NES::EmitPhysicalOperator)
      Successor Pipeline:
        Pipeline(ID(174), Provider(None))
          Operator chain:
            PhysicalOperator(NES::SinkPhysicalOperator)

[m
[36m[00:14:05.759362] [D] [Not A Worker] [unnamed] [] [SinkProvider.cpp:30] [lower] The sinkDescriptor is: SinkDescriptor: (name: variant("PERSON_SINK"), type: Void, Config: )[m
[36m[00:14:05.764684] [D] [SingleNodeWorker] [WorkerThread-1] [Task:877762264-174] [VoidSink.cpp:37] [start] Setting up void sink: VoidSink[m
[36m[00:14:05.839650] [D] [SingleNodeWorker] [WorkerThread-1] [] [SourceThread.cpp:184] [start] Starting source with originId: 2[m
[36m[00:14:05.841275] [D] [SingleNodeWorker] [WorkerThread-1] [Task:877762264-173] [BufferManager.cpp:65] [~BufferManager] Calling BufferManager::destroy()[m
[36m[00:14:05.841305] [D] [SingleNodeWorker] [WorkerThread-1] [Task:877762264-173] [BufferManager.cpp:93] [~BufferManager] Shutting down Buffer Manager completed[m
[36m[00:14:20.745567] [D] [SingleNodeWorker] [WorkerThread-1] [Task:877762264] [SourceThread.cpp:230] [tryStop] SourceThread 2: attempting to stop source[m
[36m[00:14:20.745621] [D] [SingleNodeWorker] [WorkerThread-1] [Task:877762264] [SourceThread.cpp:248] [tryStop] SourceThread 2: stopped[m
[32m[00:14:20.772218] [I] [SingleNodeWorker] [WorkerThread-0] [] [SequenceShredder.cpp:55] [~SequenceShredder] Successfully validated SequenceShredder[m
[32m[00:14:20.782302] [I] [SingleNodeWorker] [WorkerThread-1] [Task:877762264-174] [VoidSink.cpp:42] [stop] Void Sink completed.[m
[36m[00:14:20.782412] [D] [SingleNodeWorker] [WorkerThread-1] [] [SourceThread.cpp:226] [tryStop] SourceThread 2: thread is not running[m
[33m[1m[00:14:22.207393] [W] [Not A Worker] [unnamed] [queryId:343609954] [SinkDescriptor.cpp:63] [getFormatType] Sinks of the type Void do not have an INPUT_FORMAT parameter.[m
[36m[00:14:22.207501] [D] [Not A Worker] [unnamed] [queryId:343609954] [BufferManager.cpp:110] [initialize] NES memory allocation requires 1 out of 540577120256 (so 1.8498748143954595e-10%) available bytes[m
[36m[00:14:22.207524] [D] [Not A Worker] [unnamed] [queryId:343609954] [BufferManager.cpp:160] [initialize] BufferManager configuration bufferSize=1 numOfBuffers=1[m
[36m[00:14:22.207691] [D] [Not A Worker] [unnamed] [queryId:343609954] [PipeliningPhase.cpp:365] [apply] Constructed pipeline plan with 1 root pipelines.
PipelinedQueryPlan for Query: 343609954
Number of root pipelines: 1
------------------
Root Pipeline 0:
  Pipeline(ID(175), Provider(COMPILER))
  Operator chain:
    PhysicalOperator(NES::SourcePhysicalOperator)
  Successor Pipeline:
    Pipeline(ID(176), Provider(None))
      Operator chain:
        PhysicalOperator(NES::ScanPhysicalOperator)
          PhysicalOperator(NES::EmitPhysicalOperator)
      Successor Pipeline:
        Pipeline(ID(177), Provider(None))
          Operator chain:
            PhysicalOperator(NES::SinkPhysicalOperator)

[m
[36m[00:14:22.211009] [D] [Not A Worker] [unnamed] [] [SinkProvider.cpp:30] [lower] The sinkDescriptor is: SinkDescriptor: (name: variant("PERSON_SINK"), type: Void, Config: )[m
[36m[00:14:22.219891] [D] [SingleNodeWorker] [WorkerThread-0] [Task:343609954-177] [VoidSink.cpp:37] [start] Setting up void sink: VoidSink[m
[36m[00:14:22.293559] [D] [SingleNodeWorker] [WorkerThread-0] [] [SourceThread.cpp:184] [start] Starting source with originId: 2[m
[36m[00:14:22.295079] [D] [SingleNodeWorker] [WorkerThread-0] [Task:343609954-176] [BufferManager.cpp:65] [~BufferManager] Calling BufferManager::destroy()[m
[36m[00:14:22.295107] [D] [SingleNodeWorker] [WorkerThread-0] [Task:343609954-176] [BufferManager.cpp:93] [~BufferManager] Shutting down Buffer Manager completed[m
[36m[00:14:37.279833] [D] [SingleNodeWorker] [WorkerThread-1] [Task:343609954] [SourceThread.cpp:230] [tryStop] SourceThread 2: attempting to stop source[m
[36m[00:14:37.279895] [D] [SingleNodeWorker] [WorkerThread-1] [Task:343609954] [SourceThread.cpp:248] [tryStop] SourceThread 2: stopped[m
[32m[00:14:37.305774] [I] [SingleNodeWorker] [WorkerThread-0] [] [SequenceShredder.cpp:55] [~SequenceShredder] Successfully validated SequenceShredder[m
[32m[00:14:37.316802] [I] [SingleNodeWorker] [WorkerThread-1] [Task:343609954-177] [VoidSink.cpp:42] [stop] Void Sink completed.[m
[36m[00:14:37.316940] [D] [SingleNodeWorker] [WorkerThread-1] [] [SourceThread.cpp:226] [tryStop] SourceThread 2: thread is not running[m
[33m[1m[00:14:38.795934] [W] [Not A Worker] [unnamed] [queryId:342727187] [SinkDescriptor.cpp:63] [getFormatType] Sinks of the type Void do not have an INPUT_FORMAT parameter.[m
[36m[00:14:38.796039] [D] [Not A Worker] [unnamed] [queryId:342727187] [BufferManager.cpp:110] [initialize] NES memory allocation requires 1 out of 540577120256 (so 1.8498748143954595e-10%) available bytes[m
[36m[00:14:38.796071] [D] [Not A Worker] [unnamed] [queryId:342727187] [BufferManager.cpp:160] [initialize] BufferManager configuration bufferSize=1 numOfBuffers=1[m
[36m[00:14:38.796230] [D] [Not A Worker] [unnamed] [queryId:342727187] [PipeliningPhase.cpp:365] [apply] Constructed pipeline plan with 1 root pipelines.
PipelinedQueryPlan for Query: 342727187
Number of root pipelines: 1
------------------
Root Pipeline 0:
  Pipeline(ID(178), Provider(COMPILER))
  Operator chain:
    PhysicalOperator(NES::SourcePhysicalOperator)
  Successor Pipeline:
    Pipeline(ID(179), Provider(None))
      Operator chain:
        PhysicalOperator(NES::ScanPhysicalOperator)
          PhysicalOperator(NES::EmitPhysicalOperator)
      Successor Pipeline:
        Pipeline(ID(180), Provider(None))
          Operator chain:
            PhysicalOperator(NES::SinkPhysicalOperator)

[m
[36m[00:14:38.799683] [D] [Not A Worker] [unnamed] [] [SinkProvider.cpp:30] [lower] The sinkDescriptor is: SinkDescriptor: (name: variant("PERSON_SINK"), type: Void, Config: )[m
[36m[00:14:38.806892] [D] [SingleNodeWorker] [WorkerThread-1] [Task:342727187-180] [VoidSink.cpp:37] [start] Setting up void sink: VoidSink[m
[36m[00:14:38.874675] [D] [SingleNodeWorker] [WorkerThread-1] [] [SourceThread.cpp:184] [start] Starting source with originId: 2[m
[36m[00:14:38.876213] [D] [SingleNodeWorker] [WorkerThread-1] [Task:342727187-179] [BufferManager.cpp:65] [~BufferManager] Calling BufferManager::destroy()[m
[36m[00:14:38.876242] [D] [SingleNodeWorker] [WorkerThread-1] [Task:342727187-179] [BufferManager.cpp:93] [~BufferManager] Shutting down Buffer Manager completed[m
[36m[00:14:53.953212] [D] [SingleNodeWorker] [WorkerThread-0] [Task:342727187] [SourceThread.cpp:230] [tryStop] SourceThread 2: attempting to stop source[m
[36m[00:14:53.953261] [D] [SingleNodeWorker] [WorkerThread-0] [Task:342727187] [SourceThread.cpp:248] [tryStop] SourceThread 2: stopped[m
[32m[00:14:53.982412] [I] [SingleNodeWorker] [WorkerThread-1] [] [SequenceShredder.cpp:55] [~SequenceShredder] Successfully validated SequenceShredder[m
[32m[00:14:53.988272] [I] [SingleNodeWorker] [WorkerThread-0] [Task:342727187-180] [VoidSink.cpp:42] [stop] Void Sink completed.[m
[36m[00:14:53.988405] [D] [SingleNodeWorker] [WorkerThread-0] [] [SourceThread.cpp:226] [tryStop] SourceThread 2: thread is not running[m
[36m[00:14:55.290275] [D] [Not A Worker] [unnamed] [queryId:186916237] [BufferManager.cpp:110] [initialize] NES memory allocation requires 1 out of 540577120256 (so 1.8498748143954595e-10%) available bytes[m
[36m[00:14:55.290329] [D] [Not A Worker] [unnamed] [queryId:186916237] [BufferManager.cpp:160] [initialize] BufferManager configuration bufferSize=1 numOfBuffers=1[m
[36m[00:14:55.290716] [D] [Not A Worker] [unnamed] [queryId:186916237] [PipeliningPhase.cpp:365] [apply] Constructed pipeline plan with 1 root pipelines.
PipelinedQueryPlan for Query: 186916237
Number of root pipelines: 1
------------------
Root Pipeline 0:
  Pipeline(ID(181), Provider(COMPILER))
  Operator chain:
    PhysicalOperator(NES::SourcePhysicalOperator)
  Successor Pipeline:
    Pipeline(ID(182), Provider(None))
      Operator chain:
        PhysicalOperator(NES::ScanPhysicalOperator)
          PhysicalOperator(NES::MapPhysicalOperator)
            PhysicalOperator(NES::EmitPhysicalOperator)
      Successor Pipeline:
        Pipeline(ID(183), Provider(None))
          Operator chain:
            PhysicalOperator(NES::SinkPhysicalOperator)

[m
[36m[00:14:55.293620] [D] [Not A Worker] [unnamed] [] [SinkProvider.cpp:30] [lower] The sinkDescriptor is: SinkDescriptor: (name: variant("PERSON_ID_SINK"), type: Void, Config: )[m
[36m[00:14:55.306280] [D] [SingleNodeWorker] [WorkerThread-0] [Task:186916237-183] [VoidSink.cpp:37] [start] Setting up void sink: VoidSink[m
[36m[00:14:55.362738] [D] [SingleNodeWorker] [WorkerThread-0] [] [SourceThread.cpp:184] [start] Starting source with originId: 2[m
[36m[00:14:55.364270] [D] [SingleNodeWorker] [WorkerThread-0] [Task:186916237-182] [BufferManager.cpp:65] [~BufferManager] Calling BufferManager::destroy()[m
[36m[00:14:55.364293] [D] [SingleNodeWorker] [WorkerThread-0] [Task:186916237-182] [BufferManager.cpp:93] [~BufferManager] Shutting down Buffer Manager completed[m
[36m[00:15:05.661663] [D] [SingleNodeWorker] [WorkerThread-1] [Task:186916237] [SourceThread.cpp:230] [tryStop] SourceThread 2: attempting to stop source[m
[36m[00:15:05.661718] [D] [SingleNodeWorker] [WorkerThread-1] [Task:186916237] [SourceThread.cpp:248] [tryStop] SourceThread 2: stopped[m
[32m[00:15:05.690508] [I] [SingleNodeWorker] [WorkerThread-0] [] [SequenceShredder.cpp:55] [~SequenceShredder] Successfully validated SequenceShredder[m
[32m[00:15:05.698655] [I] [SingleNodeWorker] [WorkerThread-1] [Task:186916237-183] [VoidSink.cpp:42] [stop] Void Sink completed.[m
[36m[00:15:05.698782] [D] [SingleNodeWorker] [WorkerThread-1] [] [SourceThread.cpp:226] [tryStop] SourceThread 2: thread is not running[m
[36m[00:15:08.893026] [D] [Not A Worker] [unnamed] [queryId:1827948969] [BufferManager.cpp:110] [initialize] NES memory allocation requires 1 out of 540577120256 (so 1.8498748143954595e-10%) available bytes[m
[36m[00:15:08.893074] [D] [Not A Worker] [unnamed] [queryId:1827948969] [BufferManager.cpp:160] [initialize] BufferManager configuration bufferSize=1 numOfBuffers=1[m
[36m[00:15:08.893428] [D] [Not A Worker] [unnamed] [queryId:1827948969] [PipeliningPhase.cpp:365] [apply] Constructed pipeline plan with 1 root pipelines.
PipelinedQueryPlan for Query: 1827948969
Number of root pipelines: 1
------------------
Root Pipeline 0:
  Pipeline(ID(184), Provider(COMPILER))
  Operator chain:
    PhysicalOperator(NES::SourcePhysicalOperator)
  Successor Pipeline:
    Pipeline(ID(185), Provider(None))
      Operator chain:
        PhysicalOperator(NES::ScanPhysicalOperator)
          PhysicalOperator(NES::MapPhysicalOperator)
            PhysicalOperator(NES::EmitPhysicalOperator)
      Successor Pipeline:
        Pipeline(ID(186), Provider(None))
          Operator chain:
            PhysicalOperator(NES::SinkPhysicalOperator)

[m
[36m[00:15:08.896780] [D] [Not A Worker] [unnamed] [] [SinkProvider.cpp:30] [lower] The sinkDescriptor is: SinkDescriptor: (name: variant("PERSON_ID_SINK"), type: Void, Config: )[m
[36m[00:15:08.899407] [D] [SingleNodeWorker] [WorkerThread-0] [Task:1827948969-186] [VoidSink.cpp:37] [start] Setting up void sink: VoidSink[m
[36m[00:15:08.955649] [D] [SingleNodeWorker] [WorkerThread-0] [] [SourceThread.cpp:184] [start] Starting source with originId: 2[m
[36m[00:15:08.957167] [D] [SingleNodeWorker] [WorkerThread-0] [Task:1827948969-185] [BufferManager.cpp:65] [~BufferManager] Calling BufferManager::destroy()[m
[36m[00:15:08.957191] [D] [SingleNodeWorker] [WorkerThread-0] [Task:1827948969-185] [BufferManager.cpp:93] [~BufferManager] Shutting down Buffer Manager completed[m
[36m[00:15:19.313727] [D] [SingleNodeWorker] [WorkerThread-1] [Task:1827948969] [SourceThread.cpp:230] [tryStop] SourceThread 2: attempting to stop source[m
[36m[00:15:19.313796] [D] [SingleNodeWorker] [WorkerThread-1] [Task:1827948969] [SourceThread.cpp:248] [tryStop] SourceThread 2: stopped[m
[32m[00:15:19.350514] [I] [SingleNodeWorker] [WorkerThread-0] [] [SequenceShredder.cpp:55] [~SequenceShredder] Successfully validated SequenceShredder[m
[32m[00:15:19.351158] [I] [SingleNodeWorker] [WorkerThread-1] [Task:1827948969-186] [VoidSink.cpp:42] [stop] Void Sink completed.[m
[36m[00:15:19.351304] [D] [SingleNodeWorker] [WorkerThread-1] [] [SourceThread.cpp:226] [tryStop] SourceThread 2: thread is not running[m
[36m[00:15:22.474536] [D] [Not A Worker] [unnamed] [queryId:940764899] [BufferManager.cpp:110] [initialize] NES memory allocation requires 1 out of 540577120256 (so 1.8498748143954595e-10%) available bytes[m
[36m[00:15:22.474591] [D] [Not A Worker] [unnamed] [queryId:940764899] [BufferManager.cpp:160] [initialize] BufferManager configuration bufferSize=1 numOfBuffers=1[m
[36m[00:15:22.474972] [D] [Not A Worker] [unnamed] [queryId:940764899] [PipeliningPhase.cpp:365] [apply] Constructed pipeline plan with 1 root pipelines.
PipelinedQueryPlan for Query: 940764899
Number of root pipelines: 1
------------------
Root Pipeline 0:
  Pipeline(ID(187), Provider(COMPILER))
  Operator chain:
    PhysicalOperator(NES::SourcePhysicalOperator)
  Successor Pipeline:
    Pipeline(ID(188), Provider(None))
      Operator chain:
        PhysicalOperator(NES::ScanPhysicalOperator)
          PhysicalOperator(NES::MapPhysicalOperator)
            PhysicalOperator(NES::EmitPhysicalOperator)
      Successor Pipeline:
        Pipeline(ID(189), Provider(None))
          Operator chain:
            PhysicalOperator(NES::SinkPhysicalOperator)

[m
[36m[00:15:22.477885] [D] [Not A Worker] [unnamed] [] [SinkProvider.cpp:30] [lower] The sinkDescriptor is: SinkDescriptor: (name: variant("PERSON_ID_SINK"), type: Void, Config: )[m
[36m[00:15:22.487563] [D] [SingleNodeWorker] [WorkerThread-1] [Task:940764899-189] [VoidSink.cpp:37] [start] Setting up void sink: VoidSink[m
[36m[00:15:22.548431] [D] [SingleNodeWorker] [WorkerThread-1] [] [SourceThread.cpp:184] [start] Starting source with originId: 2[m
[36m[00:15:22.550049] [D] [SingleNodeWorker] [WorkerThread-1] [Task:940764899-188] [BufferManager.cpp:65] [~BufferManager] Calling BufferManager::destroy()[m
[36m[00:15:22.550077] [D] [SingleNodeWorker] [WorkerThread-1] [Task:940764899-188] [BufferManager.cpp:93] [~BufferManager] Shutting down Buffer Manager completed[m
[36m[00:15:33.029011] [D] [SingleNodeWorker] [WorkerThread-0] [Task:940764899] [SourceThread.cpp:230] [tryStop] SourceThread 2: attempting to stop source[m
[36m[00:15:33.029053] [D] [SingleNodeWorker] [WorkerThread-0] [Task:940764899] [SourceThread.cpp:248] [tryStop] SourceThread 2: stopped[m
[32m[00:15:33.056843] [I] [SingleNodeWorker] [WorkerThread-1] [] [SequenceShredder.cpp:55] [~SequenceShredder] Successfully validated SequenceShredder[m
[32m[00:15:33.066093] [I] [SingleNodeWorker] [WorkerThread-0] [Task:940764899-189] [VoidSink.cpp:42] [stop] Void Sink completed.[m
[36m[00:15:33.066222] [D] [SingleNodeWorker] [WorkerThread-0] [] [SourceThread.cpp:226] [tryStop] SourceThread 2: thread is not running[m
[36m[00:15:36.135673] [D] [Not A Worker] [unnamed] [queryId:2054444500] [BufferManager.cpp:110] [initialize] NES memory allocation requires 1 out of 540577120256 (so 1.8498748143954595e-10%) available bytes[m
[36m[00:15:36.135732] [D] [Not A Worker] [unnamed] [queryId:2054444500] [BufferManager.cpp:160] [initialize] BufferManager configuration bufferSize=1 numOfBuffers=1[m
[36m[00:15:36.136177] [D] [Not A Worker] [unnamed] [queryId:2054444500] [PipeliningPhase.cpp:365] [apply] Constructed pipeline plan with 1 root pipelines.
PipelinedQueryPlan for Query: 2054444500
Number of root pipelines: 1
------------------
Root Pipeline 0:
  Pipeline(ID(190), Provider(COMPILER))
  Operator chain:
    PhysicalOperator(NES::SourcePhysicalOperator)
  Successor Pipeline:
    Pipeline(ID(191), Provider(None))
      Operator chain:
        PhysicalOperator(NES::ScanPhysicalOperator)
          PhysicalOperator(NES::MapPhysicalOperator)
            PhysicalOperator(NES::EmitPhysicalOperator)
      Successor Pipeline:
        Pipeline(ID(192), Provider(None))
          Operator chain:
            PhysicalOperator(NES::SinkPhysicalOperator)

[m
[36m[00:15:36.139569] [D] [Not A Worker] [unnamed] [] [SinkProvider.cpp:30] [lower] The sinkDescriptor is: SinkDescriptor: (name: variant("PERSON_ID_SINK"), type: Void, Config: )[m
[36m[00:15:36.153375] [D] [SingleNodeWorker] [WorkerThread-1] [Task:2054444500-192] [VoidSink.cpp:37] [start] Setting up void sink: VoidSink[m
[36m[00:15:36.212450] [D] [SingleNodeWorker] [WorkerThread-1] [] [SourceThread.cpp:184] [start] Starting source with originId: 2[m
[36m[00:15:36.213974] [D] [SingleNodeWorker] [WorkerThread-1] [Task:2054444500-191] [BufferManager.cpp:65] [~BufferManager] Calling BufferManager::destroy()[m
[36m[00:15:36.214000] [D] [SingleNodeWorker] [WorkerThread-1] [Task:2054444500-191] [BufferManager.cpp:93] [~BufferManager] Shutting down Buffer Manager completed[m
[36m[00:15:46.603009] [D] [SingleNodeWorker] [WorkerThread-1] [Task:2054444500] [SourceThread.cpp:230] [tryStop] SourceThread 2: attempting to stop source[m
[36m[00:15:46.603063] [D] [SingleNodeWorker] [WorkerThread-1] [Task:2054444500] [SourceThread.cpp:248] [tryStop] SourceThread 2: stopped[m
[32m[00:15:46.628937] [I] [SingleNodeWorker] [WorkerThread-0] [] [SequenceShredder.cpp:55] [~SequenceShredder] Successfully validated SequenceShredder[m
[32m[00:15:46.638860] [I] [SingleNodeWorker] [WorkerThread-1] [Task:2054444500-192] [VoidSink.cpp:42] [stop] Void Sink completed.[m
[36m[00:15:46.639008] [D] [SingleNodeWorker] [WorkerThread-1] [] [SourceThread.cpp:226] [tryStop] SourceThread 2: thread is not running[m
[36m[00:15:49.743472] [D] [Not A Worker] [unnamed] [queryId:1297355242] [BufferManager.cpp:110] [initialize] NES memory allocation requires 1 out of 540577120256 (so 1.8498748143954595e-10%) available bytes[m
[36m[00:15:49.743518] [D] [Not A Worker] [unnamed] [queryId:1297355242] [BufferManager.cpp:160] [initialize] BufferManager configuration bufferSize=1 numOfBuffers=1[m
[36m[00:15:49.743864] [D] [Not A Worker] [unnamed] [queryId:1297355242] [PipeliningPhase.cpp:365] [apply] Constructed pipeline plan with 1 root pipelines.
PipelinedQueryPlan for Query: 1297355242
Number of root pipelines: 1
------------------
Root Pipeline 0:
  Pipeline(ID(193), Provider(COMPILER))
  Operator chain:
    PhysicalOperator(NES::SourcePhysicalOperator)
  Successor Pipeline:
    Pipeline(ID(194), Provider(None))
      Operator chain:
        PhysicalOperator(NES::ScanPhysicalOperator)
          PhysicalOperator(NES::MapPhysicalOperator)
            PhysicalOperator(NES::EmitPhysicalOperator)
      Successor Pipeline:
        Pipeline(ID(195), Provider(None))
          Operator chain:
            PhysicalOperator(NES::SinkPhysicalOperator)

[m
[36m[00:15:49.746393] [D] [Not A Worker] [unnamed] [] [SinkProvider.cpp:30] [lower] The sinkDescriptor is: SinkDescriptor: (name: variant("PERSON_ID_SINK"), type: Void, Config: )[m
[36m[00:15:49.753538] [D] [SingleNodeWorker] [WorkerThread-1] [Task:1297355242-195] [VoidSink.cpp:37] [start] Setting up void sink: VoidSink[m
[36m[00:15:49.808810] [D] [SingleNodeWorker] [WorkerThread-1] [] [SourceThread.cpp:184] [start] Starting source with originId: 2[m
[36m[00:15:49.810387] [D] [SingleNodeWorker] [WorkerThread-1] [Task:1297355242-194] [BufferManager.cpp:65] [~BufferManager] Calling BufferManager::destroy()[m
[36m[00:15:49.810412] [D] [SingleNodeWorker] [WorkerThread-1] [Task:1297355242-194] [BufferManager.cpp:93] [~BufferManager] Shutting down Buffer Manager completed[m
[36m[00:16:00.256621] [D] [SingleNodeWorker] [WorkerThread-0] [Task:1297355242] [SourceThread.cpp:230] [tryStop] SourceThread 2: attempting to stop source[m
[36m[00:16:00.256662] [D] [SingleNodeWorker] [WorkerThread-0] [Task:1297355242] [SourceThread.cpp:248] [tryStop] SourceThread 2: stopped[m
[32m[00:16:00.256732] [I] [SingleNodeWorker] [WorkerThread-1] [Task:1297355242-195] [VoidSink.cpp:42] [stop] Void Sink completed.[m
[36m[00:16:00.256810] [D] [SingleNodeWorker] [WorkerThread-1] [] [SourceThread.cpp:226] [tryStop] SourceThread 2: thread is not running[m
[32m[00:16:00.256845] [I] [SingleNodeWorker] [WorkerThread-0] [] [SequenceShredder.cpp:55] [~SequenceShredder] Successfully validated SequenceShredder[m
[36m[00:16:03.288363] [D] [Not A Worker] [unnamed] [queryId:1997539646] [BufferManager.cpp:110] [initialize] NES memory allocation requires 1 out of 540577120256 (so 1.8498748143954595e-10%) available bytes[m
[36m[00:16:03.288411] [D] [Not A Worker] [unnamed] [queryId:1997539646] [BufferManager.cpp:160] [initialize] BufferManager configuration bufferSize=1 numOfBuffers=1[m
[36m[00:16:03.288752] [D] [Not A Worker] [unnamed] [queryId:1997539646] [PipeliningPhase.cpp:365] [apply] Constructed pipeline plan with 1 root pipelines.
PipelinedQueryPlan for Query: 1997539646
Number of root pipelines: 1
------------------
Root Pipeline 0:
  Pipeline(ID(196), Provider(COMPILER))
  Operator chain:
    PhysicalOperator(NES::SourcePhysicalOperator)
  Successor Pipeline:
    Pipeline(ID(197), Provider(None))
      Operator chain:
        PhysicalOperator(NES::ScanPhysicalOperator)
          PhysicalOperator(NES::MapPhysicalOperator)
            PhysicalOperator(NES::EmitPhysicalOperator)
      Successor Pipeline:
        Pipeline(ID(198), Provider(None))
          Operator chain:
            PhysicalOperator(NES::SinkPhysicalOperator)

[m
[36m[00:16:03.292057] [D] [Not A Worker] [unnamed] [] [SinkProvider.cpp:30] [lower] The sinkDescriptor is: SinkDescriptor: (name: variant("PERSON_ID_SINK"), type: Void, Config: )[m
[36m[00:16:03.295498] [D] [SingleNodeWorker] [WorkerThread-0] [Task:1997539646-198] [VoidSink.cpp:37] [start] Setting up void sink: VoidSink[m
[36m[00:16:03.352210] [D] [SingleNodeWorker] [WorkerThread-0] [] [SourceThread.cpp:184] [start] Starting source with originId: 2[m
[36m[00:16:03.353719] [D] [SingleNodeWorker] [WorkerThread-0] [Task:1997539646-197] [BufferManager.cpp:65] [~BufferManager] Calling BufferManager::destroy()[m
[36m[00:16:03.353742] [D] [SingleNodeWorker] [WorkerThread-0] [Task:1997539646-197] [BufferManager.cpp:93] [~BufferManager] Shutting down Buffer Manager completed[m
[36m[00:16:13.694651] [D] [SingleNodeWorker] [WorkerThread-0] [Task:1997539646] [SourceThread.cpp:230] [tryStop] SourceThread 2: attempting to stop source[m
[36m[00:16:13.694689] [D] [SingleNodeWorker] [WorkerThread-0] [Task:1997539646] [SourceThread.cpp:248] [tryStop] SourceThread 2: stopped[m
[32m[00:16:13.731072] [I] [SingleNodeWorker] [WorkerThread-0] [] [SequenceShredder.cpp:55] [~SequenceShredder] Successfully validated SequenceShredder[m
[32m[00:16:13.731873] [I] [SingleNodeWorker] [WorkerThread-1] [Task:1997539646-198] [VoidSink.cpp:42] [stop] Void Sink completed.[m
[36m[00:16:13.732022] [D] [SingleNodeWorker] [WorkerThread-1] [] [SourceThread.cpp:226] [tryStop] SourceThread 2: thread is not running[m
[36m[00:16:16.963328] [D] [Not A Worker] [unnamed] [queryId:1868406611] [BufferManager.cpp:110] [initialize] NES memory allocation requires 1 out of 540577120256 (so 1.8498748143954595e-10%) available bytes[m
[36m[00:16:16.963382] [D] [Not A Worker] [unnamed] [queryId:1868406611] [BufferManager.cpp:160] [initialize] BufferManager configuration bufferSize=1 numOfBuffers=1[m
[36m[00:16:16.963774] [D] [Not A Worker] [unnamed] [queryId:1868406611] [PipeliningPhase.cpp:365] [apply] Constructed pipeline plan with 1 root pipelines.
PipelinedQueryPlan for Query: 1868406611
Number of root pipelines: 1
------------------
Root Pipeline 0:
  Pipeline(ID(199), Provider(COMPILER))
  Operator chain:
    PhysicalOperator(NES::SourcePhysicalOperator)
  Successor Pipeline:
    Pipeline(ID(200), Provider(None))
      Operator chain:
        PhysicalOperator(NES::ScanPhysicalOperator)
          PhysicalOperator(NES::MapPhysicalOperator)
            PhysicalOperator(NES::EmitPhysicalOperator)
      Successor Pipeline:
        Pipeline(ID(201), Provider(None))
          Operator chain:
            PhysicalOperator(NES::SinkPhysicalOperator)

[m
[36m[00:16:16.967161] [D] [Not A Worker] [unnamed] [] [SinkProvider.cpp:30] [lower] The sinkDescriptor is: SinkDescriptor: (name: variant("PERSON_ID_SINK"), type: Void, Config: )[m
[36m[00:16:16.971801] [D] [SingleNodeWorker] [WorkerThread-1] [Task:1868406611-201] [VoidSink.cpp:37] [start] Setting up void sink: VoidSink[m
[36m[00:16:17.029574] [D] [SingleNodeWorker] [WorkerThread-1] [] [SourceThread.cpp:184] [start] Starting source with originId: 2[m
[36m[00:16:17.031134] [D] [SingleNodeWorker] [WorkerThread-1] [Task:1868406611-200] [BufferManager.cpp:65] [~BufferManager] Calling BufferManager::destroy()[m
[36m[00:16:17.031160] [D] [SingleNodeWorker] [WorkerThread-1] [Task:1868406611-200] [BufferManager.cpp:93] [~BufferManager] Shutting down Buffer Manager completed[m
[36m[00:16:27.373022] [D] [SingleNodeWorker] [WorkerThread-0] [Task:1868406611] [SourceThread.cpp:230] [tryStop] SourceThread 2: attempting to stop source[m
[36m[00:16:27.373064] [D] [SingleNodeWorker] [WorkerThread-0] [Task:1868406611] [SourceThread.cpp:248] [tryStop] SourceThread 2: stopped[m
[32m[00:16:27.408010] [I] [SingleNodeWorker] [WorkerThread-0] [] [SequenceShredder.cpp:55] [~SequenceShredder] Successfully validated SequenceShredder[m
[32m[00:16:27.409504] [I] [SingleNodeWorker] [WorkerThread-1] [Task:1868406611-201] [VoidSink.cpp:42] [stop] Void Sink completed.[m
[36m[00:16:27.409642] [D] [SingleNodeWorker] [WorkerThread-1] [] [SourceThread.cpp:226] [tryStop] SourceThread 2: thread is not running[m
[36m[00:16:30.629476] [D] [Not A Worker] [unnamed] [queryId:1095713461] [BufferManager.cpp:110] [initialize] NES memory allocation requires 1 out of 540577120256 (so 1.8498748143954595e-10%) available bytes[m
[36m[00:16:30.629539] [D] [Not A Worker] [unnamed] [queryId:1095713461] [BufferManager.cpp:160] [initialize] BufferManager configuration bufferSize=1 numOfBuffers=1[m
[36m[00:16:30.629984] [D] [Not A Worker] [unnamed] [queryId:1095713461] [PipeliningPhase.cpp:365] [apply] Constructed pipeline plan with 1 root pipelines.
PipelinedQueryPlan for Query: 1095713461
Number of root pipelines: 1
------------------
Root Pipeline 0:
  Pipeline(ID(202), Provider(COMPILER))
  Operator chain:
    PhysicalOperator(NES::SourcePhysicalOperator)
  Successor Pipeline:
    Pipeline(ID(203), Provider(None))
      Operator chain:
        PhysicalOperator(NES::ScanPhysicalOperator)
          PhysicalOperator(NES::MapPhysicalOperator)
            PhysicalOperator(NES::EmitPhysicalOperator)
      Successor Pipeline:
        Pipeline(ID(204), Provider(None))
          Operator chain:
            PhysicalOperator(NES::SinkPhysicalOperator)

[m
[36m[00:16:30.633808] [D] [Not A Worker] [unnamed] [] [SinkProvider.cpp:30] [lower] The sinkDescriptor is: SinkDescriptor: (name: variant("PERSON_ID_SINK"), type: Void, Config: )[m
[36m[00:16:30.635372] [D] [SingleNodeWorker] [WorkerThread-0] [Task:1095713461-204] [VoidSink.cpp:37] [start] Setting up void sink: VoidSink[m
[36m[00:16:30.693892] [D] [SingleNodeWorker] [WorkerThread-0] [] [SourceThread.cpp:184] [start] Starting source with originId: 2[m
[36m[00:16:30.695434] [D] [SingleNodeWorker] [WorkerThread-0] [Task:1095713461-203] [BufferManager.cpp:65] [~BufferManager] Calling BufferManager::destroy()[m
[36m[00:16:30.695461] [D] [SingleNodeWorker] [WorkerThread-0] [Task:1095713461-203] [BufferManager.cpp:93] [~BufferManager] Shutting down Buffer Manager completed[m
[36m[00:16:41.043015] [D] [SingleNodeWorker] [WorkerThread-0] [Task:1095713461] [SourceThread.cpp:230] [tryStop] SourceThread 2: attempting to stop source[m
[36m[00:16:41.043056] [D] [SingleNodeWorker] [WorkerThread-0] [Task:1095713461] [SourceThread.cpp:248] [tryStop] SourceThread 2: stopped[m
[32m[00:16:41.068864] [I] [SingleNodeWorker] [WorkerThread-1] [] [SequenceShredder.cpp:55] [~SequenceShredder] Successfully validated SequenceShredder[m
[32m[00:16:41.079449] [I] [SingleNodeWorker] [WorkerThread-0] [Task:1095713461-204] [VoidSink.cpp:42] [stop] Void Sink completed.[m
[36m[00:16:41.079574] [D] [SingleNodeWorker] [WorkerThread-0] [] [SourceThread.cpp:226] [tryStop] SourceThread 2: thread is not running[m
[36m[00:16:44.297323] [D] [Not A Worker] [unnamed] [queryId:2031917631] [BufferManager.cpp:110] [initialize] NES memory allocation requires 1 out of 540577120256 (so 1.8498748143954595e-10%) available bytes[m
[36m[00:16:44.297377] [D] [Not A Worker] [unnamed] [queryId:2031917631] [BufferManager.cpp:160] [initialize] BufferManager configuration bufferSize=1 numOfBuffers=1[m
[36m[00:16:44.297740] [D] [Not A Worker] [unnamed] [queryId:2031917631] [PipeliningPhase.cpp:365] [apply] Constructed pipeline plan with 1 root pipelines.
PipelinedQueryPlan for Query: 2031917631
Number of root pipelines: 1
------------------
Root Pipeline 0:
  Pipeline(ID(205), Provider(COMPILER))
  Operator chain:
    PhysicalOperator(NES::SourcePhysicalOperator)
  Successor Pipeline:
    Pipeline(ID(206), Provider(None))
      Operator chain:
        PhysicalOperator(NES::ScanPhysicalOperator)
          PhysicalOperator(NES::MapPhysicalOperator)
            PhysicalOperator(NES::EmitPhysicalOperator)
      Successor Pipeline:
        Pipeline(ID(207), Provider(None))
          Operator chain:
            PhysicalOperator(NES::SinkPhysicalOperator)

[m
[36m[00:16:44.301803] [D] [Not A Worker] [unnamed] [] [SinkProvider.cpp:30] [lower] The sinkDescriptor is: SinkDescriptor: (name: variant("PERSON_ID_SINK"), type: Void, Config: )[m
[36m[00:16:44.305541] [D] [SingleNodeWorker] [WorkerThread-1] [Task:2031917631-207] [VoidSink.cpp:37] [start] Setting up void sink: VoidSink[m
[36m[00:16:44.362679] [D] [SingleNodeWorker] [WorkerThread-1] [] [SourceThread.cpp:184] [start] Starting source with originId: 2[m
[36m[00:16:44.364217] [D] [SingleNodeWorker] [WorkerThread-1] [Task:2031917631-206] [BufferManager.cpp:65] [~BufferManager] Calling BufferManager::destroy()[m
[36m[00:16:44.364242] [D] [SingleNodeWorker] [WorkerThread-1] [Task:2031917631-206] [BufferManager.cpp:93] [~BufferManager] Shutting down Buffer Manager completed[m
[36m[00:16:54.726584] [D] [SingleNodeWorker] [WorkerThread-0] [Task:2031917631] [SourceThread.cpp:230] [tryStop] SourceThread 2: attempting to stop source[m
[36m[00:16:54.726626] [D] [SingleNodeWorker] [WorkerThread-0] [Task:2031917631] [SourceThread.cpp:248] [tryStop] SourceThread 2: stopped[m
[32m[00:16:54.752762] [I] [SingleNodeWorker] [WorkerThread-1] [] [SequenceShredder.cpp:55] [~SequenceShredder] Successfully validated SequenceShredder[m
[32m[00:16:54.762163] [I] [SingleNodeWorker] [WorkerThread-0] [Task:2031917631-207] [VoidSink.cpp:42] [stop] Void Sink completed.[m
[36m[00:16:54.762291] [D] [SingleNodeWorker] [WorkerThread-0] [] [SourceThread.cpp:226] [tryStop] SourceThread 2: thread is not running[m
[36m[00:16:57.927429] [D] [Not A Worker] [unnamed] [queryId:34542592] [BufferManager.cpp:110] [initialize] NES memory allocation requires 1 out of 540577120256 (so 1.8498748143954595e-10%) available bytes[m
[36m[00:16:57.927485] [D] [Not A Worker] [unnamed] [queryId:34542592] [BufferManager.cpp:160] [initialize] BufferManager configuration bufferSize=1 numOfBuffers=1[m
[36m[00:16:57.927875] [D] [Not A Worker] [unnamed] [queryId:34542592] [PipeliningPhase.cpp:365] [apply] Constructed pipeline plan with 1 root pipelines.
PipelinedQueryPlan for Query: 34542592
Number of root pipelines: 1
------------------
Root Pipeline 0:
  Pipeline(ID(208), Provider(COMPILER))
  Operator chain:
    PhysicalOperator(NES::SourcePhysicalOperator)
  Successor Pipeline:
    Pipeline(ID(209), Provider(None))
      Operator chain:
        PhysicalOperator(NES::ScanPhysicalOperator)
          PhysicalOperator(NES::MapPhysicalOperator)
            PhysicalOperator(NES::EmitPhysicalOperator)
      Successor Pipeline:
        Pipeline(ID(210), Provider(None))
          Operator chain:
            PhysicalOperator(NES::SinkPhysicalOperator)

[m
[36m[00:16:57.931217] [D] [Not A Worker] [unnamed] [] [SinkProvider.cpp:30] [lower] The sinkDescriptor is: SinkDescriptor: (name: variant("PERSON_ID_SINK"), type: Void, Config: )[m
[36m[00:16:57.956329] [D] [SingleNodeWorker] [WorkerThread-0] [Task:34542592-210] [VoidSink.cpp:37] [start] Setting up void sink: VoidSink[m
[36m[00:16:58.016373] [D] [SingleNodeWorker] [WorkerThread-0] [] [SourceThread.cpp:184] [start] Starting source with originId: 2[m
[36m[00:16:58.017885] [D] [SingleNodeWorker] [WorkerThread-0] [Task:34542592-209] [BufferManager.cpp:65] [~BufferManager] Calling BufferManager::destroy()[m
[36m[00:16:58.017909] [D] [SingleNodeWorker] [WorkerThread-0] [Task:34542592-209] [BufferManager.cpp:93] [~BufferManager] Shutting down Buffer Manager completed[m
[36m[00:17:08.358586] [D] [SingleNodeWorker] [WorkerThread-0] [Task:34542592] [SourceThread.cpp:230] [tryStop] SourceThread 2: attempting to stop source[m
[36m[00:17:08.358633] [D] [SingleNodeWorker] [WorkerThread-0] [Task:34542592] [SourceThread.cpp:248] [tryStop] SourceThread 2: stopped[m
[32m[00:17:08.394573] [I] [SingleNodeWorker] [WorkerThread-0] [] [SequenceShredder.cpp:55] [~SequenceShredder] Successfully validated SequenceShredder[m
[32m[00:17:08.396215] [I] [SingleNodeWorker] [WorkerThread-1] [Task:34542592-210] [VoidSink.cpp:42] [stop] Void Sink completed.[m
[36m[00:17:08.396400] [D] [SingleNodeWorker] [WorkerThread-1] [] [SourceThread.cpp:226] [tryStop] SourceThread 2: thread is not running[m
[36m[00:17:11.594691] [D] [Not A Worker] [unnamed] [queryId:1208377166] [BufferManager.cpp:110] [initialize] NES memory allocation requires 1 out of 540577120256 (so 1.8498748143954595e-10%) available bytes[m
[36m[00:17:11.594746] [D] [Not A Worker] [unnamed] [queryId:1208377166] [BufferManager.cpp:160] [initialize] BufferManager configuration bufferSize=1 numOfBuffers=1[m
[36m[00:17:11.595099] [D] [Not A Worker] [unnamed] [queryId:1208377166] [PipeliningPhase.cpp:365] [apply] Constructed pipeline plan with 1 root pipelines.
PipelinedQueryPlan for Query: 1208377166
Number of root pipelines: 1
------------------
Root Pipeline 0:
  Pipeline(ID(211), Provider(COMPILER))
  Operator chain:
    PhysicalOperator(NES::SourcePhysicalOperator)
  Successor Pipeline:
    Pipeline(ID(212), Provider(None))
      Operator chain:
        PhysicalOperator(NES::ScanPhysicalOperator)
          PhysicalOperator(NES::MapPhysicalOperator)
            PhysicalOperator(NES::EmitPhysicalOperator)
      Successor Pipeline:
        Pipeline(ID(213), Provider(None))
          Operator chain:
            PhysicalOperator(NES::SinkPhysicalOperator)

[m
[36m[00:17:11.597865] [D] [Not A Worker] [unnamed] [] [SinkProvider.cpp:30] [lower] The sinkDescriptor is: SinkDescriptor: (name: variant("BID_AUCTION_ID_SINK"), type: Void, Config: )[m
[36m[00:17:11.600778] [D] [SingleNodeWorker] [WorkerThread-0] [Task:1208377166-213] [VoidSink.cpp:37] [start] Setting up void sink: VoidSink[m
[36m[00:17:11.644587] [D] [SingleNodeWorker] [WorkerThread-0] [] [SourceThread.cpp:184] [start] Starting source with originId: 2[m
[36m[00:17:11.646585] [D] [SingleNodeWorker] [WorkerThread-0] [Task:1208377166-212] [BufferManager.cpp:65] [~BufferManager] Calling BufferManager::destroy()[m
[36m[00:17:11.646616] [D] [SingleNodeWorker] [WorkerThread-0] [Task:1208377166-212] [BufferManager.cpp:93] [~BufferManager] Shutting down Buffer Manager completed[m
[36m[00:19:54.595771] [D] [SingleNodeWorker] [WorkerThread-1] [Task:1208377166-212] [InputFormatter.hpp:348] [indexTrailingSpanningTupleProxy] last offset: 262143, first offset: 3[m
[36m[00:20:17.334751] [D] [SingleNodeWorker] [WorkerThread-1] [Task:1208377166-212] [InputFormatter.hpp:348] [indexTrailingSpanningTupleProxy] last offset: 262143, first offset: 74[m
[36m[00:21:12.597664] [D] [SingleNodeWorker] [WorkerThread-1] [Task:1208377166-212] [InputFormatter.hpp:348] [indexTrailingSpanningTupleProxy] last offset: 262143, first offset: 66[m
[36m[00:21:19.605109] [D] [SingleNodeWorker] [WorkerThread-0] [Task:1208377166] [SourceThread.cpp:230] [tryStop] SourceThread 2: attempting to stop source[m
[36m[00:21:19.605149] [D] [SingleNodeWorker] [WorkerThread-0] [Task:1208377166] [SourceThread.cpp:248] [tryStop] SourceThread 2: stopped[m
[32m[00:21:19.642389] [I] [SingleNodeWorker] [WorkerThread-1] [] [SequenceShredder.cpp:55] [~SequenceShredder] Successfully validated SequenceShredder[m
[32m[00:21:19.642785] [I] [SingleNodeWorker] [WorkerThread-0] [Task:1208377166-213] [VoidSink.cpp:42] [stop] Void Sink completed.[m
[36m[00:21:19.642939] [D] [SingleNodeWorker] [WorkerThread-0] [] [SourceThread.cpp:226] [tryStop] SourceThread 2: thread is not running[m
[36m[00:21:22.737296] [D] [Not A Worker] [unnamed] [queryId:173453785] [BufferManager.cpp:110] [initialize] NES memory allocation requires 1 out of 540577120256 (so 1.8498748143954595e-10%) available bytes[m
[36m[00:21:22.737358] [D] [Not A Worker] [unnamed] [queryId:173453785] [BufferManager.cpp:160] [initialize] BufferManager configuration bufferSize=1 numOfBuffers=1[m
[36m[00:21:22.737808] [D] [Not A Worker] [unnamed] [queryId:173453785] [PipeliningPhase.cpp:365] [apply] Constructed pipeline plan with 1 root pipelines.
PipelinedQueryPlan for Query: 173453785
Number of root pipelines: 1
------------------
Root Pipeline 0:
  Pipeline(ID(214), Provider(COMPILER))
  Operator chain:
    PhysicalOperator(NES::SourcePhysicalOperator)
  Successor Pipeline:
    Pipeline(ID(215), Provider(None))
      Operator chain:
        PhysicalOperator(NES::ScanPhysicalOperator)
          PhysicalOperator(NES::MapPhysicalOperator)
            PhysicalOperator(NES::EmitPhysicalOperator)
      Successor Pipeline:
        Pipeline(ID(216), Provider(None))
          Operator chain:
            PhysicalOperator(NES::SinkPhysicalOperator)

[m
[36m[00:21:22.740810] [D] [Not A Worker] [unnamed] [] [SinkProvider.cpp:30] [lower] The sinkDescriptor is: SinkDescriptor: (name: variant("BID_AUCTION_ID_SINK"), type: Void, Config: )[m
[36m[00:21:22.751260] [D] [SingleNodeWorker] [WorkerThread-1] [Task:173453785-216] [VoidSink.cpp:37] [start] Setting up void sink: VoidSink[m
[36m[00:21:22.800307] [D] [SingleNodeWorker] [WorkerThread-1] [] [SourceThread.cpp:184] [start] Starting source with originId: 2[m
[36m[00:21:22.807504] [D] [SingleNodeWorker] [WorkerThread-0] [Task:173453785-215] [BufferManager.cpp:65] [~BufferManager] Calling BufferManager::destroy()[m
[36m[00:21:22.807593] [D] [SingleNodeWorker] [WorkerThread-0] [Task:173453785-215] [BufferManager.cpp:93] [~BufferManager] Shutting down Buffer Manager completed[m
[36m[00:25:06.530283] [D] [SingleNodeWorker] [WorkerThread-0] [Task:173453785-215] [InputFormatter.hpp:348] [indexTrailingSpanningTupleProxy] last offset: 262143, first offset: 73[m
[36m[00:25:31.269680] [D] [SingleNodeWorker] [WorkerThread-0] [Task:173453785] [SourceThread.cpp:230] [tryStop] SourceThread 2: attempting to stop source[m
[36m[00:25:31.269729] [D] [SingleNodeWorker] [WorkerThread-0] [Task:173453785] [SourceThread.cpp:248] [tryStop] SourceThread 2: stopped[m
[32m[00:25:31.296087] [I] [SingleNodeWorker] [WorkerThread-1] [] [SequenceShredder.cpp:55] [~SequenceShredder] Successfully validated SequenceShredder[m
[32m[00:25:31.304605] [I] [SingleNodeWorker] [WorkerThread-0] [Task:173453785-216] [VoidSink.cpp:42] [stop] Void Sink completed.[m
[36m[00:25:31.304708] [D] [SingleNodeWorker] [WorkerThread-0] [] [SourceThread.cpp:226] [tryStop] SourceThread 2: thread is not running[m
[36m[00:25:35.354111] [D] [Not A Worker] [unnamed] [queryId:227853378] [BufferManager.cpp:110] [initialize] NES memory allocation requires 1 out of 540577120256 (so 1.8498748143954595e-10%) available bytes[m
[36m[00:25:35.354178] [D] [Not A Worker] [unnamed] [queryId:227853378] [BufferManager.cpp:160] [initialize] BufferManager configuration bufferSize=1 numOfBuffers=1[m
[36m[00:25:35.354630] [D] [Not A Worker] [unnamed] [queryId:227853378] [PipeliningPhase.cpp:365] [apply] Constructed pipeline plan with 1 root pipelines.
PipelinedQueryPlan for Query: 227853378
Number of root pipelines: 1
------------------
Root Pipeline 0:
  Pipeline(ID(217), Provider(COMPILER))
  Operator chain:
    PhysicalOperator(NES::SourcePhysicalOperator)
  Successor Pipeline:
    Pipeline(ID(218), Provider(None))
      Operator chain:
        PhysicalOperator(NES::ScanPhysicalOperator)
          PhysicalOperator(NES::MapPhysicalOperator)
            PhysicalOperator(NES::EmitPhysicalOperator)
      Successor Pipeline:
        Pipeline(ID(219), Provider(None))
          Operator chain:
            PhysicalOperator(NES::SinkPhysicalOperator)

[m
[36m[00:25:35.358125] [D] [Not A Worker] [unnamed] [] [SinkProvider.cpp:30] [lower] The sinkDescriptor is: SinkDescriptor: (name: variant("BID_AUCTION_ID_SINK"), type: Void, Config: )[m
[36m[00:25:35.362558] [D] [SingleNodeWorker] [WorkerThread-1] [Task:227853378-219] [VoidSink.cpp:37] [start] Setting up void sink: VoidSink[m
[36m[00:25:35.413895] [D] [SingleNodeWorker] [WorkerThread-1] [] [SourceThread.cpp:184] [start] Starting source with originId: 2[m
[36m[00:25:35.421034] [D] [SingleNodeWorker] [WorkerThread-1] [Task:227853378-218] [BufferManager.cpp:65] [~BufferManager] Calling BufferManager::destroy()[m
[36m[00:25:35.421063] [D] [SingleNodeWorker] [WorkerThread-1] [Task:227853378-218] [BufferManager.cpp:93] [~BufferManager] Shutting down Buffer Manager completed[m
[36m[00:28:31.959758] [D] [SingleNodeWorker] [WorkerThread-1] [Task:227853378-218] [InputFormatter.hpp:348] [indexTrailingSpanningTupleProxy] last offset: 262143, first offset: 19[m
[36m[00:29:43.836952] [D] [SingleNodeWorker] [WorkerThread-1] [Task:227853378] [SourceThread.cpp:230] [tryStop] SourceThread 2: attempting to stop source[m
[36m[00:29:43.837011] [D] [SingleNodeWorker] [WorkerThread-1] [Task:227853378] [SourceThread.cpp:248] [tryStop] SourceThread 2: stopped[m
[32m[00:29:43.863623] [I] [SingleNodeWorker] [WorkerThread-0] [] [SequenceShredder.cpp:55] [~SequenceShredder] Successfully validated SequenceShredder[m
[32m[00:29:43.873230] [I] [SingleNodeWorker] [WorkerThread-1] [Task:227853378-219] [VoidSink.cpp:42] [stop] Void Sink completed.[m
[36m[00:29:43.873383] [D] [SingleNodeWorker] [WorkerThread-1] [] [SourceThread.cpp:226] [tryStop] SourceThread 2: thread is not running[m
[36m[00:29:46.757099] [D] [Not A Worker] [unnamed] [queryId:2009032879] [BufferManager.cpp:110] [initialize] NES memory allocation requires 1 out of 540577120256 (so 1.8498748143954595e-10%) available bytes[m
[36m[00:29:46.757165] [D] [Not A Worker] [unnamed] [queryId:2009032879] [BufferManager.cpp:160] [initialize] BufferManager configuration bufferSize=1 numOfBuffers=1[m
[36m[00:29:46.757601] [D] [Not A Worker] [unnamed] [queryId:2009032879] [PipeliningPhase.cpp:365] [apply] Constructed pipeline plan with 1 root pipelines.
PipelinedQueryPlan for Query: 2009032879
Number of root pipelines: 1
------------------
Root Pipeline 0:
  Pipeline(ID(220), Provider(COMPILER))
  Operator chain:
    PhysicalOperator(NES::SourcePhysicalOperator)
  Successor Pipeline:
    Pipeline(ID(221), Provider(None))
      Operator chain:
        PhysicalOperator(NES::ScanPhysicalOperator)
          PhysicalOperator(NES::MapPhysicalOperator)
            PhysicalOperator(NES::EmitPhysicalOperator)
      Successor Pipeline:
        Pipeline(ID(222), Provider(None))
          Operator chain:
            PhysicalOperator(NES::SinkPhysicalOperator)

[m
[36m[00:29:46.760674] [D] [Not A Worker] [unnamed] [] [SinkProvider.cpp:30] [lower] The sinkDescriptor is: SinkDescriptor: (name: variant("BID_AUCTION_ID_SINK"), type: Void, Config: )[m
[36m[00:29:46.768358] [D] [SingleNodeWorker] [WorkerThread-0] [Task:2009032879-222] [VoidSink.cpp:37] [start] Setting up void sink: VoidSink[m
[36m[00:29:46.817685] [D] [SingleNodeWorker] [WorkerThread-0] [] [SourceThread.cpp:184] [start] Starting source with originId: 2[m
[36m[00:29:46.824815] [D] [SingleNodeWorker] [WorkerThread-0] [Task:2009032879-221] [BufferManager.cpp:65] [~BufferManager] Calling BufferManager::destroy()[m
[36m[00:29:46.824841] [D] [SingleNodeWorker] [WorkerThread-0] [Task:2009032879-221] [BufferManager.cpp:93] [~BufferManager] Shutting down Buffer Manager completed[m
[36m[00:33:55.235916] [D] [SingleNodeWorker] [WorkerThread-1] [Task:2009032879] [SourceThread.cpp:230] [tryStop] SourceThread 2: attempting to stop source[m
[36m[00:33:55.235976] [D] [SingleNodeWorker] [WorkerThread-1] [Task:2009032879] [SourceThread.cpp:248] [tryStop] SourceThread 2: stopped[m
[32m[00:33:55.263539] [I] [SingleNodeWorker] [WorkerThread-0] [] [SequenceShredder.cpp:55] [~SequenceShredder] Successfully validated SequenceShredder[m
[32m[00:33:55.273276] [I] [SingleNodeWorker] [WorkerThread-1] [Task:2009032879-222] [VoidSink.cpp:42] [stop] Void Sink completed.[m
[36m[00:33:55.273436] [D] [SingleNodeWorker] [WorkerThread-1] [] [SourceThread.cpp:226] [tryStop] SourceThread 2: thread is not running[m
[36m[00:33:57.825036] [D] [Not A Worker] [unnamed] [queryId:1160921439] [BufferManager.cpp:110] [initialize] NES memory allocation requires 1 out of 540577120256 (so 1.8498748143954595e-10%) available bytes[m
[36m[00:33:57.825107] [D] [Not A Worker] [unnamed] [queryId:1160921439] [BufferManager.cpp:160] [initialize] BufferManager configuration bufferSize=1 numOfBuffers=1[m
[36m[00:33:57.825650] [D] [Not A Worker] [unnamed] [queryId:1160921439] [PipeliningPhase.cpp:365] [apply] Constructed pipeline plan with 1 root pipelines.
PipelinedQueryPlan for Query: 1160921439
Number of root pipelines: 1
------------------
Root Pipeline 0:
  Pipeline(ID(223), Provider(COMPILER))
  Operator chain:
    PhysicalOperator(NES::SourcePhysicalOperator)
  Successor Pipeline:
    Pipeline(ID(224), Provider(None))
      Operator chain:
        PhysicalOperator(NES::ScanPhysicalOperator)
          PhysicalOperator(NES::MapPhysicalOperator)
            PhysicalOperator(NES::EmitPhysicalOperator)
      Successor Pipeline:
        Pipeline(ID(225), Provider(None))
          Operator chain:
            PhysicalOperator(NES::SinkPhysicalOperator)

[m
[36m[00:33:57.829142] [D] [Not A Worker] [unnamed] [] [SinkProvider.cpp:30] [lower] The sinkDescriptor is: SinkDescriptor: (name: variant("BID_AUCTION_ID_SINK"), type: Void, Config: )[m
[36m[00:33:57.839930] [D] [SingleNodeWorker] [WorkerThread-1] [Task:1160921439-225] [VoidSink.cpp:37] [start] Setting up void sink: VoidSink[m
[36m[00:33:57.891411] [D] [SingleNodeWorker] [WorkerThread-1] [] [SourceThread.cpp:184] [start] Starting source with originId: 2[m
[36m[00:33:57.897922] [D] [SingleNodeWorker] [WorkerThread-0] [Task:1160921439-224] [BufferManager.cpp:65] [~BufferManager] Calling BufferManager::destroy()[m
[36m[00:33:57.898011] [D] [SingleNodeWorker] [WorkerThread-0] [Task:1160921439-224] [BufferManager.cpp:93] [~BufferManager] Shutting down Buffer Manager completed[m
[36m[00:38:05.957285] [D] [SingleNodeWorker] [WorkerThread-1] [Task:1160921439] [SourceThread.cpp:230] [tryStop] SourceThread 2: attempting to stop source[m
[36m[00:38:05.957346] [D] [SingleNodeWorker] [WorkerThread-1] [Task:1160921439] [SourceThread.cpp:248] [tryStop] SourceThread 2: stopped[m
[32m[00:38:05.985064] [I] [SingleNodeWorker] [WorkerThread-0] [] [SequenceShredder.cpp:55] [~SequenceShredder] Successfully validated SequenceShredder[m
[32m[00:38:05.994356] [I] [SingleNodeWorker] [WorkerThread-1] [Task:1160921439-225] [VoidSink.cpp:42] [stop] Void Sink completed.[m
[36m[00:38:05.994501] [D] [SingleNodeWorker] [WorkerThread-1] [] [SourceThread.cpp:226] [tryStop] SourceThread 2: thread is not running[m
[36m[00:38:09.536671] [D] [Not A Worker] [unnamed] [queryId:991709706] [BufferManager.cpp:110] [initialize] NES memory allocation requires 1 out of 540577120256 (so 1.8498748143954595e-10%) available bytes[m
[36m[00:38:09.536720] [D] [Not A Worker] [unnamed] [queryId:991709706] [BufferManager.cpp:160] [initialize] BufferManager configuration bufferSize=1 numOfBuffers=1[m
[36m[00:38:09.537067] [D] [Not A Worker] [unnamed] [queryId:991709706] [PipeliningPhase.cpp:365] [apply] Constructed pipeline plan with 1 root pipelines.
PipelinedQueryPlan for Query: 991709706
Number of root pipelines: 1
------------------
Root Pipeline 0:
  Pipeline(ID(226), Provider(COMPILER))
  Operator chain:
    PhysicalOperator(NES::SourcePhysicalOperator)
  Successor Pipeline:
    Pipeline(ID(227), Provider(None))
      Operator chain:
        PhysicalOperator(NES::ScanPhysicalOperator)
          PhysicalOperator(NES::MapPhysicalOperator)
            PhysicalOperator(NES::EmitPhysicalOperator)
      Successor Pipeline:
        Pipeline(ID(228), Provider(None))
          Operator chain:
            PhysicalOperator(NES::SinkPhysicalOperator)

[m
[36m[00:38:09.540796] [D] [Not A Worker] [unnamed] [] [SinkProvider.cpp:30] [lower] The sinkDescriptor is: SinkDescriptor: (name: variant("BID_AUCTION_ID_SINK"), type: Void, Config: )[m
[36m[00:38:09.553488] [D] [SingleNodeWorker] [WorkerThread-1] [Task:991709706-228] [VoidSink.cpp:37] [start] Setting up void sink: VoidSink[m
[36m[00:38:09.604418] [D] [SingleNodeWorker] [WorkerThread-1] [] [SourceThread.cpp:184] [start] Starting source with originId: 2[m
[36m[00:38:09.611368] [D] [SingleNodeWorker] [WorkerThread-0] [Task:991709706-227] [BufferManager.cpp:65] [~BufferManager] Calling BufferManager::destroy()[m
[36m[00:38:09.611449] [D] [SingleNodeWorker] [WorkerThread-0] [Task:991709706-227] [BufferManager.cpp:93] [~BufferManager] Shutting down Buffer Manager completed[m
[36m[00:42:18.527403] [D] [SingleNodeWorker] [WorkerThread-0] [Task:991709706] [SourceThread.cpp:230] [tryStop] SourceThread 2: attempting to stop source[m
[36m[00:42:18.527462] [D] [SingleNodeWorker] [WorkerThread-0] [Task:991709706] [SourceThread.cpp:248] [tryStop] SourceThread 2: stopped[m
[32m[00:42:18.553980] [I] [SingleNodeWorker] [WorkerThread-0] [] [SequenceShredder.cpp:55] [~SequenceShredder] Successfully validated SequenceShredder[m
[32m[00:42:18.563768] [I] [SingleNodeWorker] [WorkerThread-1] [Task:991709706-228] [VoidSink.cpp:42] [stop] Void Sink completed.[m
[36m[00:42:18.563933] [D] [SingleNodeWorker] [WorkerThread-1] [] [SourceThread.cpp:226] [tryStop] SourceThread 2: thread is not running[m
[36m[00:42:21.017253] [D] [Not A Worker] [unnamed] [queryId:1099563305] [BufferManager.cpp:110] [initialize] NES memory allocation requires 1 out of 540577120256 (so 1.8498748143954595e-10%) available bytes[m
[36m[00:42:21.017325] [D] [Not A Worker] [unnamed] [queryId:1099563305] [BufferManager.cpp:160] [initialize] BufferManager configuration bufferSize=1 numOfBuffers=1[m
[36m[00:42:21.017892] [D] [Not A Worker] [unnamed] [queryId:1099563305] [PipeliningPhase.cpp:365] [apply] Constructed pipeline plan with 1 root pipelines.
PipelinedQueryPlan for Query: 1099563305
Number of root pipelines: 1
------------------
Root Pipeline 0:
  Pipeline(ID(229), Provider(COMPILER))
  Operator chain:
    PhysicalOperator(NES::SourcePhysicalOperator)
  Successor Pipeline:
    Pipeline(ID(230), Provider(None))
      Operator chain:
        PhysicalOperator(NES::ScanPhysicalOperator)
          PhysicalOperator(NES::MapPhysicalOperator)
            PhysicalOperator(NES::EmitPhysicalOperator)
      Successor Pipeline:
        Pipeline(ID(231), Provider(None))
          Operator chain:
            PhysicalOperator(NES::SinkPhysicalOperator)

[m
[36m[00:42:21.021564] [D] [Not A Worker] [unnamed] [] [SinkProvider.cpp:30] [lower] The sinkDescriptor is: SinkDescriptor: (name: variant("BID_AUCTION_ID_SINK"), type: Void, Config: )[m
[36m[00:42:21.028859] [D] [SingleNodeWorker] [WorkerThread-1] [Task:1099563305-231] [VoidSink.cpp:37] [start] Setting up void sink: VoidSink[m
[36m[00:42:21.078497] [D] [SingleNodeWorker] [WorkerThread-1] [] [SourceThread.cpp:184] [start] Starting source with originId: 2[m
[36m[00:42:21.085542] [D] [SingleNodeWorker] [WorkerThread-1] [Task:1099563305-230] [BufferManager.cpp:65] [~BufferManager] Calling BufferManager::destroy()[m
[36m[00:42:21.085571] [D] [SingleNodeWorker] [WorkerThread-1] [Task:1099563305-230] [BufferManager.cpp:93] [~BufferManager] Shutting down Buffer Manager completed[m
[36m[00:44:21.830415] [D] [SingleNodeWorker] [WorkerThread-0] [Task:1099563305-230] [InputFormatter.hpp:348] [indexTrailingSpanningTupleProxy] last offset: 262143, first offset: 24[m
[36m[00:46:29.535483] [D] [SingleNodeWorker] [WorkerThread-1] [Task:1099563305] [SourceThread.cpp:230] [tryStop] SourceThread 2: attempting to stop source[m
[36m[00:46:29.535529] [D] [SingleNodeWorker] [WorkerThread-1] [Task:1099563305] [SourceThread.cpp:248] [tryStop] SourceThread 2: stopped[m
[32m[00:46:29.565019] [I] [SingleNodeWorker] [WorkerThread-0] [] [SequenceShredder.cpp:55] [~SequenceShredder] Successfully validated SequenceShredder[m
[32m[00:46:29.570779] [I] [SingleNodeWorker] [WorkerThread-1] [Task:1099563305-231] [VoidSink.cpp:42] [stop] Void Sink completed.[m
[36m[00:46:29.571001] [D] [SingleNodeWorker] [WorkerThread-1] [] [SourceThread.cpp:226] [tryStop] SourceThread 2: thread is not running[m
[36m[00:46:32.184129] [D] [Not A Worker] [unnamed] [queryId:2124537627] [BufferManager.cpp:110] [initialize] NES memory allocation requires 1 out of 540577120256 (so 1.8498748143954595e-10%) available bytes[m
[36m[00:46:32.184193] [D] [Not A Worker] [unnamed] [queryId:2124537627] [BufferManager.cpp:160] [initialize] BufferManager configuration bufferSize=1 numOfBuffers=1[m
[36m[00:46:32.184690] [D] [Not A Worker] [unnamed] [queryId:2124537627] [PipeliningPhase.cpp:365] [apply] Constructed pipeline plan with 1 root pipelines.
PipelinedQueryPlan for Query: 2124537627
Number of root pipelines: 1
------------------
Root Pipeline 0:
  Pipeline(ID(232), Provider(COMPILER))
  Operator chain:
    PhysicalOperator(NES::SourcePhysicalOperator)
  Successor Pipeline:
    Pipeline(ID(233), Provider(None))
      Operator chain:
        PhysicalOperator(NES::ScanPhysicalOperator)
          PhysicalOperator(NES::MapPhysicalOperator)
            PhysicalOperator(NES::EmitPhysicalOperator)
      Successor Pipeline:
        Pipeline(ID(234), Provider(None))
          Operator chain:
            PhysicalOperator(NES::SinkPhysicalOperator)

[m
[36m[00:46:32.188529] [D] [Not A Worker] [unnamed] [] [SinkProvider.cpp:30] [lower] The sinkDescriptor is: SinkDescriptor: (name: variant("BID_AUCTION_ID_SINK"), type: Void, Config: )[m
[36m[00:46:32.197160] [D] [SingleNodeWorker] [WorkerThread-1] [Task:2124537627-234] [VoidSink.cpp:37] [start] Setting up void sink: VoidSink[m
[36m[00:46:32.241449] [D] [SingleNodeWorker] [WorkerThread-1] [] [SourceThread.cpp:184] [start] Starting source with originId: 2[m
[36m[00:46:32.248885] [D] [SingleNodeWorker] [WorkerThread-1] [Task:2124537627-233] [BufferManager.cpp:65] [~BufferManager] Calling BufferManager::destroy()[m
[36m[00:46:32.248920] [D] [SingleNodeWorker] [WorkerThread-1] [Task:2124537627-233] [BufferManager.cpp:93] [~BufferManager] Shutting down Buffer Manager completed[m
[36m[00:49:46.137516] [D] [SingleNodeWorker] [WorkerThread-0] [Task:2124537627-233] [InputFormatter.hpp:348] [indexTrailingSpanningTupleProxy] last offset: 262143, first offset: 26[m
[36m[00:49:46.934771] [D] [SingleNodeWorker] [WorkerThread-0] [Task:2124537627-233] [InputFormatter.hpp:348] [indexTrailingSpanningTupleProxy] last offset: 262143, first offset: 57[m
[36m[00:50:40.406339] [D] [SingleNodeWorker] [WorkerThread-0] [Task:2124537627] [SourceThread.cpp:230] [tryStop] SourceThread 2: attempting to stop source[m
[36m[00:50:40.406395] [D] [SingleNodeWorker] [WorkerThread-0] [Task:2124537627] [SourceThread.cpp:248] [tryStop] SourceThread 2: stopped[m
[32m[00:50:40.443153] [I] [SingleNodeWorker] [WorkerThread-0] [] [SequenceShredder.cpp:55] [~SequenceShredder] Successfully validated SequenceShredder[m
[32m[00:50:40.460842] [I] [SingleNodeWorker] [WorkerThread-1] [Task:2124537627-234] [VoidSink.cpp:42] [stop] Void Sink completed.[m
[36m[00:50:40.461024] [D] [SingleNodeWorker] [WorkerThread-1] [] [SourceThread.cpp:226] [tryStop] SourceThread 2: thread is not running[m
[36m[00:50:43.511880] [D] [Not A Worker] [unnamed] [queryId:1814280771] [BufferManager.cpp:110] [initialize] NES memory allocation requires 1 out of 540577120256 (so 1.8498748143954595e-10%) available bytes[m
[36m[00:50:43.511944] [D] [Not A Worker] [unnamed] [queryId:1814280771] [BufferManager.cpp:160] [initialize] BufferManager configuration bufferSize=1 numOfBuffers=1[m
[36m[00:50:43.512394] [D] [Not A Worker] [unnamed] [queryId:1814280771] [PipeliningPhase.cpp:365] [apply] Constructed pipeline plan with 1 root pipelines.
PipelinedQueryPlan for Query: 1814280771
Number of root pipelines: 1
------------------
Root Pipeline 0:
  Pipeline(ID(235), Provider(COMPILER))
  Operator chain:
    PhysicalOperator(NES::SourcePhysicalOperator)
  Successor Pipeline:
    Pipeline(ID(236), Provider(None))
      Operator chain:
        PhysicalOperator(NES::ScanPhysicalOperator)
          PhysicalOperator(NES::MapPhysicalOperator)
            PhysicalOperator(NES::EmitPhysicalOperator)
      Successor Pipeline:
        Pipeline(ID(237), Provider(None))
          Operator chain:
            PhysicalOperator(NES::SinkPhysicalOperator)

[m
[36m[00:50:43.515374] [D] [Not A Worker] [unnamed] [] [SinkProvider.cpp:30] [lower] The sinkDescriptor is: SinkDescriptor: (name: variant("BID_AUCTION_ID_SINK"), type: Void, Config: )[m
[36m[00:50:43.518780] [D] [SingleNodeWorker] [WorkerThread-0] [Task:1814280771-237] [VoidSink.cpp:37] [start] Setting up void sink: VoidSink[m
[36m[00:50:43.571142] [D] [SingleNodeWorker] [WorkerThread-0] [] [SourceThread.cpp:184] [start] Starting source with originId: 2[m
[36m[00:50:43.578354] [D] [SingleNodeWorker] [WorkerThread-0] [Task:1814280771-236] [BufferManager.cpp:65] [~BufferManager] Calling BufferManager::destroy()[m
[36m[00:50:43.578387] [D] [SingleNodeWorker] [WorkerThread-0] [Task:1814280771-236] [BufferManager.cpp:93] [~BufferManager] Shutting down Buffer Manager completed[m
[36m[00:54:52.243449] [D] [SingleNodeWorker] [WorkerThread-1] [Task:1814280771] [SourceThread.cpp:230] [tryStop] SourceThread 2: attempting to stop source[m
[36m[00:54:52.243492] [D] [SingleNodeWorker] [WorkerThread-1] [Task:1814280771] [SourceThread.cpp:248] [tryStop] SourceThread 2: stopped[m
[32m[00:54:52.269600] [I] [SingleNodeWorker] [WorkerThread-0] [] [SequenceShredder.cpp:55] [~SequenceShredder] Successfully validated SequenceShredder[m
[32m[00:54:52.279566] [I] [SingleNodeWorker] [WorkerThread-1] [Task:1814280771-237] [VoidSink.cpp:42] [stop] Void Sink completed.[m
[36m[00:54:52.279706] [D] [SingleNodeWorker] [WorkerThread-1] [] [SourceThread.cpp:226] [tryStop] SourceThread 2: thread is not running[m
[36m[00:54:55.099765] [D] [Not A Worker] [unnamed] [queryId:1436458133] [BufferManager.cpp:110] [initialize] NES memory allocation requires 1 out of 540577120256 (so 1.8498748143954595e-10%) available bytes[m
[36m[00:54:55.099820] [D] [Not A Worker] [unnamed] [queryId:1436458133] [BufferManager.cpp:160] [initialize] BufferManager configuration bufferSize=1 numOfBuffers=1[m
[36m[00:54:55.100195] [D] [Not A Worker] [unnamed] [queryId:1436458133] [PipeliningPhase.cpp:365] [apply] Constructed pipeline plan with 1 root pipelines.
PipelinedQueryPlan for Query: 1436458133
Number of root pipelines: 1
------------------
Root Pipeline 0:
  Pipeline(ID(238), Provider(COMPILER))
  Operator chain:
    PhysicalOperator(NES::SourcePhysicalOperator)
  Successor Pipeline:
    Pipeline(ID(239), Provider(None))
      Operator chain:
        PhysicalOperator(NES::ScanPhysicalOperator)
          PhysicalOperator(NES::MapPhysicalOperator)
            PhysicalOperator(NES::EmitPhysicalOperator)
      Successor Pipeline:
        Pipeline(ID(240), Provider(None))
          Operator chain:
            PhysicalOperator(NES::SinkPhysicalOperator)

[m
[36m[00:54:55.103609] [D] [Not A Worker] [unnamed] [] [SinkProvider.cpp:30] [lower] The sinkDescriptor is: SinkDescriptor: (name: variant("BID_AUCTION_ID_SINK"), type: Void, Config: )[m
[36m[00:54:55.104139] [D] [SingleNodeWorker] [WorkerThread-1] [Task:1436458133-240] [VoidSink.cpp:37] [start] Setting up void sink: VoidSink[m
[36m[00:54:55.156875] [D] [SingleNodeWorker] [WorkerThread-1] [] [SourceThread.cpp:184] [start] Starting source with originId: 2[m
[36m[00:54:55.164246] [D] [SingleNodeWorker] [WorkerThread-1] [Task:1436458133-239] [BufferManager.cpp:65] [~BufferManager] Calling BufferManager::destroy()[m
[36m[00:54:55.164277] [D] [SingleNodeWorker] [WorkerThread-1] [Task:1436458133-239] [BufferManager.cpp:93] [~BufferManager] Shutting down Buffer Manager completed[m
[36m[00:56:29.090503] [D] [SingleNodeWorker] [WorkerThread-0] [Task:1436458133-239] [InputFormatter.hpp:348] [indexTrailingSpanningTupleProxy] last offset: 262143, first offset: 21[m
[36m[00:59:04.169261] [D] [SingleNodeWorker] [WorkerThread-1] [Task:1436458133] [SourceThread.cpp:230] [tryStop] SourceThread 2: attempting to stop source[m
[36m[00:59:04.169310] [D] [SingleNodeWorker] [WorkerThread-1] [Task:1436458133] [SourceThread.cpp:248] [tryStop] SourceThread 2: stopped[m
[32m[00:59:04.205488] [I] [SingleNodeWorker] [WorkerThread-1] [] [SequenceShredder.cpp:55] [~SequenceShredder] Successfully validated SequenceShredder[m
[32m[00:59:04.206083] [I] [SingleNodeWorker] [WorkerThread-0] [Task:1436458133-240] [VoidSink.cpp:42] [stop] Void Sink completed.[m
[36m[00:59:04.206257] [D] [SingleNodeWorker] [WorkerThread-0] [] [SourceThread.cpp:226] [tryStop] SourceThread 2: thread is not running[m
[36m[00:59:06.807757] [D] [Not A Worker] [unnamed] [queryId:1676600208] [BufferManager.cpp:110] [initialize] NES memory allocation requires 1 out of 540577120256 (so 1.8498748143954595e-10%) available bytes[m
[36m[00:59:06.807813] [D] [Not A Worker] [unnamed] [queryId:1676600208] [BufferManager.cpp:160] [initialize] BufferManager configuration bufferSize=1 numOfBuffers=1[m
[36m[00:59:06.808010] [D] [Not A Worker] [unnamed] [queryId:1676600208] [PipeliningPhase.cpp:365] [apply] Constructed pipeline plan with 1 root pipelines.
PipelinedQueryPlan for Query: 1676600208
Number of root pipelines: 1
------------------
Root Pipeline 0:
  Pipeline(ID(241), Provider(COMPILER))
  Operator chain:
    PhysicalOperator(NES::SourcePhysicalOperator)
  Successor Pipeline:
    Pipeline(ID(242), Provider(None))
      Operator chain:
        PhysicalOperator(NES::ScanPhysicalOperator)
          PhysicalOperator(NES::SelectionPhysicalOperator)
            PhysicalOperator(NES::MapPhysicalOperator)
              PhysicalOperator(NES::EmitPhysicalOperator)
      Successor Pipeline:
        Pipeline(ID(243), Provider(None))
          Operator chain:
            PhysicalOperator(NES::SinkPhysicalOperator)

[m
[36m[00:59:06.811604] [D] [Not A Worker] [unnamed] [] [SinkProvider.cpp:30] [lower] The sinkDescriptor is: SinkDescriptor: (name: variant("CITY_SINK"), type: Void, Config: )[m
[36m[00:59:06.835000] [D] [SingleNodeWorker] [WorkerThread-1] [Task:1676600208-243] [VoidSink.cpp:37] [start] Setting up void sink: VoidSink[m
[36m[00:59:06.916319] [D] [SingleNodeWorker] [WorkerThread-0] [] [SourceThread.cpp:184] [start] Starting source with originId: 2[m
[36m[00:59:06.923371] [D] [SingleNodeWorker] [WorkerThread-0] [Task:1676600208-242] [BufferManager.cpp:65] [~BufferManager] Calling BufferManager::destroy()[m
[36m[00:59:06.923404] [D] [SingleNodeWorker] [WorkerThread-0] [Task:1676600208-242] [BufferManager.cpp:93] [~BufferManager] Shutting down Buffer Manager completed[m
[36m[00:59:17.390942] [D] [SingleNodeWorker] [WorkerThread-0] [Task:1676600208] [SourceThread.cpp:230] [tryStop] SourceThread 2: attempting to stop source[m
[36m[00:59:17.390997] [D] [SingleNodeWorker] [WorkerThread-0] [Task:1676600208] [SourceThread.cpp:248] [tryStop] SourceThread 2: stopped[m
[32m[00:59:17.418230] [I] [SingleNodeWorker] [WorkerThread-1] [] [SequenceShredder.cpp:55] [~SequenceShredder] Successfully validated SequenceShredder[m
[32m[00:59:17.426819] [I] [SingleNodeWorker] [WorkerThread-0] [Task:1676600208-243] [VoidSink.cpp:42] [stop] Void Sink completed.[m
[36m[00:59:17.426971] [D] [SingleNodeWorker] [WorkerThread-0] [] [SourceThread.cpp:226] [tryStop] SourceThread 2: thread is not running[m
[36m[00:59:20.533382] [D] [Not A Worker] [unnamed] [queryId:1769814495] [BufferManager.cpp:110] [initialize] NES memory allocation requires 1 out of 540577120256 (so 1.8498748143954595e-10%) available bytes[m
[36m[00:59:20.533431] [D] [Not A Worker] [unnamed] [queryId:1769814495] [BufferManager.cpp:160] [initialize] BufferManager configuration bufferSize=1 numOfBuffers=1[m
[36m[00:59:20.533626] [D] [Not A Worker] [unnamed] [queryId:1769814495] [PipeliningPhase.cpp:365] [apply] Constructed pipeline plan with 1 root pipelines.
PipelinedQueryPlan for Query: 1769814495
Number of root pipelines: 1
------------------
Root Pipeline 0:
  Pipeline(ID(244), Provider(COMPILER))
  Operator chain:
    PhysicalOperator(NES::SourcePhysicalOperator)
  Successor Pipeline:
    Pipeline(ID(245), Provider(None))
      Operator chain:
        PhysicalOperator(NES::ScanPhysicalOperator)
          PhysicalOperator(NES::SelectionPhysicalOperator)
            PhysicalOperator(NES::MapPhysicalOperator)
              PhysicalOperator(NES::EmitPhysicalOperator)
      Successor Pipeline:
        Pipeline(ID(246), Provider(None))
          Operator chain:
            PhysicalOperator(NES::SinkPhysicalOperator)

[m
[36m[00:59:20.537169] [D] [Not A Worker] [unnamed] [] [SinkProvider.cpp:30] [lower] The sinkDescriptor is: SinkDescriptor: (name: variant("CITY_SINK"), type: Void, Config: )[m
[36m[00:59:20.550746] [D] [SingleNodeWorker] [WorkerThread-1] [Task:1769814495-246] [VoidSink.cpp:37] [start] Setting up void sink: VoidSink[m
[36m[00:59:20.619793] [D] [SingleNodeWorker] [WorkerThread-1] [] [SourceThread.cpp:184] [start] Starting source with originId: 2[m
[36m[00:59:20.621320] [D] [SingleNodeWorker] [WorkerThread-1] [Task:1769814495-245] [BufferManager.cpp:65] [~BufferManager] Calling BufferManager::destroy()[m
[36m[00:59:20.621342] [D] [SingleNodeWorker] [WorkerThread-1] [Task:1769814495-245] [BufferManager.cpp:93] [~BufferManager] Shutting down Buffer Manager completed[m
[36m[00:59:24.345683] [D] [SingleNodeWorker] [WorkerThread-1] [Task:1769814495-245] [InputFormatter.hpp:348] [indexTrailingSpanningTupleProxy] last offset: 262143, first offset: 284[m
[36m[00:59:31.014834] [D] [SingleNodeWorker] [WorkerThread-0] [Task:1769814495] [SourceThread.cpp:230] [tryStop] SourceThread 2: attempting to stop source[m
[36m[00:59:31.014886] [D] [SingleNodeWorker] [WorkerThread-0] [Task:1769814495] [SourceThread.cpp:248] [tryStop] SourceThread 2: stopped[m
[32m[00:59:31.040878] [I] [SingleNodeWorker] [WorkerThread-0] [] [SequenceShredder.cpp:55] [~SequenceShredder] Successfully validated SequenceShredder[m
[32m[00:59:31.050838] [I] [SingleNodeWorker] [WorkerThread-1] [Task:1769814495-246] [VoidSink.cpp:42] [stop] Void Sink completed.[m
[36m[00:59:31.051000] [D] [SingleNodeWorker] [WorkerThread-1] [] [SourceThread.cpp:226] [tryStop] SourceThread 2: thread is not running[m
[36m[00:59:34.225702] [D] [Not A Worker] [unnamed] [queryId:515577557] [BufferManager.cpp:110] [initialize] NES memory allocation requires 1 out of 540577120256 (so 1.8498748143954595e-10%) available bytes[m
[36m[00:59:34.225751] [D] [Not A Worker] [unnamed] [queryId:515577557] [BufferManager.cpp:160] [initialize] BufferManager configuration bufferSize=1 numOfBuffers=1[m
[36m[00:59:34.225928] [D] [Not A Worker] [unnamed] [queryId:515577557] [PipeliningPhase.cpp:365] [apply] Constructed pipeline plan with 1 root pipelines.
PipelinedQueryPlan for Query: 515577557
Number of root pipelines: 1
------------------
Root Pipeline 0:
  Pipeline(ID(247), Provider(COMPILER))
  Operator chain:
    PhysicalOperator(NES::SourcePhysicalOperator)
  Successor Pipeline:
    Pipeline(ID(248), Provider(None))
      Operator chain:
        PhysicalOperator(NES::ScanPhysicalOperator)
          PhysicalOperator(NES::SelectionPhysicalOperator)
            PhysicalOperator(NES::MapPhysicalOperator)
              PhysicalOperator(NES::EmitPhysicalOperator)
      Successor Pipeline:
        Pipeline(ID(249), Provider(None))
          Operator chain:
            PhysicalOperator(NES::SinkPhysicalOperator)

[m
[36m[00:59:34.229109] [D] [Not A Worker] [unnamed] [] [SinkProvider.cpp:30] [lower] The sinkDescriptor is: SinkDescriptor: (name: variant("CITY_SINK"), type: Void, Config: )[m
[36m[00:59:34.229539] [D] [SingleNodeWorker] [WorkerThread-1] [Task:515577557-249] [VoidSink.cpp:37] [start] Setting up void sink: VoidSink[m
[36m[00:59:34.298288] [D] [SingleNodeWorker] [WorkerThread-1] [] [SourceThread.cpp:184] [start] Starting source with originId: 2[m
[36m[00:59:34.299759] [D] [SingleNodeWorker] [WorkerThread-1] [Task:515577557-248] [BufferManager.cpp:65] [~BufferManager] Calling BufferManager::destroy()[m
[36m[00:59:34.299782] [D] [SingleNodeWorker] [WorkerThread-1] [Task:515577557-248] [BufferManager.cpp:93] [~BufferManager] Shutting down Buffer Manager completed[m
[36m[00:59:44.679879] [D] [SingleNodeWorker] [WorkerThread-1] [Task:515577557] [SourceThread.cpp:230] [tryStop] SourceThread 2: attempting to stop source[m
[36m[00:59:44.679923] [D] [SingleNodeWorker] [WorkerThread-1] [Task:515577557] [SourceThread.cpp:248] [tryStop] SourceThread 2: stopped[m
[32m[00:59:44.707116] [I] [SingleNodeWorker] [WorkerThread-0] [] [SequenceShredder.cpp:55] [~SequenceShredder] Successfully validated SequenceShredder[m
[32m[00:59:44.715609] [I] [SingleNodeWorker] [WorkerThread-1] [Task:515577557-249] [VoidSink.cpp:42] [stop] Void Sink completed.[m
[36m[00:59:44.715731] [D] [SingleNodeWorker] [WorkerThread-1] [] [SourceThread.cpp:226] [tryStop] SourceThread 2: thread is not running[m
[36m[00:59:47.557820] [D] [Not A Worker] [unnamed] [queryId:329221060] [BufferManager.cpp:110] [initialize] NES memory allocation requires 1 out of 540577120256 (so 1.8498748143954595e-10%) available bytes[m
[36m[00:59:47.557887] [D] [Not A Worker] [unnamed] [queryId:329221060] [BufferManager.cpp:160] [initialize] BufferManager configuration bufferSize=1 numOfBuffers=1[m
[36m[00:59:47.558071] [D] [Not A Worker] [unnamed] [queryId:329221060] [PipeliningPhase.cpp:365] [apply] Constructed pipeline plan with 1 root pipelines.
PipelinedQueryPlan for Query: 329221060
Number of root pipelines: 1
------------------
Root Pipeline 0:
  Pipeline(ID(250), Provider(COMPILER))
  Operator chain:
    PhysicalOperator(NES::SourcePhysicalOperator)
  Successor Pipeline:
    Pipeline(ID(251), Provider(None))
      Operator chain:
        PhysicalOperator(NES::ScanPhysicalOperator)
          PhysicalOperator(NES::SelectionPhysicalOperator)
            PhysicalOperator(NES::MapPhysicalOperator)
              PhysicalOperator(NES::EmitPhysicalOperator)
      Successor Pipeline:
        Pipeline(ID(252), Provider(None))
          Operator chain:
            PhysicalOperator(NES::SinkPhysicalOperator)

[m
[36m[00:59:47.561560] [D] [Not A Worker] [unnamed] [] [SinkProvider.cpp:30] [lower] The sinkDescriptor is: SinkDescriptor: (name: variant("CITY_SINK"), type: Void, Config: )[m
[36m[00:59:47.568146] [D] [SingleNodeWorker] [WorkerThread-1] [Task:329221060-252] [VoidSink.cpp:37] [start] Setting up void sink: VoidSink[m
[36m[00:59:47.641514] [D] [SingleNodeWorker] [WorkerThread-0] [] [SourceThread.cpp:184] [start] Starting source with originId: 2[m
[36m[00:59:47.643078] [D] [SingleNodeWorker] [WorkerThread-0] [Task:329221060-251] [BufferManager.cpp:65] [~BufferManager] Calling BufferManager::destroy()[m
[36m[00:59:47.643104] [D] [SingleNodeWorker] [WorkerThread-0] [Task:329221060-251] [BufferManager.cpp:93] [~BufferManager] Shutting down Buffer Manager completed[m
[36m[00:59:58.141176] [D] [SingleNodeWorker] [WorkerThread-1] [Task:329221060] [SourceThread.cpp:230] [tryStop] SourceThread 2: attempting to stop source[m
[36m[00:59:58.141241] [D] [SingleNodeWorker] [WorkerThread-1] [Task:329221060] [SourceThread.cpp:248] [tryStop] SourceThread 2: stopped[m
[32m[00:59:58.169422] [I] [SingleNodeWorker] [WorkerThread-0] [] [SequenceShredder.cpp:55] [~SequenceShredder] Successfully validated SequenceShredder[m
[32m[00:59:58.176917] [I] [SingleNodeWorker] [WorkerThread-1] [Task:329221060-252] [VoidSink.cpp:42] [stop] Void Sink completed.[m
[36m[00:59:58.177089] [D] [SingleNodeWorker] [WorkerThread-1] [] [SourceThread.cpp:226] [tryStop] SourceThread 2: thread is not running[m
[36m[01:00:01.100795] [D] [Not A Worker] [unnamed] [queryId:1318213898] [BufferManager.cpp:110] [initialize] NES memory allocation requires 1 out of 540577120256 (so 1.8498748143954595e-10%) available bytes[m
[36m[01:00:01.100844] [D] [Not A Worker] [unnamed] [queryId:1318213898] [BufferManager.cpp:160] [initialize] BufferManager configuration bufferSize=1 numOfBuffers=1[m
[36m[01:00:01.101074] [D] [Not A Worker] [unnamed] [queryId:1318213898] [PipeliningPhase.cpp:365] [apply] Constructed pipeline plan with 1 root pipelines.
PipelinedQueryPlan for Query: 1318213898
Number of root pipelines: 1
------------------
Root Pipeline 0:
  Pipeline(ID(253), Provider(COMPILER))
  Operator chain:
    PhysicalOperator(NES::SourcePhysicalOperator)
  Successor Pipeline:
    Pipeline(ID(254), Provider(None))
      Operator chain:
        PhysicalOperator(NES::ScanPhysicalOperator)
          PhysicalOperator(NES::SelectionPhysicalOperator)
            PhysicalOperator(NES::MapPhysicalOperator)
              PhysicalOperator(NES::EmitPhysicalOperator)
      Successor Pipeline:
        Pipeline(ID(255), Provider(None))
          Operator chain:
            PhysicalOperator(NES::SinkPhysicalOperator)

[m
[36m[01:00:01.104198] [D] [Not A Worker] [unnamed] [] [SinkProvider.cpp:30] [lower] The sinkDescriptor is: SinkDescriptor: (name: variant("CITY_SINK"), type: Void, Config: )[m
[36m[01:00:01.108144] [D] [SingleNodeWorker] [WorkerThread-1] [Task:1318213898-255] [VoidSink.cpp:37] [start] Setting up void sink: VoidSink[m
[36m[01:00:01.179773] [D] [SingleNodeWorker] [WorkerThread-1] [] [SourceThread.cpp:184] [start] Starting source with originId: 2[m
[36m[01:00:01.181351] [D] [SingleNodeWorker] [WorkerThread-1] [Task:1318213898-254] [BufferManager.cpp:65] [~BufferManager] Calling BufferManager::destroy()[m
[36m[01:00:01.181375] [D] [SingleNodeWorker] [WorkerThread-1] [Task:1318213898-254] [BufferManager.cpp:93] [~BufferManager] Shutting down Buffer Manager completed[m
[36m[01:00:11.585557] [D] [SingleNodeWorker] [WorkerThread-0] [Task:1318213898] [SourceThread.cpp:230] [tryStop] SourceThread 2: attempting to stop source[m
[36m[01:00:11.585612] [D] [SingleNodeWorker] [WorkerThread-0] [Task:1318213898] [SourceThread.cpp:248] [tryStop] SourceThread 2: stopped[m
[32m[01:00:11.613020] [I] [SingleNodeWorker] [WorkerThread-1] [] [SequenceShredder.cpp:55] [~SequenceShredder] Successfully validated SequenceShredder[m
[32m[01:00:11.621895] [I] [SingleNodeWorker] [WorkerThread-0] [Task:1318213898-255] [VoidSink.cpp:42] [stop] Void Sink completed.[m
[36m[01:00:11.622031] [D] [SingleNodeWorker] [WorkerThread-0] [] [SourceThread.cpp:226] [tryStop] SourceThread 2: thread is not running[m
[36m[01:00:14.725459] [D] [Not A Worker] [unnamed] [queryId:748193102] [BufferManager.cpp:110] [initialize] NES memory allocation requires 1 out of 540577120256 (so 1.8498748143954595e-10%) available bytes[m
[36m[01:00:14.725506] [D] [Not A Worker] [unnamed] [queryId:748193102] [BufferManager.cpp:160] [initialize] BufferManager configuration bufferSize=1 numOfBuffers=1[m
[36m[01:00:14.725680] [D] [Not A Worker] [unnamed] [queryId:748193102] [PipeliningPhase.cpp:365] [apply] Constructed pipeline plan with 1 root pipelines.
PipelinedQueryPlan for Query: 748193102
Number of root pipelines: 1
------------------
Root Pipeline 0:
  Pipeline(ID(256), Provider(COMPILER))
  Operator chain:
    PhysicalOperator(NES::SourcePhysicalOperator)
  Successor Pipeline:
    Pipeline(ID(257), Provider(None))
      Operator chain:
        PhysicalOperator(NES::ScanPhysicalOperator)
          PhysicalOperator(NES::SelectionPhysicalOperator)
            PhysicalOperator(NES::MapPhysicalOperator)
              PhysicalOperator(NES::EmitPhysicalOperator)
      Successor Pipeline:
        Pipeline(ID(258), Provider(None))
          Operator chain:
            PhysicalOperator(NES::SinkPhysicalOperator)

[m
[36m[01:00:14.729415] [D] [Not A Worker] [unnamed] [] [SinkProvider.cpp:30] [lower] The sinkDescriptor is: SinkDescriptor: (name: variant("CITY_SINK"), type: Void, Config: )[m
[36m[01:00:14.732033] [D] [SingleNodeWorker] [WorkerThread-0] [Task:748193102-258] [VoidSink.cpp:37] [start] Setting up void sink: VoidSink[m
[36m[01:00:14.804867] [D] [SingleNodeWorker] [WorkerThread-0] [] [SourceThread.cpp:184] [start] Starting source with originId: 2[m
[36m[01:00:14.806382] [D] [SingleNodeWorker] [WorkerThread-0] [Task:748193102-257] [BufferManager.cpp:65] [~BufferManager] Calling BufferManager::destroy()[m
[36m[01:00:14.806406] [D] [SingleNodeWorker] [WorkerThread-0] [Task:748193102-257] [BufferManager.cpp:93] [~BufferManager] Shutting down Buffer Manager completed[m
[36m[01:00:25.346236] [D] [SingleNodeWorker] [WorkerThread-0] [Task:748193102] [SourceThread.cpp:230] [tryStop] SourceThread 2: attempting to stop source[m
[36m[01:00:25.346286] [D] [SingleNodeWorker] [WorkerThread-0] [Task:748193102] [SourceThread.cpp:248] [tryStop] SourceThread 2: stopped[m
[32m[01:00:25.383909] [I] [SingleNodeWorker] [WorkerThread-1] [Task:748193102-258] [VoidSink.cpp:42] [stop] Void Sink completed.[m
[32m[01:00:25.383996] [I] [SingleNodeWorker] [WorkerThread-0] [] [SequenceShredder.cpp:55] [~SequenceShredder] Successfully validated SequenceShredder[m
[36m[01:00:25.384048] [D] [SingleNodeWorker] [WorkerThread-1] [] [SourceThread.cpp:226] [tryStop] SourceThread 2: thread is not running[m
[36m[01:00:28.294268] [D] [Not A Worker] [unnamed] [queryId:231498022] [BufferManager.cpp:110] [initialize] NES memory allocation requires 1 out of 540577120256 (so 1.8498748143954595e-10%) available bytes[m
[36m[01:00:28.294317] [D] [Not A Worker] [unnamed] [queryId:231498022] [BufferManager.cpp:160] [initialize] BufferManager configuration bufferSize=1 numOfBuffers=1[m
[36m[01:00:28.294493] [D] [Not A Worker] [unnamed] [queryId:231498022] [PipeliningPhase.cpp:365] [apply] Constructed pipeline plan with 1 root pipelines.
PipelinedQueryPlan for Query: 231498022
Number of root pipelines: 1
------------------
Root Pipeline 0:
  Pipeline(ID(259), Provider(COMPILER))
  Operator chain:
    PhysicalOperator(NES::SourcePhysicalOperator)
  Successor Pipeline:
    Pipeline(ID(260), Provider(None))
      Operator chain:
        PhysicalOperator(NES::ScanPhysicalOperator)
          PhysicalOperator(NES::SelectionPhysicalOperator)
            PhysicalOperator(NES::MapPhysicalOperator)
              PhysicalOperator(NES::EmitPhysicalOperator)
      Successor Pipeline:
        Pipeline(ID(261), Provider(None))
          Operator chain:
            PhysicalOperator(NES::SinkPhysicalOperator)

[m
[36m[01:00:28.297713] [D] [Not A Worker] [unnamed] [] [SinkProvider.cpp:30] [lower] The sinkDescriptor is: SinkDescriptor: (name: variant("CITY_SINK"), type: Void, Config: )[m
[36m[01:00:28.299659] [D] [SingleNodeWorker] [WorkerThread-1] [Task:231498022-261] [VoidSink.cpp:37] [start] Setting up void sink: VoidSink[m
[36m[01:00:28.370021] [D] [SingleNodeWorker] [WorkerThread-1] [] [SourceThread.cpp:184] [start] Starting source with originId: 2[m
[36m[01:00:28.371489] [D] [SingleNodeWorker] [WorkerThread-1] [Task:231498022-260] [BufferManager.cpp:65] [~BufferManager] Calling BufferManager::destroy()[m
[36m[01:00:28.371515] [D] [SingleNodeWorker] [WorkerThread-1] [Task:231498022-260] [BufferManager.cpp:93] [~BufferManager] Shutting down Buffer Manager completed[m
[36m[01:00:35.374181] [D] [SingleNodeWorker] [WorkerThread-0] [Task:231498022-260] [InputFormatter.hpp:348] [indexTrailingSpanningTupleProxy] last offset: 262143, first offset: 154[m
[36m[01:00:38.798273] [D] [SingleNodeWorker] [WorkerThread-1] [Task:231498022] [SourceThread.cpp:230] [tryStop] SourceThread 2: attempting to stop source[m
[36m[01:00:38.798316] [D] [SingleNodeWorker] [WorkerThread-1] [Task:231498022] [SourceThread.cpp:248] [tryStop] SourceThread 2: stopped[m
[32m[01:00:38.835026] [I] [SingleNodeWorker] [WorkerThread-1] [] [SequenceShredder.cpp:55] [~SequenceShredder] Successfully validated SequenceShredder[m
[32m[01:00:38.835272] [I] [SingleNodeWorker] [WorkerThread-0] [Task:231498022-261] [VoidSink.cpp:42] [stop] Void Sink completed.[m
[36m[01:00:38.835417] [D] [SingleNodeWorker] [WorkerThread-0] [] [SourceThread.cpp:226] [tryStop] SourceThread 2: thread is not running[m
[36m[01:00:41.977379] [D] [Not A Worker] [unnamed] [queryId:868054898] [BufferManager.cpp:110] [initialize] NES memory allocation requires 1 out of 540577120256 (so 1.8498748143954595e-10%) available bytes[m
[36m[01:00:41.977427] [D] [Not A Worker] [unnamed] [queryId:868054898] [BufferManager.cpp:160] [initialize] BufferManager configuration bufferSize=1 numOfBuffers=1[m
[36m[01:00:41.977629] [D] [Not A Worker] [unnamed] [queryId:868054898] [PipeliningPhase.cpp:365] [apply] Constructed pipeline plan with 1 root pipelines.
PipelinedQueryPlan for Query: 868054898
Number of root pipelines: 1
------------------
Root Pipeline 0:
  Pipeline(ID(262), Provider(COMPILER))
  Operator chain:
    PhysicalOperator(NES::SourcePhysicalOperator)
  Successor Pipeline:
    Pipeline(ID(263), Provider(None))
      Operator chain:
        PhysicalOperator(NES::ScanPhysicalOperator)
          PhysicalOperator(NES::SelectionPhysicalOperator)
            PhysicalOperator(NES::MapPhysicalOperator)
              PhysicalOperator(NES::EmitPhysicalOperator)
      Successor Pipeline:
        Pipeline(ID(264), Provider(None))
          Operator chain:
            PhysicalOperator(NES::SinkPhysicalOperator)

[m
[36m[01:00:41.980994] [D] [Not A Worker] [unnamed] [] [SinkProvider.cpp:30] [lower] The sinkDescriptor is: SinkDescriptor: (name: variant("CITY_SINK"), type: Void, Config: )[m
[36m[01:00:41.984157] [D] [SingleNodeWorker] [WorkerThread-0] [Task:868054898-264] [VoidSink.cpp:37] [start] Setting up void sink: VoidSink[m
[36m[01:00:42.055725] [D] [SingleNodeWorker] [WorkerThread-0] [] [SourceThread.cpp:184] [start] Starting source with originId: 2[m
[36m[01:00:42.057267] [D] [SingleNodeWorker] [WorkerThread-0] [Task:868054898-263] [BufferManager.cpp:65] [~BufferManager] Calling BufferManager::destroy()[m
[36m[01:00:42.057292] [D] [SingleNodeWorker] [WorkerThread-0] [Task:868054898-263] [BufferManager.cpp:93] [~BufferManager] Shutting down Buffer Manager completed[m
[36m[01:00:52.475318] [D] [SingleNodeWorker] [WorkerThread-1] [Task:868054898] [SourceThread.cpp:230] [tryStop] SourceThread 2: attempting to stop source[m
[36m[01:00:52.475357] [D] [SingleNodeWorker] [WorkerThread-1] [Task:868054898] [SourceThread.cpp:248] [tryStop] SourceThread 2: stopped[m
[32m[01:00:52.512587] [I] [SingleNodeWorker] [WorkerThread-1] [] [SequenceShredder.cpp:55] [~SequenceShredder] Successfully validated SequenceShredder[m
[32m[01:00:52.524834] [I] [SingleNodeWorker] [WorkerThread-1] [Task:868054898-264] [VoidSink.cpp:42] [stop] Void Sink completed.[m
[36m[01:00:52.524916] [D] [SingleNodeWorker] [WorkerThread-1] [] [SourceThread.cpp:226] [tryStop] SourceThread 2: thread is not running[m
[36m[01:00:55.529555] [D] [Not A Worker] [unnamed] [queryId:1452080393] [BufferManager.cpp:110] [initialize] NES memory allocation requires 1 out of 540577120256 (so 1.8498748143954595e-10%) available bytes[m
[36m[01:00:55.529601] [D] [Not A Worker] [unnamed] [queryId:1452080393] [BufferManager.cpp:160] [initialize] BufferManager configuration bufferSize=1 numOfBuffers=1[m
[36m[01:00:55.529782] [D] [Not A Worker] [unnamed] [queryId:1452080393] [PipeliningPhase.cpp:365] [apply] Constructed pipeline plan with 1 root pipelines.
PipelinedQueryPlan for Query: 1452080393
Number of root pipelines: 1
------------------
Root Pipeline 0:
  Pipeline(ID(265), Provider(COMPILER))
  Operator chain:
    PhysicalOperator(NES::SourcePhysicalOperator)
  Successor Pipeline:
    Pipeline(ID(266), Provider(None))
      Operator chain:
        PhysicalOperator(NES::ScanPhysicalOperator)
          PhysicalOperator(NES::SelectionPhysicalOperator)
            PhysicalOperator(NES::MapPhysicalOperator)
              PhysicalOperator(NES::EmitPhysicalOperator)
      Successor Pipeline:
        Pipeline(ID(267), Provider(None))
          Operator chain:
            PhysicalOperator(NES::SinkPhysicalOperator)

[m
[36m[01:00:55.533171] [D] [Not A Worker] [unnamed] [] [SinkProvider.cpp:30] [lower] The sinkDescriptor is: SinkDescriptor: (name: variant("CITY_SINK"), type: Void, Config: )[m
[36m[01:00:55.551562] [D] [SingleNodeWorker] [WorkerThread-1] [Task:1452080393-267] [VoidSink.cpp:37] [start] Setting up void sink: VoidSink[m
[36m[01:00:55.624480] [D] [SingleNodeWorker] [WorkerThread-1] [] [SourceThread.cpp:184] [start] Starting source with originId: 2[m
[36m[01:00:55.626008] [D] [SingleNodeWorker] [WorkerThread-1] [Task:1452080393-266] [BufferManager.cpp:65] [~BufferManager] Calling BufferManager::destroy()[m
[36m[01:00:55.626031] [D] [SingleNodeWorker] [WorkerThread-1] [Task:1452080393-266] [BufferManager.cpp:93] [~BufferManager] Shutting down Buffer Manager completed[m
[36m[01:01:06.066079] [D] [SingleNodeWorker] [WorkerThread-1] [Task:1452080393] [SourceThread.cpp:230] [tryStop] SourceThread 2: attempting to stop source[m
[36m[01:01:06.066123] [D] [SingleNodeWorker] [WorkerThread-1] [Task:1452080393] [SourceThread.cpp:248] [tryStop] SourceThread 2: stopped[m
[32m[01:01:06.093102] [I] [SingleNodeWorker] [WorkerThread-0] [] [SequenceShredder.cpp:55] [~SequenceShredder] Successfully validated SequenceShredder[m
[32m[01:01:06.101192] [I] [SingleNodeWorker] [WorkerThread-1] [Task:1452080393-267] [VoidSink.cpp:42] [stop] Void Sink completed.[m
[36m[01:01:06.101324] [D] [SingleNodeWorker] [WorkerThread-1] [] [SourceThread.cpp:226] [tryStop] SourceThread 2: thread is not running[m
[36m[01:01:09.087354] [D] [Not A Worker] [unnamed] [queryId:769260999] [BufferManager.cpp:110] [initialize] NES memory allocation requires 1 out of 540577120256 (so 1.8498748143954595e-10%) available bytes[m
[36m[01:01:09.087404] [D] [Not A Worker] [unnamed] [queryId:769260999] [BufferManager.cpp:160] [initialize] BufferManager configuration bufferSize=1 numOfBuffers=1[m
[36m[01:01:09.087584] [D] [Not A Worker] [unnamed] [queryId:769260999] [PipeliningPhase.cpp:365] [apply] Constructed pipeline plan with 1 root pipelines.
PipelinedQueryPlan for Query: 769260999
Number of root pipelines: 1
------------------
Root Pipeline 0:
  Pipeline(ID(268), Provider(COMPILER))
  Operator chain:
    PhysicalOperator(NES::SourcePhysicalOperator)
  Successor Pipeline:
    Pipeline(ID(269), Provider(None))
      Operator chain:
        PhysicalOperator(NES::ScanPhysicalOperator)
          PhysicalOperator(NES::SelectionPhysicalOperator)
            PhysicalOperator(NES::MapPhysicalOperator)
              PhysicalOperator(NES::EmitPhysicalOperator)
      Successor Pipeline:
        Pipeline(ID(270), Provider(None))
          Operator chain:
            PhysicalOperator(NES::SinkPhysicalOperator)

[m
[36m[01:01:09.090186] [D] [Not A Worker] [unnamed] [] [SinkProvider.cpp:30] [lower] The sinkDescriptor is: SinkDescriptor: (name: variant("CITY_SINK"), type: Void, Config: )[m
[36m[01:01:09.099311] [D] [SingleNodeWorker] [WorkerThread-1] [Task:769260999-270] [VoidSink.cpp:37] [start] Setting up void sink: VoidSink[m
[36m[01:01:09.174238] [D] [SingleNodeWorker] [WorkerThread-1] [] [SourceThread.cpp:184] [start] Starting source with originId: 2[m
[36m[01:01:09.176051] [D] [SingleNodeWorker] [WorkerThread-1] [Task:769260999-269] [BufferManager.cpp:65] [~BufferManager] Calling BufferManager::destroy()[m
[36m[01:01:09.176077] [D] [SingleNodeWorker] [WorkerThread-1] [Task:769260999-269] [BufferManager.cpp:93] [~BufferManager] Shutting down Buffer Manager completed[m
[36m[01:01:19.581310] [D] [SingleNodeWorker] [WorkerThread-1] [Task:769260999] [SourceThread.cpp:230] [tryStop] SourceThread 2: attempting to stop source[m
[36m[01:01:19.581349] [D] [SingleNodeWorker] [WorkerThread-1] [Task:769260999] [SourceThread.cpp:248] [tryStop] SourceThread 2: stopped[m
[32m[01:01:19.617185] [I] [SingleNodeWorker] [WorkerThread-0] [] [SequenceShredder.cpp:55] [~SequenceShredder] Successfully validated SequenceShredder[m
[32m[01:01:19.617921] [I] [SingleNodeWorker] [WorkerThread-1] [Task:769260999-270] [VoidSink.cpp:42] [stop] Void Sink completed.[m
[36m[01:01:19.618062] [D] [SingleNodeWorker] [WorkerThread-1] [] [SourceThread.cpp:226] [tryStop] SourceThread 2: thread is not running[m
[36m[01:01:22.749221] [D] [Not A Worker] [unnamed] [queryId:2011517266] [BufferManager.cpp:110] [initialize] NES memory allocation requires 1 out of 540577120256 (so 1.8498748143954595e-10%) available bytes[m
[36m[01:01:22.749272] [D] [Not A Worker] [unnamed] [queryId:2011517266] [BufferManager.cpp:160] [initialize] BufferManager configuration bufferSize=1 numOfBuffers=1[m
[36m[01:01:22.749482] [D] [Not A Worker] [unnamed] [queryId:2011517266] [PipeliningPhase.cpp:365] [apply] Constructed pipeline plan with 1 root pipelines.
PipelinedQueryPlan for Query: 2011517266
Number of root pipelines: 1
------------------
Root Pipeline 0:
  Pipeline(ID(271), Provider(COMPILER))
  Operator chain:
    PhysicalOperator(NES::SourcePhysicalOperator)
  Successor Pipeline:
    Pipeline(ID(272), Provider(None))
      Operator chain:
        PhysicalOperator(NES::ScanPhysicalOperator)
          PhysicalOperator(NES::SelectionPhysicalOperator)
            PhysicalOperator(NES::MapPhysicalOperator)
              PhysicalOperator(NES::EmitPhysicalOperator)
      Successor Pipeline:
        Pipeline(ID(273), Provider(None))
          Operator chain:
            PhysicalOperator(NES::SinkPhysicalOperator)

[m
[36m[01:01:22.752612] [D] [Not A Worker] [unnamed] [] [SinkProvider.cpp:30] [lower] The sinkDescriptor is: SinkDescriptor: (name: variant("EXTRA_SINK"), type: Void, Config: )[m
[36m[01:01:22.753797] [D] [SingleNodeWorker] [WorkerThread-0] [Task:2011517266-273] [VoidSink.cpp:37] [start] Setting up void sink: VoidSink[m
[36m[01:01:22.826406] [D] [SingleNodeWorker] [WorkerThread-0] [] [SourceThread.cpp:184] [start] Starting source with originId: 2[m
[36m[01:01:22.827968] [D] [SingleNodeWorker] [WorkerThread-0] [Task:2011517266-272] [BufferManager.cpp:65] [~BufferManager] Calling BufferManager::destroy()[m
[36m[01:01:22.827996] [D] [SingleNodeWorker] [WorkerThread-0] [Task:2011517266-272] [BufferManager.cpp:93] [~BufferManager] Shutting down Buffer Manager completed[m
[36m[01:01:33.231231] [D] [SingleNodeWorker] [WorkerThread-0] [Task:2011517266] [SourceThread.cpp:230] [tryStop] SourceThread 2: attempting to stop source[m
[36m[01:01:33.231283] [D] [SingleNodeWorker] [WorkerThread-0] [Task:2011517266] [SourceThread.cpp:248] [tryStop] SourceThread 2: stopped[m
[32m[01:01:33.258440] [I] [SingleNodeWorker] [WorkerThread-1] [] [SequenceShredder.cpp:55] [~SequenceShredder] Successfully validated SequenceShredder[m
[32m[01:01:33.268846] [I] [SingleNodeWorker] [WorkerThread-0] [Task:2011517266-273] [VoidSink.cpp:42] [stop] Void Sink completed.[m
[36m[01:01:33.268969] [D] [SingleNodeWorker] [WorkerThread-0] [] [SourceThread.cpp:226] [tryStop] SourceThread 2: thread is not running[m
[36m[01:01:36.254073] [D] [Not A Worker] [unnamed] [queryId:458358170] [BufferManager.cpp:110] [initialize] NES memory allocation requires 1 out of 540577120256 (so 1.8498748143954595e-10%) available bytes[m
[36m[01:01:36.254118] [D] [Not A Worker] [unnamed] [queryId:458358170] [BufferManager.cpp:160] [initialize] BufferManager configuration bufferSize=1 numOfBuffers=1[m
[36m[01:01:36.254296] [D] [Not A Worker] [unnamed] [queryId:458358170] [PipeliningPhase.cpp:365] [apply] Constructed pipeline plan with 1 root pipelines.
PipelinedQueryPlan for Query: 458358170
Number of root pipelines: 1
------------------
Root Pipeline 0:
  Pipeline(ID(274), Provider(COMPILER))
  Operator chain:
    PhysicalOperator(NES::SourcePhysicalOperator)
  Successor Pipeline:
    Pipeline(ID(275), Provider(None))
      Operator chain:
        PhysicalOperator(NES::ScanPhysicalOperator)
          PhysicalOperator(NES::SelectionPhysicalOperator)
            PhysicalOperator(NES::MapPhysicalOperator)
              PhysicalOperator(NES::EmitPhysicalOperator)
      Successor Pipeline:
        Pipeline(ID(276), Provider(None))
          Operator chain:
            PhysicalOperator(NES::SinkPhysicalOperator)

[m
[36m[01:01:36.256889] [D] [Not A Worker] [unnamed] [] [SinkProvider.cpp:30] [lower] The sinkDescriptor is: SinkDescriptor: (name: variant("EXTRA_SINK"), type: Void, Config: )[m
[36m[01:01:36.268590] [D] [SingleNodeWorker] [WorkerThread-0] [Task:458358170-276] [VoidSink.cpp:37] [start] Setting up void sink: VoidSink[m
[36m[01:01:36.342739] [D] [SingleNodeWorker] [WorkerThread-0] [] [SourceThread.cpp:184] [start] Starting source with originId: 2[m
[36m[01:01:36.344440] [D] [SingleNodeWorker] [WorkerThread-0] [Task:458358170-275] [BufferManager.cpp:65] [~BufferManager] Calling BufferManager::destroy()[m
[36m[01:01:36.344480] [D] [SingleNodeWorker] [WorkerThread-0] [Task:458358170-275] [BufferManager.cpp:93] [~BufferManager] Shutting down Buffer Manager completed[m
[36m[01:01:46.703082] [D] [SingleNodeWorker] [WorkerThread-0] [Task:458358170] [SourceThread.cpp:230] [tryStop] SourceThread 2: attempting to stop source[m
[36m[01:01:46.703135] [D] [SingleNodeWorker] [WorkerThread-0] [Task:458358170] [SourceThread.cpp:248] [tryStop] SourceThread 2: stopped[m
[32m[01:01:46.739273] [I] [SingleNodeWorker] [WorkerThread-0] [] [SequenceShredder.cpp:55] [~SequenceShredder] Successfully validated SequenceShredder[m
[32m[01:01:46.739418] [I] [SingleNodeWorker] [WorkerThread-1] [Task:458358170-276] [VoidSink.cpp:42] [stop] Void Sink completed.[m
[36m[01:01:46.739560] [D] [SingleNodeWorker] [WorkerThread-1] [] [SourceThread.cpp:226] [tryStop] SourceThread 2: thread is not running[m
[36m[01:01:49.881733] [D] [Not A Worker] [unnamed] [queryId:497948736] [BufferManager.cpp:110] [initialize] NES memory allocation requires 1 out of 540577120256 (so 1.8498748143954595e-10%) available bytes[m
[36m[01:01:49.881783] [D] [Not A Worker] [unnamed] [queryId:497948736] [BufferManager.cpp:160] [initialize] BufferManager configuration bufferSize=1 numOfBuffers=1[m
[36m[01:01:49.881963] [D] [Not A Worker] [unnamed] [queryId:497948736] [PipeliningPhase.cpp:365] [apply] Constructed pipeline plan with 1 root pipelines.
PipelinedQueryPlan for Query: 497948736
Number of root pipelines: 1
------------------
Root Pipeline 0:
  Pipeline(ID(277), Provider(COMPILER))
  Operator chain:
    PhysicalOperator(NES::SourcePhysicalOperator)
  Successor Pipeline:
    Pipeline(ID(278), Provider(None))
      Operator chain:
        PhysicalOperator(NES::ScanPhysicalOperator)
          PhysicalOperator(NES::SelectionPhysicalOperator)
            PhysicalOperator(NES::MapPhysicalOperator)
              PhysicalOperator(NES::EmitPhysicalOperator)
      Successor Pipeline:
        Pipeline(ID(279), Provider(None))
          Operator chain:
            PhysicalOperator(NES::SinkPhysicalOperator)

[m
[36m[01:01:49.885466] [D] [Not A Worker] [unnamed] [] [SinkProvider.cpp:30] [lower] The sinkDescriptor is: SinkDescriptor: (name: variant("EXTRA_SINK"), type: Void, Config: )[m
[36m[01:01:49.904520] [D] [SingleNodeWorker] [WorkerThread-1] [Task:497948736-279] [VoidSink.cpp:37] [start] Setting up void sink: VoidSink[m
[36m[01:01:49.977990] [D] [SingleNodeWorker] [WorkerThread-1] [] [SourceThread.cpp:184] [start] Starting source with originId: 2[m
[36m[01:01:49.979952] [D] [SingleNodeWorker] [WorkerThread-0] [Task:497948736-278] [BufferManager.cpp:65] [~BufferManager] Calling BufferManager::destroy()[m
[36m[01:01:49.980046] [D] [SingleNodeWorker] [WorkerThread-0] [Task:497948736-278] [BufferManager.cpp:93] [~BufferManager] Shutting down Buffer Manager completed[m
[36m[01:02:00.316916] [D] [SingleNodeWorker] [WorkerThread-0] [Task:497948736] [SourceThread.cpp:230] [tryStop] SourceThread 2: attempting to stop source[m
[36m[01:02:00.316970] [D] [SingleNodeWorker] [WorkerThread-0] [Task:497948736] [SourceThread.cpp:248] [tryStop] SourceThread 2: stopped[m
[32m[01:02:00.353350] [I] [SingleNodeWorker] [WorkerThread-0] [] [SequenceShredder.cpp:55] [~SequenceShredder] Successfully validated SequenceShredder[m
[32m[01:02:00.354088] [I] [SingleNodeWorker] [WorkerThread-1] [Task:497948736-279] [VoidSink.cpp:42] [stop] Void Sink completed.[m
[36m[01:02:00.354242] [D] [SingleNodeWorker] [WorkerThread-1] [] [SourceThread.cpp:226] [tryStop] SourceThread 2: thread is not running[m
[36m[01:02:03.445962] [D] [Not A Worker] [unnamed] [queryId:339677626] [BufferManager.cpp:110] [initialize] NES memory allocation requires 1 out of 540577120256 (so 1.8498748143954595e-10%) available bytes[m
[36m[01:02:03.446017] [D] [Not A Worker] [unnamed] [queryId:339677626] [BufferManager.cpp:160] [initialize] BufferManager configuration bufferSize=1 numOfBuffers=1[m
[36m[01:02:03.446187] [D] [Not A Worker] [unnamed] [queryId:339677626] [PipeliningPhase.cpp:365] [apply] Constructed pipeline plan with 1 root pipelines.
PipelinedQueryPlan for Query: 339677626
Number of root pipelines: 1
------------------
Root Pipeline 0:
  Pipeline(ID(280), Provider(COMPILER))
  Operator chain:
    PhysicalOperator(NES::SourcePhysicalOperator)
  Successor Pipeline:
    Pipeline(ID(281), Provider(None))
      Operator chain:
        PhysicalOperator(NES::ScanPhysicalOperator)
          PhysicalOperator(NES::SelectionPhysicalOperator)
            PhysicalOperator(NES::MapPhysicalOperator)
              PhysicalOperator(NES::EmitPhysicalOperator)
      Successor Pipeline:
        Pipeline(ID(282), Provider(None))
          Operator chain:
            PhysicalOperator(NES::SinkPhysicalOperator)

[m
[36m[01:02:03.449547] [D] [Not A Worker] [unnamed] [] [SinkProvider.cpp:30] [lower] The sinkDescriptor is: SinkDescriptor: (name: variant("EXTRA_SINK"), type: Void, Config: )[m
[36m[01:02:03.456212] [D] [SingleNodeWorker] [WorkerThread-0] [Task:339677626-282] [VoidSink.cpp:37] [start] Setting up void sink: VoidSink[m
[36m[01:02:03.529530] [D] [SingleNodeWorker] [WorkerThread-0] [] [SourceThread.cpp:184] [start] Starting source with originId: 2[m
[36m[01:02:03.531140] [D] [SingleNodeWorker] [WorkerThread-0] [Task:339677626-281] [BufferManager.cpp:65] [~BufferManager] Calling BufferManager::destroy()[m
[36m[01:02:03.531168] [D] [SingleNodeWorker] [WorkerThread-0] [Task:339677626-281] [BufferManager.cpp:93] [~BufferManager] Shutting down Buffer Manager completed[m
[36m[01:02:13.988728] [D] [SingleNodeWorker] [WorkerThread-0] [Task:339677626] [SourceThread.cpp:230] [tryStop] SourceThread 2: attempting to stop source[m
[36m[01:02:13.988777] [D] [SingleNodeWorker] [WorkerThread-0] [Task:339677626] [SourceThread.cpp:248] [tryStop] SourceThread 2: stopped[m
[32m[01:02:14.015839] [I] [SingleNodeWorker] [WorkerThread-1] [] [SequenceShredder.cpp:55] [~SequenceShredder] Successfully validated SequenceShredder[m
[32m[01:02:14.024377] [I] [SingleNodeWorker] [WorkerThread-0] [Task:339677626-282] [VoidSink.cpp:42] [stop] Void Sink completed.[m
[36m[01:02:14.024502] [D] [SingleNodeWorker] [WorkerThread-0] [] [SourceThread.cpp:226] [tryStop] SourceThread 2: thread is not running[m
[36m[01:02:17.101297] [D] [Not A Worker] [unnamed] [queryId:465425909] [BufferManager.cpp:110] [initialize] NES memory allocation requires 1 out of 540577120256 (so 1.8498748143954595e-10%) available bytes[m
[36m[01:02:17.101345] [D] [Not A Worker] [unnamed] [queryId:465425909] [BufferManager.cpp:160] [initialize] BufferManager configuration bufferSize=1 numOfBuffers=1[m
[36m[01:02:17.101518] [D] [Not A Worker] [unnamed] [queryId:465425909] [PipeliningPhase.cpp:365] [apply] Constructed pipeline plan with 1 root pipelines.
PipelinedQueryPlan for Query: 465425909
Number of root pipelines: 1
------------------
Root Pipeline 0:
  Pipeline(ID(283), Provider(COMPILER))
  Operator chain:
    PhysicalOperator(NES::SourcePhysicalOperator)
  Successor Pipeline:
    Pipeline(ID(284), Provider(None))
      Operator chain:
        PhysicalOperator(NES::ScanPhysicalOperator)
          PhysicalOperator(NES::SelectionPhysicalOperator)
            PhysicalOperator(NES::MapPhysicalOperator)
              PhysicalOperator(NES::EmitPhysicalOperator)
      Successor Pipeline:
        Pipeline(ID(285), Provider(None))
          Operator chain:
            PhysicalOperator(NES::SinkPhysicalOperator)

[m
[36m[01:02:17.104719] [D] [Not A Worker] [unnamed] [] [SinkProvider.cpp:30] [lower] The sinkDescriptor is: SinkDescriptor: (name: variant("EXTRA_SINK"), type: Void, Config: )[m
[36m[01:02:17.113773] [D] [SingleNodeWorker] [WorkerThread-0] [Task:465425909-285] [VoidSink.cpp:37] [start] Setting up void sink: VoidSink[m
[36m[01:02:17.187370] [D] [SingleNodeWorker] [WorkerThread-0] [] [SourceThread.cpp:184] [start] Starting source with originId: 2[m
[36m[01:02:17.188941] [D] [SingleNodeWorker] [WorkerThread-0] [Task:465425909-284] [BufferManager.cpp:65] [~BufferManager] Calling BufferManager::destroy()[m
[36m[01:02:17.188966] [D] [SingleNodeWorker] [WorkerThread-0] [Task:465425909-284] [BufferManager.cpp:93] [~BufferManager] Shutting down Buffer Manager completed[m
[36m[01:02:27.648328] [D] [SingleNodeWorker] [WorkerThread-1] [Task:465425909] [SourceThread.cpp:230] [tryStop] SourceThread 2: attempting to stop source[m
[36m[01:02:27.648369] [D] [SingleNodeWorker] [WorkerThread-1] [Task:465425909] [SourceThread.cpp:248] [tryStop] SourceThread 2: stopped[m
[32m[01:02:27.675013] [I] [SingleNodeWorker] [WorkerThread-0] [] [SequenceShredder.cpp:55] [~SequenceShredder] Successfully validated SequenceShredder[m
[32m[01:02:27.684186] [I] [SingleNodeWorker] [WorkerThread-1] [Task:465425909-285] [VoidSink.cpp:42] [stop] Void Sink completed.[m
[36m[01:02:27.684309] [D] [SingleNodeWorker] [WorkerThread-1] [] [SourceThread.cpp:226] [tryStop] SourceThread 2: thread is not running[m
[36m[01:02:30.768315] [D] [Not A Worker] [unnamed] [queryId:1324449164] [BufferManager.cpp:110] [initialize] NES memory allocation requires 1 out of 540577120256 (so 1.8498748143954595e-10%) available bytes[m
[36m[01:02:30.768361] [D] [Not A Worker] [unnamed] [queryId:1324449164] [BufferManager.cpp:160] [initialize] BufferManager configuration bufferSize=1 numOfBuffers=1[m
[36m[01:02:30.768518] [D] [Not A Worker] [unnamed] [queryId:1324449164] [PipeliningPhase.cpp:365] [apply] Constructed pipeline plan with 1 root pipelines.
PipelinedQueryPlan for Query: 1324449164
Number of root pipelines: 1
------------------
Root Pipeline 0:
  Pipeline(ID(286), Provider(COMPILER))
  Operator chain:
    PhysicalOperator(NES::SourcePhysicalOperator)
  Successor Pipeline:
    Pipeline(ID(287), Provider(None))
      Operator chain:
        PhysicalOperator(NES::ScanPhysicalOperator)
          PhysicalOperator(NES::SelectionPhysicalOperator)
            PhysicalOperator(NES::MapPhysicalOperator)
              PhysicalOperator(NES::EmitPhysicalOperator)
      Successor Pipeline:
        Pipeline(ID(288), Provider(None))
          Operator chain:
            PhysicalOperator(NES::SinkPhysicalOperator)

[m
[36m[01:02:30.772002] [D] [Not A Worker] [unnamed] [] [SinkProvider.cpp:30] [lower] The sinkDescriptor is: SinkDescriptor: (name: variant("EXTRA_SINK"), type: Void, Config: )[m
[36m[01:02:30.773805] [D] [SingleNodeWorker] [WorkerThread-0] [Task:1324449164-288] [VoidSink.cpp:37] [start] Setting up void sink: VoidSink[m
[36m[01:02:30.845963] [D] [SingleNodeWorker] [WorkerThread-0] [] [SourceThread.cpp:184] [start] Starting source with originId: 2[m
[36m[01:02:30.847776] [D] [SingleNodeWorker] [WorkerThread-1] [Task:1324449164-287] [BufferManager.cpp:65] [~BufferManager] Calling BufferManager::destroy()[m
[36m[01:02:30.847855] [D] [SingleNodeWorker] [WorkerThread-1] [Task:1324449164-287] [BufferManager.cpp:93] [~BufferManager] Shutting down Buffer Manager completed[m
[36m[01:02:41.285026] [D] [SingleNodeWorker] [WorkerThread-0] [Task:1324449164] [SourceThread.cpp:230] [tryStop] SourceThread 2: attempting to stop source[m
[36m[01:02:41.285080] [D] [SingleNodeWorker] [WorkerThread-0] [Task:1324449164] [SourceThread.cpp:248] [tryStop] SourceThread 2: stopped[m
[32m[01:02:41.322516] [I] [SingleNodeWorker] [WorkerThread-0] [] [SequenceShredder.cpp:55] [~SequenceShredder] Successfully validated SequenceShredder[m
[32m[01:02:41.322567] [I] [SingleNodeWorker] [WorkerThread-1] [Task:1324449164-288] [VoidSink.cpp:42] [stop] Void Sink completed.[m
[36m[01:02:41.322708] [D] [SingleNodeWorker] [WorkerThread-1] [] [SourceThread.cpp:226] [tryStop] SourceThread 2: thread is not running[m
[36m[01:02:44.401145] [D] [Not A Worker] [unnamed] [queryId:947097214] [BufferManager.cpp:110] [initialize] NES memory allocation requires 1 out of 540577120256 (so 1.8498748143954595e-10%) available bytes[m
[36m[01:02:44.401207] [D] [Not A Worker] [unnamed] [queryId:947097214] [BufferManager.cpp:160] [initialize] BufferManager configuration bufferSize=1 numOfBuffers=1[m
[36m[01:02:44.401378] [D] [Not A Worker] [unnamed] [queryId:947097214] [PipeliningPhase.cpp:365] [apply] Constructed pipeline plan with 1 root pipelines.
PipelinedQueryPlan for Query: 947097214
Number of root pipelines: 1
------------------
Root Pipeline 0:
  Pipeline(ID(289), Provider(COMPILER))
  Operator chain:
    PhysicalOperator(NES::SourcePhysicalOperator)
  Successor Pipeline:
    Pipeline(ID(290), Provider(None))
      Operator chain:
        PhysicalOperator(NES::ScanPhysicalOperator)
          PhysicalOperator(NES::SelectionPhysicalOperator)
            PhysicalOperator(NES::MapPhysicalOperator)
              PhysicalOperator(NES::EmitPhysicalOperator)
      Successor Pipeline:
        Pipeline(ID(291), Provider(None))
          Operator chain:
            PhysicalOperator(NES::SinkPhysicalOperator)

[m
[36m[01:02:44.404011] [D] [Not A Worker] [unnamed] [] [SinkProvider.cpp:30] [lower] The sinkDescriptor is: SinkDescriptor: (name: variant("EXTRA_SINK"), type: Void, Config: )[m
[36m[01:02:44.411480] [D] [SingleNodeWorker] [WorkerThread-1] [Task:947097214-291] [VoidSink.cpp:37] [start] Setting up void sink: VoidSink[m
[36m[01:02:44.490035] [D] [SingleNodeWorker] [WorkerThread-1] [] [SourceThread.cpp:184] [start] Starting source with originId: 2[m
[36m[01:02:44.491638] [D] [SingleNodeWorker] [WorkerThread-1] [Task:947097214-290] [BufferManager.cpp:65] [~BufferManager] Calling BufferManager::destroy()[m
[36m[01:02:44.491667] [D] [SingleNodeWorker] [WorkerThread-1] [Task:947097214-290] [BufferManager.cpp:93] [~BufferManager] Shutting down Buffer Manager completed[m
[36m[01:02:54.822224] [D] [SingleNodeWorker] [WorkerThread-0] [Task:947097214] [SourceThread.cpp:230] [tryStop] SourceThread 2: attempting to stop source[m
[36m[01:02:54.822297] [D] [SingleNodeWorker] [WorkerThread-0] [Task:947097214] [SourceThread.cpp:248] [tryStop] SourceThread 2: stopped[m
[32m[01:02:54.860022] [I] [SingleNodeWorker] [WorkerThread-0] [] [SequenceShredder.cpp:55] [~SequenceShredder] Successfully validated SequenceShredder[m
[32m[01:02:54.874720] [I] [SingleNodeWorker] [WorkerThread-0] [Task:947097214-291] [VoidSink.cpp:42] [stop] Void Sink completed.[m
[36m[01:02:54.874792] [D] [SingleNodeWorker] [WorkerThread-0] [] [SourceThread.cpp:226] [tryStop] SourceThread 2: thread is not running[m
[36m[01:02:57.850957] [D] [Not A Worker] [unnamed] [queryId:603816600] [BufferManager.cpp:110] [initialize] NES memory allocation requires 1 out of 540577120256 (so 1.8498748143954595e-10%) available bytes[m
[36m[01:02:57.851013] [D] [Not A Worker] [unnamed] [queryId:603816600] [BufferManager.cpp:160] [initialize] BufferManager configuration bufferSize=1 numOfBuffers=1[m
[36m[01:02:57.851206] [D] [Not A Worker] [unnamed] [queryId:603816600] [PipeliningPhase.cpp:365] [apply] Constructed pipeline plan with 1 root pipelines.
PipelinedQueryPlan for Query: 603816600
Number of root pipelines: 1
------------------
Root Pipeline 0:
  Pipeline(ID(292), Provider(COMPILER))
  Operator chain:
    PhysicalOperator(NES::SourcePhysicalOperator)
  Successor Pipeline:
    Pipeline(ID(293), Provider(None))
      Operator chain:
        PhysicalOperator(NES::ScanPhysicalOperator)
          PhysicalOperator(NES::SelectionPhysicalOperator)
            PhysicalOperator(NES::MapPhysicalOperator)
              PhysicalOperator(NES::EmitPhysicalOperator)
      Successor Pipeline:
        Pipeline(ID(294), Provider(None))
          Operator chain:
            PhysicalOperator(NES::SinkPhysicalOperator)

[m
[36m[01:02:57.854669] [D] [Not A Worker] [unnamed] [] [SinkProvider.cpp:30] [lower] The sinkDescriptor is: SinkDescriptor: (name: variant("EXTRA_SINK"), type: Void, Config: )[m
[36m[01:02:57.867617] [D] [SingleNodeWorker] [WorkerThread-1] [Task:603816600-294] [VoidSink.cpp:37] [start] Setting up void sink: VoidSink[m
[36m[01:02:57.942564] [D] [SingleNodeWorker] [WorkerThread-1] [] [SourceThread.cpp:184] [start] Starting source with originId: 2[m
[36m[01:02:57.944068] [D] [SingleNodeWorker] [WorkerThread-1] [Task:603816600-293] [BufferManager.cpp:65] [~BufferManager] Calling BufferManager::destroy()[m
[36m[01:02:57.944094] [D] [SingleNodeWorker] [WorkerThread-1] [Task:603816600-293] [BufferManager.cpp:93] [~BufferManager] Shutting down Buffer Manager completed[m
[36m[01:03:08.272823] [D] [SingleNodeWorker] [WorkerThread-1] [Task:603816600] [SourceThread.cpp:230] [tryStop] SourceThread 2: attempting to stop source[m
[36m[01:03:08.272858] [D] [SingleNodeWorker] [WorkerThread-1] [Task:603816600] [SourceThread.cpp:248] [tryStop] SourceThread 2: stopped[m
[32m[01:03:08.298689] [I] [SingleNodeWorker] [WorkerThread-0] [] [SequenceShredder.cpp:55] [~SequenceShredder] Successfully validated SequenceShredder[m
[32m[01:03:08.308186] [I] [SingleNodeWorker] [WorkerThread-1] [Task:603816600-294] [VoidSink.cpp:42] [stop] Void Sink completed.[m
[36m[01:03:08.308306] [D] [SingleNodeWorker] [WorkerThread-1] [] [SourceThread.cpp:226] [tryStop] SourceThread 2: thread is not running[m
[36m[01:03:11.600871] [D] [Not A Worker] [unnamed] [queryId:1988184086] [BufferManager.cpp:110] [initialize] NES memory allocation requires 1 out of 540577120256 (so 1.8498748143954595e-10%) available bytes[m
[36m[01:03:11.600919] [D] [Not A Worker] [unnamed] [queryId:1988184086] [BufferManager.cpp:160] [initialize] BufferManager configuration bufferSize=1 numOfBuffers=1[m
[36m[01:03:11.601096] [D] [Not A Worker] [unnamed] [queryId:1988184086] [PipeliningPhase.cpp:365] [apply] Constructed pipeline plan with 1 root pipelines.
PipelinedQueryPlan for Query: 1988184086
Number of root pipelines: 1
------------------
Root Pipeline 0:
  Pipeline(ID(295), Provider(COMPILER))
  Operator chain:
    PhysicalOperator(NES::SourcePhysicalOperator)
  Successor Pipeline:
    Pipeline(ID(296), Provider(None))
      Operator chain:
        PhysicalOperator(NES::ScanPhysicalOperator)
          PhysicalOperator(NES::SelectionPhysicalOperator)
            PhysicalOperator(NES::MapPhysicalOperator)
              PhysicalOperator(NES::EmitPhysicalOperator)
      Successor Pipeline:
        Pipeline(ID(297), Provider(None))
          Operator chain:
            PhysicalOperator(NES::SinkPhysicalOperator)

[m
[36m[01:03:11.604622] [D] [Not A Worker] [unnamed] [] [SinkProvider.cpp:30] [lower] The sinkDescriptor is: SinkDescriptor: (name: variant("EXTRA_SINK"), type: Void, Config: )[m
[36m[01:03:11.609759] [D] [SingleNodeWorker] [WorkerThread-1] [Task:1988184086-297] [VoidSink.cpp:37] [start] Setting up void sink: VoidSink[m
[36m[01:03:11.682380] [D] [SingleNodeWorker] [WorkerThread-1] [] [SourceThread.cpp:184] [start] Starting source with originId: 2[m
[36m[01:03:11.683436] [D] [SingleNodeWorker] [WorkerThread-1] [Task:1988184086-296] [BufferManager.cpp:65] [~BufferManager] Calling BufferManager::destroy()[m
[36m[01:03:11.683461] [D] [SingleNodeWorker] [WorkerThread-1] [Task:1988184086-296] [BufferManager.cpp:93] [~BufferManager] Shutting down Buffer Manager completed[m
[36m[01:03:21.998900] [D] [SingleNodeWorker] [WorkerThread-0] [Task:1988184086] [SourceThread.cpp:230] [tryStop] SourceThread 2: attempting to stop source[m
[36m[01:03:21.998952] [D] [SingleNodeWorker] [WorkerThread-0] [Task:1988184086] [SourceThread.cpp:248] [tryStop] SourceThread 2: stopped[m
[32m[01:03:22.035669] [I] [SingleNodeWorker] [WorkerThread-0] [] [SequenceShredder.cpp:55] [~SequenceShredder] Successfully validated SequenceShredder[m
[32m[01:03:22.036227] [I] [SingleNodeWorker] [WorkerThread-1] [Task:1988184086-297] [VoidSink.cpp:42] [stop] Void Sink completed.[m
[36m[01:03:22.036362] [D] [SingleNodeWorker] [WorkerThread-1] [] [SourceThread.cpp:226] [tryStop] SourceThread 2: thread is not running[m
[36m[01:03:25.219551] [D] [Not A Worker] [unnamed] [queryId:1988157487] [BufferManager.cpp:110] [initialize] NES memory allocation requires 1 out of 540577120256 (so 1.8498748143954595e-10%) available bytes[m
[36m[01:03:25.219601] [D] [Not A Worker] [unnamed] [queryId:1988157487] [BufferManager.cpp:160] [initialize] BufferManager configuration bufferSize=1 numOfBuffers=1[m
[36m[01:03:25.219777] [D] [Not A Worker] [unnamed] [queryId:1988157487] [PipeliningPhase.cpp:365] [apply] Constructed pipeline plan with 1 root pipelines.
PipelinedQueryPlan for Query: 1988157487
Number of root pipelines: 1
------------------
Root Pipeline 0:
  Pipeline(ID(298), Provider(COMPILER))
  Operator chain:
    PhysicalOperator(NES::SourcePhysicalOperator)
  Successor Pipeline:
    Pipeline(ID(299), Provider(None))
      Operator chain:
        PhysicalOperator(NES::ScanPhysicalOperator)
          PhysicalOperator(NES::SelectionPhysicalOperator)
            PhysicalOperator(NES::MapPhysicalOperator)
              PhysicalOperator(NES::EmitPhysicalOperator)
      Successor Pipeline:
        Pipeline(ID(300), Provider(None))
          Operator chain:
            PhysicalOperator(NES::SinkPhysicalOperator)

[m
[36m[01:03:25.223055] [D] [Not A Worker] [unnamed] [] [SinkProvider.cpp:30] [lower] The sinkDescriptor is: SinkDescriptor: (name: variant("EXTRA_SINK"), type: Void, Config: )[m
[36m[01:03:25.225889] [D] [SingleNodeWorker] [WorkerThread-1] [Task:1988157487-300] [VoidSink.cpp:37] [start] Setting up void sink: VoidSink[m
[36m[01:03:25.297372] [D] [SingleNodeWorker] [WorkerThread-1] [] [SourceThread.cpp:184] [start] Starting source with originId: 2[m
[36m[01:03:25.299004] [D] [SingleNodeWorker] [WorkerThread-1] [Task:1988157487-299] [BufferManager.cpp:65] [~BufferManager] Calling BufferManager::destroy()[m
[36m[01:03:25.299031] [D] [SingleNodeWorker] [WorkerThread-1] [Task:1988157487-299] [BufferManager.cpp:93] [~BufferManager] Shutting down Buffer Manager completed[m
[36m[01:03:35.603739] [D] [SingleNodeWorker] [WorkerThread-1] [Task:1988157487] [SourceThread.cpp:230] [tryStop] SourceThread 2: attempting to stop source[m
[36m[01:03:35.603777] [D] [SingleNodeWorker] [WorkerThread-1] [Task:1988157487] [SourceThread.cpp:248] [tryStop] SourceThread 2: stopped[m
[32m[01:03:35.630238] [I] [SingleNodeWorker] [WorkerThread-0] [] [SequenceShredder.cpp:55] [~SequenceShredder] Successfully validated SequenceShredder[m
[32m[01:03:35.640421] [I] [SingleNodeWorker] [WorkerThread-1] [Task:1988157487-300] [VoidSink.cpp:42] [stop] Void Sink completed.[m
[36m[01:03:35.640542] [D] [SingleNodeWorker] [WorkerThread-1] [] [SourceThread.cpp:226] [tryStop] SourceThread 2: thread is not running[m
[36m[01:03:39.038924] [D] [Not A Worker] [unnamed] [queryId:418377093] [BufferManager.cpp:110] [initialize] NES memory allocation requires 1 out of 540577120256 (so 1.8498748143954595e-10%) available bytes[m
[36m[01:03:39.038973] [D] [Not A Worker] [unnamed] [queryId:418377093] [BufferManager.cpp:160] [initialize] BufferManager configuration bufferSize=1 numOfBuffers=1[m
[36m[01:03:39.039150] [D] [Not A Worker] [unnamed] [queryId:418377093] [PipeliningPhase.cpp:365] [apply] Constructed pipeline plan with 1 root pipelines.
PipelinedQueryPlan for Query: 418377093
Number of root pipelines: 1
------------------
Root Pipeline 0:
  Pipeline(ID(301), Provider(COMPILER))
  Operator chain:
    PhysicalOperator(NES::SourcePhysicalOperator)
  Successor Pipeline:
    Pipeline(ID(302), Provider(None))
      Operator chain:
        PhysicalOperator(NES::ScanPhysicalOperator)
          PhysicalOperator(NES::SelectionPhysicalOperator)
            PhysicalOperator(NES::MapPhysicalOperator)
              PhysicalOperator(NES::EmitPhysicalOperator)
      Successor Pipeline:
        Pipeline(ID(303), Provider(None))
          Operator chain:
            PhysicalOperator(NES::SinkPhysicalOperator)

[m
[36m[01:03:39.042877] [D] [Not A Worker] [unnamed] [] [SinkProvider.cpp:30] [lower] The sinkDescriptor is: SinkDescriptor: (name: variant("NAME_SINK"), type: Void, Config: )[m
[36m[01:03:39.072401] [D] [SingleNodeWorker] [WorkerThread-1] [Task:418377093-303] [VoidSink.cpp:37] [start] Setting up void sink: VoidSink[m
[36m[01:03:39.141233] [D] [SingleNodeWorker] [WorkerThread-1] [] [SourceThread.cpp:184] [start] Starting source with originId: 2[m
[36m[01:03:39.142734] [D] [SingleNodeWorker] [WorkerThread-1] [Task:418377093-302] [BufferManager.cpp:65] [~BufferManager] Calling BufferManager::destroy()[m
[36m[01:03:39.142757] [D] [SingleNodeWorker] [WorkerThread-1] [Task:418377093-302] [BufferManager.cpp:93] [~BufferManager] Shutting down Buffer Manager completed[m
[36m[01:03:49.485749] [D] [SingleNodeWorker] [WorkerThread-1] [Task:418377093] [SourceThread.cpp:230] [tryStop] SourceThread 2: attempting to stop source[m
[36m[01:03:49.485786] [D] [SingleNodeWorker] [WorkerThread-1] [Task:418377093] [SourceThread.cpp:248] [tryStop] SourceThread 2: stopped[m
[32m[01:03:49.522319] [I] [SingleNodeWorker] [WorkerThread-0] [Task:418377093-303] [VoidSink.cpp:42] [stop] Void Sink completed.[m
[36m[01:03:49.522463] [D] [SingleNodeWorker] [WorkerThread-0] [] [SourceThread.cpp:226] [tryStop] SourceThread 2: thread is not running[m
[32m[01:03:49.522566] [I] [SingleNodeWorker] [WorkerThread-1] [] [SequenceShredder.cpp:55] [~SequenceShredder] Successfully validated SequenceShredder[m
[36m[01:03:52.547296] [D] [Not A Worker] [unnamed] [queryId:633227445] [BufferManager.cpp:110] [initialize] NES memory allocation requires 1 out of 540577120256 (so 1.8498748143954595e-10%) available bytes[m
[36m[01:03:52.547341] [D] [Not A Worker] [unnamed] [queryId:633227445] [BufferManager.cpp:160] [initialize] BufferManager configuration bufferSize=1 numOfBuffers=1[m
[36m[01:03:52.547521] [D] [Not A Worker] [unnamed] [queryId:633227445] [PipeliningPhase.cpp:365] [apply] Constructed pipeline plan with 1 root pipelines.
PipelinedQueryPlan for Query: 633227445
Number of root pipelines: 1
------------------
Root Pipeline 0:
  Pipeline(ID(304), Provider(COMPILER))
  Operator chain:
    PhysicalOperator(NES::SourcePhysicalOperator)
  Successor Pipeline:
    Pipeline(ID(305), Provider(None))
      Operator chain:
        PhysicalOperator(NES::ScanPhysicalOperator)
          PhysicalOperator(NES::SelectionPhysicalOperator)
            PhysicalOperator(NES::MapPhysicalOperator)
              PhysicalOperator(NES::EmitPhysicalOperator)
      Successor Pipeline:
        Pipeline(ID(306), Provider(None))
          Operator chain:
            PhysicalOperator(NES::SinkPhysicalOperator)

[m
[36m[01:03:52.551258] [D] [Not A Worker] [unnamed] [] [SinkProvider.cpp:30] [lower] The sinkDescriptor is: SinkDescriptor: (name: variant("NAME_SINK"), type: Void, Config: )[m
[36m[01:03:52.573884] [D] [SingleNodeWorker] [WorkerThread-1] [Task:633227445-306] [VoidSink.cpp:37] [start] Setting up void sink: VoidSink[m
[36m[01:03:52.645339] [D] [SingleNodeWorker] [WorkerThread-1] [] [SourceThread.cpp:184] [start] Starting source with originId: 2[m
[36m[01:03:52.646854] [D] [SingleNodeWorker] [WorkerThread-1] [Task:633227445-305] [BufferManager.cpp:65] [~BufferManager] Calling BufferManager::destroy()[m
[36m[01:03:52.646877] [D] [SingleNodeWorker] [WorkerThread-1] [Task:633227445-305] [BufferManager.cpp:93] [~BufferManager] Shutting down Buffer Manager completed[m
[36m[01:04:02.990576] [D] [SingleNodeWorker] [WorkerThread-1] [Task:633227445] [SourceThread.cpp:230] [tryStop] SourceThread 2: attempting to stop source[m
[36m[01:04:02.990621] [D] [SingleNodeWorker] [WorkerThread-1] [Task:633227445] [SourceThread.cpp:248] [tryStop] SourceThread 2: stopped[m
[32m[01:04:03.027369] [I] [SingleNodeWorker] [WorkerThread-1] [Task:633227445-306] [VoidSink.cpp:42] [stop] Void Sink completed.[m
[36m[01:04:03.027508] [D] [SingleNodeWorker] [WorkerThread-1] [] [SourceThread.cpp:226] [tryStop] SourceThread 2: thread is not running[m
[32m[01:04:03.027676] [I] [SingleNodeWorker] [WorkerThread-0] [] [SequenceShredder.cpp:55] [~SequenceShredder] Successfully validated SequenceShredder[m
[36m[01:04:06.336689] [D] [Not A Worker] [unnamed] [queryId:920041181] [BufferManager.cpp:110] [initialize] NES memory allocation requires 1 out of 540577120256 (so 1.8498748143954595e-10%) available bytes[m
[36m[01:04:06.336741] [D] [Not A Worker] [unnamed] [queryId:920041181] [BufferManager.cpp:160] [initialize] BufferManager configuration bufferSize=1 numOfBuffers=1[m
[36m[01:04:06.336941] [D] [Not A Worker] [unnamed] [queryId:920041181] [PipeliningPhase.cpp:365] [apply] Constructed pipeline plan with 1 root pipelines.
PipelinedQueryPlan for Query: 920041181
Number of root pipelines: 1
------------------
Root Pipeline 0:
  Pipeline(ID(307), Provider(COMPILER))
  Operator chain:
    PhysicalOperator(NES::SourcePhysicalOperator)
  Successor Pipeline:
    Pipeline(ID(308), Provider(None))
      Operator chain:
        PhysicalOperator(NES::ScanPhysicalOperator)
          PhysicalOperator(NES::SelectionPhysicalOperator)
            PhysicalOperator(NES::MapPhysicalOperator)
              PhysicalOperator(NES::EmitPhysicalOperator)
      Successor Pipeline:
        Pipeline(ID(309), Provider(None))
          Operator chain:
            PhysicalOperator(NES::SinkPhysicalOperator)

[m
[36m[01:04:06.340524] [D] [Not A Worker] [unnamed] [] [SinkProvider.cpp:30] [lower] The sinkDescriptor is: SinkDescriptor: (name: variant("NAME_SINK"), type: Void, Config: )[m
[36m[01:04:06.350415] [D] [SingleNodeWorker] [WorkerThread-1] [Task:920041181-309] [VoidSink.cpp:37] [start] Setting up void sink: VoidSink[m
[36m[01:04:06.415234] [D] [SingleNodeWorker] [WorkerThread-1] [] [SourceThread.cpp:184] [start] Starting source with originId: 2[m
[36m[01:04:06.416815] [D] [SingleNodeWorker] [WorkerThread-1] [Task:920041181-308] [BufferManager.cpp:65] [~BufferManager] Calling BufferManager::destroy()[m
[36m[01:04:06.416839] [D] [SingleNodeWorker] [WorkerThread-1] [Task:920041181-308] [BufferManager.cpp:93] [~BufferManager] Shutting down Buffer Manager completed[m
[36m[01:04:16.768127] [D] [SingleNodeWorker] [WorkerThread-1] [Task:920041181] [SourceThread.cpp:230] [tryStop] SourceThread 2: attempting to stop source[m
[36m[01:04:16.768166] [D] [SingleNodeWorker] [WorkerThread-1] [Task:920041181] [SourceThread.cpp:248] [tryStop] SourceThread 2: stopped[m
[32m[01:04:16.805176] [I] [SingleNodeWorker] [WorkerThread-0] [] [SequenceShredder.cpp:55] [~SequenceShredder] Successfully validated SequenceShredder[m
[32m[01:04:16.805183] [I] [SingleNodeWorker] [WorkerThread-1] [Task:920041181-309] [VoidSink.cpp:42] [stop] Void Sink completed.[m
[36m[01:04:16.805367] [D] [SingleNodeWorker] [WorkerThread-1] [] [SourceThread.cpp:226] [tryStop] SourceThread 2: thread is not running[m
[36m[01:04:19.929700] [D] [Not A Worker] [unnamed] [queryId:1903507554] [BufferManager.cpp:110] [initialize] NES memory allocation requires 1 out of 540577120256 (so 1.8498748143954595e-10%) available bytes[m
[36m[01:04:19.929743] [D] [Not A Worker] [unnamed] [queryId:1903507554] [BufferManager.cpp:160] [initialize] BufferManager configuration bufferSize=1 numOfBuffers=1[m
[36m[01:04:19.929930] [D] [Not A Worker] [unnamed] [queryId:1903507554] [PipeliningPhase.cpp:365] [apply] Constructed pipeline plan with 1 root pipelines.
PipelinedQueryPlan for Query: 1903507554
Number of root pipelines: 1
------------------
Root Pipeline 0:
  Pipeline(ID(310), Provider(COMPILER))
  Operator chain:
    PhysicalOperator(NES::SourcePhysicalOperator)
  Successor Pipeline:
    Pipeline(ID(311), Provider(None))
      Operator chain:
        PhysicalOperator(NES::ScanPhysicalOperator)
          PhysicalOperator(NES::SelectionPhysicalOperator)
            PhysicalOperator(NES::MapPhysicalOperator)
              PhysicalOperator(NES::EmitPhysicalOperator)
      Successor Pipeline:
        Pipeline(ID(312), Provider(None))
          Operator chain:
            PhysicalOperator(NES::SinkPhysicalOperator)

[m
[36m[01:04:19.932751] [D] [Not A Worker] [unnamed] [] [SinkProvider.cpp:30] [lower] The sinkDescriptor is: SinkDescriptor: (name: variant("NAME_SINK"), type: Void, Config: )[m
[36m[01:04:19.948916] [D] [SingleNodeWorker] [WorkerThread-0] [Task:1903507554-312] [VoidSink.cpp:37] [start] Setting up void sink: VoidSink[m
[36m[01:04:20.021920] [D] [SingleNodeWorker] [WorkerThread-0] [] [SourceThread.cpp:184] [start] Starting source with originId: 2[m
[36m[01:04:20.023498] [D] [SingleNodeWorker] [WorkerThread-0] [Task:1903507554-311] [BufferManager.cpp:65] [~BufferManager] Calling BufferManager::destroy()[m
[36m[01:04:20.023527] [D] [SingleNodeWorker] [WorkerThread-0] [Task:1903507554-311] [BufferManager.cpp:93] [~BufferManager] Shutting down Buffer Manager completed[m
[36m[01:04:30.424202] [D] [SingleNodeWorker] [WorkerThread-1] [Task:1903507554] [SourceThread.cpp:230] [tryStop] SourceThread 2: attempting to stop source[m
[36m[01:04:30.424252] [D] [SingleNodeWorker] [WorkerThread-1] [Task:1903507554] [SourceThread.cpp:248] [tryStop] SourceThread 2: stopped[m
[32m[01:04:30.460709] [I] [SingleNodeWorker] [WorkerThread-1] [] [SequenceShredder.cpp:55] [~SequenceShredder] Successfully validated SequenceShredder[m
[32m[01:04:30.461569] [I] [SingleNodeWorker] [WorkerThread-0] [Task:1903507554-312] [VoidSink.cpp:42] [stop] Void Sink completed.[m
[36m[01:04:30.461715] [D] [SingleNodeWorker] [WorkerThread-0] [] [SourceThread.cpp:226] [tryStop] SourceThread 2: thread is not running[m
[36m[01:04:33.546660] [D] [Not A Worker] [unnamed] [queryId:173710754] [BufferManager.cpp:110] [initialize] NES memory allocation requires 1 out of 540577120256 (so 1.8498748143954595e-10%) available bytes[m
[36m[01:04:33.546704] [D] [Not A Worker] [unnamed] [queryId:173710754] [BufferManager.cpp:160] [initialize] BufferManager configuration bufferSize=1 numOfBuffers=1[m
[36m[01:04:33.546870] [D] [Not A Worker] [unnamed] [queryId:173710754] [PipeliningPhase.cpp:365] [apply] Constructed pipeline plan with 1 root pipelines.
PipelinedQueryPlan for Query: 173710754
Number of root pipelines: 1
------------------
Root Pipeline 0:
  Pipeline(ID(313), Provider(COMPILER))
  Operator chain:
    PhysicalOperator(NES::SourcePhysicalOperator)
  Successor Pipeline:
    Pipeline(ID(314), Provider(None))
      Operator chain:
        PhysicalOperator(NES::ScanPhysicalOperator)
          PhysicalOperator(NES::SelectionPhysicalOperator)
            PhysicalOperator(NES::MapPhysicalOperator)
              PhysicalOperator(NES::EmitPhysicalOperator)
      Successor Pipeline:
        Pipeline(ID(315), Provider(None))
          Operator chain:
            PhysicalOperator(NES::SinkPhysicalOperator)

[m
[36m[01:04:33.550217] [D] [Not A Worker] [unnamed] [] [SinkProvider.cpp:30] [lower] The sinkDescriptor is: SinkDescriptor: (name: variant("NAME_SINK"), type: Void, Config: )[m
[36m[01:04:33.551814] [D] [SingleNodeWorker] [WorkerThread-0] [Task:173710754-315] [VoidSink.cpp:37] [start] Setting up void sink: VoidSink[m
[36m[01:04:33.622417] [D] [SingleNodeWorker] [WorkerThread-0] [] [SourceThread.cpp:184] [start] Starting source with originId: 2[m
[36m[01:04:33.624011] [D] [SingleNodeWorker] [WorkerThread-0] [Task:173710754-314] [BufferManager.cpp:65] [~BufferManager] Calling BufferManager::destroy()[m
[36m[01:04:33.624042] [D] [SingleNodeWorker] [WorkerThread-0] [Task:173710754-314] [BufferManager.cpp:93] [~BufferManager] Shutting down Buffer Manager completed[m
[36m[01:04:44.110970] [D] [SingleNodeWorker] [WorkerThread-0] [Task:173710754] [SourceThread.cpp:230] [tryStop] SourceThread 2: attempting to stop source[m
[36m[01:04:44.111028] [D] [SingleNodeWorker] [WorkerThread-0] [Task:173710754] [SourceThread.cpp:248] [tryStop] SourceThread 2: stopped[m
[32m[01:04:44.138432] [I] [SingleNodeWorker] [WorkerThread-1] [] [SequenceShredder.cpp:55] [~SequenceShredder] Successfully validated SequenceShredder[m
[32m[01:04:44.147030] [I] [SingleNodeWorker] [WorkerThread-0] [Task:173710754-315] [VoidSink.cpp:42] [stop] Void Sink completed.[m
[36m[01:04:44.147189] [D] [SingleNodeWorker] [WorkerThread-0] [] [SourceThread.cpp:226] [tryStop] SourceThread 2: thread is not running[m
[36m[01:04:47.064871] [D] [Not A Worker] [unnamed] [queryId:443263061] [BufferManager.cpp:110] [initialize] NES memory allocation requires 1 out of 540577120256 (so 1.8498748143954595e-10%) available bytes[m
[36m[01:04:47.064920] [D] [Not A Worker] [unnamed] [queryId:443263061] [BufferManager.cpp:160] [initialize] BufferManager configuration bufferSize=1 numOfBuffers=1[m
[36m[01:04:47.065102] [D] [Not A Worker] [unnamed] [queryId:443263061] [PipeliningPhase.cpp:365] [apply] Constructed pipeline plan with 1 root pipelines.
PipelinedQueryPlan for Query: 443263061
Number of root pipelines: 1
------------------
Root Pipeline 0:
  Pipeline(ID(316), Provider(COMPILER))
  Operator chain:
    PhysicalOperator(NES::SourcePhysicalOperator)
  Successor Pipeline:
    Pipeline(ID(317), Provider(None))
      Operator chain:
        PhysicalOperator(NES::ScanPhysicalOperator)
          PhysicalOperator(NES::SelectionPhysicalOperator)
            PhysicalOperator(NES::MapPhysicalOperator)
              PhysicalOperator(NES::EmitPhysicalOperator)
      Successor Pipeline:
        Pipeline(ID(318), Provider(None))
          Operator chain:
            PhysicalOperator(NES::SinkPhysicalOperator)

[m
[36m[01:04:47.068752] [D] [Not A Worker] [unnamed] [] [SinkProvider.cpp:30] [lower] The sinkDescriptor is: SinkDescriptor: (name: variant("NAME_SINK"), type: Void, Config: )[m
[36m[01:04:47.072854] [D] [SingleNodeWorker] [WorkerThread-1] [Task:443263061-318] [VoidSink.cpp:37] [start] Setting up void sink: VoidSink[m
[36m[01:04:47.145925] [D] [SingleNodeWorker] [WorkerThread-1] [] [SourceThread.cpp:184] [start] Starting source with originId: 2[m
[36m[01:04:47.148167] [D] [SingleNodeWorker] [WorkerThread-1] [Task:443263061-317] [BufferManager.cpp:65] [~BufferManager] Calling BufferManager::destroy()[m
[36m[01:04:47.148192] [D] [SingleNodeWorker] [WorkerThread-1] [Task:443263061-317] [BufferManager.cpp:93] [~BufferManager] Shutting down Buffer Manager completed[m
[36m[01:04:57.471239] [D] [SingleNodeWorker] [WorkerThread-1] [Task:443263061] [SourceThread.cpp:230] [tryStop] SourceThread 2: attempting to stop source[m
[36m[01:04:57.471281] [D] [SingleNodeWorker] [WorkerThread-1] [Task:443263061] [SourceThread.cpp:248] [tryStop] SourceThread 2: stopped[m
[32m[01:04:57.508125] [I] [SingleNodeWorker] [WorkerThread-0] [] [SequenceShredder.cpp:55] [~SequenceShredder] Successfully validated SequenceShredder[m
[32m[01:04:57.521094] [I] [SingleNodeWorker] [WorkerThread-0] [Task:443263061-318] [VoidSink.cpp:42] [stop] Void Sink completed.[m
[36m[01:04:57.521157] [D] [SingleNodeWorker] [WorkerThread-0] [] [SourceThread.cpp:226] [tryStop] SourceThread 2: thread is not running[m
[36m[01:05:00.665492] [D] [Not A Worker] [unnamed] [queryId:51946472] [BufferManager.cpp:110] [initialize] NES memory allocation requires 1 out of 540577120256 (so 1.8498748143954595e-10%) available bytes[m
[36m[01:05:00.665555] [D] [Not A Worker] [unnamed] [queryId:51946472] [BufferManager.cpp:160] [initialize] BufferManager configuration bufferSize=1 numOfBuffers=1[m
[36m[01:05:00.665762] [D] [Not A Worker] [unnamed] [queryId:51946472] [PipeliningPhase.cpp:365] [apply] Constructed pipeline plan with 1 root pipelines.
PipelinedQueryPlan for Query: 51946472
Number of root pipelines: 1
------------------
Root Pipeline 0:
  Pipeline(ID(319), Provider(COMPILER))
  Operator chain:
    PhysicalOperator(NES::SourcePhysicalOperator)
  Successor Pipeline:
    Pipeline(ID(320), Provider(None))
      Operator chain:
        PhysicalOperator(NES::ScanPhysicalOperator)
          PhysicalOperator(NES::SelectionPhysicalOperator)
            PhysicalOperator(NES::MapPhysicalOperator)
              PhysicalOperator(NES::EmitPhysicalOperator)
      Successor Pipeline:
        Pipeline(ID(321), Provider(None))
          Operator chain:
            PhysicalOperator(NES::SinkPhysicalOperator)

[m
[36m[01:05:00.669063] [D] [Not A Worker] [unnamed] [] [SinkProvider.cpp:30] [lower] The sinkDescriptor is: SinkDescriptor: (name: variant("NAME_SINK"), type: Void, Config: )[m
[36m[01:05:00.685527] [D] [SingleNodeWorker] [WorkerThread-0] [Task:51946472-321] [VoidSink.cpp:37] [start] Setting up void sink: VoidSink[m
[36m[01:05:00.756671] [D] [SingleNodeWorker] [WorkerThread-0] [] [SourceThread.cpp:184] [start] Starting source with originId: 2[m
[36m[01:05:00.758237] [D] [SingleNodeWorker] [WorkerThread-0] [Task:51946472-320] [BufferManager.cpp:65] [~BufferManager] Calling BufferManager::destroy()[m
[36m[01:05:00.758261] [D] [SingleNodeWorker] [WorkerThread-0] [Task:51946472-320] [BufferManager.cpp:93] [~BufferManager] Shutting down Buffer Manager completed[m
[36m[01:05:11.148150] [D] [SingleNodeWorker] [WorkerThread-0] [Task:51946472] [SourceThread.cpp:230] [tryStop] SourceThread 2: attempting to stop source[m
[36m[01:05:11.148196] [D] [SingleNodeWorker] [WorkerThread-0] [Task:51946472] [SourceThread.cpp:248] [tryStop] SourceThread 2: stopped[m
[32m[01:05:11.174689] [I] [SingleNodeWorker] [WorkerThread-1] [] [SequenceShredder.cpp:55] [~SequenceShredder] Successfully validated SequenceShredder[m
[32m[01:05:11.184524] [I] [SingleNodeWorker] [WorkerThread-0] [Task:51946472-321] [VoidSink.cpp:42] [stop] Void Sink completed.[m
[36m[01:05:11.184649] [D] [SingleNodeWorker] [WorkerThread-0] [] [SourceThread.cpp:226] [tryStop] SourceThread 2: thread is not running[m
[36m[01:05:14.377152] [D] [Not A Worker] [unnamed] [queryId:1998296306] [BufferManager.cpp:110] [initialize] NES memory allocation requires 1 out of 540577120256 (so 1.8498748143954595e-10%) available bytes[m
[36m[01:05:14.377205] [D] [Not A Worker] [unnamed] [queryId:1998296306] [BufferManager.cpp:160] [initialize] BufferManager configuration bufferSize=1 numOfBuffers=1[m
[36m[01:05:14.377394] [D] [Not A Worker] [unnamed] [queryId:1998296306] [PipeliningPhase.cpp:365] [apply] Constructed pipeline plan with 1 root pipelines.
PipelinedQueryPlan for Query: 1998296306
Number of root pipelines: 1
------------------
Root Pipeline 0:
  Pipeline(ID(322), Provider(COMPILER))
  Operator chain:
    PhysicalOperator(NES::SourcePhysicalOperator)
  Successor Pipeline:
    Pipeline(ID(323), Provider(None))
      Operator chain:
        PhysicalOperator(NES::ScanPhysicalOperator)
          PhysicalOperator(NES::SelectionPhysicalOperator)
            PhysicalOperator(NES::MapPhysicalOperator)
              PhysicalOperator(NES::EmitPhysicalOperator)
      Successor Pipeline:
        Pipeline(ID(324), Provider(None))
          Operator chain:
            PhysicalOperator(NES::SinkPhysicalOperator)

[m
[36m[01:05:14.380336] [D] [Not A Worker] [unnamed] [] [SinkProvider.cpp:30] [lower] The sinkDescriptor is: SinkDescriptor: (name: variant("NAME_SINK"), type: Void, Config: )[m
[36m[01:05:14.385530] [D] [SingleNodeWorker] [WorkerThread-1] [Task:1998296306-324] [VoidSink.cpp:37] [start] Setting up void sink: VoidSink[m
[36m[01:05:14.457504] [D] [SingleNodeWorker] [WorkerThread-1] [] [SourceThread.cpp:184] [start] Starting source with originId: 2[m
[36m[01:05:14.459885] [D] [SingleNodeWorker] [WorkerThread-1] [Task:1998296306-323] [BufferManager.cpp:65] [~BufferManager] Calling BufferManager::destroy()[m
[36m[01:05:14.459915] [D] [SingleNodeWorker] [WorkerThread-1] [Task:1998296306-323] [BufferManager.cpp:93] [~BufferManager] Shutting down Buffer Manager completed[m
[36m[01:05:14.940279] [D] [SingleNodeWorker] [WorkerThread-0] [Task:1998296306-323] [InputFormatter.hpp:348] [indexTrailingSpanningTupleProxy] last offset: 262143, first offset: 151[m
[36m[01:05:24.778155] [D] [SingleNodeWorker] [WorkerThread-0] [Task:1998296306] [SourceThread.cpp:230] [tryStop] SourceThread 2: attempting to stop source[m
[36m[01:05:24.778207] [D] [SingleNodeWorker] [WorkerThread-0] [Task:1998296306] [SourceThread.cpp:248] [tryStop] SourceThread 2: stopped[m
[32m[01:05:24.815184] [I] [SingleNodeWorker] [WorkerThread-0] [Task:1998296306-324] [VoidSink.cpp:42] [stop] Void Sink completed.[m
[32m[01:05:24.815308] [I] [SingleNodeWorker] [WorkerThread-1] [] [SequenceShredder.cpp:55] [~SequenceShredder] Successfully validated SequenceShredder[m
[36m[01:05:24.815315] [D] [SingleNodeWorker] [WorkerThread-0] [] [SourceThread.cpp:226] [tryStop] SourceThread 2: thread is not running[m
[36m[01:05:28.024087] [D] [Not A Worker] [unnamed] [queryId:315749746] [BufferManager.cpp:110] [initialize] NES memory allocation requires 1 out of 540577120256 (so 1.8498748143954595e-10%) available bytes[m
[36m[01:05:28.024148] [D] [Not A Worker] [unnamed] [queryId:315749746] [BufferManager.cpp:160] [initialize] BufferManager configuration bufferSize=1 numOfBuffers=1[m
[36m[01:05:28.024322] [D] [Not A Worker] [unnamed] [queryId:315749746] [PipeliningPhase.cpp:365] [apply] Constructed pipeline plan with 1 root pipelines.
PipelinedQueryPlan for Query: 315749746
Number of root pipelines: 1
------------------
Root Pipeline 0:
  Pipeline(ID(325), Provider(COMPILER))
  Operator chain:
    PhysicalOperator(NES::SourcePhysicalOperator)
  Successor Pipeline:
    Pipeline(ID(326), Provider(None))
      Operator chain:
        PhysicalOperator(NES::ScanPhysicalOperator)
          PhysicalOperator(NES::SelectionPhysicalOperator)
            PhysicalOperator(NES::MapPhysicalOperator)
              PhysicalOperator(NES::EmitPhysicalOperator)
      Successor Pipeline:
        Pipeline(ID(327), Provider(None))
          Operator chain:
            PhysicalOperator(NES::SinkPhysicalOperator)

[m
[36m[01:05:28.027176] [D] [Not A Worker] [unnamed] [] [SinkProvider.cpp:30] [lower] The sinkDescriptor is: SinkDescriptor: (name: variant("NAME_SINK"), type: Void, Config: )[m
[36m[01:05:28.027871] [D] [SingleNodeWorker] [WorkerThread-0] [Task:315749746-327] [VoidSink.cpp:37] [start] Setting up void sink: VoidSink[m
[36m[01:05:28.096750] [D] [SingleNodeWorker] [WorkerThread-0] [] [SourceThread.cpp:184] [start] Starting source with originId: 2[m
[36m[01:05:28.098292] [D] [SingleNodeWorker] [WorkerThread-0] [Task:315749746-326] [BufferManager.cpp:65] [~BufferManager] Calling BufferManager::destroy()[m
[36m[01:05:28.098318] [D] [SingleNodeWorker] [WorkerThread-0] [Task:315749746-326] [BufferManager.cpp:93] [~BufferManager] Shutting down Buffer Manager completed[m
[36m[01:05:31.780542] [D] [SingleNodeWorker] [WorkerThread-0] [Task:315749746-326] [InputFormatter.hpp:348] [indexTrailingSpanningTupleProxy] last offset: 262143, first offset: 284[m
[36m[01:05:38.433058] [D] [SingleNodeWorker] [WorkerThread-1] [Task:315749746] [SourceThread.cpp:230] [tryStop] SourceThread 2: attempting to stop source[m
[36m[01:05:38.433101] [D] [SingleNodeWorker] [WorkerThread-1] [Task:315749746] [SourceThread.cpp:248] [tryStop] SourceThread 2: stopped[m
[32m[01:05:38.468813] [I] [SingleNodeWorker] [WorkerThread-1] [] [SequenceShredder.cpp:55] [~SequenceShredder] Successfully validated SequenceShredder[m
[32m[01:05:38.470085] [I] [SingleNodeWorker] [WorkerThread-0] [Task:315749746-327] [VoidSink.cpp:42] [stop] Void Sink completed.[m
[36m[01:05:38.470230] [D] [SingleNodeWorker] [WorkerThread-0] [] [SourceThread.cpp:226] [tryStop] SourceThread 2: thread is not running[m
[36m[01:05:41.722329] [D] [Not A Worker] [unnamed] [queryId:692826155] [BufferManager.cpp:110] [initialize] NES memory allocation requires 1 out of 540577120256 (so 1.8498748143954595e-10%) available bytes[m
[36m[01:05:41.722379] [D] [Not A Worker] [unnamed] [queryId:692826155] [BufferManager.cpp:160] [initialize] BufferManager configuration bufferSize=1 numOfBuffers=1[m
[36m[01:05:41.722548] [D] [Not A Worker] [unnamed] [queryId:692826155] [PipeliningPhase.cpp:365] [apply] Constructed pipeline plan with 1 root pipelines.
PipelinedQueryPlan for Query: 692826155
Number of root pipelines: 1
------------------
Root Pipeline 0:
  Pipeline(ID(328), Provider(COMPILER))
  Operator chain:
    PhysicalOperator(NES::SourcePhysicalOperator)
  Successor Pipeline:
    Pipeline(ID(329), Provider(None))
      Operator chain:
        PhysicalOperator(NES::ScanPhysicalOperator)
          PhysicalOperator(NES::SelectionPhysicalOperator)
            PhysicalOperator(NES::MapPhysicalOperator)
              PhysicalOperator(NES::EmitPhysicalOperator)
      Successor Pipeline:
        Pipeline(ID(330), Provider(None))
          Operator chain:
            PhysicalOperator(NES::SinkPhysicalOperator)

[m
[36m[01:05:41.726168] [D] [Not A Worker] [unnamed] [] [SinkProvider.cpp:30] [lower] The sinkDescriptor is: SinkDescriptor: (name: variant("NAME_SINK"), type: Void, Config: )[m
[36m[01:05:41.747838] [D] [SingleNodeWorker] [WorkerThread-1] [Task:692826155-330] [VoidSink.cpp:37] [start] Setting up void sink: VoidSink[m
[36m[01:05:41.820987] [D] [SingleNodeWorker] [WorkerThread-1] [] [SourceThread.cpp:184] [start] Starting source with originId: 2[m
[36m[01:05:41.822494] [D] [SingleNodeWorker] [WorkerThread-1] [Task:692826155-329] [BufferManager.cpp:65] [~BufferManager] Calling BufferManager::destroy()[m
[36m[01:05:41.822518] [D] [SingleNodeWorker] [WorkerThread-1] [Task:692826155-329] [BufferManager.cpp:93] [~BufferManager] Shutting down Buffer Manager completed[m
[36m[01:05:50.539145] [D] [SingleNodeWorker] [WorkerThread-0] [Task:692826155-329] [InputFormatter.hpp:348] [indexTrailingSpanningTupleProxy] last offset: 262143, first offset: 238[m
[36m[01:05:52.174442] [D] [SingleNodeWorker] [WorkerThread-1] [Task:692826155] [SourceThread.cpp:230] [tryStop] SourceThread 2: attempting to stop source[m
[36m[01:05:52.174485] [D] [SingleNodeWorker] [WorkerThread-1] [Task:692826155] [SourceThread.cpp:248] [tryStop] SourceThread 2: stopped[m
[32m[01:05:52.201678] [I] [SingleNodeWorker] [WorkerThread-0] [] [SequenceShredder.cpp:55] [~SequenceShredder] Successfully validated SequenceShredder[m
[32m[01:05:52.210142] [I] [SingleNodeWorker] [WorkerThread-1] [Task:692826155-330] [VoidSink.cpp:42] [stop] Void Sink completed.[m
[36m[01:05:52.210266] [D] [SingleNodeWorker] [WorkerThread-1] [] [SourceThread.cpp:226] [tryStop] SourceThread 2: thread is not running[m
[36m[01:05:55.505249] [D] [Not A Worker] [unnamed] [queryId:1457475139] [BufferManager.cpp:110] [initialize] NES memory allocation requires 1 out of 540577120256 (so 1.8498748143954595e-10%) available bytes[m
[36m[01:05:55.505299] [D] [Not A Worker] [unnamed] [queryId:1457475139] [BufferManager.cpp:160] [initialize] BufferManager configuration bufferSize=1 numOfBuffers=1[m
[36m[01:05:55.505470] [D] [Not A Worker] [unnamed] [queryId:1457475139] [PipeliningPhase.cpp:365] [apply] Constructed pipeline plan with 1 root pipelines.
PipelinedQueryPlan for Query: 1457475139
Number of root pipelines: 1
------------------
Root Pipeline 0:
  Pipeline(ID(331), Provider(COMPILER))
  Operator chain:
    PhysicalOperator(NES::SourcePhysicalOperator)
  Successor Pipeline:
    Pipeline(ID(332), Provider(None))
      Operator chain:
        PhysicalOperator(NES::ScanPhysicalOperator)
          PhysicalOperator(NES::SelectionPhysicalOperator)
            PhysicalOperator(NES::MapPhysicalOperator)
              PhysicalOperator(NES::EmitPhysicalOperator)
      Successor Pipeline:
        Pipeline(ID(333), Provider(None))
          Operator chain:
            PhysicalOperator(NES::SinkPhysicalOperator)

[m
[36m[01:05:55.509406] [D] [Not A Worker] [unnamed] [] [SinkProvider.cpp:30] [lower] The sinkDescriptor is: SinkDescriptor: (name: variant("EXTRA_SINK"), type: Void, Config: )[m
[36m[01:05:55.510694] [D] [SingleNodeWorker] [WorkerThread-1] [Task:1457475139-333] [VoidSink.cpp:37] [start] Setting up void sink: VoidSink[m
[36m[01:05:55.582884] [D] [SingleNodeWorker] [WorkerThread-1] [] [SourceThread.cpp:184] [start] Starting source with originId: 2[m
[36m[01:05:55.584392] [D] [SingleNodeWorker] [WorkerThread-1] [Task:1457475139-332] [BufferManager.cpp:65] [~BufferManager] Calling BufferManager::destroy()[m
[36m[01:05:55.584415] [D] [SingleNodeWorker] [WorkerThread-1] [Task:1457475139-332] [BufferManager.cpp:93] [~BufferManager] Shutting down Buffer Manager completed[m
[36m[01:06:05.953396] [D] [SingleNodeWorker] [WorkerThread-0] [Task:1457475139] [SourceThread.cpp:230] [tryStop] SourceThread 2: attempting to stop source[m
[36m[01:06:05.953450] [D] [SingleNodeWorker] [WorkerThread-0] [Task:1457475139] [SourceThread.cpp:248] [tryStop] SourceThread 2: stopped[m
[32m[01:06:05.953550] [I] [SingleNodeWorker] [WorkerThread-1] [Task:1457475139-333] [VoidSink.cpp:42] [stop] Void Sink completed.[m
[36m[01:06:05.953616] [D] [SingleNodeWorker] [WorkerThread-1] [] [SourceThread.cpp:226] [tryStop] SourceThread 2: thread is not running[m
[32m[01:06:05.953694] [I] [SingleNodeWorker] [WorkerThread-0] [] [SequenceShredder.cpp:55] [~SequenceShredder] Successfully validated SequenceShredder[m
[36m[01:06:09.188632] [D] [Not A Worker] [unnamed] [queryId:1505285647] [BufferManager.cpp:110] [initialize] NES memory allocation requires 1 out of 540577120256 (so 1.8498748143954595e-10%) available bytes[m
[36m[01:06:09.188680] [D] [Not A Worker] [unnamed] [queryId:1505285647] [BufferManager.cpp:160] [initialize] BufferManager configuration bufferSize=1 numOfBuffers=1[m
[36m[01:06:09.188837] [D] [Not A Worker] [unnamed] [queryId:1505285647] [PipeliningPhase.cpp:365] [apply] Constructed pipeline plan with 1 root pipelines.
PipelinedQueryPlan for Query: 1505285647
Number of root pipelines: 1
------------------
Root Pipeline 0:
  Pipeline(ID(334), Provider(COMPILER))
  Operator chain:
    PhysicalOperator(NES::SourcePhysicalOperator)
  Successor Pipeline:
    Pipeline(ID(335), Provider(None))
      Operator chain:
        PhysicalOperator(NES::ScanPhysicalOperator)
          PhysicalOperator(NES::SelectionPhysicalOperator)
            PhysicalOperator(NES::MapPhysicalOperator)
              PhysicalOperator(NES::EmitPhysicalOperator)
      Successor Pipeline:
        Pipeline(ID(336), Provider(None))
          Operator chain:
            PhysicalOperator(NES::SinkPhysicalOperator)

[m
[36m[01:06:09.192347] [D] [Not A Worker] [unnamed] [] [SinkProvider.cpp:30] [lower] The sinkDescriptor is: SinkDescriptor: (name: variant("EXTRA_SINK"), type: Void, Config: )[m
[36m[01:06:09.193557] [D] [SingleNodeWorker] [WorkerThread-1] [Task:1505285647-336] [VoidSink.cpp:37] [start] Setting up void sink: VoidSink[m
[36m[01:06:09.264002] [D] [SingleNodeWorker] [WorkerThread-1] [] [SourceThread.cpp:184] [start] Starting source with originId: 2[m
[36m[01:06:09.265507] [D] [SingleNodeWorker] [WorkerThread-1] [Task:1505285647-335] [BufferManager.cpp:65] [~BufferManager] Calling BufferManager::destroy()[m
[36m[01:06:09.265529] [D] [SingleNodeWorker] [WorkerThread-1] [Task:1505285647-335] [BufferManager.cpp:93] [~BufferManager] Shutting down Buffer Manager completed[m
[36m[01:06:19.632980] [D] [SingleNodeWorker] [WorkerThread-1] [Task:1505285647] [SourceThread.cpp:230] [tryStop] SourceThread 2: attempting to stop source[m
[36m[01:06:19.633039] [D] [SingleNodeWorker] [WorkerThread-1] [Task:1505285647] [SourceThread.cpp:248] [tryStop] SourceThread 2: stopped[m
[32m[01:06:19.633115] [I] [SingleNodeWorker] [WorkerThread-0] [Task:1505285647-336] [VoidSink.cpp:42] [stop] Void Sink completed.[m
[36m[01:06:19.633197] [D] [SingleNodeWorker] [WorkerThread-0] [] [SourceThread.cpp:226] [tryStop] SourceThread 2: thread is not running[m
[32m[01:06:19.633267] [I] [SingleNodeWorker] [WorkerThread-1] [] [SequenceShredder.cpp:55] [~SequenceShredder] Successfully validated SequenceShredder[m
[36m[01:06:22.669889] [D] [Not A Worker] [unnamed] [queryId:1530314664] [BufferManager.cpp:110] [initialize] NES memory allocation requires 1 out of 540577120256 (so 1.8498748143954595e-10%) available bytes[m
[36m[01:06:22.669942] [D] [Not A Worker] [unnamed] [queryId:1530314664] [BufferManager.cpp:160] [initialize] BufferManager configuration bufferSize=1 numOfBuffers=1[m
[36m[01:06:22.670118] [D] [Not A Worker] [unnamed] [queryId:1530314664] [PipeliningPhase.cpp:365] [apply] Constructed pipeline plan with 1 root pipelines.
PipelinedQueryPlan for Query: 1530314664
Number of root pipelines: 1
------------------
Root Pipeline 0:
  Pipeline(ID(337), Provider(COMPILER))
  Operator chain:
    PhysicalOperator(NES::SourcePhysicalOperator)
  Successor Pipeline:
    Pipeline(ID(338), Provider(None))
      Operator chain:
        PhysicalOperator(NES::ScanPhysicalOperator)
          PhysicalOperator(NES::SelectionPhysicalOperator)
            PhysicalOperator(NES::MapPhysicalOperator)
              PhysicalOperator(NES::EmitPhysicalOperator)
      Successor Pipeline:
        Pipeline(ID(339), Provider(None))
          Operator chain:
            PhysicalOperator(NES::SinkPhysicalOperator)

[m
[36m[01:06:22.673326] [D] [Not A Worker] [unnamed] [] [SinkProvider.cpp:30] [lower] The sinkDescriptor is: SinkDescriptor: (name: variant("EXTRA_SINK"), type: Void, Config: )[m
[36m[01:06:22.675428] [D] [SingleNodeWorker] [WorkerThread-0] [Task:1530314664-339] [VoidSink.cpp:37] [start] Setting up void sink: VoidSink[m
[36m[01:06:22.747353] [D] [SingleNodeWorker] [WorkerThread-0] [] [SourceThread.cpp:184] [start] Starting source with originId: 2[m
[36m[01:06:22.748922] [D] [SingleNodeWorker] [WorkerThread-0] [Task:1530314664-338] [BufferManager.cpp:65] [~BufferManager] Calling BufferManager::destroy()[m
[36m[01:06:22.748945] [D] [SingleNodeWorker] [WorkerThread-0] [Task:1530314664-338] [BufferManager.cpp:93] [~BufferManager] Shutting down Buffer Manager completed[m
[36m[01:06:33.073375] [D] [SingleNodeWorker] [WorkerThread-1] [Task:1530314664] [SourceThread.cpp:230] [tryStop] SourceThread 2: attempting to stop source[m
[36m[01:06:33.073428] [D] [SingleNodeWorker] [WorkerThread-1] [Task:1530314664] [SourceThread.cpp:248] [tryStop] SourceThread 2: stopped[m
[32m[01:06:33.099490] [I] [SingleNodeWorker] [WorkerThread-0] [] [SequenceShredder.cpp:55] [~SequenceShredder] Successfully validated SequenceShredder[m
[32m[01:06:33.110254] [I] [SingleNodeWorker] [WorkerThread-1] [Task:1530314664-339] [VoidSink.cpp:42] [stop] Void Sink completed.[m
[36m[01:06:33.110392] [D] [SingleNodeWorker] [WorkerThread-1] [] [SourceThread.cpp:226] [tryStop] SourceThread 2: thread is not running[m
[36m[01:06:36.441275] [D] [Not A Worker] [unnamed] [queryId:2102436285] [BufferManager.cpp:110] [initialize] NES memory allocation requires 1 out of 540577120256 (so 1.8498748143954595e-10%) available bytes[m
[36m[01:06:36.441332] [D] [Not A Worker] [unnamed] [queryId:2102436285] [BufferManager.cpp:160] [initialize] BufferManager configuration bufferSize=1 numOfBuffers=1[m
[36m[01:06:36.441512] [D] [Not A Worker] [unnamed] [queryId:2102436285] [PipeliningPhase.cpp:365] [apply] Constructed pipeline plan with 1 root pipelines.
PipelinedQueryPlan for Query: 2102436285
Number of root pipelines: 1
------------------
Root Pipeline 0:
  Pipeline(ID(340), Provider(COMPILER))
  Operator chain:
    PhysicalOperator(NES::SourcePhysicalOperator)
  Successor Pipeline:
    Pipeline(ID(341), Provider(None))
      Operator chain:
        PhysicalOperator(NES::ScanPhysicalOperator)
          PhysicalOperator(NES::SelectionPhysicalOperator)
            PhysicalOperator(NES::MapPhysicalOperator)
              PhysicalOperator(NES::EmitPhysicalOperator)
      Successor Pipeline:
        Pipeline(ID(342), Provider(None))
          Operator chain:
            PhysicalOperator(NES::SinkPhysicalOperator)

[m
[36m[01:06:36.445463] [D] [Not A Worker] [unnamed] [] [SinkProvider.cpp:30] [lower] The sinkDescriptor is: SinkDescriptor: (name: variant("EXTRA_SINK"), type: Void, Config: )[m
[36m[01:06:36.452981] [D] [SingleNodeWorker] [WorkerThread-1] [Task:2102436285-342] [VoidSink.cpp:37] [start] Setting up void sink: VoidSink[m
[36m[01:06:36.528478] [D] [SingleNodeWorker] [WorkerThread-1] [] [SourceThread.cpp:184] [start] Starting source with originId: 2[m
[36m[01:06:36.530070] [D] [SingleNodeWorker] [WorkerThread-1] [Task:2102436285-341] [BufferManager.cpp:65] [~BufferManager] Calling BufferManager::destroy()[m
[36m[01:06:36.530097] [D] [SingleNodeWorker] [WorkerThread-1] [Task:2102436285-341] [BufferManager.cpp:93] [~BufferManager] Shutting down Buffer Manager completed[m
[36m[01:06:46.892532] [D] [SingleNodeWorker] [WorkerThread-0] [Task:2102436285] [SourceThread.cpp:230] [tryStop] SourceThread 2: attempting to stop source[m
[36m[01:06:46.892575] [D] [SingleNodeWorker] [WorkerThread-0] [Task:2102436285] [SourceThread.cpp:248] [tryStop] SourceThread 2: stopped[m
[32m[01:06:46.918534] [I] [SingleNodeWorker] [WorkerThread-1] [] [SequenceShredder.cpp:55] [~SequenceShredder] Successfully validated SequenceShredder[m
[32m[01:06:46.928351] [I] [SingleNodeWorker] [WorkerThread-0] [Task:2102436285-342] [VoidSink.cpp:42] [stop] Void Sink completed.[m
[36m[01:06:46.928480] [D] [SingleNodeWorker] [WorkerThread-0] [] [SourceThread.cpp:226] [tryStop] SourceThread 2: thread is not running[m
[36m[01:06:50.111578] [D] [Not A Worker] [unnamed] [queryId:1655070766] [BufferManager.cpp:110] [initialize] NES memory allocation requires 1 out of 540577120256 (so 1.8498748143954595e-10%) available bytes[m
[36m[01:06:50.111630] [D] [Not A Worker] [unnamed] [queryId:1655070766] [BufferManager.cpp:160] [initialize] BufferManager configuration bufferSize=1 numOfBuffers=1[m
[36m[01:06:50.111809] [D] [Not A Worker] [unnamed] [queryId:1655070766] [PipeliningPhase.cpp:365] [apply] Constructed pipeline plan with 1 root pipelines.
PipelinedQueryPlan for Query: 1655070766
Number of root pipelines: 1
------------------
Root Pipeline 0:
  Pipeline(ID(343), Provider(COMPILER))
  Operator chain:
    PhysicalOperator(NES::SourcePhysicalOperator)
  Successor Pipeline:
    Pipeline(ID(344), Provider(None))
      Operator chain:
        PhysicalOperator(NES::ScanPhysicalOperator)
          PhysicalOperator(NES::SelectionPhysicalOperator)
            PhysicalOperator(NES::MapPhysicalOperator)
              PhysicalOperator(NES::EmitPhysicalOperator)
      Successor Pipeline:
        Pipeline(ID(345), Provider(None))
          Operator chain:
            PhysicalOperator(NES::SinkPhysicalOperator)

[m
[36m[01:06:50.114975] [D] [Not A Worker] [unnamed] [] [SinkProvider.cpp:30] [lower] The sinkDescriptor is: SinkDescriptor: (name: variant("EXTRA_SINK"), type: Void, Config: )[m
[36m[01:06:50.119786] [D] [SingleNodeWorker] [WorkerThread-0] [Task:1655070766-345] [VoidSink.cpp:37] [start] Setting up void sink: VoidSink[m
[36m[01:06:50.192281] [D] [SingleNodeWorker] [WorkerThread-0] [] [SourceThread.cpp:184] [start] Starting source with originId: 2[m
[36m[01:06:50.193788] [D] [SingleNodeWorker] [WorkerThread-0] [Task:1655070766-344] [BufferManager.cpp:65] [~BufferManager] Calling BufferManager::destroy()[m
[36m[01:06:50.193814] [D] [SingleNodeWorker] [WorkerThread-0] [Task:1655070766-344] [BufferManager.cpp:93] [~BufferManager] Shutting down Buffer Manager completed[m
[36m[01:07:00.538086] [D] [SingleNodeWorker] [WorkerThread-0] [Task:1655070766] [SourceThread.cpp:230] [tryStop] SourceThread 2: attempting to stop source[m
[36m[01:07:00.538127] [D] [SingleNodeWorker] [WorkerThread-0] [Task:1655070766] [SourceThread.cpp:248] [tryStop] SourceThread 2: stopped[m
[32m[01:07:00.565741] [I] [SingleNodeWorker] [WorkerThread-1] [] [SequenceShredder.cpp:55] [~SequenceShredder] Successfully validated SequenceShredder[m
[32m[01:07:00.572414] [I] [SingleNodeWorker] [WorkerThread-0] [Task:1655070766-345] [VoidSink.cpp:42] [stop] Void Sink completed.[m
[36m[01:07:00.572534] [D] [SingleNodeWorker] [WorkerThread-0] [] [SourceThread.cpp:226] [tryStop] SourceThread 2: thread is not running[m
[36m[01:07:03.827261] [D] [Not A Worker] [unnamed] [queryId:442110355] [BufferManager.cpp:110] [initialize] NES memory allocation requires 1 out of 540577120256 (so 1.8498748143954595e-10%) available bytes[m
[36m[01:07:03.827315] [D] [Not A Worker] [unnamed] [queryId:442110355] [BufferManager.cpp:160] [initialize] BufferManager configuration bufferSize=1 numOfBuffers=1[m
[36m[01:07:03.827496] [D] [Not A Worker] [unnamed] [queryId:442110355] [PipeliningPhase.cpp:365] [apply] Constructed pipeline plan with 1 root pipelines.
PipelinedQueryPlan for Query: 442110355
Number of root pipelines: 1
------------------
Root Pipeline 0:
  Pipeline(ID(346), Provider(COMPILER))
  Operator chain:
    PhysicalOperator(NES::SourcePhysicalOperator)
  Successor Pipeline:
    Pipeline(ID(347), Provider(None))
      Operator chain:
        PhysicalOperator(NES::ScanPhysicalOperator)
          PhysicalOperator(NES::SelectionPhysicalOperator)
            PhysicalOperator(NES::MapPhysicalOperator)
              PhysicalOperator(NES::EmitPhysicalOperator)
      Successor Pipeline:
        Pipeline(ID(348), Provider(None))
          Operator chain:
            PhysicalOperator(NES::SinkPhysicalOperator)

[m
[36m[01:07:03.831437] [D] [Not A Worker] [unnamed] [] [SinkProvider.cpp:30] [lower] The sinkDescriptor is: SinkDescriptor: (name: variant("EXTRA_SINK"), type: Void, Config: )[m
[36m[01:07:03.842666] [D] [SingleNodeWorker] [WorkerThread-0] [Task:442110355-348] [VoidSink.cpp:37] [start] Setting up void sink: VoidSink[m
[36m[01:07:03.915149] [D] [SingleNodeWorker] [WorkerThread-0] [] [SourceThread.cpp:184] [start] Starting source with originId: 2[m
[36m[01:07:03.916682] [D] [SingleNodeWorker] [WorkerThread-0] [Task:442110355-347] [BufferManager.cpp:65] [~BufferManager] Calling BufferManager::destroy()[m
[36m[01:07:03.916708] [D] [SingleNodeWorker] [WorkerThread-0] [Task:442110355-347] [BufferManager.cpp:93] [~BufferManager] Shutting down Buffer Manager completed[m
[36m[01:07:14.234712] [D] [SingleNodeWorker] [WorkerThread-1] [Task:442110355] [SourceThread.cpp:230] [tryStop] SourceThread 2: attempting to stop source[m
[36m[01:07:14.234759] [D] [SingleNodeWorker] [WorkerThread-1] [Task:442110355] [SourceThread.cpp:248] [tryStop] SourceThread 2: stopped[m
[32m[01:07:14.262436] [I] [SingleNodeWorker] [WorkerThread-0] [] [SequenceShredder.cpp:55] [~SequenceShredder] Successfully validated SequenceShredder[m
[32m[01:07:14.263876] [I] [SingleNodeWorker] [WorkerThread-1] [Task:442110355-348] [VoidSink.cpp:42] [stop] Void Sink completed.[m
[36m[01:07:14.263995] [D] [SingleNodeWorker] [WorkerThread-1] [] [SourceThread.cpp:226] [tryStop] SourceThread 2: thread is not running[m
[36m[01:07:17.426697] [D] [Not A Worker] [unnamed] [queryId:528868988] [BufferManager.cpp:110] [initialize] NES memory allocation requires 1 out of 540577120256 (so 1.8498748143954595e-10%) available bytes[m
[36m[01:07:17.426762] [D] [Not A Worker] [unnamed] [queryId:528868988] [BufferManager.cpp:160] [initialize] BufferManager configuration bufferSize=1 numOfBuffers=1[m
[36m[01:07:17.426957] [D] [Not A Worker] [unnamed] [queryId:528868988] [PipeliningPhase.cpp:365] [apply] Constructed pipeline plan with 1 root pipelines.
PipelinedQueryPlan for Query: 528868988
Number of root pipelines: 1
------------------
Root Pipeline 0:
  Pipeline(ID(349), Provider(COMPILER))
  Operator chain:
    PhysicalOperator(NES::SourcePhysicalOperator)
  Successor Pipeline:
    Pipeline(ID(350), Provider(None))
      Operator chain:
        PhysicalOperator(NES::ScanPhysicalOperator)
          PhysicalOperator(NES::SelectionPhysicalOperator)
            PhysicalOperator(NES::MapPhysicalOperator)
              PhysicalOperator(NES::EmitPhysicalOperator)
      Successor Pipeline:
        Pipeline(ID(351), Provider(None))
          Operator chain:
            PhysicalOperator(NES::SinkPhysicalOperator)

[m
[36m[01:07:17.430209] [D] [Not A Worker] [unnamed] [] [SinkProvider.cpp:30] [lower] The sinkDescriptor is: SinkDescriptor: (name: variant("EXTRA_SINK"), type: Void, Config: )[m
[36m[01:07:17.436314] [D] [SingleNodeWorker] [WorkerThread-1] [Task:528868988-351] [VoidSink.cpp:37] [start] Setting up void sink: VoidSink[m
[36m[01:07:17.508982] [D] [SingleNodeWorker] [WorkerThread-1] [] [SourceThread.cpp:184] [start] Starting source with originId: 2[m
[36m[01:07:17.510547] [D] [SingleNodeWorker] [WorkerThread-1] [Task:528868988-350] [BufferManager.cpp:65] [~BufferManager] Calling BufferManager::destroy()[m
[36m[01:07:17.510572] [D] [SingleNodeWorker] [WorkerThread-1] [Task:528868988-350] [BufferManager.cpp:93] [~BufferManager] Shutting down Buffer Manager completed[m
[36m[01:07:27.926948] [D] [SingleNodeWorker] [WorkerThread-1] [Task:528868988] [SourceThread.cpp:230] [tryStop] SourceThread 2: attempting to stop source[m
[36m[01:07:27.926992] [D] [SingleNodeWorker] [WorkerThread-1] [Task:528868988] [SourceThread.cpp:248] [tryStop] SourceThread 2: stopped[m
[32m[01:07:27.952864] [I] [SingleNodeWorker] [WorkerThread-0] [] [SequenceShredder.cpp:55] [~SequenceShredder] Successfully validated SequenceShredder[m
[32m[01:07:27.962540] [I] [SingleNodeWorker] [WorkerThread-1] [Task:528868988-351] [VoidSink.cpp:42] [stop] Void Sink completed.[m
[36m[01:07:27.962686] [D] [SingleNodeWorker] [WorkerThread-1] [] [SourceThread.cpp:226] [tryStop] SourceThread 2: thread is not running[m
[36m[01:07:31.206016] [D] [Not A Worker] [unnamed] [queryId:546641075] [BufferManager.cpp:110] [initialize] NES memory allocation requires 1 out of 540577120256 (so 1.8498748143954595e-10%) available bytes[m
[36m[01:07:31.206097] [D] [Not A Worker] [unnamed] [queryId:546641075] [BufferManager.cpp:160] [initialize] BufferManager configuration bufferSize=1 numOfBuffers=1[m
[36m[01:07:31.206309] [D] [Not A Worker] [unnamed] [queryId:546641075] [PipeliningPhase.cpp:365] [apply] Constructed pipeline plan with 1 root pipelines.
PipelinedQueryPlan for Query: 546641075
Number of root pipelines: 1
------------------
Root Pipeline 0:
  Pipeline(ID(352), Provider(COMPILER))
  Operator chain:
    PhysicalOperator(NES::SourcePhysicalOperator)
  Successor Pipeline:
    Pipeline(ID(353), Provider(None))
      Operator chain:
        PhysicalOperator(NES::ScanPhysicalOperator)
          PhysicalOperator(NES::SelectionPhysicalOperator)
            PhysicalOperator(NES::MapPhysicalOperator)
              PhysicalOperator(NES::EmitPhysicalOperator)
      Successor Pipeline:
        Pipeline(ID(354), Provider(None))
          Operator chain:
            PhysicalOperator(NES::SinkPhysicalOperator)

[m
[36m[01:07:31.209653] [D] [Not A Worker] [unnamed] [] [SinkProvider.cpp:30] [lower] The sinkDescriptor is: SinkDescriptor: (name: variant("EXTRA_SINK"), type: Void, Config: )[m
[36m[01:07:31.211436] [D] [SingleNodeWorker] [WorkerThread-0] [Task:546641075-354] [VoidSink.cpp:37] [start] Setting up void sink: VoidSink[m
[36m[01:07:31.286532] [D] [SingleNodeWorker] [WorkerThread-0] [] [SourceThread.cpp:184] [start] Starting source with originId: 2[m
[36m[01:07:31.288459] [D] [SingleNodeWorker] [WorkerThread-1] [Task:546641075-353] [BufferManager.cpp:65] [~BufferManager] Calling BufferManager::destroy()[m
[36m[01:07:31.288551] [D] [SingleNodeWorker] [WorkerThread-1] [Task:546641075-353] [BufferManager.cpp:93] [~BufferManager] Shutting down Buffer Manager completed[m
[36m[01:07:41.666945] [D] [SingleNodeWorker] [WorkerThread-0] [Task:546641075] [SourceThread.cpp:230] [tryStop] SourceThread 2: attempting to stop source[m
[36m[01:07:41.666997] [D] [SingleNodeWorker] [WorkerThread-0] [Task:546641075] [SourceThread.cpp:248] [tryStop] SourceThread 2: stopped[m
[32m[01:07:41.693887] [I] [SingleNodeWorker] [WorkerThread-1] [] [SequenceShredder.cpp:55] [~SequenceShredder] Successfully validated SequenceShredder[m
[32m[01:07:41.704097] [I] [SingleNodeWorker] [WorkerThread-0] [Task:546641075-354] [VoidSink.cpp:42] [stop] Void Sink completed.[m
[36m[01:07:41.704223] [D] [SingleNodeWorker] [WorkerThread-0] [] [SourceThread.cpp:226] [tryStop] SourceThread 2: thread is not running[m
[36m[01:07:44.960369] [D] [Not A Worker] [unnamed] [queryId:1341913732] [BufferManager.cpp:110] [initialize] NES memory allocation requires 1 out of 540577120256 (so 1.8498748143954595e-10%) available bytes[m
[36m[01:07:44.960433] [D] [Not A Worker] [unnamed] [queryId:1341913732] [BufferManager.cpp:160] [initialize] BufferManager configuration bufferSize=1 numOfBuffers=1[m
[36m[01:07:44.960624] [D] [Not A Worker] [unnamed] [queryId:1341913732] [PipeliningPhase.cpp:365] [apply] Constructed pipeline plan with 1 root pipelines.
PipelinedQueryPlan for Query: 1341913732
Number of root pipelines: 1
------------------
Root Pipeline 0:
  Pipeline(ID(355), Provider(COMPILER))
  Operator chain:
    PhysicalOperator(NES::SourcePhysicalOperator)
  Successor Pipeline:
    Pipeline(ID(356), Provider(None))
      Operator chain:
        PhysicalOperator(NES::ScanPhysicalOperator)
          PhysicalOperator(NES::SelectionPhysicalOperator)
            PhysicalOperator(NES::MapPhysicalOperator)
              PhysicalOperator(NES::EmitPhysicalOperator)
      Successor Pipeline:
        Pipeline(ID(357), Provider(None))
          Operator chain:
            PhysicalOperator(NES::SinkPhysicalOperator)

[m
[36m[01:07:44.964886] [D] [Not A Worker] [unnamed] [] [SinkProvider.cpp:30] [lower] The sinkDescriptor is: SinkDescriptor: (name: variant("EXTRA_SINK"), type: Void, Config: )[m
[36m[01:07:44.984151] [D] [SingleNodeWorker] [WorkerThread-1] [Task:1341913732-357] [VoidSink.cpp:37] [start] Setting up void sink: VoidSink[m
[36m[01:07:45.059397] [D] [SingleNodeWorker] [WorkerThread-1] [] [SourceThread.cpp:184] [start] Starting source with originId: 2[m
[36m[01:07:45.061010] [D] [SingleNodeWorker] [WorkerThread-0] [Task:1341913732-356] [BufferManager.cpp:65] [~BufferManager] Calling BufferManager::destroy()[m
[36m[01:07:45.061090] [D] [SingleNodeWorker] [WorkerThread-0] [Task:1341913732-356] [BufferManager.cpp:93] [~BufferManager] Shutting down Buffer Manager completed[m
[36m[01:07:55.407086] [D] [SingleNodeWorker] [WorkerThread-0] [Task:1341913732] [SourceThread.cpp:230] [tryStop] SourceThread 2: attempting to stop source[m
[36m[01:07:55.407137] [D] [SingleNodeWorker] [WorkerThread-0] [Task:1341913732] [SourceThread.cpp:248] [tryStop] SourceThread 2: stopped[m
[32m[01:07:55.443758] [I] [SingleNodeWorker] [WorkerThread-0] [] [SequenceShredder.cpp:55] [~SequenceShredder] Successfully validated SequenceShredder[m
[32m[01:07:55.444569] [I] [SingleNodeWorker] [WorkerThread-1] [Task:1341913732-357] [VoidSink.cpp:42] [stop] Void Sink completed.[m
[36m[01:07:55.444703] [D] [SingleNodeWorker] [WorkerThread-1] [] [SourceThread.cpp:226] [tryStop] SourceThread 2: thread is not running[m
[36m[01:07:58.476575] [D] [Not A Worker] [unnamed] [queryId:1709648548] [BufferManager.cpp:110] [initialize] NES memory allocation requires 1 out of 540577120256 (so 1.8498748143954595e-10%) available bytes[m
[36m[01:07:58.476638] [D] [Not A Worker] [unnamed] [queryId:1709648548] [BufferManager.cpp:160] [initialize] BufferManager configuration bufferSize=1 numOfBuffers=1[m
[36m[01:07:58.476839] [D] [Not A Worker] [unnamed] [queryId:1709648548] [PipeliningPhase.cpp:365] [apply] Constructed pipeline plan with 1 root pipelines.
PipelinedQueryPlan for Query: 1709648548
Number of root pipelines: 1
------------------
Root Pipeline 0:
  Pipeline(ID(358), Provider(COMPILER))
  Operator chain:
    PhysicalOperator(NES::SourcePhysicalOperator)
  Successor Pipeline:
    Pipeline(ID(359), Provider(None))
      Operator chain:
        PhysicalOperator(NES::ScanPhysicalOperator)
          PhysicalOperator(NES::SelectionPhysicalOperator)
            PhysicalOperator(NES::MapPhysicalOperator)
              PhysicalOperator(NES::EmitPhysicalOperator)
      Successor Pipeline:
        Pipeline(ID(360), Provider(None))
          Operator chain:
            PhysicalOperator(NES::SinkPhysicalOperator)

[m
[36m[01:07:58.480399] [D] [Not A Worker] [unnamed] [] [SinkProvider.cpp:30] [lower] The sinkDescriptor is: SinkDescriptor: (name: variant("EXTRA_SINK"), type: Void, Config: )[m
[36m[01:07:58.486848] [D] [SingleNodeWorker] [WorkerThread-1] [Task:1709648548-360] [VoidSink.cpp:37] [start] Setting up void sink: VoidSink[m
[36m[01:07:58.563217] [D] [SingleNodeWorker] [WorkerThread-1] [] [SourceThread.cpp:184] [start] Starting source with originId: 2[m
[36m[01:07:58.565051] [D] [SingleNodeWorker] [WorkerThread-1] [Task:1709648548-359] [BufferManager.cpp:65] [~BufferManager] Calling BufferManager::destroy()[m
[36m[01:07:58.565126] [D] [SingleNodeWorker] [WorkerThread-1] [Task:1709648548-359] [BufferManager.cpp:93] [~BufferManager] Shutting down Buffer Manager completed[m
[36m[01:08:08.989868] [D] [SingleNodeWorker] [WorkerThread-1] [Task:1709648548] [SourceThread.cpp:230] [tryStop] SourceThread 2: attempting to stop source[m
[36m[01:08:08.989925] [D] [SingleNodeWorker] [WorkerThread-1] [Task:1709648548] [SourceThread.cpp:248] [tryStop] SourceThread 2: stopped[m
[32m[01:08:09.018186] [I] [SingleNodeWorker] [WorkerThread-0] [] [SequenceShredder.cpp:55] [~SequenceShredder] Successfully validated SequenceShredder[m
[32m[01:08:09.025560] [I] [SingleNodeWorker] [WorkerThread-1] [Task:1709648548-360] [VoidSink.cpp:42] [stop] Void Sink completed.[m
[36m[01:08:09.025684] [D] [SingleNodeWorker] [WorkerThread-1] [] [SourceThread.cpp:226] [tryStop] SourceThread 2: thread is not running[m
