[36m[10:46:52.581921] [D] [Not A Worker] [unnamed] [] [BufferManager.cpp:110] [initialize] NES memory allocation requires 8589934592 out of 540577120256 (so 1.5890303659045137%) available bytes[m
[36m[10:46:52.670399] [D] [Not A Worker] [unnamed] [] [BufferManager.cpp:160] [initialize] BufferManager configuration bufferSize=262144 numOfBuffers=32768[m
[32m[10:46:52.679089] [I] [Not A Worker] [unnamed] [] [SingleNodeWorkerStarter.cpp:85] [main] Server listening on worker-max:8080[m
[36m[10:46:55.091643] [D] [Not A Worker] [unnamed] [] [BufferManager.cpp:110] [initialize] NES memory allocation requires 1 out of 540577120256 (so 1.8498748143954595e-10%) available bytes[m
[36m[10:46:55.091752] [D] [Not A Worker] [unnamed] [] [BufferManager.cpp:160] [initialize] BufferManager configuration bufferSize=1 numOfBuffers=1[m
[36m[10:46:55.093315] [D] [Not A Worker] [unnamed] [] [PipeliningPhase.cpp:365] [apply] Constructed pipeline plan with 1 root pipelines.
PipelinedQueryPlan for Query: 1
Number of root pipelines: 1
------------------
Root Pipeline 0:
  Pipeline(ID(1), Provider(COMPILER))
  Operator chain:
    PhysicalOperator(NES::SourcePhysicalOperator)
  Successor Pipeline:
    Pipeline(ID(2), Provider(None))
      Operator chain:
        PhysicalOperator(NES::ScanPhysicalOperator)
          PhysicalOperator(NES::MapPhysicalOperator)
            PhysicalOperator(NES::EmitPhysicalOperator)
      Successor Pipeline:
        Pipeline(ID(3), Provider(None))
          Operator chain:
            PhysicalOperator(NES::SinkPhysicalOperator)

[m
[32m[10:46:55.093868] [I] [Not A Worker] [unnamed] [] [NodeEngine.cpp:55] [registerQuery] Register 1[m
[36m[10:46:55.096993] [D] [Not A Worker] [unnamed] [] [SinkProvider.cpp:30] [lower] The sinkDescriptor is: SinkDescriptor: (name: variant("EXTRA_SINK"), type: Void, Config: )[m
[36m[10:46:55.097943] [D] [SingleNodeWorker] [WorkerThread-1] [Task:1-3] [VoidSink.cpp:37] [start] Setting up void sink: VoidSink[m
[36m[10:46:55.194397] [D] [SingleNodeWorker] [WorkerThread-1] [] [SourceThread.cpp:184] [start] Starting source with originId: 2[m
[36m[10:46:55.196549] [D] [SingleNodeWorker] [WorkerThread-1] [Task:1-2] [BufferManager.cpp:65] [~BufferManager] Calling BufferManager::destroy()[m
[36m[10:46:55.196572] [D] [SingleNodeWorker] [WorkerThread-1] [Task:1-2] [BufferManager.cpp:93] [~BufferManager] Shutting down Buffer Manager completed[m
[31m[1m[10:46:55.196832] [E] [SingleNodeWorker] [WorkerThread-1] [] [Task.cpp:67] [callOnFailure] TaskCallback::callOnFailure[m
[36m[10:46:55.196887] [D] [SingleNodeWorker] [WorkerThread-1] [] [SourceThread.cpp:230] [tryStop] SourceThread 2: attempting to stop source[m
[36m[10:46:55.196899] [D] [SingleNodeWorker] [WorkerThread-1] [] [SourceThread.cpp:238] [tryStop] SourceThread 2: source was not stopped during timeout[m
[31m[1m[10:46:55.197415] [E] [SingleNodeWorker] [WorkerThread-1] [] [QueryEngine.cpp:874] [onFailure] Query Failed: cannot format malformed string value; Value '{"ID": 1000', is not a valid value of type: int.
 in Query 1.[m
[31m[1m[10:46:55.199721] [E] [SingleNodeWorker] [WorkerThread-3] [] [Task.cpp:67] [callOnFailure] TaskCallback::callOnFailure[m
[31m[1m[10:46:55.199847] [E] [SingleNodeWorker] [WorkerThread-3] [] [QueryEngine.cpp:874] [onFailure] Query Failed: cannot format malformed string value; Value '{"ID": 1812', is not a valid value of type: int.
 in Query 1.[m
[31m[1m[10:46:55.199947] [E] [SingleNodeWorker] [WorkerThread-2] [] [Task.cpp:67] [callOnFailure] TaskCallback::callOnFailure[m
[31m[1m[10:46:55.200044] [E] [SingleNodeWorker] [WorkerThread-2] [] [QueryEngine.cpp:93] [operator()] Query Failure could not be reported as query has already been terminated. Original Error: cannot format malformed string value; Value '{"ID": 2623', is not a valid value of type: int.
[m
[32m[10:46:55.200329] [I] [SingleNodeWorker] [WorkerThread-3] [] [SequenceShredder.cpp:55] [~SequenceShredder] Successfully validated SequenceShredder[m
[36m[10:47:00.564757] [D] [Not A Worker] [unnamed] [] [BufferManager.cpp:110] [initialize] NES memory allocation requires 1 out of 540577120256 (so 1.8498748143954595e-10%) available bytes[m
[36m[10:47:00.564867] [D] [Not A Worker] [unnamed] [] [BufferManager.cpp:160] [initialize] BufferManager configuration bufferSize=1 numOfBuffers=1[m
[36m[10:47:00.566299] [D] [Not A Worker] [unnamed] [] [PipeliningPhase.cpp:365] [apply] Constructed pipeline plan with 1 root pipelines.
PipelinedQueryPlan for Query: 2
Number of root pipelines: 1
------------------
Root Pipeline 0:
  Pipeline(ID(4), Provider(COMPILER))
  Operator chain:
    PhysicalOperator(NES::SourcePhysicalOperator)
  Successor Pipeline:
    Pipeline(ID(5), Provider(None))
      Operator chain:
        PhysicalOperator(NES::ScanPhysicalOperator)
          PhysicalOperator(NES::MapPhysicalOperator)
            PhysicalOperator(NES::EmitPhysicalOperator)
      Successor Pipeline:
        Pipeline(ID(6), Provider(None))
          Operator chain:
            PhysicalOperator(NES::SinkPhysicalOperator)

[m
[32m[10:47:00.566615] [I] [Not A Worker] [unnamed] [] [NodeEngine.cpp:55] [registerQuery] Register 2[m
[36m[10:47:00.569768] [D] [Not A Worker] [unnamed] [] [SinkProvider.cpp:30] [lower] The sinkDescriptor is: SinkDescriptor: (name: variant("EXTRA_SINK"), type: Void, Config: )[m
[36m[10:47:00.570568] [D] [SingleNodeWorker] [WorkerThread-6] [Task:2-6] [VoidSink.cpp:37] [start] Setting up void sink: VoidSink[m
[36m[10:47:00.655798] [D] [SingleNodeWorker] [WorkerThread-6] [] [SourceThread.cpp:184] [start] Starting source with originId: 2[m
[36m[10:47:00.657891] [D] [SingleNodeWorker] [WorkerThread-6] [Task:2-5] [BufferManager.cpp:65] [~BufferManager] Calling BufferManager::destroy()[m
[36m[10:47:00.657914] [D] [SingleNodeWorker] [WorkerThread-6] [Task:2-5] [BufferManager.cpp:93] [~BufferManager] Shutting down Buffer Manager completed[m
[31m[1m[10:47:00.658083] [E] [SingleNodeWorker] [WorkerThread-6] [] [Task.cpp:67] [callOnFailure] TaskCallback::callOnFailure[m
[36m[10:47:00.658130] [D] [SingleNodeWorker] [WorkerThread-6] [] [SourceThread.cpp:230] [tryStop] SourceThread 2: attempting to stop source[m
[36m[10:47:00.658147] [D] [SingleNodeWorker] [WorkerThread-6] [] [SourceThread.cpp:238] [tryStop] SourceThread 2: source was not stopped during timeout[m
[31m[1m[10:47:00.658536] [E] [SingleNodeWorker] [WorkerThread-6] [] [QueryEngine.cpp:874] [onFailure] Query Failed: cannot format malformed string value; Value '{"ID": 1000', is not a valid value of type: int.
 in Query 2.[m
[32m[10:47:00.658692] [I] [SingleNodeWorker] [WorkerThread-6] [] [SequenceShredder.cpp:55] [~SequenceShredder] Successfully validated SequenceShredder[m
[36m[10:47:02.481263] [D] [Not A Worker] [unnamed] [] [BufferManager.cpp:110] [initialize] NES memory allocation requires 1 out of 540577120256 (so 1.8498748143954595e-10%) available bytes[m
[36m[10:47:02.481368] [D] [Not A Worker] [unnamed] [] [BufferManager.cpp:160] [initialize] BufferManager configuration bufferSize=1 numOfBuffers=1[m
[36m[10:47:02.482789] [D] [Not A Worker] [unnamed] [] [PipeliningPhase.cpp:365] [apply] Constructed pipeline plan with 1 root pipelines.
PipelinedQueryPlan for Query: 3
Number of root pipelines: 1
------------------
Root Pipeline 0:
  Pipeline(ID(7), Provider(COMPILER))
  Operator chain:
    PhysicalOperator(NES::SourcePhysicalOperator)
  Successor Pipeline:
    Pipeline(ID(8), Provider(None))
      Operator chain:
        PhysicalOperator(NES::ScanPhysicalOperator)
          PhysicalOperator(NES::MapPhysicalOperator)
            PhysicalOperator(NES::EmitPhysicalOperator)
      Successor Pipeline:
        Pipeline(ID(9), Provider(None))
          Operator chain:
            PhysicalOperator(NES::SinkPhysicalOperator)

[m
[32m[10:47:02.483116] [I] [Not A Worker] [unnamed] [] [NodeEngine.cpp:55] [registerQuery] Register 3[m
[36m[10:47:02.486362] [D] [Not A Worker] [unnamed] [] [SinkProvider.cpp:30] [lower] The sinkDescriptor is: SinkDescriptor: (name: variant("EXTRA_SINK"), type: Void, Config: )[m
[36m[10:47:02.489084] [D] [SingleNodeWorker] [WorkerThread-5] [Task:3-9] [VoidSink.cpp:37] [start] Setting up void sink: VoidSink[m
[36m[10:47:02.583568] [D] [SingleNodeWorker] [WorkerThread-5] [] [SourceThread.cpp:184] [start] Starting source with originId: 2[m
[36m[10:47:02.585140] [D] [SingleNodeWorker] [WorkerThread-5] [Task:3-8] [BufferManager.cpp:65] [~BufferManager] Calling BufferManager::destroy()[m
[36m[10:47:02.585163] [D] [SingleNodeWorker] [WorkerThread-5] [Task:3-8] [BufferManager.cpp:93] [~BufferManager] Shutting down Buffer Manager completed[m
[31m[1m[10:47:02.585331] [E] [SingleNodeWorker] [WorkerThread-5] [] [Task.cpp:67] [callOnFailure] TaskCallback::callOnFailure[m
[36m[10:47:02.585397] [D] [SingleNodeWorker] [WorkerThread-5] [] [SourceThread.cpp:230] [tryStop] SourceThread 2: attempting to stop source[m
[36m[10:47:02.585411] [D] [SingleNodeWorker] [WorkerThread-5] [] [SourceThread.cpp:238] [tryStop] SourceThread 2: source was not stopped during timeout[m
[31m[1m[10:47:02.585635] [E] [SingleNodeWorker] [WorkerThread-5] [] [QueryEngine.cpp:874] [onFailure] Query Failed: cannot format malformed string value; Value '{"ID": 1000', is not a valid value of type: int.
 in Query 3.[m
[32m[10:47:02.588729] [I] [SingleNodeWorker] [WorkerThread-3] [Task:3-8] [SequenceShredder.cpp:55] [~SequenceShredder] Successfully validated SequenceShredder[m
[31m[1m[10:47:02.598791] [E] [SingleNodeWorker] [WorkerThread-3] [] [Task.cpp:67] [callOnFailure] TaskCallback::callOnFailure[m
[31m[1m[10:47:02.598845] [E] [SingleNodeWorker] [WorkerThread-3] [] [QueryEngine.cpp:93] [operator()] Query Failure could not be reported as query has already been terminated. Original Error: cannot format malformed string value; Value '{"ID": 1812', is not a valid value of type: int.
[m
[36m[10:47:04.466729] [D] [Not A Worker] [unnamed] [] [BufferManager.cpp:110] [initialize] NES memory allocation requires 1 out of 540577120256 (so 1.8498748143954595e-10%) available bytes[m
[36m[10:47:04.466835] [D] [Not A Worker] [unnamed] [] [BufferManager.cpp:160] [initialize] BufferManager configuration bufferSize=1 numOfBuffers=1[m
[36m[10:47:04.468285] [D] [Not A Worker] [unnamed] [] [PipeliningPhase.cpp:365] [apply] Constructed pipeline plan with 1 root pipelines.
PipelinedQueryPlan for Query: 4
Number of root pipelines: 1
------------------
Root Pipeline 0:
  Pipeline(ID(10), Provider(COMPILER))
  Operator chain:
    PhysicalOperator(NES::SourcePhysicalOperator)
  Successor Pipeline:
    Pipeline(ID(11), Provider(None))
      Operator chain:
        PhysicalOperator(NES::ScanPhysicalOperator)
          PhysicalOperator(NES::MapPhysicalOperator)
            PhysicalOperator(NES::EmitPhysicalOperator)
      Successor Pipeline:
        Pipeline(ID(12), Provider(None))
          Operator chain:
            PhysicalOperator(NES::SinkPhysicalOperator)

[m
[32m[10:47:04.468598] [I] [Not A Worker] [unnamed] [] [NodeEngine.cpp:55] [registerQuery] Register 4[m
[36m[10:47:04.471920] [D] [Not A Worker] [unnamed] [] [SinkProvider.cpp:30] [lower] The sinkDescriptor is: SinkDescriptor: (name: variant("EXTRA_SINK"), type: Void, Config: )[m
[36m[10:47:04.475226] [D] [SingleNodeWorker] [WorkerThread-7] [Task:4-12] [VoidSink.cpp:37] [start] Setting up void sink: VoidSink[m
[36m[10:47:04.568563] [D] [SingleNodeWorker] [WorkerThread-7] [] [SourceThread.cpp:184] [start] Starting source with originId: 2[m
[31m[1m[10:47:04.571419] [E] [SingleNodeWorker] [WorkerThread-7] [] [Task.cpp:67] [callOnFailure] TaskCallback::callOnFailure[m
[36m[10:47:04.571480] [D] [SingleNodeWorker] [WorkerThread-7] [] [SourceThread.cpp:230] [tryStop] SourceThread 2: attempting to stop source[m
[36m[10:47:04.571492] [D] [SingleNodeWorker] [WorkerThread-7] [] [SourceThread.cpp:238] [tryStop] SourceThread 2: source was not stopped during timeout[m
[31m[1m[10:47:04.571903] [E] [SingleNodeWorker] [WorkerThread-7] [] [QueryEngine.cpp:874] [onFailure] Query Failed: cannot format malformed string value; Value '{"ID": 1813', is not a valid value of type: int.
 in Query 4.[m
[36m[10:47:04.572585] [D] [SingleNodeWorker] [WorkerThread-1] [Task:4-11] [BufferManager.cpp:65] [~BufferManager] Calling BufferManager::destroy()[m
[36m[10:47:04.572660] [D] [SingleNodeWorker] [WorkerThread-1] [Task:4-11] [BufferManager.cpp:93] [~BufferManager] Shutting down Buffer Manager completed[m
[31m[1m[10:47:04.573151] [E] [SingleNodeWorker] [WorkerThread-1] [] [Task.cpp:67] [callOnFailure] TaskCallback::callOnFailure[m
[31m[1m[10:47:04.573248] [E] [SingleNodeWorker] [WorkerThread-1] [] [QueryEngine.cpp:874] [onFailure] Query Failed: cannot format malformed string value; Value '{"ID": 1000', is not a valid value of type: int.
 in Query 4.[m
[31m[1m[10:47:04.573836] [E] [SingleNodeWorker] [WorkerThread-3] [] [Task.cpp:67] [callOnFailure] TaskCallback::callOnFailure[m
[31m[1m[10:47:04.573951] [E] [SingleNodeWorker] [WorkerThread-3] [] [QueryEngine.cpp:874] [onFailure] Query Failed: cannot format malformed string value; Value '{"ID": 2623', is not a valid value of type: int.
 in Query 4.[m
[31m[1m[10:47:04.574993] [E] [SingleNodeWorker] [WorkerThread-5] [Task:4-11] [SpanningTupleBufferState.cpp:201] [validateFinalState] Buffer at index 1 does still claim to own leading buffer[m
[31m[1m[10:47:04.575095] [E] [SingleNodeWorker] [WorkerThread-5] [Task:4-11] [SpanningTupleBufferState.cpp:206] [validateFinalState] Buffer at index 1 still owns a trailing buffer reference[m
[31m[1m[10:47:04.575145] [E] [SingleNodeWorker] [WorkerThread-5] [Task:4-11] [SpanningTupleBufferState.cpp:186] [validateFinalState] Buffer at index 2 does still claim to own leading buffer[m
[31m[1m[10:47:04.575193] [E] [SingleNodeWorker] [WorkerThread-5] [Task:4-11] [SpanningTupleBufferState.cpp:191] [validateFinalState] Buffer at index 2 still owns a leading buffer reference[m
[31m[1m[10:47:04.575593] [E] [SingleNodeWorker] [WorkerThread-5] [Task:4-11] [SequenceShredder.cpp:59] [~SequenceShredder] Failed to validate SequenceShredder[m
[31m[1m[10:47:04.585075] [E] [SingleNodeWorker] [WorkerThread-5] [] [Task.cpp:67] [callOnFailure] TaskCallback::callOnFailure[m
[31m[1m[10:47:04.585119] [E] [SingleNodeWorker] [WorkerThread-5] [] [QueryEngine.cpp:93] [operator()] Query Failure could not be reported as query has already been terminated. Original Error: cannot format malformed string value; Value '{"ID": 3434', is not a valid value of type: int.
[m
[36m[10:47:06.384467] [D] [Not A Worker] [unnamed] [] [BufferManager.cpp:110] [initialize] NES memory allocation requires 1 out of 540577120256 (so 1.8498748143954595e-10%) available bytes[m
[36m[10:47:06.384574] [D] [Not A Worker] [unnamed] [] [BufferManager.cpp:160] [initialize] BufferManager configuration bufferSize=1 numOfBuffers=1[m
[36m[10:47:06.386033] [D] [Not A Worker] [unnamed] [] [PipeliningPhase.cpp:365] [apply] Constructed pipeline plan with 1 root pipelines.
PipelinedQueryPlan for Query: 5
Number of root pipelines: 1
------------------
Root Pipeline 0:
  Pipeline(ID(13), Provider(COMPILER))
  Operator chain:
    PhysicalOperator(NES::SourcePhysicalOperator)
  Successor Pipeline:
    Pipeline(ID(14), Provider(None))
      Operator chain:
        PhysicalOperator(NES::ScanPhysicalOperator)
          PhysicalOperator(NES::MapPhysicalOperator)
            PhysicalOperator(NES::EmitPhysicalOperator)
      Successor Pipeline:
        Pipeline(ID(15), Provider(None))
          Operator chain:
            PhysicalOperator(NES::SinkPhysicalOperator)

[m
[32m[10:47:06.386348] [I] [Not A Worker] [unnamed] [] [NodeEngine.cpp:55] [registerQuery] Register 5[m
[36m[10:47:06.389455] [D] [Not A Worker] [unnamed] [] [SinkProvider.cpp:30] [lower] The sinkDescriptor is: SinkDescriptor: (name: variant("EXTRA_SINK"), type: Void, Config: )[m
[36m[10:47:06.394040] [D] [SingleNodeWorker] [WorkerThread-6] [Task:5-15] [VoidSink.cpp:37] [start] Setting up void sink: VoidSink[m
[36m[10:47:06.489515] [D] [SingleNodeWorker] [WorkerThread-3] [] [SourceThread.cpp:184] [start] Starting source with originId: 2[m
[36m[10:47:06.491238] [D] [SingleNodeWorker] [WorkerThread-3] [Task:5-14] [BufferManager.cpp:65] [~BufferManager] Calling BufferManager::destroy()[m
[36m[10:47:06.491264] [D] [SingleNodeWorker] [WorkerThread-3] [Task:5-14] [BufferManager.cpp:93] [~BufferManager] Shutting down Buffer Manager completed[m
[31m[1m[10:47:06.491441] [E] [SingleNodeWorker] [WorkerThread-3] [] [Task.cpp:67] [callOnFailure] TaskCallback::callOnFailure[m
[36m[10:47:06.491498] [D] [SingleNodeWorker] [WorkerThread-3] [] [SourceThread.cpp:230] [tryStop] SourceThread 2: attempting to stop source[m
[36m[10:47:06.491511] [D] [SingleNodeWorker] [WorkerThread-3] [] [SourceThread.cpp:238] [tryStop] SourceThread 2: source was not stopped during timeout[m
[31m[1m[10:47:06.491644] [E] [SingleNodeWorker] [WorkerThread-3] [] [QueryEngine.cpp:874] [onFailure] Query Failed: cannot format malformed string value; Value '{"ID": 1000', is not a valid value of type: int.
 in Query 5.[m
[32m[10:47:06.494494] [I] [SingleNodeWorker] [WorkerThread-7] [Task:5-14] [SequenceShredder.cpp:55] [~SequenceShredder] Successfully validated SequenceShredder[m
[31m[1m[10:47:06.504126] [E] [SingleNodeWorker] [WorkerThread-7] [] [Task.cpp:67] [callOnFailure] TaskCallback::callOnFailure[m
[31m[1m[10:47:06.504184] [E] [SingleNodeWorker] [WorkerThread-7] [] [QueryEngine.cpp:93] [operator()] Query Failure could not be reported as query has already been terminated. Original Error: cannot format malformed string value; Value '{"ID": 1812', is not a valid value of type: int.
[m
[36m[10:47:08.315666] [D] [Not A Worker] [unnamed] [] [BufferManager.cpp:110] [initialize] NES memory allocation requires 1 out of 540577120256 (so 1.8498748143954595e-10%) available bytes[m
[36m[10:47:08.315768] [D] [Not A Worker] [unnamed] [] [BufferManager.cpp:160] [initialize] BufferManager configuration bufferSize=1 numOfBuffers=1[m
[36m[10:47:08.317185] [D] [Not A Worker] [unnamed] [] [PipeliningPhase.cpp:365] [apply] Constructed pipeline plan with 1 root pipelines.
PipelinedQueryPlan for Query: 6
Number of root pipelines: 1
------------------
Root Pipeline 0:
  Pipeline(ID(16), Provider(COMPILER))
  Operator chain:
    PhysicalOperator(NES::SourcePhysicalOperator)
  Successor Pipeline:
    Pipeline(ID(17), Provider(None))
      Operator chain:
        PhysicalOperator(NES::ScanPhysicalOperator)
          PhysicalOperator(NES::MapPhysicalOperator)
            PhysicalOperator(NES::EmitPhysicalOperator)
      Successor Pipeline:
        Pipeline(ID(18), Provider(None))
          Operator chain:
            PhysicalOperator(NES::SinkPhysicalOperator)

[m
[32m[10:47:08.317497] [I] [Not A Worker] [unnamed] [] [NodeEngine.cpp:55] [registerQuery] Register 6[m
[36m[10:47:08.320722] [D] [Not A Worker] [unnamed] [] [SinkProvider.cpp:30] [lower] The sinkDescriptor is: SinkDescriptor: (name: variant("EXTRA_SINK"), type: Void, Config: )[m
[36m[10:47:08.321607] [D] [SingleNodeWorker] [WorkerThread-4] [Task:6-18] [VoidSink.cpp:37] [start] Setting up void sink: VoidSink[m
[36m[10:47:08.417466] [D] [SingleNodeWorker] [WorkerThread-4] [] [SourceThread.cpp:184] [start] Starting source with originId: 2[m
[36m[10:47:08.419518] [D] [SingleNodeWorker] [WorkerThread-4] [Task:6-17] [BufferManager.cpp:65] [~BufferManager] Calling BufferManager::destroy()[m
[36m[10:47:08.419544] [D] [SingleNodeWorker] [WorkerThread-4] [Task:6-17] [BufferManager.cpp:93] [~BufferManager] Shutting down Buffer Manager completed[m
[31m[1m[10:47:08.419717] [E] [SingleNodeWorker] [WorkerThread-4] [] [Task.cpp:67] [callOnFailure] TaskCallback::callOnFailure[m
[36m[10:47:08.419777] [D] [SingleNodeWorker] [WorkerThread-4] [] [SourceThread.cpp:230] [tryStop] SourceThread 2: attempting to stop source[m
[36m[10:47:08.419794] [D] [SingleNodeWorker] [WorkerThread-4] [] [SourceThread.cpp:238] [tryStop] SourceThread 2: source was not stopped during timeout[m
[31m[1m[10:47:08.420265] [E] [SingleNodeWorker] [WorkerThread-4] [] [QueryEngine.cpp:874] [onFailure] Query Failed: cannot format malformed string value; Value '{"ID": 1000', is not a valid value of type: int.
 in Query 6.[m
[32m[10:47:08.420425] [I] [SingleNodeWorker] [WorkerThread-4] [] [SequenceShredder.cpp:55] [~SequenceShredder] Successfully validated SequenceShredder[m
[36m[10:47:10.275735] [D] [Not A Worker] [unnamed] [] [BufferManager.cpp:110] [initialize] NES memory allocation requires 1 out of 540577120256 (so 1.8498748143954595e-10%) available bytes[m
[36m[10:47:10.275836] [D] [Not A Worker] [unnamed] [] [BufferManager.cpp:160] [initialize] BufferManager configuration bufferSize=1 numOfBuffers=1[m
[36m[10:47:10.277249] [D] [Not A Worker] [unnamed] [] [PipeliningPhase.cpp:365] [apply] Constructed pipeline plan with 1 root pipelines.
PipelinedQueryPlan for Query: 7
Number of root pipelines: 1
------------------
Root Pipeline 0:
  Pipeline(ID(19), Provider(COMPILER))
  Operator chain:
    PhysicalOperator(NES::SourcePhysicalOperator)
  Successor Pipeline:
    Pipeline(ID(20), Provider(None))
      Operator chain:
        PhysicalOperator(NES::ScanPhysicalOperator)
          PhysicalOperator(NES::MapPhysicalOperator)
            PhysicalOperator(NES::EmitPhysicalOperator)
      Successor Pipeline:
        Pipeline(ID(21), Provider(None))
          Operator chain:
            PhysicalOperator(NES::SinkPhysicalOperator)

[m
[32m[10:47:10.277561] [I] [Not A Worker] [unnamed] [] [NodeEngine.cpp:55] [registerQuery] Register 7[m
[36m[10:47:10.280712] [D] [Not A Worker] [unnamed] [] [SinkProvider.cpp:30] [lower] The sinkDescriptor is: SinkDescriptor: (name: variant("EXTRA_SINK"), type: Void, Config: )[m
[36m[10:47:10.284398] [D] [SingleNodeWorker] [WorkerThread-5] [Task:7-21] [VoidSink.cpp:37] [start] Setting up void sink: VoidSink[m
[36m[10:47:10.376531] [D] [SingleNodeWorker] [WorkerThread-5] [] [SourceThread.cpp:184] [start] Starting source with originId: 2[m
[36m[10:47:10.378646] [D] [SingleNodeWorker] [WorkerThread-5] [Task:7-20] [BufferManager.cpp:65] [~BufferManager] Calling BufferManager::destroy()[m
[36m[10:47:10.378669] [D] [SingleNodeWorker] [WorkerThread-5] [Task:7-20] [BufferManager.cpp:93] [~BufferManager] Shutting down Buffer Manager completed[m
[31m[1m[10:47:10.378868] [E] [SingleNodeWorker] [WorkerThread-5] [] [Task.cpp:67] [callOnFailure] TaskCallback::callOnFailure[m
[36m[10:47:10.378945] [D] [SingleNodeWorker] [WorkerThread-5] [] [SourceThread.cpp:230] [tryStop] SourceThread 2: attempting to stop source[m
[36m[10:47:10.378960] [D] [SingleNodeWorker] [WorkerThread-5] [] [SourceThread.cpp:238] [tryStop] SourceThread 2: source was not stopped during timeout[m
[31m[1m[10:47:10.379337] [E] [SingleNodeWorker] [WorkerThread-5] [] [QueryEngine.cpp:874] [onFailure] Query Failed: cannot format malformed string value; Value '{"ID": 1000', is not a valid value of type: int.
 in Query 7.[m
[32m[10:47:10.379491] [I] [SingleNodeWorker] [WorkerThread-5] [] [SequenceShredder.cpp:55] [~SequenceShredder] Successfully validated SequenceShredder[m
[36m[10:47:12.132495] [D] [Not A Worker] [unnamed] [] [BufferManager.cpp:110] [initialize] NES memory allocation requires 1 out of 540577120256 (so 1.8498748143954595e-10%) available bytes[m
[36m[10:47:12.132605] [D] [Not A Worker] [unnamed] [] [BufferManager.cpp:160] [initialize] BufferManager configuration bufferSize=1 numOfBuffers=1[m
[36m[10:47:12.134037] [D] [Not A Worker] [unnamed] [] [PipeliningPhase.cpp:365] [apply] Constructed pipeline plan with 1 root pipelines.
PipelinedQueryPlan for Query: 8
Number of root pipelines: 1
------------------
Root Pipeline 0:
  Pipeline(ID(22), Provider(COMPILER))
  Operator chain:
    PhysicalOperator(NES::SourcePhysicalOperator)
  Successor Pipeline:
    Pipeline(ID(23), Provider(None))
      Operator chain:
        PhysicalOperator(NES::ScanPhysicalOperator)
          PhysicalOperator(NES::MapPhysicalOperator)
            PhysicalOperator(NES::EmitPhysicalOperator)
      Successor Pipeline:
        Pipeline(ID(24), Provider(None))
          Operator chain:
            PhysicalOperator(NES::SinkPhysicalOperator)

[m
[32m[10:47:12.134351] [I] [Not A Worker] [unnamed] [] [NodeEngine.cpp:55] [registerQuery] Register 8[m
[36m[10:47:12.137705] [D] [Not A Worker] [unnamed] [] [SinkProvider.cpp:30] [lower] The sinkDescriptor is: SinkDescriptor: (name: variant("EXTRA_SINK"), type: Void, Config: )[m
[36m[10:47:12.138328] [D] [SingleNodeWorker] [WorkerThread-6] [Task:8-24] [VoidSink.cpp:37] [start] Setting up void sink: VoidSink[m
[36m[10:47:12.231800] [D] [SingleNodeWorker] [WorkerThread-6] [] [SourceThread.cpp:184] [start] Starting source with originId: 2[m
[36m[10:47:12.233463] [D] [SingleNodeWorker] [WorkerThread-6] [Task:8-23] [BufferManager.cpp:65] [~BufferManager] Calling BufferManager::destroy()[m
[36m[10:47:12.233488] [D] [SingleNodeWorker] [WorkerThread-6] [Task:8-23] [BufferManager.cpp:93] [~BufferManager] Shutting down Buffer Manager completed[m
[31m[1m[10:47:12.233658] [E] [SingleNodeWorker] [WorkerThread-6] [] [Task.cpp:67] [callOnFailure] TaskCallback::callOnFailure[m
[36m[10:47:12.233716] [D] [SingleNodeWorker] [WorkerThread-6] [] [SourceThread.cpp:230] [tryStop] SourceThread 2: attempting to stop source[m
[36m[10:47:12.233728] [D] [SingleNodeWorker] [WorkerThread-6] [] [SourceThread.cpp:238] [tryStop] SourceThread 2: source was not stopped during timeout[m
[31m[1m[10:47:12.233864] [E] [SingleNodeWorker] [WorkerThread-6] [] [QueryEngine.cpp:874] [onFailure] Query Failed: cannot format malformed string value; Value '{"ID": 1000', is not a valid value of type: int.
 in Query 8.[m
[32m[10:47:12.237033] [I] [SingleNodeWorker] [WorkerThread-1] [Task:8-23] [SequenceShredder.cpp:55] [~SequenceShredder] Successfully validated SequenceShredder[m
[31m[1m[10:47:12.246933] [E] [SingleNodeWorker] [WorkerThread-1] [] [Task.cpp:67] [callOnFailure] TaskCallback::callOnFailure[m
[31m[1m[10:47:12.247004] [E] [SingleNodeWorker] [WorkerThread-1] [] [QueryEngine.cpp:93] [operator()] Query Failure could not be reported as query has already been terminated. Original Error: cannot format malformed string value; Value '{"ID": 1812', is not a valid value of type: int.
[m
[36m[10:47:14.007422] [D] [Not A Worker] [unnamed] [] [BufferManager.cpp:110] [initialize] NES memory allocation requires 1 out of 540577120256 (so 1.8498748143954595e-10%) available bytes[m
[36m[10:47:14.007528] [D] [Not A Worker] [unnamed] [] [BufferManager.cpp:160] [initialize] BufferManager configuration bufferSize=1 numOfBuffers=1[m
[36m[10:47:14.008973] [D] [Not A Worker] [unnamed] [] [PipeliningPhase.cpp:365] [apply] Constructed pipeline plan with 1 root pipelines.
PipelinedQueryPlan for Query: 9
Number of root pipelines: 1
------------------
Root Pipeline 0:
  Pipeline(ID(25), Provider(COMPILER))
  Operator chain:
    PhysicalOperator(NES::SourcePhysicalOperator)
  Successor Pipeline:
    Pipeline(ID(26), Provider(None))
      Operator chain:
        PhysicalOperator(NES::ScanPhysicalOperator)
          PhysicalOperator(NES::MapPhysicalOperator)
            PhysicalOperator(NES::EmitPhysicalOperator)
      Successor Pipeline:
        Pipeline(ID(27), Provider(None))
          Operator chain:
            PhysicalOperator(NES::SinkPhysicalOperator)

[m
[32m[10:47:14.009290] [I] [Not A Worker] [unnamed] [] [NodeEngine.cpp:55] [registerQuery] Register 9[m
[36m[10:47:14.013650] [D] [Not A Worker] [unnamed] [] [SinkProvider.cpp:30] [lower] The sinkDescriptor is: SinkDescriptor: (name: variant("EXTRA_SINK"), type: Void, Config: )[m
[36m[10:47:14.018097] [D] [SingleNodeWorker] [WorkerThread-4] [Task:9-27] [VoidSink.cpp:37] [start] Setting up void sink: VoidSink[m
[36m[10:47:14.111462] [D] [SingleNodeWorker] [WorkerThread-4] [] [SourceThread.cpp:184] [start] Starting source with originId: 2[m
[36m[10:47:14.113155] [D] [SingleNodeWorker] [WorkerThread-4] [Task:9-26] [BufferManager.cpp:65] [~BufferManager] Calling BufferManager::destroy()[m
[36m[10:47:14.113180] [D] [SingleNodeWorker] [WorkerThread-4] [Task:9-26] [BufferManager.cpp:93] [~BufferManager] Shutting down Buffer Manager completed[m
[31m[1m[10:47:14.113374] [E] [SingleNodeWorker] [WorkerThread-4] [] [Task.cpp:67] [callOnFailure] TaskCallback::callOnFailure[m
[36m[10:47:14.113435] [D] [SingleNodeWorker] [WorkerThread-4] [] [SourceThread.cpp:230] [tryStop] SourceThread 2: attempting to stop source[m
[36m[10:47:14.113449] [D] [SingleNodeWorker] [WorkerThread-4] [] [SourceThread.cpp:238] [tryStop] SourceThread 2: source was not stopped during timeout[m
[31m[1m[10:47:14.113610] [E] [SingleNodeWorker] [WorkerThread-4] [] [QueryEngine.cpp:874] [onFailure] Query Failed: cannot format malformed string value; Value '{"ID": 1000', is not a valid value of type: int.
 in Query 9.[m
[32m[10:47:14.113769] [I] [SingleNodeWorker] [WorkerThread-4] [] [SequenceShredder.cpp:55] [~SequenceShredder] Successfully validated SequenceShredder[m
[36m[10:47:15.882031] [D] [Not A Worker] [unnamed] [] [BufferManager.cpp:110] [initialize] NES memory allocation requires 1 out of 540577120256 (so 1.8498748143954595e-10%) available bytes[m
[36m[10:47:15.882140] [D] [Not A Worker] [unnamed] [] [BufferManager.cpp:160] [initialize] BufferManager configuration bufferSize=1 numOfBuffers=1[m
[36m[10:47:15.883653] [D] [Not A Worker] [unnamed] [] [PipeliningPhase.cpp:365] [apply] Constructed pipeline plan with 1 root pipelines.
PipelinedQueryPlan for Query: 10
Number of root pipelines: 1
------------------
Root Pipeline 0:
  Pipeline(ID(28), Provider(COMPILER))
  Operator chain:
    PhysicalOperator(NES::SourcePhysicalOperator)
  Successor Pipeline:
    Pipeline(ID(29), Provider(None))
      Operator chain:
        PhysicalOperator(NES::ScanPhysicalOperator)
          PhysicalOperator(NES::MapPhysicalOperator)
            PhysicalOperator(NES::EmitPhysicalOperator)
      Successor Pipeline:
        Pipeline(ID(30), Provider(None))
          Operator chain:
            PhysicalOperator(NES::SinkPhysicalOperator)

[m
[32m[10:47:15.883983] [I] [Not A Worker] [unnamed] [] [NodeEngine.cpp:55] [registerQuery] Register 10[m
[36m[10:47:15.887580] [D] [Not A Worker] [unnamed] [] [SinkProvider.cpp:30] [lower] The sinkDescriptor is: SinkDescriptor: (name: variant("EXTRA_SINK"), type: Void, Config: )[m
[36m[10:47:15.890972] [D] [SingleNodeWorker] [WorkerThread-3] [Task:10-30] [VoidSink.cpp:37] [start] Setting up void sink: VoidSink[m
[36m[10:47:15.985159] [D] [SingleNodeWorker] [WorkerThread-3] [] [SourceThread.cpp:184] [start] Starting source with originId: 2[m
[36m[10:47:15.986818] [D] [SingleNodeWorker] [WorkerThread-3] [Task:10-29] [BufferManager.cpp:65] [~BufferManager] Calling BufferManager::destroy()[m
[36m[10:47:15.986843] [D] [SingleNodeWorker] [WorkerThread-3] [Task:10-29] [BufferManager.cpp:93] [~BufferManager] Shutting down Buffer Manager completed[m
[31m[1m[10:47:15.987019] [E] [SingleNodeWorker] [WorkerThread-3] [] [Task.cpp:67] [callOnFailure] TaskCallback::callOnFailure[m
[36m[10:47:15.987091] [D] [SingleNodeWorker] [WorkerThread-3] [] [SourceThread.cpp:230] [tryStop] SourceThread 2: attempting to stop source[m
[36m[10:47:15.987105] [D] [SingleNodeWorker] [WorkerThread-3] [] [SourceThread.cpp:238] [tryStop] SourceThread 2: source was not stopped during timeout[m
[31m[1m[10:47:15.987576] [E] [SingleNodeWorker] [WorkerThread-3] [] [QueryEngine.cpp:874] [onFailure] Query Failed: cannot format malformed string value; Value '{"ID": 1000', is not a valid value of type: int.
 in Query 10.[m
[32m[10:47:15.990368] [I] [SingleNodeWorker] [WorkerThread-1] [Task:10-29] [SequenceShredder.cpp:55] [~SequenceShredder] Successfully validated SequenceShredder[m
[31m[1m[10:47:15.999537] [E] [SingleNodeWorker] [WorkerThread-1] [] [Task.cpp:67] [callOnFailure] TaskCallback::callOnFailure[m
[31m[1m[10:47:15.999598] [E] [SingleNodeWorker] [WorkerThread-1] [] [QueryEngine.cpp:93] [operator()] Query Failure could not be reported as query has already been terminated. Original Error: cannot format malformed string value; Value '{"ID": 1812', is not a valid value of type: int.
[m
[36m[10:47:17.733911] [D] [Not A Worker] [unnamed] [] [BufferManager.cpp:110] [initialize] NES memory allocation requires 1 out of 540577120256 (so 1.8498748143954595e-10%) available bytes[m
[36m[10:47:17.734000] [D] [Not A Worker] [unnamed] [] [BufferManager.cpp:160] [initialize] BufferManager configuration bufferSize=1 numOfBuffers=1[m
[36m[10:47:17.734411] [D] [Not A Worker] [unnamed] [] [PipeliningPhase.cpp:365] [apply] Constructed pipeline plan with 1 root pipelines.
PipelinedQueryPlan for Query: 11
Number of root pipelines: 1
------------------
Root Pipeline 0:
  Pipeline(ID(31), Provider(COMPILER))
  Operator chain:
    PhysicalOperator(NES::SourcePhysicalOperator)
  Successor Pipeline:
    Pipeline(ID(32), Provider(None))
      Operator chain:
        PhysicalOperator(NES::ScanPhysicalOperator)
          PhysicalOperator(NES::SelectionPhysicalOperator)
            PhysicalOperator(NES::MapPhysicalOperator)
              PhysicalOperator(NES::EmitPhysicalOperator)
      Successor Pipeline:
        Pipeline(ID(33), Provider(None))
          Operator chain:
            PhysicalOperator(NES::SinkPhysicalOperator)

[m
[32m[10:47:17.734665] [I] [Not A Worker] [unnamed] [] [NodeEngine.cpp:55] [registerQuery] Register 11[m
[36m[10:47:17.738592] [D] [Not A Worker] [unnamed] [] [SinkProvider.cpp:30] [lower] The sinkDescriptor is: SinkDescriptor: (name: variant("PERSON_ID_SINK"), type: Void, Config: )[m
[36m[10:47:17.743599] [D] [SingleNodeWorker] [WorkerThread-6] [Task:11-33] [VoidSink.cpp:37] [start] Setting up void sink: VoidSink[m
[36m[10:47:17.944069] [D] [SingleNodeWorker] [WorkerThread-6] [] [SourceThread.cpp:184] [start] Starting source with originId: 2[m
[36m[10:47:17.946115] [D] [SingleNodeWorker] [WorkerThread-6] [Task:11-32] [BufferManager.cpp:65] [~BufferManager] Calling BufferManager::destroy()[m
[36m[10:47:17.946137] [D] [SingleNodeWorker] [WorkerThread-6] [Task:11-32] [BufferManager.cpp:93] [~BufferManager] Shutting down Buffer Manager completed[m
[31m[1m[10:47:17.946341] [E] [SingleNodeWorker] [WorkerThread-6] [] [Task.cpp:67] [callOnFailure] TaskCallback::callOnFailure[m
[36m[10:47:17.946414] [D] [SingleNodeWorker] [WorkerThread-6] [] [SourceThread.cpp:230] [tryStop] SourceThread 2: attempting to stop source[m
[36m[10:47:17.946428] [D] [SingleNodeWorker] [WorkerThread-6] [] [SourceThread.cpp:238] [tryStop] SourceThread 2: source was not stopped during timeout[m
[31m[1m[10:47:17.946777] [E] [SingleNodeWorker] [WorkerThread-6] [] [QueryEngine.cpp:874] [onFailure] Query Failed: cannot format malformed string value; Value '{"ID": 1000', is not a valid value of type: int.
 in Query 11.[m
[32m[10:47:17.946949] [I] [SingleNodeWorker] [WorkerThread-6] [] [SequenceShredder.cpp:55] [~SequenceShredder] Successfully validated SequenceShredder[m
[36m[10:47:19.764816] [D] [Not A Worker] [unnamed] [] [BufferManager.cpp:110] [initialize] NES memory allocation requires 1 out of 540577120256 (so 1.8498748143954595e-10%) available bytes[m
[36m[10:47:19.764926] [D] [Not A Worker] [unnamed] [] [BufferManager.cpp:160] [initialize] BufferManager configuration bufferSize=1 numOfBuffers=1[m
[36m[10:47:19.765431] [D] [Not A Worker] [unnamed] [] [PipeliningPhase.cpp:365] [apply] Constructed pipeline plan with 1 root pipelines.
PipelinedQueryPlan for Query: 12
Number of root pipelines: 1
------------------
Root Pipeline 0:
  Pipeline(ID(34), Provider(COMPILER))
  Operator chain:
    PhysicalOperator(NES::SourcePhysicalOperator)
  Successor Pipeline:
    Pipeline(ID(35), Provider(None))
      Operator chain:
        PhysicalOperator(NES::ScanPhysicalOperator)
          PhysicalOperator(NES::SelectionPhysicalOperator)
            PhysicalOperator(NES::MapPhysicalOperator)
              PhysicalOperator(NES::EmitPhysicalOperator)
      Successor Pipeline:
        Pipeline(ID(36), Provider(None))
          Operator chain:
            PhysicalOperator(NES::SinkPhysicalOperator)

[m
[32m[10:47:19.765748] [I] [Not A Worker] [unnamed] [] [NodeEngine.cpp:55] [registerQuery] Register 12[m
[36m[10:47:19.769475] [D] [Not A Worker] [unnamed] [] [SinkProvider.cpp:30] [lower] The sinkDescriptor is: SinkDescriptor: (name: variant("PERSON_ID_SINK"), type: Void, Config: )[m
[36m[10:47:19.770964] [D] [SingleNodeWorker] [WorkerThread-0] [Task:12-36] [VoidSink.cpp:37] [start] Setting up void sink: VoidSink[m
[36m[10:47:19.975430] [D] [SingleNodeWorker] [WorkerThread-0] [] [SourceThread.cpp:184] [start] Starting source with originId: 2[m
[36m[10:47:19.977060] [D] [SingleNodeWorker] [WorkerThread-0] [Task:12-35] [BufferManager.cpp:65] [~BufferManager] Calling BufferManager::destroy()[m
[36m[10:47:19.977086] [D] [SingleNodeWorker] [WorkerThread-0] [Task:12-35] [BufferManager.cpp:93] [~BufferManager] Shutting down Buffer Manager completed[m
[31m[1m[10:47:19.977293] [E] [SingleNodeWorker] [WorkerThread-0] [] [Task.cpp:67] [callOnFailure] TaskCallback::callOnFailure[m
[36m[10:47:19.977353] [D] [SingleNodeWorker] [WorkerThread-0] [] [SourceThread.cpp:230] [tryStop] SourceThread 2: attempting to stop source[m
[36m[10:47:19.977367] [D] [SingleNodeWorker] [WorkerThread-0] [] [SourceThread.cpp:238] [tryStop] SourceThread 2: source was not stopped during timeout[m
[31m[1m[10:47:19.977576] [E] [SingleNodeWorker] [WorkerThread-0] [] [QueryEngine.cpp:874] [onFailure] Query Failed: cannot format malformed string value; Value '{"ID": 1000', is not a valid value of type: int.
 in Query 12.[m
[32m[10:47:19.977747] [I] [SingleNodeWorker] [WorkerThread-0] [] [SequenceShredder.cpp:55] [~SequenceShredder] Successfully validated SequenceShredder[m
[36m[10:47:21.748277] [D] [Not A Worker] [unnamed] [] [BufferManager.cpp:110] [initialize] NES memory allocation requires 1 out of 540577120256 (so 1.8498748143954595e-10%) available bytes[m
[36m[10:47:21.748358] [D] [Not A Worker] [unnamed] [] [BufferManager.cpp:160] [initialize] BufferManager configuration bufferSize=1 numOfBuffers=1[m
[36m[10:47:21.748715] [D] [Not A Worker] [unnamed] [] [PipeliningPhase.cpp:365] [apply] Constructed pipeline plan with 1 root pipelines.
PipelinedQueryPlan for Query: 13
Number of root pipelines: 1
------------------
Root Pipeline 0:
  Pipeline(ID(37), Provider(COMPILER))
  Operator chain:
    PhysicalOperator(NES::SourcePhysicalOperator)
  Successor Pipeline:
    Pipeline(ID(38), Provider(None))
      Operator chain:
        PhysicalOperator(NES::ScanPhysicalOperator)
          PhysicalOperator(NES::SelectionPhysicalOperator)
            PhysicalOperator(NES::MapPhysicalOperator)
              PhysicalOperator(NES::EmitPhysicalOperator)
      Successor Pipeline:
        Pipeline(ID(39), Provider(None))
          Operator chain:
            PhysicalOperator(NES::SinkPhysicalOperator)

[m
[32m[10:47:21.748992] [I] [Not A Worker] [unnamed] [] [NodeEngine.cpp:55] [registerQuery] Register 13[m
[36m[10:47:21.752472] [D] [Not A Worker] [unnamed] [] [SinkProvider.cpp:30] [lower] The sinkDescriptor is: SinkDescriptor: (name: variant("PERSON_ID_SINK"), type: Void, Config: )[m
[36m[10:47:21.752995] [D] [SingleNodeWorker] [WorkerThread-5] [Task:13-39] [VoidSink.cpp:37] [start] Setting up void sink: VoidSink[m
[36m[10:47:21.958908] [D] [SingleNodeWorker] [WorkerThread-5] [] [SourceThread.cpp:184] [start] Starting source with originId: 2[m
[36m[10:47:21.960635] [D] [SingleNodeWorker] [WorkerThread-5] [Task:13-38] [BufferManager.cpp:65] [~BufferManager] Calling BufferManager::destroy()[m
[36m[10:47:21.960662] [D] [SingleNodeWorker] [WorkerThread-5] [Task:13-38] [BufferManager.cpp:93] [~BufferManager] Shutting down Buffer Manager completed[m
[31m[1m[10:47:21.960848] [E] [SingleNodeWorker] [WorkerThread-5] [] [Task.cpp:67] [callOnFailure] TaskCallback::callOnFailure[m
[36m[10:47:21.960919] [D] [SingleNodeWorker] [WorkerThread-5] [] [SourceThread.cpp:230] [tryStop] SourceThread 2: attempting to stop source[m
[36m[10:47:21.960935] [D] [SingleNodeWorker] [WorkerThread-5] [] [SourceThread.cpp:238] [tryStop] SourceThread 2: source was not stopped during timeout[m
[31m[1m[10:47:21.961104] [E] [SingleNodeWorker] [WorkerThread-5] [] [QueryEngine.cpp:874] [onFailure] Query Failed: cannot format malformed string value; Value '{"ID": 1000', is not a valid value of type: int.
 in Query 13.[m
[32m[10:47:21.961270] [I] [SingleNodeWorker] [WorkerThread-5] [] [SequenceShredder.cpp:55] [~SequenceShredder] Successfully validated SequenceShredder[m
[36m[10:47:23.835125] [D] [Not A Worker] [unnamed] [] [BufferManager.cpp:110] [initialize] NES memory allocation requires 1 out of 540577120256 (so 1.8498748143954595e-10%) available bytes[m
[36m[10:47:23.835201] [D] [Not A Worker] [unnamed] [] [BufferManager.cpp:160] [initialize] BufferManager configuration bufferSize=1 numOfBuffers=1[m
[36m[10:47:23.835506] [D] [Not A Worker] [unnamed] [] [PipeliningPhase.cpp:365] [apply] Constructed pipeline plan with 1 root pipelines.
PipelinedQueryPlan for Query: 14
Number of root pipelines: 1
------------------
Root Pipeline 0:
  Pipeline(ID(40), Provider(COMPILER))
  Operator chain:
    PhysicalOperator(NES::SourcePhysicalOperator)
  Successor Pipeline:
    Pipeline(ID(41), Provider(None))
      Operator chain:
        PhysicalOperator(NES::ScanPhysicalOperator)
          PhysicalOperator(NES::SelectionPhysicalOperator)
            PhysicalOperator(NES::MapPhysicalOperator)
              PhysicalOperator(NES::EmitPhysicalOperator)
      Successor Pipeline:
        Pipeline(ID(42), Provider(None))
          Operator chain:
            PhysicalOperator(NES::SinkPhysicalOperator)

[m
[32m[10:47:23.835698] [I] [Not A Worker] [unnamed] [] [NodeEngine.cpp:55] [registerQuery] Register 14[m
[36m[10:47:23.838584] [D] [Not A Worker] [unnamed] [] [SinkProvider.cpp:30] [lower] The sinkDescriptor is: SinkDescriptor: (name: variant("PERSON_ID_SINK"), type: Void, Config: )[m
[36m[10:47:23.839118] [D] [SingleNodeWorker] [WorkerThread-2] [Task:14-42] [VoidSink.cpp:37] [start] Setting up void sink: VoidSink[m
[36m[10:47:24.039413] [D] [SingleNodeWorker] [WorkerThread-6] [] [SourceThread.cpp:184] [start] Starting source with originId: 2[m
[36m[10:47:24.041524] [D] [SingleNodeWorker] [WorkerThread-6] [Task:14-41] [BufferManager.cpp:65] [~BufferManager] Calling BufferManager::destroy()[m
[36m[10:47:24.041549] [D] [SingleNodeWorker] [WorkerThread-6] [Task:14-41] [BufferManager.cpp:93] [~BufferManager] Shutting down Buffer Manager completed[m
[31m[1m[10:47:24.041752] [E] [SingleNodeWorker] [WorkerThread-6] [] [Task.cpp:67] [callOnFailure] TaskCallback::callOnFailure[m
[36m[10:47:24.041828] [D] [SingleNodeWorker] [WorkerThread-6] [] [SourceThread.cpp:230] [tryStop] SourceThread 2: attempting to stop source[m
[36m[10:47:24.041843] [D] [SingleNodeWorker] [WorkerThread-6] [] [SourceThread.cpp:238] [tryStop] SourceThread 2: source was not stopped during timeout[m
[31m[1m[10:47:24.042158] [E] [SingleNodeWorker] [WorkerThread-6] [] [QueryEngine.cpp:874] [onFailure] Query Failed: cannot format malformed string value; Value '{"ID": 1000', is not a valid value of type: int.
 in Query 14.[m
[31m[1m[10:47:24.043043] [E] [SingleNodeWorker] [WorkerThread-6] [] [Task.cpp:67] [callOnFailure] TaskCallback::callOnFailure[m
[31m[1m[10:47:24.043074] [E] [SingleNodeWorker] [WorkerThread-6] [] [QueryEngine.cpp:874] [onFailure] Query Failed: cannot format malformed string value; Value '{"ID": 2624', is not a valid value of type: int.
 in Query 14.[m
[31m[1m[10:47:24.044616] [E] [SingleNodeWorker] [WorkerThread-7] [Task:14-41] [SpanningTupleBufferState.cpp:201] [validateFinalState] Buffer at index 2 does still claim to own leading buffer[m
[31m[1m[10:47:24.044713] [E] [SingleNodeWorker] [WorkerThread-7] [Task:14-41] [SpanningTupleBufferState.cpp:206] [validateFinalState] Buffer at index 2 still owns a trailing buffer reference[m
[31m[1m[10:47:24.044757] [E] [SingleNodeWorker] [WorkerThread-7] [Task:14-41] [SpanningTupleBufferState.cpp:186] [validateFinalState] Buffer at index 3 does still claim to own leading buffer[m
[31m[1m[10:47:24.044805] [E] [SingleNodeWorker] [WorkerThread-7] [Task:14-41] [SpanningTupleBufferState.cpp:191] [validateFinalState] Buffer at index 3 still owns a leading buffer reference[m
[31m[1m[10:47:24.045206] [E] [SingleNodeWorker] [WorkerThread-7] [Task:14-41] [SequenceShredder.cpp:59] [~SequenceShredder] Failed to validate SequenceShredder[m
[31m[1m[10:47:24.055835] [E] [SingleNodeWorker] [WorkerThread-7] [] [Task.cpp:67] [callOnFailure] TaskCallback::callOnFailure[m
[31m[1m[10:47:24.055915] [E] [SingleNodeWorker] [WorkerThread-7] [] [QueryEngine.cpp:93] [operator()] Query Failure could not be reported as query has already been terminated. Original Error: cannot format malformed string value; Value '{"ID": 1812', is not a valid value of type: int.
[m
[36m[10:47:25.843668] [D] [Not A Worker] [unnamed] [] [BufferManager.cpp:110] [initialize] NES memory allocation requires 1 out of 540577120256 (so 1.8498748143954595e-10%) available bytes[m
[36m[10:47:25.843746] [D] [Not A Worker] [unnamed] [] [BufferManager.cpp:160] [initialize] BufferManager configuration bufferSize=1 numOfBuffers=1[m
[36m[10:47:25.844070] [D] [Not A Worker] [unnamed] [] [PipeliningPhase.cpp:365] [apply] Constructed pipeline plan with 1 root pipelines.
PipelinedQueryPlan for Query: 15
Number of root pipelines: 1
------------------
Root Pipeline 0:
  Pipeline(ID(43), Provider(COMPILER))
  Operator chain:
    PhysicalOperator(NES::SourcePhysicalOperator)
  Successor Pipeline:
    Pipeline(ID(44), Provider(None))
      Operator chain:
        PhysicalOperator(NES::ScanPhysicalOperator)
          PhysicalOperator(NES::SelectionPhysicalOperator)
            PhysicalOperator(NES::MapPhysicalOperator)
              PhysicalOperator(NES::EmitPhysicalOperator)
      Successor Pipeline:
        Pipeline(ID(45), Provider(None))
          Operator chain:
            PhysicalOperator(NES::SinkPhysicalOperator)

[m
[32m[10:47:25.844274] [I] [Not A Worker] [unnamed] [] [NodeEngine.cpp:55] [registerQuery] Register 15[m
[36m[10:47:25.847225] [D] [Not A Worker] [unnamed] [] [SinkProvider.cpp:30] [lower] The sinkDescriptor is: SinkDescriptor: (name: variant("PERSON_ID_SINK"), type: Void, Config: )[m
[36m[10:47:25.847940] [D] [SingleNodeWorker] [WorkerThread-1] [Task:15-45] [VoidSink.cpp:37] [start] Setting up void sink: VoidSink[m
[36m[10:47:26.052445] [D] [SingleNodeWorker] [WorkerThread-1] [] [SourceThread.cpp:184] [start] Starting source with originId: 2[m
[36m[10:47:26.054548] [D] [SingleNodeWorker] [WorkerThread-1] [Task:15-44] [BufferManager.cpp:65] [~BufferManager] Calling BufferManager::destroy()[m
[36m[10:47:26.054572] [D] [SingleNodeWorker] [WorkerThread-1] [Task:15-44] [BufferManager.cpp:93] [~BufferManager] Shutting down Buffer Manager completed[m
[31m[1m[10:47:26.054775] [E] [SingleNodeWorker] [WorkerThread-1] [] [Task.cpp:67] [callOnFailure] TaskCallback::callOnFailure[m
[36m[10:47:26.054848] [D] [SingleNodeWorker] [WorkerThread-1] [] [SourceThread.cpp:230] [tryStop] SourceThread 2: attempting to stop source[m
[36m[10:47:26.054864] [D] [SingleNodeWorker] [WorkerThread-1] [] [SourceThread.cpp:238] [tryStop] SourceThread 2: source was not stopped during timeout[m
[31m[1m[10:47:26.055195] [E] [SingleNodeWorker] [WorkerThread-1] [] [QueryEngine.cpp:874] [onFailure] Query Failed: cannot format malformed string value; Value '{"ID": 1000', is not a valid value of type: int.
 in Query 15.[m
[32m[10:47:26.055361] [I] [SingleNodeWorker] [WorkerThread-1] [] [SequenceShredder.cpp:55] [~SequenceShredder] Successfully validated SequenceShredder[m
[36m[10:47:27.773454] [D] [Not A Worker] [unnamed] [] [BufferManager.cpp:110] [initialize] NES memory allocation requires 1 out of 540577120256 (so 1.8498748143954595e-10%) available bytes[m
[36m[10:47:27.773557] [D] [Not A Worker] [unnamed] [] [BufferManager.cpp:160] [initialize] BufferManager configuration bufferSize=1 numOfBuffers=1[m
[36m[10:47:27.774069] [D] [Not A Worker] [unnamed] [] [PipeliningPhase.cpp:365] [apply] Constructed pipeline plan with 1 root pipelines.
PipelinedQueryPlan for Query: 16
Number of root pipelines: 1
------------------
Root Pipeline 0:
  Pipeline(ID(46), Provider(COMPILER))
  Operator chain:
    PhysicalOperator(NES::SourcePhysicalOperator)
  Successor Pipeline:
    Pipeline(ID(47), Provider(None))
      Operator chain:
        PhysicalOperator(NES::ScanPhysicalOperator)
          PhysicalOperator(NES::SelectionPhysicalOperator)
            PhysicalOperator(NES::MapPhysicalOperator)
              PhysicalOperator(NES::EmitPhysicalOperator)
      Successor Pipeline:
        Pipeline(ID(48), Provider(None))
          Operator chain:
            PhysicalOperator(NES::SinkPhysicalOperator)

[m
[32m[10:47:27.774464] [I] [Not A Worker] [unnamed] [] [NodeEngine.cpp:55] [registerQuery] Register 16[m
[36m[10:47:27.778420] [D] [Not A Worker] [unnamed] [] [SinkProvider.cpp:30] [lower] The sinkDescriptor is: SinkDescriptor: (name: variant("PERSON_ID_SINK"), type: Void, Config: )[m
[36m[10:47:27.781293] [D] [SingleNodeWorker] [WorkerThread-4] [Task:16-48] [VoidSink.cpp:37] [start] Setting up void sink: VoidSink[m
[36m[10:47:27.983009] [D] [SingleNodeWorker] [WorkerThread-4] [] [SourceThread.cpp:184] [start] Starting source with originId: 2[m
[36m[10:47:27.984692] [D] [SingleNodeWorker] [WorkerThread-4] [Task:16-47] [BufferManager.cpp:65] [~BufferManager] Calling BufferManager::destroy()[m
[36m[10:47:27.984718] [D] [SingleNodeWorker] [WorkerThread-4] [Task:16-47] [BufferManager.cpp:93] [~BufferManager] Shutting down Buffer Manager completed[m
[31m[1m[10:47:27.984902] [E] [SingleNodeWorker] [WorkerThread-4] [] [Task.cpp:67] [callOnFailure] TaskCallback::callOnFailure[m
[36m[10:47:27.984958] [D] [SingleNodeWorker] [WorkerThread-4] [] [SourceThread.cpp:230] [tryStop] SourceThread 2: attempting to stop source[m
[36m[10:47:27.984972] [D] [SingleNodeWorker] [WorkerThread-4] [] [SourceThread.cpp:238] [tryStop] SourceThread 2: source was not stopped during timeout[m
[31m[1m[10:47:27.985135] [E] [SingleNodeWorker] [WorkerThread-4] [] [QueryEngine.cpp:874] [onFailure] Query Failed: cannot format malformed string value; Value '{"ID": 1000', is not a valid value of type: int.
 in Query 16.[m
[32m[10:47:27.985299] [I] [SingleNodeWorker] [WorkerThread-4] [] [SequenceShredder.cpp:55] [~SequenceShredder] Successfully validated SequenceShredder[m
[36m[10:47:29.787290] [D] [Not A Worker] [unnamed] [] [BufferManager.cpp:110] [initialize] NES memory allocation requires 1 out of 540577120256 (so 1.8498748143954595e-10%) available bytes[m
[36m[10:47:29.787368] [D] [Not A Worker] [unnamed] [] [BufferManager.cpp:160] [initialize] BufferManager configuration bufferSize=1 numOfBuffers=1[m
[36m[10:47:29.787717] [D] [Not A Worker] [unnamed] [] [PipeliningPhase.cpp:365] [apply] Constructed pipeline plan with 1 root pipelines.
PipelinedQueryPlan for Query: 17
Number of root pipelines: 1
------------------
Root Pipeline 0:
  Pipeline(ID(49), Provider(COMPILER))
  Operator chain:
    PhysicalOperator(NES::SourcePhysicalOperator)
  Successor Pipeline:
    Pipeline(ID(50), Provider(None))
      Operator chain:
        PhysicalOperator(NES::ScanPhysicalOperator)
          PhysicalOperator(NES::SelectionPhysicalOperator)
            PhysicalOperator(NES::MapPhysicalOperator)
              PhysicalOperator(NES::EmitPhysicalOperator)
      Successor Pipeline:
        Pipeline(ID(51), Provider(None))
          Operator chain:
            PhysicalOperator(NES::SinkPhysicalOperator)

[m
[32m[10:47:29.787936] [I] [Not A Worker] [unnamed] [] [NodeEngine.cpp:55] [registerQuery] Register 17[m
[36m[10:47:29.791490] [D] [Not A Worker] [unnamed] [] [SinkProvider.cpp:30] [lower] The sinkDescriptor is: SinkDescriptor: (name: variant("PERSON_ID_SINK"), type: Void, Config: )[m
[36m[10:47:29.792489] [D] [SingleNodeWorker] [WorkerThread-3] [Task:17-51] [VoidSink.cpp:37] [start] Setting up void sink: VoidSink[m
[36m[10:47:29.999027] [D] [SingleNodeWorker] [WorkerThread-3] [] [SourceThread.cpp:184] [start] Starting source with originId: 2[m
[36m[10:47:30.001118] [D] [SingleNodeWorker] [WorkerThread-3] [Task:17-50] [BufferManager.cpp:65] [~BufferManager] Calling BufferManager::destroy()[m
[36m[10:47:30.001147] [D] [SingleNodeWorker] [WorkerThread-3] [Task:17-50] [BufferManager.cpp:93] [~BufferManager] Shutting down Buffer Manager completed[m
[31m[1m[10:47:30.001349] [E] [SingleNodeWorker] [WorkerThread-3] [] [Task.cpp:67] [callOnFailure] TaskCallback::callOnFailure[m
[36m[10:47:30.001419] [D] [SingleNodeWorker] [WorkerThread-3] [] [SourceThread.cpp:230] [tryStop] SourceThread 2: attempting to stop source[m
[36m[10:47:30.001437] [D] [SingleNodeWorker] [WorkerThread-3] [] [SourceThread.cpp:238] [tryStop] SourceThread 2: source was not stopped during timeout[m
[31m[1m[10:47:30.001809] [E] [SingleNodeWorker] [WorkerThread-3] [] [QueryEngine.cpp:874] [onFailure] Query Failed: cannot format malformed string value; Value '{"ID": 1000', is not a valid value of type: int.
 in Query 17.[m
[32m[10:47:30.001976] [I] [SingleNodeWorker] [WorkerThread-3] [] [SequenceShredder.cpp:55] [~SequenceShredder] Successfully validated SequenceShredder[m
[36m[10:47:31.750198] [D] [Not A Worker] [unnamed] [] [BufferManager.cpp:110] [initialize] NES memory allocation requires 1 out of 540577120256 (so 1.8498748143954595e-10%) available bytes[m
[36m[10:47:31.750302] [D] [Not A Worker] [unnamed] [] [BufferManager.cpp:160] [initialize] BufferManager configuration bufferSize=1 numOfBuffers=1[m
[36m[10:47:31.750802] [D] [Not A Worker] [unnamed] [] [PipeliningPhase.cpp:365] [apply] Constructed pipeline plan with 1 root pipelines.
PipelinedQueryPlan for Query: 18
Number of root pipelines: 1
------------------
Root Pipeline 0:
  Pipeline(ID(52), Provider(COMPILER))
  Operator chain:
    PhysicalOperator(NES::SourcePhysicalOperator)
  Successor Pipeline:
    Pipeline(ID(53), Provider(None))
      Operator chain:
        PhysicalOperator(NES::ScanPhysicalOperator)
          PhysicalOperator(NES::SelectionPhysicalOperator)
            PhysicalOperator(NES::MapPhysicalOperator)
              PhysicalOperator(NES::EmitPhysicalOperator)
      Successor Pipeline:
        Pipeline(ID(54), Provider(None))
          Operator chain:
            PhysicalOperator(NES::SinkPhysicalOperator)

[m
[32m[10:47:31.751131] [I] [Not A Worker] [unnamed] [] [NodeEngine.cpp:55] [registerQuery] Register 18[m
[36m[10:47:31.754410] [D] [Not A Worker] [unnamed] [] [SinkProvider.cpp:30] [lower] The sinkDescriptor is: SinkDescriptor: (name: variant("PERSON_ID_SINK"), type: Void, Config: )[m
[36m[10:47:31.755260] [D] [SingleNodeWorker] [WorkerThread-0] [Task:18-54] [VoidSink.cpp:37] [start] Setting up void sink: VoidSink[m
[36m[10:47:31.955593] [D] [SingleNodeWorker] [WorkerThread-0] [] [SourceThread.cpp:184] [start] Starting source with originId: 2[m
[36m[10:47:31.957664] [D] [SingleNodeWorker] [WorkerThread-0] [Task:18-53] [BufferManager.cpp:65] [~BufferManager] Calling BufferManager::destroy()[m
[36m[10:47:31.957687] [D] [SingleNodeWorker] [WorkerThread-0] [Task:18-53] [BufferManager.cpp:93] [~BufferManager] Shutting down Buffer Manager completed[m
[31m[1m[10:47:31.957890] [E] [SingleNodeWorker] [WorkerThread-0] [] [Task.cpp:67] [callOnFailure] TaskCallback::callOnFailure[m
[36m[10:47:31.957955] [D] [SingleNodeWorker] [WorkerThread-0] [] [SourceThread.cpp:230] [tryStop] SourceThread 2: attempting to stop source[m
[36m[10:47:31.957967] [D] [SingleNodeWorker] [WorkerThread-0] [] [SourceThread.cpp:238] [tryStop] SourceThread 2: source was not stopped during timeout[m
[31m[1m[10:47:31.958305] [E] [SingleNodeWorker] [WorkerThread-0] [] [QueryEngine.cpp:874] [onFailure] Query Failed: cannot format malformed string value; Value '{"ID": 1000', is not a valid value of type: int.
 in Query 18.[m
[32m[10:47:31.958469] [I] [SingleNodeWorker] [WorkerThread-0] [] [SequenceShredder.cpp:55] [~SequenceShredder] Successfully validated SequenceShredder[m
[36m[10:47:33.822660] [D] [Not A Worker] [unnamed] [] [BufferManager.cpp:110] [initialize] NES memory allocation requires 1 out of 540577120256 (so 1.8498748143954595e-10%) available bytes[m
[36m[10:47:33.822740] [D] [Not A Worker] [unnamed] [] [BufferManager.cpp:160] [initialize] BufferManager configuration bufferSize=1 numOfBuffers=1[m
[36m[10:47:33.823103] [D] [Not A Worker] [unnamed] [] [PipeliningPhase.cpp:365] [apply] Constructed pipeline plan with 1 root pipelines.
PipelinedQueryPlan for Query: 19
Number of root pipelines: 1
------------------
Root Pipeline 0:
  Pipeline(ID(55), Provider(COMPILER))
  Operator chain:
    PhysicalOperator(NES::SourcePhysicalOperator)
  Successor Pipeline:
    Pipeline(ID(56), Provider(None))
      Operator chain:
        PhysicalOperator(NES::ScanPhysicalOperator)
          PhysicalOperator(NES::SelectionPhysicalOperator)
            PhysicalOperator(NES::MapPhysicalOperator)
              PhysicalOperator(NES::EmitPhysicalOperator)
      Successor Pipeline:
        Pipeline(ID(57), Provider(None))
          Operator chain:
            PhysicalOperator(NES::SinkPhysicalOperator)

[m
[32m[10:47:33.823319] [I] [Not A Worker] [unnamed] [] [NodeEngine.cpp:55] [registerQuery] Register 19[m
[36m[10:47:33.826836] [D] [Not A Worker] [unnamed] [] [SinkProvider.cpp:30] [lower] The sinkDescriptor is: SinkDescriptor: (name: variant("PERSON_ID_SINK"), type: Void, Config: )[m
[36m[10:47:33.828726] [D] [SingleNodeWorker] [WorkerThread-7] [Task:19-57] [VoidSink.cpp:37] [start] Setting up void sink: VoidSink[m
[36m[10:47:34.030580] [D] [SingleNodeWorker] [WorkerThread-7] [] [SourceThread.cpp:184] [start] Starting source with originId: 2[m
[36m[10:47:34.034055] [D] [SingleNodeWorker] [WorkerThread-7] [Task:19-56] [BufferManager.cpp:65] [~BufferManager] Calling BufferManager::destroy()[m
[36m[10:47:34.034134] [D] [SingleNodeWorker] [WorkerThread-7] [Task:19-56] [BufferManager.cpp:93] [~BufferManager] Shutting down Buffer Manager completed[m
[31m[1m[10:47:34.034655] [E] [SingleNodeWorker] [WorkerThread-7] [] [Task.cpp:67] [callOnFailure] TaskCallback::callOnFailure[m
[36m[10:47:34.034815] [D] [SingleNodeWorker] [WorkerThread-7] [] [SourceThread.cpp:230] [tryStop] SourceThread 2: attempting to stop source[m
[36m[10:47:34.034876] [D] [SingleNodeWorker] [WorkerThread-7] [] [SourceThread.cpp:238] [tryStop] SourceThread 2: source was not stopped during timeout[m
[31m[1m[10:47:34.035064] [E] [SingleNodeWorker] [WorkerThread-7] [] [QueryEngine.cpp:874] [onFailure] Query Failed: cannot format malformed string value; Value '{"ID": 1000', is not a valid value of type: int.
 in Query 19.[m
[31m[1m[10:47:34.036004] [E] [SingleNodeWorker] [WorkerThread-0] [] [Task.cpp:67] [callOnFailure] TaskCallback::callOnFailure[m
[31m[1m[10:47:34.036129] [E] [SingleNodeWorker] [WorkerThread-0] [] [QueryEngine.cpp:874] [onFailure] Query Failed: cannot format malformed string value; Value '{"ID": 1812', is not a valid value of type: int.
 in Query 19.[m
[31m[1m[10:47:34.038169] [E] [SingleNodeWorker] [WorkerThread-7] [] [Task.cpp:67] [callOnFailure] TaskCallback::callOnFailure[m
[31m[1m[10:47:34.038266] [E] [SingleNodeWorker] [WorkerThread-7] [] [QueryEngine.cpp:874] [onFailure] Query Failed: cannot format malformed string value; Value '{"ID": 2623', is not a valid value of type: int.
 in Query 19.[m
[31m[1m[10:47:34.039178] [E] [SingleNodeWorker] [WorkerThread-0] [] [Task.cpp:67] [callOnFailure] TaskCallback::callOnFailure[m
[31m[1m[10:47:34.039262] [E] [SingleNodeWorker] [WorkerThread-0] [] [QueryEngine.cpp:874] [onFailure] Query Failed: cannot format malformed string value; Value '{"ID": 3434', is not a valid value of type: int.
 in Query 19.[m
[31m[1m[10:47:34.040342] [E] [SingleNodeWorker] [WorkerThread-4] [] [Task.cpp:67] [callOnFailure] TaskCallback::callOnFailure[m
[31m[1m[10:47:34.040455] [E] [SingleNodeWorker] [WorkerThread-4] [] [QueryEngine.cpp:874] [onFailure] Query Failed: cannot format malformed string value; Value '{"ID": 4246', is not a valid value of type: int.
 in Query 19.[m
[31m[1m[10:47:34.041394] [E] [SingleNodeWorker] [WorkerThread-7] [] [Task.cpp:67] [callOnFailure] TaskCallback::callOnFailure[m
[31m[1m[10:47:34.041478] [E] [SingleNodeWorker] [WorkerThread-7] [] [QueryEngine.cpp:874] [onFailure] Query Failed: cannot format malformed string value; Value '{"ID": 5061', is not a valid value of type: int.
 in Query 19.[m
[31m[1m[10:47:34.042268] [E] [SingleNodeWorker] [WorkerThread-0] [] [Task.cpp:67] [callOnFailure] TaskCallback::callOnFailure[m
[31m[1m[10:47:34.042347] [E] [SingleNodeWorker] [WorkerThread-0] [] [QueryEngine.cpp:874] [onFailure] Query Failed: cannot format malformed string value; Value '{"ID": 5876', is not a valid value of type: int.
 in Query 19.[m
[31m[1m[10:47:34.043478] [E] [SingleNodeWorker] [WorkerThread-4] [] [Task.cpp:67] [callOnFailure] TaskCallback::callOnFailure[m
[31m[1m[10:47:34.043563] [E] [SingleNodeWorker] [WorkerThread-4] [] [QueryEngine.cpp:874] [onFailure] Query Failed: cannot format malformed string value; Value '{"ID": 6687', is not a valid value of type: int.
 in Query 19.[m
[31m[1m[10:47:34.044004] [E] [SingleNodeWorker] [WorkerThread-5] [] [Task.cpp:67] [callOnFailure] TaskCallback::callOnFailure[m
[31m[1m[10:47:34.044117] [E] [SingleNodeWorker] [WorkerThread-5] [] [QueryEngine.cpp:874] [onFailure] Query Failed: cannot format malformed string value; Value '{"ID": 7500', is not a valid value of type: int.
 in Query 19.[m
[31m[1m[10:47:34.044164] [E] [SingleNodeWorker] [WorkerThread-7] [] [Task.cpp:67] [callOnFailure] TaskCallback::callOnFailure[m
[31m[1m[10:47:34.044200] [E] [SingleNodeWorker] [WorkerThread-7] [] [QueryEngine.cpp:874] [onFailure] Query Failed: cannot format malformed string value; Value '{"ID": 8311', is not a valid value of type: int.
 in Query 19.[m
[31m[1m[10:47:34.044944] [E] [SingleNodeWorker] [WorkerThread-0] [] [Task.cpp:67] [callOnFailure] TaskCallback::callOnFailure[m
[31m[1m[10:47:34.044994] [E] [SingleNodeWorker] [WorkerThread-0] [] [QueryEngine.cpp:874] [onFailure] Query Failed: cannot format malformed string value; Value '{"ID": 9124', is not a valid value of type: int.
 in Query 19.[m
[31m[1m[10:47:34.045403] [E] [SingleNodeWorker] [WorkerThread-7] [] [Task.cpp:67] [callOnFailure] TaskCallback::callOnFailure[m
[31m[1m[10:47:34.045435] [E] [SingleNodeWorker] [WorkerThread-7] [] [QueryEngine.cpp:874] [onFailure] Query Failed: cannot format malformed string value; Value '{"ID": 11559', is not a valid value of type: int.
 in Query 19.[m
[31m[1m[10:47:34.045467] [E] [SingleNodeWorker] [WorkerThread-2] [] [Task.cpp:67] [callOnFailure] TaskCallback::callOnFailure[m
[31m[1m[10:47:34.045518] [E] [SingleNodeWorker] [WorkerThread-2] [] [QueryEngine.cpp:874] [onFailure] Query Failed: cannot format malformed string value; Value '{"ID": 12368', is not a valid value of type: int.
 in Query 19.[m
[31m[1m[10:47:34.045841] [E] [SingleNodeWorker] [WorkerThread-4] [] [Task.cpp:67] [callOnFailure] TaskCallback::callOnFailure[m
[31m[1m[10:47:34.045898] [E] [SingleNodeWorker] [WorkerThread-4] [] [QueryEngine.cpp:874] [onFailure] Query Failed: cannot format malformed string value; Value '{"ID": 9938', is not a valid value of type: int.
 in Query 19.[m
[31m[1m[10:47:34.046709] [E] [SingleNodeWorker] [WorkerThread-0] [] [Task.cpp:67] [callOnFailure] TaskCallback::callOnFailure[m
[31m[1m[10:47:34.046759] [E] [SingleNodeWorker] [WorkerThread-0] [] [QueryEngine.cpp:874] [onFailure] Query Failed: cannot format malformed string value; Value '{"ID": 13180', is not a valid value of type: int.
 in Query 19.[m
[31m[1m[10:47:34.047190] [E] [SingleNodeWorker] [WorkerThread-5] [Task:19-56] [SpanningTupleBufferState.cpp:201] [validateFinalState] Buffer at index 13 does still claim to own leading buffer[m
[31m[1m[10:47:34.047295] [E] [SingleNodeWorker] [WorkerThread-5] [Task:19-56] [SpanningTupleBufferState.cpp:206] [validateFinalState] Buffer at index 13 still owns a trailing buffer reference[m
[31m[1m[10:47:34.047344] [E] [SingleNodeWorker] [WorkerThread-5] [Task:19-56] [SpanningTupleBufferState.cpp:186] [validateFinalState] Buffer at index 14 does still claim to own leading buffer[m
[31m[1m[10:47:34.047385] [E] [SingleNodeWorker] [WorkerThread-5] [Task:19-56] [SpanningTupleBufferState.cpp:191] [validateFinalState] Buffer at index 14 still owns a leading buffer reference[m
[31m[1m[10:47:34.047776] [E] [SingleNodeWorker] [WorkerThread-5] [Task:19-56] [SequenceShredder.cpp:59] [~SequenceShredder] Failed to validate SequenceShredder[m
[31m[1m[10:47:34.056962] [E] [SingleNodeWorker] [WorkerThread-5] [] [Task.cpp:67] [callOnFailure] TaskCallback::callOnFailure[m
[31m[1m[10:47:34.057005] [E] [SingleNodeWorker] [WorkerThread-5] [] [QueryEngine.cpp:93] [operator()] Query Failure could not be reported as query has already been terminated. Original Error: cannot format malformed string value; Value '{"ID": 10749', is not a valid value of type: int.
[m
[36m[10:47:35.848800] [D] [Not A Worker] [unnamed] [] [BufferManager.cpp:110] [initialize] NES memory allocation requires 1 out of 540577120256 (so 1.8498748143954595e-10%) available bytes[m
[36m[10:47:35.848875] [D] [Not A Worker] [unnamed] [] [BufferManager.cpp:160] [initialize] BufferManager configuration bufferSize=1 numOfBuffers=1[m
[36m[10:47:35.849192] [D] [Not A Worker] [unnamed] [] [PipeliningPhase.cpp:365] [apply] Constructed pipeline plan with 1 root pipelines.
PipelinedQueryPlan for Query: 20
Number of root pipelines: 1
------------------
Root Pipeline 0:
  Pipeline(ID(58), Provider(COMPILER))
  Operator chain:
    PhysicalOperator(NES::SourcePhysicalOperator)
  Successor Pipeline:
    Pipeline(ID(59), Provider(None))
      Operator chain:
        PhysicalOperator(NES::ScanPhysicalOperator)
          PhysicalOperator(NES::SelectionPhysicalOperator)
            PhysicalOperator(NES::MapPhysicalOperator)
              PhysicalOperator(NES::EmitPhysicalOperator)
      Successor Pipeline:
        Pipeline(ID(60), Provider(None))
          Operator chain:
            PhysicalOperator(NES::SinkPhysicalOperator)

[m
[32m[10:47:35.849382] [I] [Not A Worker] [unnamed] [] [NodeEngine.cpp:55] [registerQuery] Register 20[m
[36m[10:47:35.852888] [D] [Not A Worker] [unnamed] [] [SinkProvider.cpp:30] [lower] The sinkDescriptor is: SinkDescriptor: (name: variant("PERSON_ID_SINK"), type: Void, Config: )[m
[36m[10:47:35.853577] [D] [SingleNodeWorker] [WorkerThread-1] [Task:20-60] [VoidSink.cpp:37] [start] Setting up void sink: VoidSink[m
[36m[10:47:36.055273] [D] [SingleNodeWorker] [WorkerThread-1] [] [SourceThread.cpp:184] [start] Starting source with originId: 2[m
[36m[10:47:36.057342] [D] [SingleNodeWorker] [WorkerThread-1] [Task:20-59] [BufferManager.cpp:65] [~BufferManager] Calling BufferManager::destroy()[m
[36m[10:47:36.057365] [D] [SingleNodeWorker] [WorkerThread-1] [Task:20-59] [BufferManager.cpp:93] [~BufferManager] Shutting down Buffer Manager completed[m
[31m[1m[10:47:36.057565] [E] [SingleNodeWorker] [WorkerThread-1] [] [Task.cpp:67] [callOnFailure] TaskCallback::callOnFailure[m
[36m[10:47:36.057619] [D] [SingleNodeWorker] [WorkerThread-1] [] [SourceThread.cpp:230] [tryStop] SourceThread 2: attempting to stop source[m
[36m[10:47:36.057633] [D] [SingleNodeWorker] [WorkerThread-1] [] [SourceThread.cpp:238] [tryStop] SourceThread 2: source was not stopped during timeout[m
[31m[1m[10:47:36.057926] [E] [SingleNodeWorker] [WorkerThread-1] [] [QueryEngine.cpp:874] [onFailure] Query Failed: cannot format malformed string value; Value '{"ID": 1000', is not a valid value of type: int.
 in Query 20.[m
[32m[10:47:36.058088] [I] [SingleNodeWorker] [WorkerThread-1] [] [SequenceShredder.cpp:55] [~SequenceShredder] Successfully validated SequenceShredder[m
[33m[1m[10:47:37.875624] [W] [Not A Worker] [unnamed] [] [SinkDescriptor.cpp:64] [getFormatType] Sinks of the type Void do not have an INPUT_FORMAT parameter.[m
[36m[10:47:37.875877] [D] [Not A Worker] [unnamed] [] [BufferManager.cpp:110] [initialize] NES memory allocation requires 1 out of 540577120256 (so 1.8498748143954595e-10%) available bytes[m
[36m[10:47:37.875953] [D] [Not A Worker] [unnamed] [] [BufferManager.cpp:160] [initialize] BufferManager configuration bufferSize=1 numOfBuffers=1[m
[36m[10:47:37.876427] [D] [Not A Worker] [unnamed] [] [PipeliningPhase.cpp:365] [apply] Constructed pipeline plan with 1 root pipelines.
PipelinedQueryPlan for Query: 21
Number of root pipelines: 1
------------------
Root Pipeline 0:
  Pipeline(ID(61), Provider(COMPILER))
  Operator chain:
    PhysicalOperator(NES::SourcePhysicalOperator)
  Successor Pipeline:
    Pipeline(ID(62), Provider(None))
      Operator chain:
        PhysicalOperator(NES::ScanPhysicalOperator)
          PhysicalOperator(NES::EmitPhysicalOperator)
      Successor Pipeline:
        Pipeline(ID(63), Provider(None))
          Operator chain:
            PhysicalOperator(NES::SinkPhysicalOperator)

[m
[32m[10:47:37.876833] [I] [Not A Worker] [unnamed] [] [NodeEngine.cpp:55] [registerQuery] Register 21[m
[36m[10:47:37.880228] [D] [Not A Worker] [unnamed] [] [SinkProvider.cpp:30] [lower] The sinkDescriptor is: SinkDescriptor: (name: variant("PERSON_SINK"), type: Void, Config: )[m
[36m[10:47:37.887249] [D] [SingleNodeWorker] [WorkerThread-3] [Task:21-63] [VoidSink.cpp:37] [start] Setting up void sink: VoidSink[m
[36m[10:47:38.003292] [D] [SingleNodeWorker] [WorkerThread-3] [] [SourceThread.cpp:184] [start] Starting source with originId: 2[m
[36m[10:47:38.004978] [D] [SingleNodeWorker] [WorkerThread-3] [Task:21-62] [BufferManager.cpp:65] [~BufferManager] Calling BufferManager::destroy()[m
[36m[10:47:38.005003] [D] [SingleNodeWorker] [WorkerThread-3] [Task:21-62] [BufferManager.cpp:93] [~BufferManager] Shutting down Buffer Manager completed[m
[31m[1m[10:47:38.005207] [E] [SingleNodeWorker] [WorkerThread-3] [] [Task.cpp:67] [callOnFailure] TaskCallback::callOnFailure[m
[36m[10:47:38.005272] [D] [SingleNodeWorker] [WorkerThread-3] [] [SourceThread.cpp:230] [tryStop] SourceThread 2: attempting to stop source[m
[36m[10:47:38.005286] [D] [SingleNodeWorker] [WorkerThread-3] [] [SourceThread.cpp:238] [tryStop] SourceThread 2: source was not stopped during timeout[m
[31m[1m[10:47:38.005420] [E] [SingleNodeWorker] [WorkerThread-3] [] [QueryEngine.cpp:874] [onFailure] Query Failed: cannot format malformed string value; Value '{"ID": 1000', is not a valid value of type: int.
 in Query 21.[m
[32m[10:47:38.005576] [I] [SingleNodeWorker] [WorkerThread-3] [] [SequenceShredder.cpp:55] [~SequenceShredder] Successfully validated SequenceShredder[m
[33m[1m[10:47:39.827893] [W] [Not A Worker] [unnamed] [] [SinkDescriptor.cpp:64] [getFormatType] Sinks of the type Void do not have an INPUT_FORMAT parameter.[m
[36m[10:47:39.828109] [D] [Not A Worker] [unnamed] [] [BufferManager.cpp:110] [initialize] NES memory allocation requires 1 out of 540577120256 (so 1.8498748143954595e-10%) available bytes[m
[36m[10:47:39.828170] [D] [Not A Worker] [unnamed] [] [BufferManager.cpp:160] [initialize] BufferManager configuration bufferSize=1 numOfBuffers=1[m
[36m[10:47:39.828632] [D] [Not A Worker] [unnamed] [] [PipeliningPhase.cpp:365] [apply] Constructed pipeline plan with 1 root pipelines.
PipelinedQueryPlan for Query: 22
Number of root pipelines: 1
------------------
Root Pipeline 0:
  Pipeline(ID(64), Provider(COMPILER))
  Operator chain:
    PhysicalOperator(NES::SourcePhysicalOperator)
  Successor Pipeline:
    Pipeline(ID(65), Provider(None))
      Operator chain:
        PhysicalOperator(NES::ScanPhysicalOperator)
          PhysicalOperator(NES::EmitPhysicalOperator)
      Successor Pipeline:
        Pipeline(ID(66), Provider(None))
          Operator chain:
            PhysicalOperator(NES::SinkPhysicalOperator)

[m
[32m[10:47:39.828939] [I] [Not A Worker] [unnamed] [] [NodeEngine.cpp:55] [registerQuery] Register 22[m
[36m[10:47:39.832497] [D] [Not A Worker] [unnamed] [] [SinkProvider.cpp:30] [lower] The sinkDescriptor is: SinkDescriptor: (name: variant("PERSON_SINK"), type: Void, Config: )[m
[36m[10:47:39.833036] [D] [SingleNodeWorker] [WorkerThread-3] [Task:22-66] [VoidSink.cpp:37] [start] Setting up void sink: VoidSink[m
[36m[10:47:39.945217] [D] [SingleNodeWorker] [WorkerThread-3] [] [SourceThread.cpp:184] [start] Starting source with originId: 2[m
[36m[10:47:39.947384] [D] [SingleNodeWorker] [WorkerThread-3] [Task:22-65] [BufferManager.cpp:65] [~BufferManager] Calling BufferManager::destroy()[m
[36m[10:47:39.947410] [D] [SingleNodeWorker] [WorkerThread-3] [Task:22-65] [BufferManager.cpp:93] [~BufferManager] Shutting down Buffer Manager completed[m
[31m[1m[10:47:39.947581] [E] [SingleNodeWorker] [WorkerThread-3] [] [Task.cpp:67] [callOnFailure] TaskCallback::callOnFailure[m
[36m[10:47:39.947651] [D] [SingleNodeWorker] [WorkerThread-3] [] [SourceThread.cpp:230] [tryStop] SourceThread 2: attempting to stop source[m
[36m[10:47:39.947666] [D] [SingleNodeWorker] [WorkerThread-3] [] [SourceThread.cpp:238] [tryStop] SourceThread 2: source was not stopped during timeout[m
[31m[1m[10:47:39.947979] [E] [SingleNodeWorker] [WorkerThread-3] [] [QueryEngine.cpp:874] [onFailure] Query Failed: cannot format malformed string value; Value '{"ID": 1000', is not a valid value of type: int.
 in Query 22.[m
[31m[1m[10:47:39.948831] [E] [SingleNodeWorker] [WorkerThread-3] [] [Task.cpp:67] [callOnFailure] TaskCallback::callOnFailure[m
[31m[1m[10:47:39.948859] [E] [SingleNodeWorker] [WorkerThread-3] [] [QueryEngine.cpp:874] [onFailure] Query Failed: cannot format malformed string value; Value '{"ID": 2624', is not a valid value of type: int.
 in Query 22.[m
[31m[1m[10:47:39.950849] [E] [SingleNodeWorker] [WorkerThread-2] [Task:22-65] [SpanningTupleBufferState.cpp:201] [validateFinalState] Buffer at index 2 does still claim to own leading buffer[m
[31m[1m[10:47:39.950991] [E] [SingleNodeWorker] [WorkerThread-2] [Task:22-65] [SpanningTupleBufferState.cpp:206] [validateFinalState] Buffer at index 2 still owns a trailing buffer reference[m
[31m[1m[10:47:39.951062] [E] [SingleNodeWorker] [WorkerThread-2] [Task:22-65] [SpanningTupleBufferState.cpp:186] [validateFinalState] Buffer at index 3 does still claim to own leading buffer[m
[31m[1m[10:47:39.951128] [E] [SingleNodeWorker] [WorkerThread-2] [Task:22-65] [SpanningTupleBufferState.cpp:191] [validateFinalState] Buffer at index 3 still owns a leading buffer reference[m
[31m[1m[10:47:39.951539] [E] [SingleNodeWorker] [WorkerThread-2] [Task:22-65] [SequenceShredder.cpp:59] [~SequenceShredder] Failed to validate SequenceShredder[m
[31m[1m[10:47:39.961079] [E] [SingleNodeWorker] [WorkerThread-2] [] [Task.cpp:67] [callOnFailure] TaskCallback::callOnFailure[m
[31m[1m[10:47:39.961138] [E] [SingleNodeWorker] [WorkerThread-2] [] [QueryEngine.cpp:93] [operator()] Query Failure could not be reported as query has already been terminated. Original Error: cannot format malformed string value; Value '{"ID": 1812', is not a valid value of type: int.
[m
[33m[1m[10:47:41.769385] [W] [Not A Worker] [unnamed] [] [SinkDescriptor.cpp:64] [getFormatType] Sinks of the type Void do not have an INPUT_FORMAT parameter.[m
[36m[10:47:41.769602] [D] [Not A Worker] [unnamed] [] [BufferManager.cpp:110] [initialize] NES memory allocation requires 1 out of 540577120256 (so 1.8498748143954595e-10%) available bytes[m
[36m[10:47:41.769677] [D] [Not A Worker] [unnamed] [] [BufferManager.cpp:160] [initialize] BufferManager configuration bufferSize=1 numOfBuffers=1[m
[36m[10:47:41.770182] [D] [Not A Worker] [unnamed] [] [PipeliningPhase.cpp:365] [apply] Constructed pipeline plan with 1 root pipelines.
PipelinedQueryPlan for Query: 23
Number of root pipelines: 1
------------------
Root Pipeline 0:
  Pipeline(ID(67), Provider(COMPILER))
  Operator chain:
    PhysicalOperator(NES::SourcePhysicalOperator)
  Successor Pipeline:
    Pipeline(ID(68), Provider(None))
      Operator chain:
        PhysicalOperator(NES::ScanPhysicalOperator)
          PhysicalOperator(NES::EmitPhysicalOperator)
      Successor Pipeline:
        Pipeline(ID(69), Provider(None))
          Operator chain:
            PhysicalOperator(NES::SinkPhysicalOperator)

[m
[32m[10:47:41.770505] [I] [Not A Worker] [unnamed] [] [NodeEngine.cpp:55] [registerQuery] Register 23[m
[36m[10:47:41.773835] [D] [Not A Worker] [unnamed] [] [SinkProvider.cpp:30] [lower] The sinkDescriptor is: SinkDescriptor: (name: variant("PERSON_SINK"), type: Void, Config: )[m
[36m[10:47:41.775977] [D] [SingleNodeWorker] [WorkerThread-4] [Task:23-69] [VoidSink.cpp:37] [start] Setting up void sink: VoidSink[m
[36m[10:47:41.888837] [D] [SingleNodeWorker] [WorkerThread-4] [] [SourceThread.cpp:184] [start] Starting source with originId: 2[m
[36m[10:47:41.890970] [D] [SingleNodeWorker] [WorkerThread-4] [Task:23-68] [BufferManager.cpp:65] [~BufferManager] Calling BufferManager::destroy()[m
[36m[10:47:41.890998] [D] [SingleNodeWorker] [WorkerThread-4] [Task:23-68] [BufferManager.cpp:93] [~BufferManager] Shutting down Buffer Manager completed[m
[31m[1m[10:47:41.891176] [E] [SingleNodeWorker] [WorkerThread-4] [] [Task.cpp:67] [callOnFailure] TaskCallback::callOnFailure[m
[36m[10:47:41.891244] [D] [SingleNodeWorker] [WorkerThread-4] [] [SourceThread.cpp:230] [tryStop] SourceThread 2: attempting to stop source[m
[36m[10:47:41.891258] [D] [SingleNodeWorker] [WorkerThread-4] [] [SourceThread.cpp:238] [tryStop] SourceThread 2: source was not stopped during timeout[m
[31m[1m[10:47:41.891529] [E] [SingleNodeWorker] [WorkerThread-4] [] [QueryEngine.cpp:874] [onFailure] Query Failed: cannot format malformed string value; Value '{"ID": 1000', is not a valid value of type: int.
 in Query 23.[m
[31m[1m[10:47:41.892381] [E] [SingleNodeWorker] [WorkerThread-4] [] [Task.cpp:67] [callOnFailure] TaskCallback::callOnFailure[m
[31m[1m[10:47:41.892407] [E] [SingleNodeWorker] [WorkerThread-4] [] [QueryEngine.cpp:874] [onFailure] Query Failed: cannot format malformed string value; Value '{"ID": 2624', is not a valid value of type: int.
 in Query 23.[m
[31m[1m[10:47:41.893493] [E] [SingleNodeWorker] [WorkerThread-0] [Task:23-68] [SpanningTupleBufferState.cpp:201] [validateFinalState] Buffer at index 2 does still claim to own leading buffer[m
[31m[1m[10:47:41.893593] [E] [SingleNodeWorker] [WorkerThread-0] [Task:23-68] [SpanningTupleBufferState.cpp:206] [validateFinalState] Buffer at index 2 still owns a trailing buffer reference[m
[31m[1m[10:47:41.893643] [E] [SingleNodeWorker] [WorkerThread-0] [Task:23-68] [SpanningTupleBufferState.cpp:186] [validateFinalState] Buffer at index 3 does still claim to own leading buffer[m
[31m[1m[10:47:41.893689] [E] [SingleNodeWorker] [WorkerThread-0] [Task:23-68] [SpanningTupleBufferState.cpp:191] [validateFinalState] Buffer at index 3 still owns a leading buffer reference[m
[31m[1m[10:47:41.894101] [E] [SingleNodeWorker] [WorkerThread-0] [Task:23-68] [SequenceShredder.cpp:59] [~SequenceShredder] Failed to validate SequenceShredder[m
[31m[1m[10:47:41.904781] [E] [SingleNodeWorker] [WorkerThread-0] [] [Task.cpp:67] [callOnFailure] TaskCallback::callOnFailure[m
[31m[1m[10:47:41.904825] [E] [SingleNodeWorker] [WorkerThread-0] [] [QueryEngine.cpp:93] [operator()] Query Failure could not be reported as query has already been terminated. Original Error: cannot format malformed string value; Value '{"ID": 1812', is not a valid value of type: int.
[m
[33m[1m[10:47:43.669919] [W] [Not A Worker] [unnamed] [] [SinkDescriptor.cpp:64] [getFormatType] Sinks of the type Void do not have an INPUT_FORMAT parameter.[m
[36m[10:47:43.670138] [D] [Not A Worker] [unnamed] [] [BufferManager.cpp:110] [initialize] NES memory allocation requires 1 out of 540577120256 (so 1.8498748143954595e-10%) available bytes[m
[36m[10:47:43.670199] [D] [Not A Worker] [unnamed] [] [BufferManager.cpp:160] [initialize] BufferManager configuration bufferSize=1 numOfBuffers=1[m
[36m[10:47:43.670662] [D] [Not A Worker] [unnamed] [] [PipeliningPhase.cpp:365] [apply] Constructed pipeline plan with 1 root pipelines.
PipelinedQueryPlan for Query: 24
Number of root pipelines: 1
------------------
Root Pipeline 0:
  Pipeline(ID(70), Provider(COMPILER))
  Operator chain:
    PhysicalOperator(NES::SourcePhysicalOperator)
  Successor Pipeline:
    Pipeline(ID(71), Provider(None))
      Operator chain:
        PhysicalOperator(NES::ScanPhysicalOperator)
          PhysicalOperator(NES::EmitPhysicalOperator)
      Successor Pipeline:
        Pipeline(ID(72), Provider(None))
          Operator chain:
            PhysicalOperator(NES::SinkPhysicalOperator)

[m
[32m[10:47:43.670995] [I] [Not A Worker] [unnamed] [] [NodeEngine.cpp:55] [registerQuery] Register 24[m
[36m[10:47:43.674264] [D] [Not A Worker] [unnamed] [] [SinkProvider.cpp:30] [lower] The sinkDescriptor is: SinkDescriptor: (name: variant("PERSON_SINK"), type: Void, Config: )[m
[36m[10:47:43.675716] [D] [SingleNodeWorker] [WorkerThread-0] [Task:24-72] [VoidSink.cpp:37] [start] Setting up void sink: VoidSink[m
[36m[10:47:43.790014] [D] [SingleNodeWorker] [WorkerThread-0] [] [SourceThread.cpp:184] [start] Starting source with originId: 2[m
[36m[10:47:43.793621] [D] [SingleNodeWorker] [WorkerThread-6] [Task:24-71] [BufferManager.cpp:65] [~BufferManager] Calling BufferManager::destroy()[m
[36m[10:47:43.793705] [D] [SingleNodeWorker] [WorkerThread-6] [Task:24-71] [BufferManager.cpp:93] [~BufferManager] Shutting down Buffer Manager completed[m
[31m[1m[10:47:43.793778] [E] [SingleNodeWorker] [WorkerThread-0] [] [Task.cpp:67] [callOnFailure] TaskCallback::callOnFailure[m
[36m[10:47:43.793858] [D] [SingleNodeWorker] [WorkerThread-0] [] [SourceThread.cpp:230] [tryStop] SourceThread 2: attempting to stop source[m
[36m[10:47:43.793873] [D] [SingleNodeWorker] [WorkerThread-0] [] [SourceThread.cpp:238] [tryStop] SourceThread 2: source was not stopped during timeout[m
[31m[1m[10:47:43.794184] [E] [SingleNodeWorker] [WorkerThread-6] [] [Task.cpp:67] [callOnFailure] TaskCallback::callOnFailure[m
[31m[1m[10:47:43.794284] [E] [SingleNodeWorker] [WorkerThread-6] [] [QueryEngine.cpp:874] [onFailure] Query Failed: cannot format malformed string value; Value '{"ID": 1000', is not a valid value of type: int.
 in Query 24.[m
[31m[1m[10:47:43.794425] [E] [SingleNodeWorker] [WorkerThread-0] [] [QueryEngine.cpp:874] [onFailure] Query Failed: cannot format malformed string value; Value '{"ID": 2624', is not a valid value of type: int.
 in Query 24.[m
[31m[1m[10:47:43.794593] [E] [SingleNodeWorker] [WorkerThread-7] [] [Task.cpp:67] [callOnFailure] TaskCallback::callOnFailure[m
[31m[1m[10:47:43.794709] [E] [SingleNodeWorker] [WorkerThread-7] [] [QueryEngine.cpp:874] [onFailure] Query Failed: cannot format malformed string value; Value '{"ID": 1812', is not a valid value of type: int.
 in Query 24.[m
[31m[1m[10:47:43.795297] [E] [SingleNodeWorker] [WorkerThread-0] [] [Task.cpp:67] [callOnFailure] TaskCallback::callOnFailure[m
[31m[1m[10:47:43.795325] [E] [SingleNodeWorker] [WorkerThread-0] [] [QueryEngine.cpp:874] [onFailure] Query Failed: cannot format malformed string value; Value '{"ID": 5062', is not a valid value of type: int.
 in Query 24.[m
[31m[1m[10:47:43.796816] [E] [SingleNodeWorker] [WorkerThread-2] [] [Task.cpp:67] [callOnFailure] TaskCallback::callOnFailure[m
[31m[1m[10:47:43.796929] [E] [SingleNodeWorker] [WorkerThread-2] [] [QueryEngine.cpp:874] [onFailure] Query Failed: cannot format malformed string value; Value '{"ID": 3434', is not a valid value of type: int.
 in Query 24.[m
[31m[1m[10:47:43.797341] [E] [SingleNodeWorker] [WorkerThread-6] [Task:24-71] [SpanningTupleBufferState.cpp:201] [validateFinalState] Buffer at index 2 does still claim to own leading buffer[m
[31m[1m[10:47:43.797408] [E] [SingleNodeWorker] [WorkerThread-6] [Task:24-71] [SpanningTupleBufferState.cpp:206] [validateFinalState] Buffer at index 2 still owns a trailing buffer reference[m
[31m[1m[10:47:43.797455] [E] [SingleNodeWorker] [WorkerThread-6] [Task:24-71] [SpanningTupleBufferState.cpp:186] [validateFinalState] Buffer at index 3 does still claim to own leading buffer[m
[31m[1m[10:47:43.797502] [E] [SingleNodeWorker] [WorkerThread-6] [Task:24-71] [SpanningTupleBufferState.cpp:191] [validateFinalState] Buffer at index 3 still owns a leading buffer reference[m
[31m[1m[10:47:43.797545] [E] [SingleNodeWorker] [WorkerThread-6] [Task:24-71] [SpanningTupleBufferState.cpp:201] [validateFinalState] Buffer at index 5 does still claim to own leading buffer[m
[31m[1m[10:47:43.797586] [E] [SingleNodeWorker] [WorkerThread-6] [Task:24-71] [SpanningTupleBufferState.cpp:206] [validateFinalState] Buffer at index 5 still owns a trailing buffer reference[m
[31m[1m[10:47:43.797628] [E] [SingleNodeWorker] [WorkerThread-6] [Task:24-71] [SpanningTupleBufferState.cpp:186] [validateFinalState] Buffer at index 6 does still claim to own leading buffer[m
[31m[1m[10:47:43.797673] [E] [SingleNodeWorker] [WorkerThread-6] [Task:24-71] [SpanningTupleBufferState.cpp:191] [validateFinalState] Buffer at index 6 still owns a leading buffer reference[m
[31m[1m[10:47:43.798090] [E] [SingleNodeWorker] [WorkerThread-6] [Task:24-71] [SequenceShredder.cpp:59] [~SequenceShredder] Failed to validate SequenceShredder[m
[31m[1m[10:47:43.805955] [E] [SingleNodeWorker] [WorkerThread-6] [] [Task.cpp:67] [callOnFailure] TaskCallback::callOnFailure[m
[31m[1m[10:47:43.806009] [E] [SingleNodeWorker] [WorkerThread-6] [] [QueryEngine.cpp:93] [operator()] Query Failure could not be reported as query has already been terminated. Original Error: cannot format malformed string value; Value '{"ID": 4246', is not a valid value of type: int.
[m
[33m[1m[10:47:45.550785] [W] [Not A Worker] [unnamed] [] [SinkDescriptor.cpp:64] [getFormatType] Sinks of the type Void do not have an INPUT_FORMAT parameter.[m
[36m[10:47:45.551024] [D] [Not A Worker] [unnamed] [] [BufferManager.cpp:110] [initialize] NES memory allocation requires 1 out of 540577120256 (so 1.8498748143954595e-10%) available bytes[m
[36m[10:47:45.551089] [D] [Not A Worker] [unnamed] [] [BufferManager.cpp:160] [initialize] BufferManager configuration bufferSize=1 numOfBuffers=1[m
[36m[10:47:45.551548] [D] [Not A Worker] [unnamed] [] [PipeliningPhase.cpp:365] [apply] Constructed pipeline plan with 1 root pipelines.
PipelinedQueryPlan for Query: 25
Number of root pipelines: 1
------------------
Root Pipeline 0:
  Pipeline(ID(73), Provider(COMPILER))
  Operator chain:
    PhysicalOperator(NES::SourcePhysicalOperator)
  Successor Pipeline:
    Pipeline(ID(74), Provider(None))
      Operator chain:
        PhysicalOperator(NES::ScanPhysicalOperator)
          PhysicalOperator(NES::EmitPhysicalOperator)
      Successor Pipeline:
        Pipeline(ID(75), Provider(None))
          Operator chain:
            PhysicalOperator(NES::SinkPhysicalOperator)

[m
[32m[10:47:45.551874] [I] [Not A Worker] [unnamed] [] [NodeEngine.cpp:55] [registerQuery] Register 25[m
[36m[10:47:45.555116] [D] [Not A Worker] [unnamed] [] [SinkProvider.cpp:30] [lower] The sinkDescriptor is: SinkDescriptor: (name: variant("PERSON_SINK"), type: Void, Config: )[m
[36m[10:47:45.555684] [D] [SingleNodeWorker] [WorkerThread-3] [Task:25-75] [VoidSink.cpp:37] [start] Setting up void sink: VoidSink[m
[36m[10:47:45.668325] [D] [SingleNodeWorker] [WorkerThread-3] [] [SourceThread.cpp:184] [start] Starting source with originId: 2[m
[36m[10:47:45.670459] [D] [SingleNodeWorker] [WorkerThread-3] [Task:25-74] [BufferManager.cpp:65] [~BufferManager] Calling BufferManager::destroy()[m
[36m[10:47:45.670484] [D] [SingleNodeWorker] [WorkerThread-3] [Task:25-74] [BufferManager.cpp:93] [~BufferManager] Shutting down Buffer Manager completed[m
[31m[1m[10:47:45.670674] [E] [SingleNodeWorker] [WorkerThread-3] [] [Task.cpp:67] [callOnFailure] TaskCallback::callOnFailure[m
[36m[10:47:45.670722] [D] [SingleNodeWorker] [WorkerThread-3] [] [SourceThread.cpp:230] [tryStop] SourceThread 2: attempting to stop source[m
[36m[10:47:45.670733] [D] [SingleNodeWorker] [WorkerThread-3] [] [SourceThread.cpp:238] [tryStop] SourceThread 2: source was not stopped during timeout[m
[31m[1m[10:47:45.671123] [E] [SingleNodeWorker] [WorkerThread-3] [] [QueryEngine.cpp:874] [onFailure] Query Failed: cannot format malformed string value; Value '{"ID": 1000', is not a valid value of type: int.
 in Query 25.[m
[32m[10:47:45.671283] [I] [SingleNodeWorker] [WorkerThread-3] [] [SequenceShredder.cpp:55] [~SequenceShredder] Successfully validated SequenceShredder[m
[33m[1m[10:47:47.571168] [W] [Not A Worker] [unnamed] [] [SinkDescriptor.cpp:64] [getFormatType] Sinks of the type Void do not have an INPUT_FORMAT parameter.[m
[36m[10:47:47.571384] [D] [Not A Worker] [unnamed] [] [BufferManager.cpp:110] [initialize] NES memory allocation requires 1 out of 540577120256 (so 1.8498748143954595e-10%) available bytes[m
[36m[10:47:47.571446] [D] [Not A Worker] [unnamed] [] [BufferManager.cpp:160] [initialize] BufferManager configuration bufferSize=1 numOfBuffers=1[m
[36m[10:47:47.571906] [D] [Not A Worker] [unnamed] [] [PipeliningPhase.cpp:365] [apply] Constructed pipeline plan with 1 root pipelines.
PipelinedQueryPlan for Query: 26
Number of root pipelines: 1
------------------
Root Pipeline 0:
  Pipeline(ID(76), Provider(COMPILER))
  Operator chain:
    PhysicalOperator(NES::SourcePhysicalOperator)
  Successor Pipeline:
    Pipeline(ID(77), Provider(None))
      Operator chain:
        PhysicalOperator(NES::ScanPhysicalOperator)
          PhysicalOperator(NES::EmitPhysicalOperator)
      Successor Pipeline:
        Pipeline(ID(78), Provider(None))
          Operator chain:
            PhysicalOperator(NES::SinkPhysicalOperator)

[m
[32m[10:47:47.572212] [I] [Not A Worker] [unnamed] [] [NodeEngine.cpp:55] [registerQuery] Register 26[m
[36m[10:47:47.575455] [D] [Not A Worker] [unnamed] [] [SinkProvider.cpp:30] [lower] The sinkDescriptor is: SinkDescriptor: (name: variant("PERSON_SINK"), type: Void, Config: )[m
[36m[10:47:47.576937] [D] [SingleNodeWorker] [WorkerThread-7] [Task:26-78] [VoidSink.cpp:37] [start] Setting up void sink: VoidSink[m
[36m[10:47:47.689120] [D] [SingleNodeWorker] [WorkerThread-7] [] [SourceThread.cpp:184] [start] Starting source with originId: 2[m
[31m[1m[10:47:47.692013] [E] [SingleNodeWorker] [WorkerThread-7] [] [Task.cpp:67] [callOnFailure] TaskCallback::callOnFailure[m
[36m[10:47:47.692070] [D] [SingleNodeWorker] [WorkerThread-7] [] [SourceThread.cpp:230] [tryStop] SourceThread 2: attempting to stop source[m
[36m[10:47:47.692081] [D] [SingleNodeWorker] [WorkerThread-7] [] [SourceThread.cpp:238] [tryStop] SourceThread 2: source was not stopped during timeout[m
[31m[1m[10:47:47.692443] [E] [SingleNodeWorker] [WorkerThread-7] [] [QueryEngine.cpp:874] [onFailure] Query Failed: cannot format malformed string value; Value '{"ID": 1813', is not a valid value of type: int.
 in Query 26.[m
[36m[10:47:47.692913] [D] [SingleNodeWorker] [WorkerThread-1] [Task:26-77] [BufferManager.cpp:65] [~BufferManager] Calling BufferManager::destroy()[m
[36m[10:47:47.692992] [D] [SingleNodeWorker] [WorkerThread-1] [Task:26-77] [BufferManager.cpp:93] [~BufferManager] Shutting down Buffer Manager completed[m
[31m[1m[10:47:47.693306] [E] [SingleNodeWorker] [WorkerThread-7] [] [Task.cpp:67] [callOnFailure] TaskCallback::callOnFailure[m
[31m[1m[10:47:47.693334] [E] [SingleNodeWorker] [WorkerThread-7] [] [QueryEngine.cpp:874] [onFailure] Query Failed: cannot format malformed string value; Value '{"ID": 2623', is not a valid value of type: int.
 in Query 26.[m
[31m[1m[10:47:47.693467] [E] [SingleNodeWorker] [WorkerThread-1] [] [Task.cpp:67] [callOnFailure] TaskCallback::callOnFailure[m
[31m[1m[10:47:47.693560] [E] [SingleNodeWorker] [WorkerThread-1] [] [QueryEngine.cpp:874] [onFailure] Query Failed: cannot format malformed string value; Value '{"ID": 1000', is not a valid value of type: int.
 in Query 26.[m
[31m[1m[10:47:47.694187] [E] [SingleNodeWorker] [WorkerThread-7] [Task:26-77] [SpanningTupleBufferState.cpp:201] [validateFinalState] Buffer at index 1 does still claim to own leading buffer[m
[31m[1m[10:47:47.694211] [E] [SingleNodeWorker] [WorkerThread-7] [Task:26-77] [SpanningTupleBufferState.cpp:206] [validateFinalState] Buffer at index 1 still owns a trailing buffer reference[m
[31m[1m[10:47:47.694223] [E] [SingleNodeWorker] [WorkerThread-7] [Task:26-77] [SpanningTupleBufferState.cpp:186] [validateFinalState] Buffer at index 2 does still claim to own leading buffer[m
[31m[1m[10:47:47.694234] [E] [SingleNodeWorker] [WorkerThread-7] [Task:26-77] [SpanningTupleBufferState.cpp:191] [validateFinalState] Buffer at index 2 still owns a leading buffer reference[m
[31m[1m[10:47:47.694352] [E] [SingleNodeWorker] [WorkerThread-7] [Task:26-77] [SequenceShredder.cpp:59] [~SequenceShredder] Failed to validate SequenceShredder[m
[31m[1m[10:47:47.697969] [E] [SingleNodeWorker] [WorkerThread-7] [] [Task.cpp:67] [callOnFailure] TaskCallback::callOnFailure[m
[31m[1m[10:47:47.698001] [E] [SingleNodeWorker] [WorkerThread-7] [] [QueryEngine.cpp:93] [operator()] Query Failure could not be reported as query has already been terminated. Original Error: cannot format malformed string value; Value '{"ID": 3434', is not a valid value of type: int.
[m
[33m[1m[10:47:49.526846] [W] [Not A Worker] [unnamed] [] [SinkDescriptor.cpp:64] [getFormatType] Sinks of the type Void do not have an INPUT_FORMAT parameter.[m
[36m[10:47:49.527087] [D] [Not A Worker] [unnamed] [] [BufferManager.cpp:110] [initialize] NES memory allocation requires 1 out of 540577120256 (so 1.8498748143954595e-10%) available bytes[m
[36m[10:47:49.527151] [D] [Not A Worker] [unnamed] [] [BufferManager.cpp:160] [initialize] BufferManager configuration bufferSize=1 numOfBuffers=1[m
[36m[10:47:49.527607] [D] [Not A Worker] [unnamed] [] [PipeliningPhase.cpp:365] [apply] Constructed pipeline plan with 1 root pipelines.
PipelinedQueryPlan for Query: 27
Number of root pipelines: 1
------------------
Root Pipeline 0:
  Pipeline(ID(79), Provider(COMPILER))
  Operator chain:
    PhysicalOperator(NES::SourcePhysicalOperator)
  Successor Pipeline:
    Pipeline(ID(80), Provider(None))
      Operator chain:
        PhysicalOperator(NES::ScanPhysicalOperator)
          PhysicalOperator(NES::EmitPhysicalOperator)
      Successor Pipeline:
        Pipeline(ID(81), Provider(None))
          Operator chain:
            PhysicalOperator(NES::SinkPhysicalOperator)

[m
[32m[10:47:49.527921] [I] [Not A Worker] [unnamed] [] [NodeEngine.cpp:55] [registerQuery] Register 27[m
[36m[10:47:49.531158] [D] [Not A Worker] [unnamed] [] [SinkProvider.cpp:30] [lower] The sinkDescriptor is: SinkDescriptor: (name: variant("PERSON_SINK"), type: Void, Config: )[m
[36m[10:47:49.533027] [D] [SingleNodeWorker] [WorkerThread-6] [Task:27-81] [VoidSink.cpp:37] [start] Setting up void sink: VoidSink[m
[36m[10:47:49.645822] [D] [SingleNodeWorker] [WorkerThread-6] [] [SourceThread.cpp:184] [start] Starting source with originId: 2[m
[36m[10:47:49.647514] [D] [SingleNodeWorker] [WorkerThread-6] [Task:27-80] [BufferManager.cpp:65] [~BufferManager] Calling BufferManager::destroy()[m
[36m[10:47:49.647541] [D] [SingleNodeWorker] [WorkerThread-6] [Task:27-80] [BufferManager.cpp:93] [~BufferManager] Shutting down Buffer Manager completed[m
[31m[1m[10:47:49.647713] [E] [SingleNodeWorker] [WorkerThread-6] [] [Task.cpp:67] [callOnFailure] TaskCallback::callOnFailure[m
[36m[10:47:49.647762] [D] [SingleNodeWorker] [WorkerThread-6] [] [SourceThread.cpp:230] [tryStop] SourceThread 2: attempting to stop source[m
[36m[10:47:49.647773] [D] [SingleNodeWorker] [WorkerThread-6] [] [SourceThread.cpp:238] [tryStop] SourceThread 2: source was not stopped during timeout[m
[31m[1m[10:47:49.647981] [E] [SingleNodeWorker] [WorkerThread-6] [] [QueryEngine.cpp:874] [onFailure] Query Failed: cannot format malformed string value; Value '{"ID": 1000', is not a valid value of type: int.
 in Query 27.[m
[32m[10:47:49.648133] [I] [SingleNodeWorker] [WorkerThread-6] [] [SequenceShredder.cpp:55] [~SequenceShredder] Successfully validated SequenceShredder[m
[33m[1m[10:47:51.444616] [W] [Not A Worker] [unnamed] [] [SinkDescriptor.cpp:64] [getFormatType] Sinks of the type Void do not have an INPUT_FORMAT parameter.[m
[36m[10:47:51.444830] [D] [Not A Worker] [unnamed] [] [BufferManager.cpp:110] [initialize] NES memory allocation requires 1 out of 540577120256 (so 1.8498748143954595e-10%) available bytes[m
[36m[10:47:51.444892] [D] [Not A Worker] [unnamed] [] [BufferManager.cpp:160] [initialize] BufferManager configuration bufferSize=1 numOfBuffers=1[m
[36m[10:47:51.445345] [D] [Not A Worker] [unnamed] [] [PipeliningPhase.cpp:365] [apply] Constructed pipeline plan with 1 root pipelines.
PipelinedQueryPlan for Query: 28
Number of root pipelines: 1
------------------
Root Pipeline 0:
  Pipeline(ID(82), Provider(COMPILER))
  Operator chain:
    PhysicalOperator(NES::SourcePhysicalOperator)
  Successor Pipeline:
    Pipeline(ID(83), Provider(None))
      Operator chain:
        PhysicalOperator(NES::ScanPhysicalOperator)
          PhysicalOperator(NES::EmitPhysicalOperator)
      Successor Pipeline:
        Pipeline(ID(84), Provider(None))
          Operator chain:
            PhysicalOperator(NES::SinkPhysicalOperator)

[m
[32m[10:47:51.445650] [I] [Not A Worker] [unnamed] [] [NodeEngine.cpp:55] [registerQuery] Register 28[m
[36m[10:47:51.449017] [D] [Not A Worker] [unnamed] [] [SinkProvider.cpp:30] [lower] The sinkDescriptor is: SinkDescriptor: (name: variant("PERSON_SINK"), type: Void, Config: )[m
[36m[10:47:51.450335] [D] [SingleNodeWorker] [WorkerThread-2] [Task:28-84] [VoidSink.cpp:37] [start] Setting up void sink: VoidSink[m
[36m[10:47:51.563523] [D] [SingleNodeWorker] [WorkerThread-2] [] [SourceThread.cpp:184] [start] Starting source with originId: 2[m
[36m[10:47:51.565595] [D] [SingleNodeWorker] [WorkerThread-2] [Task:28-83] [BufferManager.cpp:65] [~BufferManager] Calling BufferManager::destroy()[m
[36m[10:47:51.565620] [D] [SingleNodeWorker] [WorkerThread-2] [Task:28-83] [BufferManager.cpp:93] [~BufferManager] Shutting down Buffer Manager completed[m
[31m[1m[10:47:51.565807] [E] [SingleNodeWorker] [WorkerThread-2] [] [Task.cpp:67] [callOnFailure] TaskCallback::callOnFailure[m
[36m[10:47:51.565877] [D] [SingleNodeWorker] [WorkerThread-2] [] [SourceThread.cpp:230] [tryStop] SourceThread 2: attempting to stop source[m
[36m[10:47:51.565888] [D] [SingleNodeWorker] [WorkerThread-2] [] [SourceThread.cpp:238] [tryStop] SourceThread 2: source was not stopped during timeout[m
[31m[1m[10:47:51.566362] [E] [SingleNodeWorker] [WorkerThread-2] [] [QueryEngine.cpp:874] [onFailure] Query Failed: cannot format malformed string value; Value '{"ID": 1000', is not a valid value of type: int.
 in Query 28.[m
[32m[10:47:51.566516] [I] [SingleNodeWorker] [WorkerThread-2] [] [SequenceShredder.cpp:55] [~SequenceShredder] Successfully validated SequenceShredder[m
[33m[1m[10:47:53.473277] [W] [Not A Worker] [unnamed] [] [SinkDescriptor.cpp:64] [getFormatType] Sinks of the type Void do not have an INPUT_FORMAT parameter.[m
[36m[10:47:53.473495] [D] [Not A Worker] [unnamed] [] [BufferManager.cpp:110] [initialize] NES memory allocation requires 1 out of 540577120256 (so 1.8498748143954595e-10%) available bytes[m
[36m[10:47:53.473557] [D] [Not A Worker] [unnamed] [] [BufferManager.cpp:160] [initialize] BufferManager configuration bufferSize=1 numOfBuffers=1[m
[36m[10:47:53.474013] [D] [Not A Worker] [unnamed] [] [PipeliningPhase.cpp:365] [apply] Constructed pipeline plan with 1 root pipelines.
PipelinedQueryPlan for Query: 29
Number of root pipelines: 1
------------------
Root Pipeline 0:
  Pipeline(ID(85), Provider(COMPILER))
  Operator chain:
    PhysicalOperator(NES::SourcePhysicalOperator)
  Successor Pipeline:
    Pipeline(ID(86), Provider(None))
      Operator chain:
        PhysicalOperator(NES::ScanPhysicalOperator)
          PhysicalOperator(NES::EmitPhysicalOperator)
      Successor Pipeline:
        Pipeline(ID(87), Provider(None))
          Operator chain:
            PhysicalOperator(NES::SinkPhysicalOperator)

[m
[32m[10:47:53.474318] [I] [Not A Worker] [unnamed] [] [NodeEngine.cpp:55] [registerQuery] Register 29[m
[36m[10:47:53.477416] [D] [Not A Worker] [unnamed] [] [SinkProvider.cpp:30] [lower] The sinkDescriptor is: SinkDescriptor: (name: variant("PERSON_SINK"), type: Void, Config: )[m
[36m[10:47:53.479163] [D] [SingleNodeWorker] [WorkerThread-7] [Task:29-87] [VoidSink.cpp:37] [start] Setting up void sink: VoidSink[m
[36m[10:47:53.590969] [D] [SingleNodeWorker] [WorkerThread-7] [] [SourceThread.cpp:184] [start] Starting source with originId: 2[m
[36m[10:47:53.593079] [D] [SingleNodeWorker] [WorkerThread-7] [Task:29-86] [BufferManager.cpp:65] [~BufferManager] Calling BufferManager::destroy()[m
[36m[10:47:53.593103] [D] [SingleNodeWorker] [WorkerThread-7] [Task:29-86] [BufferManager.cpp:93] [~BufferManager] Shutting down Buffer Manager completed[m
[31m[1m[10:47:53.593290] [E] [SingleNodeWorker] [WorkerThread-7] [] [Task.cpp:67] [callOnFailure] TaskCallback::callOnFailure[m
[36m[10:47:53.593343] [D] [SingleNodeWorker] [WorkerThread-7] [] [SourceThread.cpp:230] [tryStop] SourceThread 2: attempting to stop source[m
[36m[10:47:53.593357] [D] [SingleNodeWorker] [WorkerThread-7] [] [SourceThread.cpp:238] [tryStop] SourceThread 2: source was not stopped during timeout[m
[31m[1m[10:47:53.593754] [E] [SingleNodeWorker] [WorkerThread-7] [] [QueryEngine.cpp:874] [onFailure] Query Failed: cannot format malformed string value; Value '{"ID": 1000', is not a valid value of type: int.
 in Query 29.[m
[32m[10:47:53.593909] [I] [SingleNodeWorker] [WorkerThread-7] [] [SequenceShredder.cpp:55] [~SequenceShredder] Successfully validated SequenceShredder[m
[33m[1m[10:47:55.393086] [W] [Not A Worker] [unnamed] [] [SinkDescriptor.cpp:64] [getFormatType] Sinks of the type Void do not have an INPUT_FORMAT parameter.[m
[36m[10:47:55.393313] [D] [Not A Worker] [unnamed] [] [BufferManager.cpp:110] [initialize] NES memory allocation requires 1 out of 540577120256 (so 1.8498748143954595e-10%) available bytes[m
[36m[10:47:55.393386] [D] [Not A Worker] [unnamed] [] [BufferManager.cpp:160] [initialize] BufferManager configuration bufferSize=1 numOfBuffers=1[m
[36m[10:47:55.393854] [D] [Not A Worker] [unnamed] [] [PipeliningPhase.cpp:365] [apply] Constructed pipeline plan with 1 root pipelines.
PipelinedQueryPlan for Query: 30
Number of root pipelines: 1
------------------
Root Pipeline 0:
  Pipeline(ID(88), Provider(COMPILER))
  Operator chain:
    PhysicalOperator(NES::SourcePhysicalOperator)
  Successor Pipeline:
    Pipeline(ID(89), Provider(None))
      Operator chain:
        PhysicalOperator(NES::ScanPhysicalOperator)
          PhysicalOperator(NES::EmitPhysicalOperator)
      Successor Pipeline:
        Pipeline(ID(90), Provider(None))
          Operator chain:
            PhysicalOperator(NES::SinkPhysicalOperator)

[m
[32m[10:47:55.394180] [I] [Not A Worker] [unnamed] [] [NodeEngine.cpp:55] [registerQuery] Register 30[m
[36m[10:47:55.397298] [D] [Not A Worker] [unnamed] [] [SinkProvider.cpp:30] [lower] The sinkDescriptor is: SinkDescriptor: (name: variant("PERSON_SINK"), type: Void, Config: )[m
[36m[10:47:55.398139] [D] [SingleNodeWorker] [WorkerThread-0] [Task:30-90] [VoidSink.cpp:37] [start] Setting up void sink: VoidSink[m
[36m[10:47:55.510157] [D] [SingleNodeWorker] [WorkerThread-0] [] [SourceThread.cpp:184] [start] Starting source with originId: 2[m
[36m[10:47:55.512279] [D] [SingleNodeWorker] [WorkerThread-0] [Task:30-89] [BufferManager.cpp:65] [~BufferManager] Calling BufferManager::destroy()[m
[36m[10:47:55.512304] [D] [SingleNodeWorker] [WorkerThread-0] [Task:30-89] [BufferManager.cpp:93] [~BufferManager] Shutting down Buffer Manager completed[m
[31m[1m[10:47:55.512490] [E] [SingleNodeWorker] [WorkerThread-0] [] [Task.cpp:67] [callOnFailure] TaskCallback::callOnFailure[m
[36m[10:47:55.512554] [D] [SingleNodeWorker] [WorkerThread-0] [] [SourceThread.cpp:230] [tryStop] SourceThread 2: attempting to stop source[m
[36m[10:47:55.512568] [D] [SingleNodeWorker] [WorkerThread-0] [] [SourceThread.cpp:238] [tryStop] SourceThread 2: source was not stopped during timeout[m
[31m[1m[10:47:55.512888] [E] [SingleNodeWorker] [WorkerThread-0] [] [QueryEngine.cpp:874] [onFailure] Query Failed: cannot format malformed string value; Value '{"ID": 1000', is not a valid value of type: int.
 in Query 30.[m
[32m[10:47:55.513044] [I] [SingleNodeWorker] [WorkerThread-0] [] [SequenceShredder.cpp:55] [~SequenceShredder] Successfully validated SequenceShredder[m
