[32m[03:21:41.124024] [I] [Not A Worker] [unnamed] [] [SingleNodeWorker.cpp:63] [SingleNodeWorker] Starting SingleNodeWorker SingleNodeWorker with configuration:
worker.query_engine.number_of_worker_threads: 4
worker.query_engine.admission_queue_size: 1000 (default)
worker.default_query_execution.execution_mode: COMPILER (default)
worker.default_query_execution.page_size: 1024 (default)
worker.default_query_execution.number_of_partitions: 100 (default)
worker.default_query_execution.number_of_records_per_key: 10 (default)
worker.default_query_execution.max_number_of_buckets: 10000 (default)
worker.default_query_execution.operator_buffer_size: 262144
worker.default_query_optimization.join_strategy: OPTIMIZER_CHOOSES (default)
worker.number_of_buffers_in_global_buffer_manager: 32768 (default)
worker.default_max_inflight_buffers: 64 (default)
worker.dump_compilation_result: NONE (default)
worker.dump_graph: 0 (default)
grpc: [::]:8080 (default)
enable_event_trace: 0 (default)
[m
[36m[03:21:41.125592] [D] [Not A Worker] [unnamed] [] [BufferManager.cpp:110] [initialize] NES memory allocation requires 8589934592 out of 540577120256 (so 1.5890303659045137%) available bytes[m
[36m[03:21:41.215635] [D] [Not A Worker] [unnamed] [] [BufferManager.cpp:160] [initialize] BufferManager configuration bufferSize=262144 numOfBuffers=32768[m
[32m[03:21:41.222844] [I] [Not A Worker] [unnamed] [] [SingleNodeWorkerStarter.cpp:93] [main] Server listening on [::]:8080[m
[36m[03:21:43.652964] [D] [Not A Worker] [unnamed] [queryId:1319198023] [BufferManager.cpp:110] [initialize] NES memory allocation requires 1 out of 540577120256 (so 1.8498748143954595e-10%) available bytes[m
[36m[03:21:43.653019] [D] [Not A Worker] [unnamed] [queryId:1319198023] [BufferManager.cpp:160] [initialize] BufferManager configuration bufferSize=1 numOfBuffers=1[m
[36m[03:21:43.653239] [D] [Not A Worker] [unnamed] [queryId:1319198023] [PipeliningPhase.cpp:404] [apply] Constructed pipeline plan with 1 root pipelines.
PipelinedQueryPlan for Query: 1319198023
Number of root pipelines: 1
------------------
Root Pipeline 0:
  Pipeline(ID(1), Provider(COMPILER))
  Operator chain:
    PhysicalOperator(NES::SourcePhysicalOperator)
  Successor Pipeline:
    Pipeline(ID(2), Provider(None))
      Operator chain:
        PhysicalOperator(NES::ScanPhysicalOperator)
          PhysicalOperator(NES::SelectionPhysicalOperator)
            PhysicalOperator(NES::MapPhysicalOperator)
              PhysicalOperator(NES::EmitPhysicalOperator)
      Successor Pipeline:
        Pipeline(ID(3), Provider(None))
          Operator chain:
            PhysicalOperator(NES::SinkPhysicalOperator)

[m
[36m[03:21:43.657000] [D] [Not A Worker] [unnamed] [] [SinkProvider.cpp:30] [lower] The sinkDescriptor is: SinkDescriptor: (name: variant("NAME_SINK"), type: Void, Config: )[m
[36m[03:21:43.667407] [D] [SingleNodeWorker] [WorkerThread-0] [Task:1319198023-3] [VoidSink.cpp:37] [start] Setting up void sink: VoidSink[m
[36m[03:21:43.744234] [D] [SingleNodeWorker] [WorkerThread-0] [] [SourceThread.cpp:186] [start] Starting source with originId: 2[m
[36m[03:21:43.746215] [D] [SingleNodeWorker] [WorkerThread-1] [Task:1319198023-2] [BufferManager.cpp:65] [~BufferManager] Calling BufferManager::destroy()[m
[36m[03:21:43.746305] [D] [SingleNodeWorker] [WorkerThread-1] [Task:1319198023-2] [BufferManager.cpp:93] [~BufferManager] Shutting down Buffer Manager completed[m
[36m[03:21:49.076575] [D] [SingleNodeWorker] [WorkerThread-0] [Task:1319198023] [SourceThread.cpp:232] [tryStop] SourceThread 2: attempting to stop source[m
[36m[03:21:49.076648] [D] [SingleNodeWorker] [WorkerThread-0] [Task:1319198023] [SourceThread.cpp:250] [tryStop] SourceThread 2: stopped[m
[32m[03:21:49.112515] [I] [SingleNodeWorker] [WorkerThread-0] [] [SequenceShredder.cpp:55] [~SequenceShredder] Successfully validated SequenceShredder[m
[32m[03:21:49.112923] [I] [SingleNodeWorker] [WorkerThread-2] [Task:1319198023-3] [VoidSink.cpp:42] [stop] Void Sink completed.[m
[36m[03:21:49.113050] [D] [SingleNodeWorker] [WorkerThread-2] [] [SourceThread.cpp:228] [tryStop] SourceThread 2: thread is not running[m
[36m[03:21:51.352361] [D] [Not A Worker] [unnamed] [queryId:452607528] [BufferManager.cpp:110] [initialize] NES memory allocation requires 1 out of 540577120256 (so 1.8498748143954595e-10%) available bytes[m
[36m[03:21:51.352410] [D] [Not A Worker] [unnamed] [queryId:452607528] [BufferManager.cpp:160] [initialize] BufferManager configuration bufferSize=1 numOfBuffers=1[m
[36m[03:21:51.352619] [D] [Not A Worker] [unnamed] [queryId:452607528] [PipeliningPhase.cpp:404] [apply] Constructed pipeline plan with 1 root pipelines.
PipelinedQueryPlan for Query: 452607528
Number of root pipelines: 1
------------------
Root Pipeline 0:
  Pipeline(ID(4), Provider(COMPILER))
  Operator chain:
    PhysicalOperator(NES::SourcePhysicalOperator)
  Successor Pipeline:
    Pipeline(ID(5), Provider(None))
      Operator chain:
        PhysicalOperator(NES::ScanPhysicalOperator)
          PhysicalOperator(NES::SelectionPhysicalOperator)
            PhysicalOperator(NES::MapPhysicalOperator)
              PhysicalOperator(NES::EmitPhysicalOperator)
      Successor Pipeline:
        Pipeline(ID(6), Provider(None))
          Operator chain:
            PhysicalOperator(NES::SinkPhysicalOperator)

[m
[36m[03:21:51.356076] [D] [Not A Worker] [unnamed] [] [SinkProvider.cpp:30] [lower] The sinkDescriptor is: SinkDescriptor: (name: variant("NAME_SINK"), type: Void, Config: )[m
[36m[03:21:51.360872] [D] [SingleNodeWorker] [WorkerThread-2] [Task:452607528-6] [VoidSink.cpp:37] [start] Setting up void sink: VoidSink[m
[36m[03:21:51.435547] [D] [SingleNodeWorker] [WorkerThread-2] [] [SourceThread.cpp:186] [start] Starting source with originId: 2[m
[36m[03:21:51.438010] [D] [SingleNodeWorker] [WorkerThread-1] [Task:452607528-5] [BufferManager.cpp:65] [~BufferManager] Calling BufferManager::destroy()[m
[36m[03:21:51.438099] [D] [SingleNodeWorker] [WorkerThread-1] [Task:452607528-5] [BufferManager.cpp:93] [~BufferManager] Shutting down Buffer Manager completed[m
[36m[03:21:56.794832] [D] [SingleNodeWorker] [WorkerThread-2] [Task:452607528] [SourceThread.cpp:232] [tryStop] SourceThread 2: attempting to stop source[m
[36m[03:21:56.794882] [D] [SingleNodeWorker] [WorkerThread-2] [Task:452607528] [SourceThread.cpp:250] [tryStop] SourceThread 2: stopped[m
[32m[03:21:56.822468] [I] [SingleNodeWorker] [WorkerThread-0] [] [SequenceShredder.cpp:55] [~SequenceShredder] Successfully validated SequenceShredder[m
[32m[03:21:56.822587] [I] [SingleNodeWorker] [WorkerThread-1] [Task:452607528-6] [VoidSink.cpp:42] [stop] Void Sink completed.[m
[36m[03:21:56.822837] [D] [SingleNodeWorker] [WorkerThread-1] [] [SourceThread.cpp:228] [tryStop] SourceThread 2: thread is not running[m
[36m[03:21:59.094013] [D] [Not A Worker] [unnamed] [queryId:144340955] [BufferManager.cpp:110] [initialize] NES memory allocation requires 1 out of 540577120256 (so 1.8498748143954595e-10%) available bytes[m
[36m[03:21:59.094064] [D] [Not A Worker] [unnamed] [queryId:144340955] [BufferManager.cpp:160] [initialize] BufferManager configuration bufferSize=1 numOfBuffers=1[m
[36m[03:21:59.094276] [D] [Not A Worker] [unnamed] [queryId:144340955] [PipeliningPhase.cpp:404] [apply] Constructed pipeline plan with 1 root pipelines.
PipelinedQueryPlan for Query: 144340955
Number of root pipelines: 1
------------------
Root Pipeline 0:
  Pipeline(ID(7), Provider(COMPILER))
  Operator chain:
    PhysicalOperator(NES::SourcePhysicalOperator)
  Successor Pipeline:
    Pipeline(ID(8), Provider(None))
      Operator chain:
        PhysicalOperator(NES::ScanPhysicalOperator)
          PhysicalOperator(NES::SelectionPhysicalOperator)
            PhysicalOperator(NES::MapPhysicalOperator)
              PhysicalOperator(NES::EmitPhysicalOperator)
      Successor Pipeline:
        Pipeline(ID(9), Provider(None))
          Operator chain:
            PhysicalOperator(NES::SinkPhysicalOperator)

[m
[36m[03:21:59.097790] [D] [Not A Worker] [unnamed] [] [SinkProvider.cpp:30] [lower] The sinkDescriptor is: SinkDescriptor: (name: variant("NAME_SINK"), type: Void, Config: )[m
[36m[03:21:59.099896] [D] [SingleNodeWorker] [WorkerThread-0] [Task:144340955-9] [VoidSink.cpp:37] [start] Setting up void sink: VoidSink[m
[36m[03:21:59.178216] [D] [SingleNodeWorker] [WorkerThread-0] [] [SourceThread.cpp:186] [start] Starting source with originId: 2[m
[36m[03:21:59.179783] [D] [SingleNodeWorker] [WorkerThread-0] [Task:144340955-8] [BufferManager.cpp:65] [~BufferManager] Calling BufferManager::destroy()[m
[36m[03:21:59.179810] [D] [SingleNodeWorker] [WorkerThread-0] [Task:144340955-8] [BufferManager.cpp:93] [~BufferManager] Shutting down Buffer Manager completed[m
[36m[03:22:04.578671] [D] [SingleNodeWorker] [WorkerThread-2] [Task:144340955] [SourceThread.cpp:232] [tryStop] SourceThread 2: attempting to stop source[m
[36m[03:22:04.578722] [D] [SingleNodeWorker] [WorkerThread-2] [Task:144340955] [SourceThread.cpp:250] [tryStop] SourceThread 2: stopped[m
[32m[03:22:04.605244] [I] [SingleNodeWorker] [WorkerThread-0] [Task:144340955-9] [VoidSink.cpp:42] [stop] Void Sink completed.[m
[36m[03:22:04.605383] [D] [SingleNodeWorker] [WorkerThread-0] [] [SourceThread.cpp:228] [tryStop] SourceThread 2: thread is not running[m
[32m[03:22:04.605485] [I] [SingleNodeWorker] [WorkerThread-3] [] [SequenceShredder.cpp:55] [~SequenceShredder] Successfully validated SequenceShredder[m
[36m[03:22:06.842362] [D] [Not A Worker] [unnamed] [queryId:1353908907] [BufferManager.cpp:110] [initialize] NES memory allocation requires 1 out of 540577120256 (so 1.8498748143954595e-10%) available bytes[m
[36m[03:22:06.842433] [D] [Not A Worker] [unnamed] [queryId:1353908907] [BufferManager.cpp:160] [initialize] BufferManager configuration bufferSize=1 numOfBuffers=1[m
[36m[03:22:06.842622] [D] [Not A Worker] [unnamed] [queryId:1353908907] [PipeliningPhase.cpp:404] [apply] Constructed pipeline plan with 1 root pipelines.
PipelinedQueryPlan for Query: 1353908907
Number of root pipelines: 1
------------------
Root Pipeline 0:
  Pipeline(ID(10), Provider(COMPILER))
  Operator chain:
    PhysicalOperator(NES::SourcePhysicalOperator)
  Successor Pipeline:
    Pipeline(ID(11), Provider(None))
      Operator chain:
        PhysicalOperator(NES::ScanPhysicalOperator)
          PhysicalOperator(NES::SelectionPhysicalOperator)
            PhysicalOperator(NES::MapPhysicalOperator)
              PhysicalOperator(NES::EmitPhysicalOperator)
      Successor Pipeline:
        Pipeline(ID(12), Provider(None))
          Operator chain:
            PhysicalOperator(NES::SinkPhysicalOperator)

[m
[36m[03:22:06.846332] [D] [Not A Worker] [unnamed] [] [SinkProvider.cpp:30] [lower] The sinkDescriptor is: SinkDescriptor: (name: variant("NAME_SINK"), type: Void, Config: )[m
[36m[03:22:06.849389] [D] [SingleNodeWorker] [WorkerThread-1] [Task:1353908907-12] [VoidSink.cpp:37] [start] Setting up void sink: VoidSink[m
[36m[03:22:06.922218] [D] [SingleNodeWorker] [WorkerThread-1] [] [SourceThread.cpp:186] [start] Starting source with originId: 2[m
[36m[03:22:06.924434] [D] [SingleNodeWorker] [WorkerThread-1] [Task:1353908907-11] [BufferManager.cpp:65] [~BufferManager] Calling BufferManager::destroy()[m
[36m[03:22:06.924461] [D] [SingleNodeWorker] [WorkerThread-1] [Task:1353908907-11] [BufferManager.cpp:93] [~BufferManager] Shutting down Buffer Manager completed[m
[36m[03:22:12.308844] [D] [SingleNodeWorker] [WorkerThread-0] [Task:1353908907] [SourceThread.cpp:232] [tryStop] SourceThread 2: attempting to stop source[m
[36m[03:22:12.308885] [D] [SingleNodeWorker] [WorkerThread-0] [Task:1353908907] [SourceThread.cpp:250] [tryStop] SourceThread 2: stopped[m
[32m[03:22:12.335128] [I] [SingleNodeWorker] [WorkerThread-3] [] [SequenceShredder.cpp:55] [~SequenceShredder] Successfully validated SequenceShredder[m
[32m[03:22:12.344214] [I] [SingleNodeWorker] [WorkerThread-0] [Task:1353908907-12] [VoidSink.cpp:42] [stop] Void Sink completed.[m
[36m[03:22:12.344348] [D] [SingleNodeWorker] [WorkerThread-0] [] [SourceThread.cpp:228] [tryStop] SourceThread 2: thread is not running[m
[36m[03:22:14.660786] [D] [Not A Worker] [unnamed] [queryId:82293560] [BufferManager.cpp:110] [initialize] NES memory allocation requires 1 out of 540577120256 (so 1.8498748143954595e-10%) available bytes[m
[36m[03:22:14.660835] [D] [Not A Worker] [unnamed] [queryId:82293560] [BufferManager.cpp:160] [initialize] BufferManager configuration bufferSize=1 numOfBuffers=1[m
[36m[03:22:14.661034] [D] [Not A Worker] [unnamed] [queryId:82293560] [PipeliningPhase.cpp:404] [apply] Constructed pipeline plan with 1 root pipelines.
PipelinedQueryPlan for Query: 82293560
Number of root pipelines: 1
------------------
Root Pipeline 0:
  Pipeline(ID(13), Provider(COMPILER))
  Operator chain:
    PhysicalOperator(NES::SourcePhysicalOperator)
  Successor Pipeline:
    Pipeline(ID(14), Provider(None))
      Operator chain:
        PhysicalOperator(NES::ScanPhysicalOperator)
          PhysicalOperator(NES::SelectionPhysicalOperator)
            PhysicalOperator(NES::MapPhysicalOperator)
              PhysicalOperator(NES::EmitPhysicalOperator)
      Successor Pipeline:
        Pipeline(ID(15), Provider(None))
          Operator chain:
            PhysicalOperator(NES::SinkPhysicalOperator)

[m
[36m[03:22:14.664635] [D] [Not A Worker] [unnamed] [] [SinkProvider.cpp:30] [lower] The sinkDescriptor is: SinkDescriptor: (name: variant("NAME_SINK"), type: Void, Config: )[m
[36m[03:22:14.666654] [D] [SingleNodeWorker] [WorkerThread-1] [Task:82293560-15] [VoidSink.cpp:37] [start] Setting up void sink: VoidSink[m
[36m[03:22:14.738287] [D] [SingleNodeWorker] [WorkerThread-1] [] [SourceThread.cpp:186] [start] Starting source with originId: 2[m
[36m[03:22:14.740431] [D] [SingleNodeWorker] [WorkerThread-3] [Task:82293560-14] [BufferManager.cpp:65] [~BufferManager] Calling BufferManager::destroy()[m
[36m[03:22:14.740531] [D] [SingleNodeWorker] [WorkerThread-3] [Task:82293560-14] [BufferManager.cpp:93] [~BufferManager] Shutting down Buffer Manager completed[m
[36m[03:22:20.102017] [D] [SingleNodeWorker] [WorkerThread-3] [Task:82293560] [SourceThread.cpp:232] [tryStop] SourceThread 2: attempting to stop source[m
[36m[03:22:20.102078] [D] [SingleNodeWorker] [WorkerThread-3] [Task:82293560] [SourceThread.cpp:250] [tryStop] SourceThread 2: stopped[m
[32m[03:22:20.128834] [I] [SingleNodeWorker] [WorkerThread-2] [] [SequenceShredder.cpp:55] [~SequenceShredder] Successfully validated SequenceShredder[m
[32m[03:22:20.137837] [I] [SingleNodeWorker] [WorkerThread-0] [Task:82293560-15] [VoidSink.cpp:42] [stop] Void Sink completed.[m
[36m[03:22:20.138022] [D] [SingleNodeWorker] [WorkerThread-0] [] [SourceThread.cpp:228] [tryStop] SourceThread 2: thread is not running[m
[36m[03:22:22.405124] [D] [Not A Worker] [unnamed] [queryId:307318100] [BufferManager.cpp:110] [initialize] NES memory allocation requires 1 out of 540577120256 (so 1.8498748143954595e-10%) available bytes[m
[36m[03:22:22.405172] [D] [Not A Worker] [unnamed] [queryId:307318100] [BufferManager.cpp:160] [initialize] BufferManager configuration bufferSize=1 numOfBuffers=1[m
[36m[03:22:22.405413] [D] [Not A Worker] [unnamed] [queryId:307318100] [PipeliningPhase.cpp:404] [apply] Constructed pipeline plan with 1 root pipelines.
PipelinedQueryPlan for Query: 307318100
Number of root pipelines: 1
------------------
Root Pipeline 0:
  Pipeline(ID(16), Provider(COMPILER))
  Operator chain:
    PhysicalOperator(NES::SourcePhysicalOperator)
  Successor Pipeline:
    Pipeline(ID(17), Provider(None))
      Operator chain:
        PhysicalOperator(NES::ScanPhysicalOperator)
          PhysicalOperator(NES::SelectionPhysicalOperator)
            PhysicalOperator(NES::MapPhysicalOperator)
              PhysicalOperator(NES::EmitPhysicalOperator)
      Successor Pipeline:
        Pipeline(ID(18), Provider(None))
          Operator chain:
            PhysicalOperator(NES::SinkPhysicalOperator)

[m
[36m[03:22:22.408980] [D] [Not A Worker] [unnamed] [] [SinkProvider.cpp:30] [lower] The sinkDescriptor is: SinkDescriptor: (name: variant("NAME_SINK"), type: Void, Config: )[m
[36m[03:22:22.410876] [D] [SingleNodeWorker] [WorkerThread-1] [Task:307318100-18] [VoidSink.cpp:37] [start] Setting up void sink: VoidSink[m
[36m[03:22:22.486036] [D] [SingleNodeWorker] [WorkerThread-1] [] [SourceThread.cpp:186] [start] Starting source with originId: 2[m
[36m[03:22:22.488418] [D] [SingleNodeWorker] [WorkerThread-1] [Task:307318100-17] [BufferManager.cpp:65] [~BufferManager] Calling BufferManager::destroy()[m
[36m[03:22:22.488443] [D] [SingleNodeWorker] [WorkerThread-1] [Task:307318100-17] [BufferManager.cpp:93] [~BufferManager] Shutting down Buffer Manager completed[m
[36m[03:22:27.877661] [D] [SingleNodeWorker] [WorkerThread-1] [Task:307318100] [SourceThread.cpp:232] [tryStop] SourceThread 2: attempting to stop source[m
[36m[03:22:27.877720] [D] [SingleNodeWorker] [WorkerThread-1] [Task:307318100] [SourceThread.cpp:250] [tryStop] SourceThread 2: stopped[m
[32m[03:22:27.903797] [I] [SingleNodeWorker] [WorkerThread-2] [] [SequenceShredder.cpp:55] [~SequenceShredder] Successfully validated SequenceShredder[m
[32m[03:22:27.913862] [I] [SingleNodeWorker] [WorkerThread-0] [Task:307318100-18] [VoidSink.cpp:42] [stop] Void Sink completed.[m
[36m[03:22:27.914004] [D] [SingleNodeWorker] [WorkerThread-0] [] [SourceThread.cpp:228] [tryStop] SourceThread 2: thread is not running[m
[36m[03:22:30.157874] [D] [Not A Worker] [unnamed] [queryId:1715792362] [BufferManager.cpp:110] [initialize] NES memory allocation requires 1 out of 540577120256 (so 1.8498748143954595e-10%) available bytes[m
[36m[03:22:30.157937] [D] [Not A Worker] [unnamed] [queryId:1715792362] [BufferManager.cpp:160] [initialize] BufferManager configuration bufferSize=1 numOfBuffers=1[m
[36m[03:22:30.158140] [D] [Not A Worker] [unnamed] [queryId:1715792362] [PipeliningPhase.cpp:404] [apply] Constructed pipeline plan with 1 root pipelines.
PipelinedQueryPlan for Query: 1715792362
Number of root pipelines: 1
------------------
Root Pipeline 0:
  Pipeline(ID(19), Provider(COMPILER))
  Operator chain:
    PhysicalOperator(NES::SourcePhysicalOperator)
  Successor Pipeline:
    Pipeline(ID(20), Provider(None))
      Operator chain:
        PhysicalOperator(NES::ScanPhysicalOperator)
          PhysicalOperator(NES::SelectionPhysicalOperator)
            PhysicalOperator(NES::MapPhysicalOperator)
              PhysicalOperator(NES::EmitPhysicalOperator)
      Successor Pipeline:
        Pipeline(ID(21), Provider(None))
          Operator chain:
            PhysicalOperator(NES::SinkPhysicalOperator)

[m
[36m[03:22:30.162220] [D] [Not A Worker] [unnamed] [] [SinkProvider.cpp:30] [lower] The sinkDescriptor is: SinkDescriptor: (name: variant("NAME_SINK"), type: Void, Config: )[m
[36m[03:22:30.163674] [D] [SingleNodeWorker] [WorkerThread-0] [Task:1715792362-21] [VoidSink.cpp:37] [start] Setting up void sink: VoidSink[m
[36m[03:22:30.238302] [D] [SingleNodeWorker] [WorkerThread-0] [] [SourceThread.cpp:186] [start] Starting source with originId: 2[m
[36m[03:22:30.240562] [D] [SingleNodeWorker] [WorkerThread-0] [Task:1715792362-20] [BufferManager.cpp:65] [~BufferManager] Calling BufferManager::destroy()[m
[36m[03:22:30.240588] [D] [SingleNodeWorker] [WorkerThread-0] [Task:1715792362-20] [BufferManager.cpp:93] [~BufferManager] Shutting down Buffer Manager completed[m
[36m[03:22:35.606197] [D] [SingleNodeWorker] [WorkerThread-2] [Task:1715792362] [SourceThread.cpp:232] [tryStop] SourceThread 2: attempting to stop source[m
[36m[03:22:35.606246] [D] [SingleNodeWorker] [WorkerThread-2] [Task:1715792362] [SourceThread.cpp:250] [tryStop] SourceThread 2: stopped[m
[32m[03:22:35.632622] [I] [SingleNodeWorker] [WorkerThread-3] [] [SequenceShredder.cpp:55] [~SequenceShredder] Successfully validated SequenceShredder[m
[32m[03:22:35.633580] [I] [SingleNodeWorker] [WorkerThread-0] [Task:1715792362-21] [VoidSink.cpp:42] [stop] Void Sink completed.[m
[36m[03:22:35.633707] [D] [SingleNodeWorker] [WorkerThread-0] [] [SourceThread.cpp:228] [tryStop] SourceThread 2: thread is not running[m
[36m[03:22:37.960725] [D] [Not A Worker] [unnamed] [queryId:1891932295] [BufferManager.cpp:110] [initialize] NES memory allocation requires 1 out of 540577120256 (so 1.8498748143954595e-10%) available bytes[m
[36m[03:22:37.960792] [D] [Not A Worker] [unnamed] [queryId:1891932295] [BufferManager.cpp:160] [initialize] BufferManager configuration bufferSize=1 numOfBuffers=1[m
[36m[03:22:37.960983] [D] [Not A Worker] [unnamed] [queryId:1891932295] [PipeliningPhase.cpp:404] [apply] Constructed pipeline plan with 1 root pipelines.
PipelinedQueryPlan for Query: 1891932295
Number of root pipelines: 1
------------------
Root Pipeline 0:
  Pipeline(ID(22), Provider(COMPILER))
  Operator chain:
    PhysicalOperator(NES::SourcePhysicalOperator)
  Successor Pipeline:
    Pipeline(ID(23), Provider(None))
      Operator chain:
        PhysicalOperator(NES::ScanPhysicalOperator)
          PhysicalOperator(NES::SelectionPhysicalOperator)
            PhysicalOperator(NES::MapPhysicalOperator)
              PhysicalOperator(NES::EmitPhysicalOperator)
      Successor Pipeline:
        Pipeline(ID(24), Provider(None))
          Operator chain:
            PhysicalOperator(NES::SinkPhysicalOperator)

[m
[36m[03:22:37.965053] [D] [Not A Worker] [unnamed] [] [SinkProvider.cpp:30] [lower] The sinkDescriptor is: SinkDescriptor: (name: variant("NAME_SINK"), type: Void, Config: )[m
[36m[03:22:37.966046] [D] [SingleNodeWorker] [WorkerThread-1] [Task:1891932295-24] [VoidSink.cpp:37] [start] Setting up void sink: VoidSink[m
[36m[03:22:38.040823] [D] [SingleNodeWorker] [WorkerThread-1] [] [SourceThread.cpp:186] [start] Starting source with originId: 2[m
[36m[03:22:38.043030] [D] [SingleNodeWorker] [WorkerThread-1] [Task:1891932295-23] [BufferManager.cpp:65] [~BufferManager] Calling BufferManager::destroy()[m
[36m[03:22:38.043059] [D] [SingleNodeWorker] [WorkerThread-1] [Task:1891932295-23] [BufferManager.cpp:93] [~BufferManager] Shutting down Buffer Manager completed[m
[36m[03:22:43.392053] [D] [SingleNodeWorker] [WorkerThread-1] [Task:1891932295] [SourceThread.cpp:232] [tryStop] SourceThread 2: attempting to stop source[m
[36m[03:22:43.392103] [D] [SingleNodeWorker] [WorkerThread-1] [Task:1891932295] [SourceThread.cpp:250] [tryStop] SourceThread 2: stopped[m
[32m[03:22:43.419026] [I] [SingleNodeWorker] [WorkerThread-3] [] [SequenceShredder.cpp:55] [~SequenceShredder] Successfully validated SequenceShredder[m
[32m[03:22:43.427723] [I] [SingleNodeWorker] [WorkerThread-0] [Task:1891932295-24] [VoidSink.cpp:42] [stop] Void Sink completed.[m
[36m[03:22:43.427847] [D] [SingleNodeWorker] [WorkerThread-0] [] [SourceThread.cpp:228] [tryStop] SourceThread 2: thread is not running[m
[36m[03:22:45.744986] [D] [Not A Worker] [unnamed] [queryId:27782666] [BufferManager.cpp:110] [initialize] NES memory allocation requires 1 out of 540577120256 (so 1.8498748143954595e-10%) available bytes[m
[36m[03:22:45.745034] [D] [Not A Worker] [unnamed] [queryId:27782666] [BufferManager.cpp:160] [initialize] BufferManager configuration bufferSize=1 numOfBuffers=1[m
[36m[03:22:45.745219] [D] [Not A Worker] [unnamed] [queryId:27782666] [PipeliningPhase.cpp:404] [apply] Constructed pipeline plan with 1 root pipelines.
PipelinedQueryPlan for Query: 27782666
Number of root pipelines: 1
------------------
Root Pipeline 0:
  Pipeline(ID(25), Provider(COMPILER))
  Operator chain:
    PhysicalOperator(NES::SourcePhysicalOperator)
  Successor Pipeline:
    Pipeline(ID(26), Provider(None))
      Operator chain:
        PhysicalOperator(NES::ScanPhysicalOperator)
          PhysicalOperator(NES::SelectionPhysicalOperator)
            PhysicalOperator(NES::MapPhysicalOperator)
              PhysicalOperator(NES::EmitPhysicalOperator)
      Successor Pipeline:
        Pipeline(ID(27), Provider(None))
          Operator chain:
            PhysicalOperator(NES::SinkPhysicalOperator)

[m
[36m[03:22:45.748811] [D] [Not A Worker] [unnamed] [] [SinkProvider.cpp:30] [lower] The sinkDescriptor is: SinkDescriptor: (name: variant("NAME_SINK"), type: Void, Config: )[m
[36m[03:22:45.749712] [D] [SingleNodeWorker] [WorkerThread-3] [Task:27782666-27] [VoidSink.cpp:37] [start] Setting up void sink: VoidSink[m
[36m[03:22:45.823765] [D] [SingleNodeWorker] [WorkerThread-3] [] [SourceThread.cpp:186] [start] Starting source with originId: 2[m
[36m[03:22:45.825344] [D] [SingleNodeWorker] [WorkerThread-3] [Task:27782666-26] [BufferManager.cpp:65] [~BufferManager] Calling BufferManager::destroy()[m
[36m[03:22:45.825369] [D] [SingleNodeWorker] [WorkerThread-3] [Task:27782666-26] [BufferManager.cpp:93] [~BufferManager] Shutting down Buffer Manager completed[m
[36m[03:22:51.115319] [D] [SingleNodeWorker] [WorkerThread-0] [Task:27782666] [SourceThread.cpp:232] [tryStop] SourceThread 2: attempting to stop source[m
[36m[03:22:51.115367] [D] [SingleNodeWorker] [WorkerThread-0] [Task:27782666] [SourceThread.cpp:250] [tryStop] SourceThread 2: stopped[m
[32m[03:22:51.142488] [I] [SingleNodeWorker] [WorkerThread-1] [Task:27782666-27] [VoidSink.cpp:42] [stop] Void Sink completed.[m
[32m[03:22:51.142595] [I] [SingleNodeWorker] [WorkerThread-2] [] [SequenceShredder.cpp:55] [~SequenceShredder] Successfully validated SequenceShredder[m
[36m[03:22:51.142633] [D] [SingleNodeWorker] [WorkerThread-1] [] [SourceThread.cpp:228] [tryStop] SourceThread 2: thread is not running[m
[36m[03:22:53.526003] [D] [Not A Worker] [unnamed] [queryId:1832662177] [BufferManager.cpp:110] [initialize] NES memory allocation requires 1 out of 540577120256 (so 1.8498748143954595e-10%) available bytes[m
[36m[03:22:53.526051] [D] [Not A Worker] [unnamed] [queryId:1832662177] [BufferManager.cpp:160] [initialize] BufferManager configuration bufferSize=1 numOfBuffers=1[m
[36m[03:22:53.526246] [D] [Not A Worker] [unnamed] [queryId:1832662177] [PipeliningPhase.cpp:404] [apply] Constructed pipeline plan with 1 root pipelines.
PipelinedQueryPlan for Query: 1832662177
Number of root pipelines: 1
------------------
Root Pipeline 0:
  Pipeline(ID(28), Provider(COMPILER))
  Operator chain:
    PhysicalOperator(NES::SourcePhysicalOperator)
  Successor Pipeline:
    Pipeline(ID(29), Provider(None))
      Operator chain:
        PhysicalOperator(NES::ScanPhysicalOperator)
          PhysicalOperator(NES::SelectionPhysicalOperator)
            PhysicalOperator(NES::MapPhysicalOperator)
              PhysicalOperator(NES::EmitPhysicalOperator)
      Successor Pipeline:
        Pipeline(ID(30), Provider(None))
          Operator chain:
            PhysicalOperator(NES::SinkPhysicalOperator)

[m
[36m[03:22:53.529837] [D] [Not A Worker] [unnamed] [] [SinkProvider.cpp:30] [lower] The sinkDescriptor is: SinkDescriptor: (name: variant("NAME_SINK"), type: Void, Config: )[m
[36m[03:22:53.530818] [D] [SingleNodeWorker] [WorkerThread-0] [Task:1832662177-30] [VoidSink.cpp:37] [start] Setting up void sink: VoidSink[m
[36m[03:22:53.607920] [D] [SingleNodeWorker] [WorkerThread-0] [] [SourceThread.cpp:186] [start] Starting source with originId: 2[m
[36m[03:22:53.609700] [D] [SingleNodeWorker] [WorkerThread-0] [Task:1832662177-29] [BufferManager.cpp:65] [~BufferManager] Calling BufferManager::destroy()[m
[36m[03:22:53.609726] [D] [SingleNodeWorker] [WorkerThread-0] [Task:1832662177-29] [BufferManager.cpp:93] [~BufferManager] Shutting down Buffer Manager completed[m
[36m[03:22:58.916105] [D] [SingleNodeWorker] [WorkerThread-1] [Task:1832662177] [SourceThread.cpp:232] [tryStop] SourceThread 2: attempting to stop source[m
[36m[03:22:58.916160] [D] [SingleNodeWorker] [WorkerThread-1] [Task:1832662177] [SourceThread.cpp:250] [tryStop] SourceThread 2: stopped[m
[32m[03:22:58.943226] [I] [SingleNodeWorker] [WorkerThread-0] [] [SequenceShredder.cpp:55] [~SequenceShredder] Successfully validated SequenceShredder[m
[32m[03:22:58.944234] [I] [SingleNodeWorker] [WorkerThread-3] [Task:1832662177-30] [VoidSink.cpp:42] [stop] Void Sink completed.[m
[36m[03:22:58.944362] [D] [SingleNodeWorker] [WorkerThread-3] [] [SourceThread.cpp:228] [tryStop] SourceThread 2: thread is not running[m
[36m[03:23:01.413004] [D] [Not A Worker] [unnamed] [queryId:245086564] [BufferManager.cpp:110] [initialize] NES memory allocation requires 1 out of 540577120256 (so 1.8498748143954595e-10%) available bytes[m
[36m[03:23:01.413054] [D] [Not A Worker] [unnamed] [queryId:245086564] [BufferManager.cpp:160] [initialize] BufferManager configuration bufferSize=1 numOfBuffers=1[m
[36m[03:23:01.413234] [D] [Not A Worker] [unnamed] [queryId:245086564] [PipeliningPhase.cpp:404] [apply] Constructed pipeline plan with 1 root pipelines.
PipelinedQueryPlan for Query: 245086564
Number of root pipelines: 1
------------------
Root Pipeline 0:
  Pipeline(ID(31), Provider(COMPILER))
  Operator chain:
    PhysicalOperator(NES::SourcePhysicalOperator)
  Successor Pipeline:
    Pipeline(ID(32), Provider(None))
      Operator chain:
        PhysicalOperator(NES::ScanPhysicalOperator)
          PhysicalOperator(NES::SelectionPhysicalOperator)
            PhysicalOperator(NES::EmitPhysicalOperator)
      Successor Pipeline:
        Pipeline(ID(33), Provider(None))
          Operator chain:
            PhysicalOperator(NES::SinkPhysicalOperator)

[m
[36m[03:23:01.416783] [D] [Not A Worker] [unnamed] [] [SinkProvider.cpp:30] [lower] The sinkDescriptor is: SinkDescriptor: (name: variant("PERSON_SINK"), type: Void, Config: )[m
[36m[03:23:01.428111] [D] [SingleNodeWorker] [WorkerThread-3] [Task:245086564-33] [VoidSink.cpp:37] [start] Setting up void sink: VoidSink[m
[36m[03:23:01.513801] [D] [SingleNodeWorker] [WorkerThread-3] [] [SourceThread.cpp:186] [start] Starting source with originId: 2[m
[36m[03:23:01.515965] [D] [SingleNodeWorker] [WorkerThread-3] [Task:245086564-32] [BufferManager.cpp:65] [~BufferManager] Calling BufferManager::destroy()[m
[36m[03:23:01.515992] [D] [SingleNodeWorker] [WorkerThread-3] [Task:245086564-32] [BufferManager.cpp:93] [~BufferManager] Shutting down Buffer Manager completed[m
[36m[03:23:07.069710] [D] [SingleNodeWorker] [WorkerThread-1] [Task:245086564] [SourceThread.cpp:232] [tryStop] SourceThread 2: attempting to stop source[m
[36m[03:23:07.069763] [D] [SingleNodeWorker] [WorkerThread-1] [Task:245086564] [SourceThread.cpp:250] [tryStop] SourceThread 2: stopped[m
[32m[03:23:07.096761] [I] [SingleNodeWorker] [WorkerThread-3] [Task:245086564-33] [VoidSink.cpp:42] [stop] Void Sink completed.[m
[32m[03:23:07.096815] [I] [SingleNodeWorker] [WorkerThread-2] [] [SequenceShredder.cpp:55] [~SequenceShredder] Successfully validated SequenceShredder[m
[36m[03:23:07.096900] [D] [SingleNodeWorker] [WorkerThread-3] [] [SourceThread.cpp:228] [tryStop] SourceThread 2: thread is not running[m
[36m[03:23:09.136297] [D] [Not A Worker] [unnamed] [queryId:1718808623] [BufferManager.cpp:110] [initialize] NES memory allocation requires 1 out of 540577120256 (so 1.8498748143954595e-10%) available bytes[m
[36m[03:23:09.136348] [D] [Not A Worker] [unnamed] [queryId:1718808623] [BufferManager.cpp:160] [initialize] BufferManager configuration bufferSize=1 numOfBuffers=1[m
[36m[03:23:09.136549] [D] [Not A Worker] [unnamed] [queryId:1718808623] [PipeliningPhase.cpp:404] [apply] Constructed pipeline plan with 1 root pipelines.
PipelinedQueryPlan for Query: 1718808623
Number of root pipelines: 1
------------------
Root Pipeline 0:
  Pipeline(ID(34), Provider(COMPILER))
  Operator chain:
    PhysicalOperator(NES::SourcePhysicalOperator)
  Successor Pipeline:
    Pipeline(ID(35), Provider(None))
      Operator chain:
        PhysicalOperator(NES::ScanPhysicalOperator)
          PhysicalOperator(NES::SelectionPhysicalOperator)
            PhysicalOperator(NES::EmitPhysicalOperator)
      Successor Pipeline:
        Pipeline(ID(36), Provider(None))
          Operator chain:
            PhysicalOperator(NES::SinkPhysicalOperator)

[m
[36m[03:23:09.139997] [D] [Not A Worker] [unnamed] [] [SinkProvider.cpp:30] [lower] The sinkDescriptor is: SinkDescriptor: (name: variant("PERSON_SINK"), type: Void, Config: )[m
[36m[03:23:09.145050] [D] [SingleNodeWorker] [WorkerThread-1] [Task:1718808623-36] [VoidSink.cpp:37] [start] Setting up void sink: VoidSink[m
[36m[03:23:09.232140] [D] [SingleNodeWorker] [WorkerThread-1] [] [SourceThread.cpp:186] [start] Starting source with originId: 2[m
[36m[03:23:09.234156] [D] [SingleNodeWorker] [WorkerThread-2] [Task:1718808623-35] [BufferManager.cpp:65] [~BufferManager] Calling BufferManager::destroy()[m
[36m[03:23:09.234237] [D] [SingleNodeWorker] [WorkerThread-2] [Task:1718808623-35] [BufferManager.cpp:93] [~BufferManager] Shutting down Buffer Manager completed[m
[36m[03:23:14.792039] [D] [SingleNodeWorker] [WorkerThread-1] [Task:1718808623] [SourceThread.cpp:232] [tryStop] SourceThread 2: attempting to stop source[m
[36m[03:23:14.792097] [D] [SingleNodeWorker] [WorkerThread-1] [Task:1718808623] [SourceThread.cpp:250] [tryStop] SourceThread 2: stopped[m
[32m[03:23:14.818384] [I] [SingleNodeWorker] [WorkerThread-0] [] [SequenceShredder.cpp:55] [~SequenceShredder] Successfully validated SequenceShredder[m
[32m[03:23:14.820363] [I] [SingleNodeWorker] [WorkerThread-3] [Task:1718808623-36] [VoidSink.cpp:42] [stop] Void Sink completed.[m
[36m[03:23:14.820498] [D] [SingleNodeWorker] [WorkerThread-3] [] [SourceThread.cpp:228] [tryStop] SourceThread 2: thread is not running[m
[36m[03:23:16.990180] [D] [Not A Worker] [unnamed] [queryId:912751361] [BufferManager.cpp:110] [initialize] NES memory allocation requires 1 out of 540577120256 (so 1.8498748143954595e-10%) available bytes[m
[36m[03:23:16.990238] [D] [Not A Worker] [unnamed] [queryId:912751361] [BufferManager.cpp:160] [initialize] BufferManager configuration bufferSize=1 numOfBuffers=1[m
[36m[03:23:16.990431] [D] [Not A Worker] [unnamed] [queryId:912751361] [PipeliningPhase.cpp:404] [apply] Constructed pipeline plan with 1 root pipelines.
PipelinedQueryPlan for Query: 912751361
Number of root pipelines: 1
------------------
Root Pipeline 0:
  Pipeline(ID(37), Provider(COMPILER))
  Operator chain:
    PhysicalOperator(NES::SourcePhysicalOperator)
  Successor Pipeline:
    Pipeline(ID(38), Provider(None))
      Operator chain:
        PhysicalOperator(NES::ScanPhysicalOperator)
          PhysicalOperator(NES::SelectionPhysicalOperator)
            PhysicalOperator(NES::EmitPhysicalOperator)
      Successor Pipeline:
        Pipeline(ID(39), Provider(None))
          Operator chain:
            PhysicalOperator(NES::SinkPhysicalOperator)

[m
[36m[03:23:16.994330] [D] [Not A Worker] [unnamed] [] [SinkProvider.cpp:30] [lower] The sinkDescriptor is: SinkDescriptor: (name: variant("PERSON_SINK"), type: Void, Config: )[m
[36m[03:23:16.995170] [D] [SingleNodeWorker] [WorkerThread-2] [Task:912751361-39] [VoidSink.cpp:37] [start] Setting up void sink: VoidSink[m
[36m[03:23:17.089156] [D] [SingleNodeWorker] [WorkerThread-2] [] [SourceThread.cpp:186] [start] Starting source with originId: 2[m
[36m[03:23:17.091007] [D] [SingleNodeWorker] [WorkerThread-3] [Task:912751361-38] [BufferManager.cpp:65] [~BufferManager] Calling BufferManager::destroy()[m
[36m[03:23:17.091092] [D] [SingleNodeWorker] [WorkerThread-3] [Task:912751361-38] [BufferManager.cpp:93] [~BufferManager] Shutting down Buffer Manager completed[m
[36m[03:23:22.628661] [D] [SingleNodeWorker] [WorkerThread-1] [Task:912751361] [SourceThread.cpp:232] [tryStop] SourceThread 2: attempting to stop source[m
[36m[03:23:22.628713] [D] [SingleNodeWorker] [WorkerThread-1] [Task:912751361] [SourceThread.cpp:250] [tryStop] SourceThread 2: stopped[m
[32m[03:23:22.655143] [I] [SingleNodeWorker] [WorkerThread-2] [] [SequenceShredder.cpp:55] [~SequenceShredder] Successfully validated SequenceShredder[m
[32m[03:23:22.664497] [I] [SingleNodeWorker] [WorkerThread-1] [Task:912751361-39] [VoidSink.cpp:42] [stop] Void Sink completed.[m
[36m[03:23:22.664618] [D] [SingleNodeWorker] [WorkerThread-1] [] [SourceThread.cpp:228] [tryStop] SourceThread 2: thread is not running[m
[36m[03:23:24.717145] [D] [Not A Worker] [unnamed] [queryId:622708386] [BufferManager.cpp:110] [initialize] NES memory allocation requires 1 out of 540577120256 (so 1.8498748143954595e-10%) available bytes[m
[36m[03:23:24.717211] [D] [Not A Worker] [unnamed] [queryId:622708386] [BufferManager.cpp:160] [initialize] BufferManager configuration bufferSize=1 numOfBuffers=1[m
[36m[03:23:24.717395] [D] [Not A Worker] [unnamed] [queryId:622708386] [PipeliningPhase.cpp:404] [apply] Constructed pipeline plan with 1 root pipelines.
PipelinedQueryPlan for Query: 622708386
Number of root pipelines: 1
------------------
Root Pipeline 0:
  Pipeline(ID(40), Provider(COMPILER))
  Operator chain:
    PhysicalOperator(NES::SourcePhysicalOperator)
  Successor Pipeline:
    Pipeline(ID(41), Provider(None))
      Operator chain:
        PhysicalOperator(NES::ScanPhysicalOperator)
          PhysicalOperator(NES::SelectionPhysicalOperator)
            PhysicalOperator(NES::EmitPhysicalOperator)
      Successor Pipeline:
        Pipeline(ID(42), Provider(None))
          Operator chain:
            PhysicalOperator(NES::SinkPhysicalOperator)

[m
[36m[03:23:24.721648] [D] [Not A Worker] [unnamed] [] [SinkProvider.cpp:30] [lower] The sinkDescriptor is: SinkDescriptor: (name: variant("PERSON_SINK"), type: Void, Config: )[m
[36m[03:23:24.722422] [D] [SingleNodeWorker] [WorkerThread-0] [Task:622708386-42] [VoidSink.cpp:37] [start] Setting up void sink: VoidSink[m
[36m[03:23:24.815999] [D] [SingleNodeWorker] [WorkerThread-0] [] [SourceThread.cpp:186] [start] Starting source with originId: 2[m
[36m[03:23:24.817519] [D] [SingleNodeWorker] [WorkerThread-0] [Task:622708386-41] [BufferManager.cpp:65] [~BufferManager] Calling BufferManager::destroy()[m
[36m[03:23:24.817545] [D] [SingleNodeWorker] [WorkerThread-0] [Task:622708386-41] [BufferManager.cpp:93] [~BufferManager] Shutting down Buffer Manager completed[m
[36m[03:23:30.398886] [D] [SingleNodeWorker] [WorkerThread-0] [Task:622708386] [SourceThread.cpp:232] [tryStop] SourceThread 2: attempting to stop source[m
[36m[03:23:30.398951] [D] [SingleNodeWorker] [WorkerThread-0] [Task:622708386] [SourceThread.cpp:250] [tryStop] SourceThread 2: stopped[m
[32m[03:23:30.426074] [I] [SingleNodeWorker] [WorkerThread-1] [] [SequenceShredder.cpp:55] [~SequenceShredder] Successfully validated SequenceShredder[m
[32m[03:23:30.426469] [I] [SingleNodeWorker] [WorkerThread-2] [Task:622708386-42] [VoidSink.cpp:42] [stop] Void Sink completed.[m
[36m[03:23:30.426602] [D] [SingleNodeWorker] [WorkerThread-2] [] [SourceThread.cpp:228] [tryStop] SourceThread 2: thread is not running[m
[36m[03:23:32.562966] [D] [Not A Worker] [unnamed] [queryId:1449499140] [BufferManager.cpp:110] [initialize] NES memory allocation requires 1 out of 540577120256 (so 1.8498748143954595e-10%) available bytes[m
[36m[03:23:32.563029] [D] [Not A Worker] [unnamed] [queryId:1449499140] [BufferManager.cpp:160] [initialize] BufferManager configuration bufferSize=1 numOfBuffers=1[m
[36m[03:23:32.563203] [D] [Not A Worker] [unnamed] [queryId:1449499140] [PipeliningPhase.cpp:404] [apply] Constructed pipeline plan with 1 root pipelines.
PipelinedQueryPlan for Query: 1449499140
Number of root pipelines: 1
------------------
Root Pipeline 0:
  Pipeline(ID(43), Provider(COMPILER))
  Operator chain:
    PhysicalOperator(NES::SourcePhysicalOperator)
  Successor Pipeline:
    Pipeline(ID(44), Provider(None))
      Operator chain:
        PhysicalOperator(NES::ScanPhysicalOperator)
          PhysicalOperator(NES::SelectionPhysicalOperator)
            PhysicalOperator(NES::EmitPhysicalOperator)
      Successor Pipeline:
        Pipeline(ID(45), Provider(None))
          Operator chain:
            PhysicalOperator(NES::SinkPhysicalOperator)

[m
[36m[03:23:32.566764] [D] [Not A Worker] [unnamed] [] [SinkProvider.cpp:30] [lower] The sinkDescriptor is: SinkDescriptor: (name: variant("PERSON_SINK"), type: Void, Config: )[m
[36m[03:23:32.568785] [D] [SingleNodeWorker] [WorkerThread-1] [Task:1449499140-45] [VoidSink.cpp:37] [start] Setting up void sink: VoidSink[m
[36m[03:23:32.656316] [D] [SingleNodeWorker] [WorkerThread-1] [] [SourceThread.cpp:186] [start] Starting source with originId: 2[m
[36m[03:23:32.657819] [D] [SingleNodeWorker] [WorkerThread-1] [Task:1449499140-44] [BufferManager.cpp:65] [~BufferManager] Calling BufferManager::destroy()[m
[36m[03:23:32.657843] [D] [SingleNodeWorker] [WorkerThread-1] [Task:1449499140-44] [BufferManager.cpp:93] [~BufferManager] Shutting down Buffer Manager completed[m
[36m[03:23:38.199069] [D] [SingleNodeWorker] [WorkerThread-1] [Task:1449499140] [SourceThread.cpp:232] [tryStop] SourceThread 2: attempting to stop source[m
[36m[03:23:38.199120] [D] [SingleNodeWorker] [WorkerThread-1] [Task:1449499140] [SourceThread.cpp:250] [tryStop] SourceThread 2: stopped[m
[32m[03:23:38.225639] [I] [SingleNodeWorker] [WorkerThread-3] [] [SequenceShredder.cpp:55] [~SequenceShredder] Successfully validated SequenceShredder[m
[32m[03:23:38.234510] [I] [SingleNodeWorker] [WorkerThread-1] [Task:1449499140-45] [VoidSink.cpp:42] [stop] Void Sink completed.[m
[36m[03:23:38.234633] [D] [SingleNodeWorker] [WorkerThread-1] [] [SourceThread.cpp:228] [tryStop] SourceThread 2: thread is not running[m
[36m[03:23:40.353336] [D] [Not A Worker] [unnamed] [queryId:1724439828] [BufferManager.cpp:110] [initialize] NES memory allocation requires 1 out of 540577120256 (so 1.8498748143954595e-10%) available bytes[m
[36m[03:23:40.353396] [D] [Not A Worker] [unnamed] [queryId:1724439828] [BufferManager.cpp:160] [initialize] BufferManager configuration bufferSize=1 numOfBuffers=1[m
[36m[03:23:40.353562] [D] [Not A Worker] [unnamed] [queryId:1724439828] [PipeliningPhase.cpp:404] [apply] Constructed pipeline plan with 1 root pipelines.
PipelinedQueryPlan for Query: 1724439828
Number of root pipelines: 1
------------------
Root Pipeline 0:
  Pipeline(ID(46), Provider(COMPILER))
  Operator chain:
    PhysicalOperator(NES::SourcePhysicalOperator)
  Successor Pipeline:
    Pipeline(ID(47), Provider(None))
      Operator chain:
        PhysicalOperator(NES::ScanPhysicalOperator)
          PhysicalOperator(NES::SelectionPhysicalOperator)
            PhysicalOperator(NES::EmitPhysicalOperator)
      Successor Pipeline:
        Pipeline(ID(48), Provider(None))
          Operator chain:
            PhysicalOperator(NES::SinkPhysicalOperator)

[m
[36m[03:23:40.357568] [D] [Not A Worker] [unnamed] [] [SinkProvider.cpp:30] [lower] The sinkDescriptor is: SinkDescriptor: (name: variant("PERSON_SINK"), type: Void, Config: )[m
[36m[03:23:40.359333] [D] [SingleNodeWorker] [WorkerThread-3] [Task:1724439828-48] [VoidSink.cpp:37] [start] Setting up void sink: VoidSink[m
[36m[03:23:40.455985] [D] [SingleNodeWorker] [WorkerThread-3] [] [SourceThread.cpp:186] [start] Starting source with originId: 2[m
[36m[03:23:40.457064] [D] [SingleNodeWorker] [WorkerThread-3] [Task:1724439828-47] [BufferManager.cpp:65] [~BufferManager] Calling BufferManager::destroy()[m
[36m[03:23:40.457089] [D] [SingleNodeWorker] [WorkerThread-3] [Task:1724439828-47] [BufferManager.cpp:93] [~BufferManager] Shutting down Buffer Manager completed[m
[36m[03:23:45.976294] [D] [SingleNodeWorker] [WorkerThread-0] [Task:1724439828] [SourceThread.cpp:232] [tryStop] SourceThread 2: attempting to stop source[m
[36m[03:23:45.976337] [D] [SingleNodeWorker] [WorkerThread-0] [Task:1724439828] [SourceThread.cpp:250] [tryStop] SourceThread 2: stopped[m
[32m[03:23:46.003617] [I] [SingleNodeWorker] [WorkerThread-3] [] [SequenceShredder.cpp:55] [~SequenceShredder] Successfully validated SequenceShredder[m
[32m[03:23:46.011724] [I] [SingleNodeWorker] [WorkerThread-0] [Task:1724439828-48] [VoidSink.cpp:42] [stop] Void Sink completed.[m
[36m[03:23:46.011844] [D] [SingleNodeWorker] [WorkerThread-0] [] [SourceThread.cpp:228] [tryStop] SourceThread 2: thread is not running[m
[36m[03:23:48.156327] [D] [Not A Worker] [unnamed] [queryId:1000845660] [BufferManager.cpp:110] [initialize] NES memory allocation requires 1 out of 540577120256 (so 1.8498748143954595e-10%) available bytes[m
[36m[03:23:48.156394] [D] [Not A Worker] [unnamed] [queryId:1000845660] [BufferManager.cpp:160] [initialize] BufferManager configuration bufferSize=1 numOfBuffers=1[m
[36m[03:23:48.156572] [D] [Not A Worker] [unnamed] [queryId:1000845660] [PipeliningPhase.cpp:404] [apply] Constructed pipeline plan with 1 root pipelines.
PipelinedQueryPlan for Query: 1000845660
Number of root pipelines: 1
------------------
Root Pipeline 0:
  Pipeline(ID(49), Provider(COMPILER))
  Operator chain:
    PhysicalOperator(NES::SourcePhysicalOperator)
  Successor Pipeline:
    Pipeline(ID(50), Provider(None))
      Operator chain:
        PhysicalOperator(NES::ScanPhysicalOperator)
          PhysicalOperator(NES::SelectionPhysicalOperator)
            PhysicalOperator(NES::EmitPhysicalOperator)
      Successor Pipeline:
        Pipeline(ID(51), Provider(None))
          Operator chain:
            PhysicalOperator(NES::SinkPhysicalOperator)

[m
[36m[03:23:48.160640] [D] [Not A Worker] [unnamed] [] [SinkProvider.cpp:30] [lower] The sinkDescriptor is: SinkDescriptor: (name: variant("PERSON_SINK"), type: Void, Config: )[m
[36m[03:23:48.171432] [D] [SingleNodeWorker] [WorkerThread-0] [Task:1000845660-51] [VoidSink.cpp:37] [start] Setting up void sink: VoidSink[m
[36m[03:23:48.261264] [D] [SingleNodeWorker] [WorkerThread-0] [] [SourceThread.cpp:186] [start] Starting source with originId: 2[m
[36m[03:23:48.262774] [D] [SingleNodeWorker] [WorkerThread-0] [Task:1000845660-50] [BufferManager.cpp:65] [~BufferManager] Calling BufferManager::destroy()[m
[36m[03:23:48.262800] [D] [SingleNodeWorker] [WorkerThread-0] [Task:1000845660-50] [BufferManager.cpp:93] [~BufferManager] Shutting down Buffer Manager completed[m
[36m[03:23:53.856471] [D] [SingleNodeWorker] [WorkerThread-2] [Task:1000845660] [SourceThread.cpp:232] [tryStop] SourceThread 2: attempting to stop source[m
[36m[03:23:53.856524] [D] [SingleNodeWorker] [WorkerThread-2] [Task:1000845660] [SourceThread.cpp:250] [tryStop] SourceThread 2: stopped[m
[32m[03:23:53.884032] [I] [SingleNodeWorker] [WorkerThread-3] [] [SequenceShredder.cpp:55] [~SequenceShredder] Successfully validated SequenceShredder[m
[32m[03:23:53.892412] [I] [SingleNodeWorker] [WorkerThread-2] [Task:1000845660-51] [VoidSink.cpp:42] [stop] Void Sink completed.[m
[36m[03:23:53.892537] [D] [SingleNodeWorker] [WorkerThread-2] [] [SourceThread.cpp:228] [tryStop] SourceThread 2: thread is not running[m
[36m[03:23:55.866690] [D] [Not A Worker] [unnamed] [queryId:35579559] [BufferManager.cpp:110] [initialize] NES memory allocation requires 1 out of 540577120256 (so 1.8498748143954595e-10%) available bytes[m
[36m[03:23:55.866755] [D] [Not A Worker] [unnamed] [queryId:35579559] [BufferManager.cpp:160] [initialize] BufferManager configuration bufferSize=1 numOfBuffers=1[m
[36m[03:23:55.866968] [D] [Not A Worker] [unnamed] [queryId:35579559] [PipeliningPhase.cpp:404] [apply] Constructed pipeline plan with 1 root pipelines.
PipelinedQueryPlan for Query: 35579559
Number of root pipelines: 1
------------------
Root Pipeline 0:
  Pipeline(ID(52), Provider(COMPILER))
  Operator chain:
    PhysicalOperator(NES::SourcePhysicalOperator)
  Successor Pipeline:
    Pipeline(ID(53), Provider(None))
      Operator chain:
        PhysicalOperator(NES::ScanPhysicalOperator)
          PhysicalOperator(NES::SelectionPhysicalOperator)
            PhysicalOperator(NES::EmitPhysicalOperator)
      Successor Pipeline:
        Pipeline(ID(54), Provider(None))
          Operator chain:
            PhysicalOperator(NES::SinkPhysicalOperator)

[m
[36m[03:23:55.871042] [D] [Not A Worker] [unnamed] [] [SinkProvider.cpp:30] [lower] The sinkDescriptor is: SinkDescriptor: (name: variant("PERSON_SINK"), type: Void, Config: )[m
[36m[03:23:55.877495] [D] [SingleNodeWorker] [WorkerThread-1] [Task:35579559-54] [VoidSink.cpp:37] [start] Setting up void sink: VoidSink[m
[36m[03:23:55.967181] [D] [SingleNodeWorker] [WorkerThread-2] [] [SourceThread.cpp:186] [start] Starting source with originId: 2[m
[36m[03:23:55.968691] [D] [SingleNodeWorker] [WorkerThread-2] [Task:35579559-53] [BufferManager.cpp:65] [~BufferManager] Calling BufferManager::destroy()[m
[36m[03:23:55.968717] [D] [SingleNodeWorker] [WorkerThread-2] [Task:35579559-53] [BufferManager.cpp:93] [~BufferManager] Shutting down Buffer Manager completed[m
[36m[03:24:01.507675] [D] [SingleNodeWorker] [WorkerThread-1] [Task:35579559] [SourceThread.cpp:232] [tryStop] SourceThread 2: attempting to stop source[m
[36m[03:24:01.507725] [D] [SingleNodeWorker] [WorkerThread-1] [Task:35579559] [SourceThread.cpp:250] [tryStop] SourceThread 2: stopped[m
[32m[03:24:01.534776] [I] [SingleNodeWorker] [WorkerThread-0] [] [SequenceShredder.cpp:55] [~SequenceShredder] Successfully validated SequenceShredder[m
[32m[03:24:01.535364] [I] [SingleNodeWorker] [WorkerThread-3] [Task:35579559-54] [VoidSink.cpp:42] [stop] Void Sink completed.[m
[36m[03:24:01.535495] [D] [SingleNodeWorker] [WorkerThread-3] [] [SourceThread.cpp:228] [tryStop] SourceThread 2: thread is not running[m
[36m[03:24:03.791870] [D] [Not A Worker] [unnamed] [queryId:638486771] [BufferManager.cpp:110] [initialize] NES memory allocation requires 1 out of 540577120256 (so 1.8498748143954595e-10%) available bytes[m
[36m[03:24:03.791940] [D] [Not A Worker] [unnamed] [queryId:638486771] [BufferManager.cpp:160] [initialize] BufferManager configuration bufferSize=1 numOfBuffers=1[m
[36m[03:24:03.792140] [D] [Not A Worker] [unnamed] [queryId:638486771] [PipeliningPhase.cpp:404] [apply] Constructed pipeline plan with 1 root pipelines.
PipelinedQueryPlan for Query: 638486771
Number of root pipelines: 1
------------------
Root Pipeline 0:
  Pipeline(ID(55), Provider(COMPILER))
  Operator chain:
    PhysicalOperator(NES::SourcePhysicalOperator)
  Successor Pipeline:
    Pipeline(ID(56), Provider(None))
      Operator chain:
        PhysicalOperator(NES::ScanPhysicalOperator)
          PhysicalOperator(NES::SelectionPhysicalOperator)
            PhysicalOperator(NES::EmitPhysicalOperator)
      Successor Pipeline:
        Pipeline(ID(57), Provider(None))
          Operator chain:
            PhysicalOperator(NES::SinkPhysicalOperator)

[m
[36m[03:24:03.796296] [D] [Not A Worker] [unnamed] [] [SinkProvider.cpp:30] [lower] The sinkDescriptor is: SinkDescriptor: (name: variant("PERSON_SINK"), type: Void, Config: )[m
[36m[03:24:03.798222] [D] [SingleNodeWorker] [WorkerThread-2] [Task:638486771-57] [VoidSink.cpp:37] [start] Setting up void sink: VoidSink[m
[36m[03:24:03.889068] [D] [SingleNodeWorker] [WorkerThread-2] [] [SourceThread.cpp:186] [start] Starting source with originId: 2[m
[36m[03:24:03.891393] [D] [SingleNodeWorker] [WorkerThread-1] [Task:638486771-56] [BufferManager.cpp:65] [~BufferManager] Calling BufferManager::destroy()[m
[36m[03:24:03.891470] [D] [SingleNodeWorker] [WorkerThread-1] [Task:638486771-56] [BufferManager.cpp:93] [~BufferManager] Shutting down Buffer Manager completed[m
[36m[03:24:09.444685] [D] [SingleNodeWorker] [WorkerThread-3] [Task:638486771] [SourceThread.cpp:232] [tryStop] SourceThread 2: attempting to stop source[m
[36m[03:24:09.444740] [D] [SingleNodeWorker] [WorkerThread-3] [Task:638486771] [SourceThread.cpp:250] [tryStop] SourceThread 2: stopped[m
[32m[03:24:09.471137] [I] [SingleNodeWorker] [WorkerThread-2] [] [SequenceShredder.cpp:55] [~SequenceShredder] Successfully validated SequenceShredder[m
[32m[03:24:09.471531] [I] [SingleNodeWorker] [WorkerThread-1] [Task:638486771-57] [VoidSink.cpp:42] [stop] Void Sink completed.[m
[36m[03:24:09.471684] [D] [SingleNodeWorker] [WorkerThread-1] [] [SourceThread.cpp:228] [tryStop] SourceThread 2: thread is not running[m
[36m[03:24:11.520206] [D] [Not A Worker] [unnamed] [queryId:544014145] [BufferManager.cpp:110] [initialize] NES memory allocation requires 1 out of 540577120256 (so 1.8498748143954595e-10%) available bytes[m
[36m[03:24:11.520269] [D] [Not A Worker] [unnamed] [queryId:544014145] [BufferManager.cpp:160] [initialize] BufferManager configuration bufferSize=1 numOfBuffers=1[m
[36m[03:24:11.520459] [D] [Not A Worker] [unnamed] [queryId:544014145] [PipeliningPhase.cpp:404] [apply] Constructed pipeline plan with 1 root pipelines.
PipelinedQueryPlan for Query: 544014145
Number of root pipelines: 1
------------------
Root Pipeline 0:
  Pipeline(ID(58), Provider(COMPILER))
  Operator chain:
    PhysicalOperator(NES::SourcePhysicalOperator)
  Successor Pipeline:
    Pipeline(ID(59), Provider(None))
      Operator chain:
        PhysicalOperator(NES::ScanPhysicalOperator)
          PhysicalOperator(NES::SelectionPhysicalOperator)
            PhysicalOperator(NES::EmitPhysicalOperator)
      Successor Pipeline:
        Pipeline(ID(60), Provider(None))
          Operator chain:
            PhysicalOperator(NES::SinkPhysicalOperator)

[m
[36m[03:24:11.524606] [D] [Not A Worker] [unnamed] [] [SinkProvider.cpp:30] [lower] The sinkDescriptor is: SinkDescriptor: (name: variant("PERSON_SINK"), type: Void, Config: )[m
[36m[03:24:11.529632] [D] [SingleNodeWorker] [WorkerThread-0] [Task:544014145-60] [VoidSink.cpp:37] [start] Setting up void sink: VoidSink[m
[36m[03:24:11.618412] [D] [SingleNodeWorker] [WorkerThread-0] [] [SourceThread.cpp:186] [start] Starting source with originId: 2[m
[36m[03:24:11.620799] [D] [SingleNodeWorker] [WorkerThread-2] [Task:544014145-59] [BufferManager.cpp:65] [~BufferManager] Calling BufferManager::destroy()[m
[36m[03:24:11.620877] [D] [SingleNodeWorker] [WorkerThread-2] [Task:544014145-59] [BufferManager.cpp:93] [~BufferManager] Shutting down Buffer Manager completed[m
[36m[03:24:14.636302] [D] [SingleNodeWorker] [WorkerThread-1] [Task:544014145-59] [InputFormatter.hpp:349] [indexTrailingSpanningTupleProxy] last offset: 262143, first offset: 327[m
[36m[03:24:17.144535] [D] [SingleNodeWorker] [WorkerThread-0] [Task:544014145] [SourceThread.cpp:232] [tryStop] SourceThread 2: attempting to stop source[m
[36m[03:24:17.144578] [D] [SingleNodeWorker] [WorkerThread-0] [Task:544014145] [SourceThread.cpp:250] [tryStop] SourceThread 2: stopped[m
[32m[03:24:17.171652] [I] [SingleNodeWorker] [WorkerThread-1] [] [SequenceShredder.cpp:55] [~SequenceShredder] Successfully validated SequenceShredder[m
[32m[03:24:17.172634] [I] [SingleNodeWorker] [WorkerThread-2] [Task:544014145-60] [VoidSink.cpp:42] [stop] Void Sink completed.[m
[36m[03:24:17.172777] [D] [SingleNodeWorker] [WorkerThread-2] [] [SourceThread.cpp:228] [tryStop] SourceThread 2: thread is not running[m
[36m[03:24:19.232339] [D] [Not A Worker] [unnamed] [queryId:246464901] [BufferManager.cpp:110] [initialize] NES memory allocation requires 1 out of 540577120256 (so 1.8498748143954595e-10%) available bytes[m
[36m[03:24:19.232404] [D] [Not A Worker] [unnamed] [queryId:246464901] [BufferManager.cpp:160] [initialize] BufferManager configuration bufferSize=1 numOfBuffers=1[m
[36m[03:24:19.232583] [D] [Not A Worker] [unnamed] [queryId:246464901] [PipeliningPhase.cpp:404] [apply] Constructed pipeline plan with 1 root pipelines.
PipelinedQueryPlan for Query: 246464901
Number of root pipelines: 1
------------------
Root Pipeline 0:
  Pipeline(ID(61), Provider(COMPILER))
  Operator chain:
    PhysicalOperator(NES::SourcePhysicalOperator)
  Successor Pipeline:
    Pipeline(ID(62), Provider(None))
      Operator chain:
        PhysicalOperator(NES::ScanPhysicalOperator)
          PhysicalOperator(NES::SelectionPhysicalOperator)
            PhysicalOperator(NES::MapPhysicalOperator)
              PhysicalOperator(NES::EmitPhysicalOperator)
      Successor Pipeline:
        Pipeline(ID(63), Provider(None))
          Operator chain:
            PhysicalOperator(NES::SinkPhysicalOperator)

[m
[36m[03:24:19.236482] [D] [Not A Worker] [unnamed] [] [SinkProvider.cpp:30] [lower] The sinkDescriptor is: SinkDescriptor: (name: variant("PERSON_ID_SINK"), type: Void, Config: )[m
[36m[03:24:19.246591] [D] [SingleNodeWorker] [WorkerThread-2] [Task:246464901-63] [VoidSink.cpp:37] [start] Setting up void sink: VoidSink[m
[36m[03:24:19.321616] [D] [SingleNodeWorker] [WorkerThread-2] [] [SourceThread.cpp:186] [start] Starting source with originId: 2[m
[36m[03:24:19.323132] [D] [SingleNodeWorker] [WorkerThread-2] [Task:246464901-62] [BufferManager.cpp:65] [~BufferManager] Calling BufferManager::destroy()[m
[36m[03:24:19.323159] [D] [SingleNodeWorker] [WorkerThread-2] [Task:246464901-62] [BufferManager.cpp:93] [~BufferManager] Shutting down Buffer Manager completed[m
[36m[03:24:22.866867] [D] [SingleNodeWorker] [WorkerThread-0] [Task:246464901-62] [InputFormatter.hpp:349] [indexTrailingSpanningTupleProxy] last offset: 262143, first offset: 154[m
[36m[03:24:24.599052] [D] [SingleNodeWorker] [WorkerThread-2] [Task:246464901] [SourceThread.cpp:232] [tryStop] SourceThread 2: attempting to stop source[m
[36m[03:24:24.599103] [D] [SingleNodeWorker] [WorkerThread-2] [Task:246464901] [SourceThread.cpp:250] [tryStop] SourceThread 2: stopped[m
[32m[03:24:24.625971] [I] [SingleNodeWorker] [WorkerThread-0] [] [SequenceShredder.cpp:55] [~SequenceShredder] Successfully validated SequenceShredder[m
[32m[03:24:24.634229] [I] [SingleNodeWorker] [WorkerThread-2] [Task:246464901-63] [VoidSink.cpp:42] [stop] Void Sink completed.[m
[36m[03:24:24.634362] [D] [SingleNodeWorker] [WorkerThread-2] [] [SourceThread.cpp:228] [tryStop] SourceThread 2: thread is not running[m
[36m[03:24:27.043969] [D] [Not A Worker] [unnamed] [queryId:1406972228] [BufferManager.cpp:110] [initialize] NES memory allocation requires 1 out of 540577120256 (so 1.8498748143954595e-10%) available bytes[m
[36m[03:24:27.044035] [D] [Not A Worker] [unnamed] [queryId:1406972228] [BufferManager.cpp:160] [initialize] BufferManager configuration bufferSize=1 numOfBuffers=1[m
[36m[03:24:27.044229] [D] [Not A Worker] [unnamed] [queryId:1406972228] [PipeliningPhase.cpp:404] [apply] Constructed pipeline plan with 1 root pipelines.
PipelinedQueryPlan for Query: 1406972228
Number of root pipelines: 1
------------------
Root Pipeline 0:
  Pipeline(ID(64), Provider(COMPILER))
  Operator chain:
    PhysicalOperator(NES::SourcePhysicalOperator)
  Successor Pipeline:
    Pipeline(ID(65), Provider(None))
      Operator chain:
        PhysicalOperator(NES::ScanPhysicalOperator)
          PhysicalOperator(NES::SelectionPhysicalOperator)
            PhysicalOperator(NES::MapPhysicalOperator)
              PhysicalOperator(NES::EmitPhysicalOperator)
      Successor Pipeline:
        Pipeline(ID(66), Provider(None))
          Operator chain:
            PhysicalOperator(NES::SinkPhysicalOperator)

[m
[36m[03:24:27.048100] [D] [Not A Worker] [unnamed] [] [SinkProvider.cpp:30] [lower] The sinkDescriptor is: SinkDescriptor: (name: variant("PERSON_ID_SINK"), type: Void, Config: )[m
[36m[03:24:27.050980] [D] [SingleNodeWorker] [WorkerThread-2] [Task:1406972228-66] [VoidSink.cpp:37] [start] Setting up void sink: VoidSink[m
[36m[03:24:27.129525] [D] [SingleNodeWorker] [WorkerThread-2] [] [SourceThread.cpp:186] [start] Starting source with originId: 2[m
[36m[03:24:27.131059] [D] [SingleNodeWorker] [WorkerThread-2] [Task:1406972228-65] [BufferManager.cpp:65] [~BufferManager] Calling BufferManager::destroy()[m
[36m[03:24:27.131085] [D] [SingleNodeWorker] [WorkerThread-2] [Task:1406972228-65] [BufferManager.cpp:93] [~BufferManager] Shutting down Buffer Manager completed[m
[36m[03:24:32.380382] [D] [SingleNodeWorker] [WorkerThread-3] [Task:1406972228] [SourceThread.cpp:232] [tryStop] SourceThread 2: attempting to stop source[m
[36m[03:24:32.380432] [D] [SingleNodeWorker] [WorkerThread-3] [Task:1406972228] [SourceThread.cpp:250] [tryStop] SourceThread 2: stopped[m
[32m[03:24:32.407604] [I] [SingleNodeWorker] [WorkerThread-0] [] [SequenceShredder.cpp:55] [~SequenceShredder] Successfully validated SequenceShredder[m
[32m[03:24:32.408090] [I] [SingleNodeWorker] [WorkerThread-2] [Task:1406972228-66] [VoidSink.cpp:42] [stop] Void Sink completed.[m
[36m[03:24:32.408214] [D] [SingleNodeWorker] [WorkerThread-2] [] [SourceThread.cpp:228] [tryStop] SourceThread 2: thread is not running[m
[36m[03:24:34.829994] [D] [Not A Worker] [unnamed] [queryId:2135183685] [BufferManager.cpp:110] [initialize] NES memory allocation requires 1 out of 540577120256 (so 1.8498748143954595e-10%) available bytes[m
[36m[03:24:34.830057] [D] [Not A Worker] [unnamed] [queryId:2135183685] [BufferManager.cpp:160] [initialize] BufferManager configuration bufferSize=1 numOfBuffers=1[m
[36m[03:24:34.830231] [D] [Not A Worker] [unnamed] [queryId:2135183685] [PipeliningPhase.cpp:404] [apply] Constructed pipeline plan with 1 root pipelines.
PipelinedQueryPlan for Query: 2135183685
Number of root pipelines: 1
------------------
Root Pipeline 0:
  Pipeline(ID(67), Provider(COMPILER))
  Operator chain:
    PhysicalOperator(NES::SourcePhysicalOperator)
  Successor Pipeline:
    Pipeline(ID(68), Provider(None))
      Operator chain:
        PhysicalOperator(NES::ScanPhysicalOperator)
          PhysicalOperator(NES::SelectionPhysicalOperator)
            PhysicalOperator(NES::MapPhysicalOperator)
              PhysicalOperator(NES::EmitPhysicalOperator)
      Successor Pipeline:
        Pipeline(ID(69), Provider(None))
          Operator chain:
            PhysicalOperator(NES::SinkPhysicalOperator)

[m
[36m[03:24:34.834158] [D] [Not A Worker] [unnamed] [] [SinkProvider.cpp:30] [lower] The sinkDescriptor is: SinkDescriptor: (name: variant("PERSON_ID_SINK"), type: Void, Config: )[m
[36m[03:24:34.835919] [D] [SingleNodeWorker] [WorkerThread-2] [Task:2135183685-69] [VoidSink.cpp:37] [start] Setting up void sink: VoidSink[m
[36m[03:24:34.909491] [D] [SingleNodeWorker] [WorkerThread-2] [] [SourceThread.cpp:186] [start] Starting source with originId: 2[m
[36m[03:24:34.911025] [D] [SingleNodeWorker] [WorkerThread-2] [Task:2135183685-68] [BufferManager.cpp:65] [~BufferManager] Calling BufferManager::destroy()[m
[36m[03:24:34.911051] [D] [SingleNodeWorker] [WorkerThread-2] [Task:2135183685-68] [BufferManager.cpp:93] [~BufferManager] Shutting down Buffer Manager completed[m
[36m[03:24:40.174047] [D] [SingleNodeWorker] [WorkerThread-1] [Task:2135183685] [SourceThread.cpp:232] [tryStop] SourceThread 2: attempting to stop source[m
[36m[03:24:40.174106] [D] [SingleNodeWorker] [WorkerThread-1] [Task:2135183685] [SourceThread.cpp:250] [tryStop] SourceThread 2: stopped[m
[32m[03:24:40.200962] [I] [SingleNodeWorker] [WorkerThread-2] [Task:2135183685-69] [VoidSink.cpp:42] [stop] Void Sink completed.[m
[36m[03:24:40.201091] [D] [SingleNodeWorker] [WorkerThread-2] [] [SourceThread.cpp:228] [tryStop] SourceThread 2: thread is not running[m
[32m[03:24:40.201181] [I] [SingleNodeWorker] [WorkerThread-0] [] [SequenceShredder.cpp:55] [~SequenceShredder] Successfully validated SequenceShredder[m
[36m[03:24:42.590206] [D] [Not A Worker] [unnamed] [queryId:2051448198] [BufferManager.cpp:110] [initialize] NES memory allocation requires 1 out of 540577120256 (so 1.8498748143954595e-10%) available bytes[m
[36m[03:24:42.590292] [D] [Not A Worker] [unnamed] [queryId:2051448198] [BufferManager.cpp:160] [initialize] BufferManager configuration bufferSize=1 numOfBuffers=1[m
[36m[03:24:42.590478] [D] [Not A Worker] [unnamed] [queryId:2051448198] [PipeliningPhase.cpp:404] [apply] Constructed pipeline plan with 1 root pipelines.
PipelinedQueryPlan for Query: 2051448198
Number of root pipelines: 1
------------------
Root Pipeline 0:
  Pipeline(ID(70), Provider(COMPILER))
  Operator chain:
    PhysicalOperator(NES::SourcePhysicalOperator)
  Successor Pipeline:
    Pipeline(ID(71), Provider(None))
      Operator chain:
        PhysicalOperator(NES::ScanPhysicalOperator)
          PhysicalOperator(NES::SelectionPhysicalOperator)
            PhysicalOperator(NES::MapPhysicalOperator)
              PhysicalOperator(NES::EmitPhysicalOperator)
      Successor Pipeline:
        Pipeline(ID(72), Provider(None))
          Operator chain:
            PhysicalOperator(NES::SinkPhysicalOperator)

[m
[36m[03:24:42.594671] [D] [Not A Worker] [unnamed] [] [SinkProvider.cpp:30] [lower] The sinkDescriptor is: SinkDescriptor: (name: variant("PERSON_ID_SINK"), type: Void, Config: )[m
[36m[03:24:42.595646] [D] [SingleNodeWorker] [WorkerThread-2] [Task:2051448198-72] [VoidSink.cpp:37] [start] Setting up void sink: VoidSink[m
[36m[03:24:42.670536] [D] [SingleNodeWorker] [WorkerThread-2] [] [SourceThread.cpp:186] [start] Starting source with originId: 2[m
[36m[03:24:42.672727] [D] [SingleNodeWorker] [WorkerThread-2] [Task:2051448198-71] [BufferManager.cpp:65] [~BufferManager] Calling BufferManager::destroy()[m
[36m[03:24:42.672754] [D] [SingleNodeWorker] [WorkerThread-2] [Task:2051448198-71] [BufferManager.cpp:93] [~BufferManager] Shutting down Buffer Manager completed[m
[36m[03:24:47.955438] [D] [SingleNodeWorker] [WorkerThread-2] [Task:2051448198] [SourceThread.cpp:232] [tryStop] SourceThread 2: attempting to stop source[m
[36m[03:24:47.955493] [D] [SingleNodeWorker] [WorkerThread-2] [Task:2051448198] [SourceThread.cpp:250] [tryStop] SourceThread 2: stopped[m
[32m[03:24:47.991268] [I] [SingleNodeWorker] [WorkerThread-1] [Task:2051448198-72] [VoidSink.cpp:42] [stop] Void Sink completed.[m
[32m[03:24:47.991380] [I] [SingleNodeWorker] [WorkerThread-0] [] [SequenceShredder.cpp:55] [~SequenceShredder] Successfully validated SequenceShredder[m
[36m[03:24:47.991403] [D] [SingleNodeWorker] [WorkerThread-1] [] [SourceThread.cpp:228] [tryStop] SourceThread 2: thread is not running[m
[36m[03:24:50.361414] [D] [Not A Worker] [unnamed] [queryId:1300094949] [BufferManager.cpp:110] [initialize] NES memory allocation requires 1 out of 540577120256 (so 1.8498748143954595e-10%) available bytes[m
[36m[03:24:50.361481] [D] [Not A Worker] [unnamed] [queryId:1300094949] [BufferManager.cpp:160] [initialize] BufferManager configuration bufferSize=1 numOfBuffers=1[m
[36m[03:24:50.361661] [D] [Not A Worker] [unnamed] [queryId:1300094949] [PipeliningPhase.cpp:404] [apply] Constructed pipeline plan with 1 root pipelines.
PipelinedQueryPlan for Query: 1300094949
Number of root pipelines: 1
------------------
Root Pipeline 0:
  Pipeline(ID(73), Provider(COMPILER))
  Operator chain:
    PhysicalOperator(NES::SourcePhysicalOperator)
  Successor Pipeline:
    Pipeline(ID(74), Provider(None))
      Operator chain:
        PhysicalOperator(NES::ScanPhysicalOperator)
          PhysicalOperator(NES::SelectionPhysicalOperator)
            PhysicalOperator(NES::MapPhysicalOperator)
              PhysicalOperator(NES::EmitPhysicalOperator)
      Successor Pipeline:
        Pipeline(ID(75), Provider(None))
          Operator chain:
            PhysicalOperator(NES::SinkPhysicalOperator)

[m
[36m[03:24:50.365371] [D] [Not A Worker] [unnamed] [] [SinkProvider.cpp:30] [lower] The sinkDescriptor is: SinkDescriptor: (name: variant("PERSON_ID_SINK"), type: Void, Config: )[m
[36m[03:24:50.368578] [D] [SingleNodeWorker] [WorkerThread-0] [Task:1300094949-75] [VoidSink.cpp:37] [start] Setting up void sink: VoidSink[m
[36m[03:24:50.442338] [D] [SingleNodeWorker] [WorkerThread-0] [] [SourceThread.cpp:186] [start] Starting source with originId: 2[m
[36m[03:24:50.443847] [D] [SingleNodeWorker] [WorkerThread-0] [Task:1300094949-74] [BufferManager.cpp:65] [~BufferManager] Calling BufferManager::destroy()[m
[36m[03:24:50.443872] [D] [SingleNodeWorker] [WorkerThread-0] [Task:1300094949-74] [BufferManager.cpp:93] [~BufferManager] Shutting down Buffer Manager completed[m
[36m[03:24:52.257931] [D] [SingleNodeWorker] [WorkerThread-1] [Task:1300094949-74] [InputFormatter.hpp:349] [indexTrailingSpanningTupleProxy] last offset: 262143, first offset: 152[m
[36m[03:24:55.700031] [D] [SingleNodeWorker] [WorkerThread-1] [Task:1300094949] [SourceThread.cpp:232] [tryStop] SourceThread 2: attempting to stop source[m
[36m[03:24:55.700089] [D] [SingleNodeWorker] [WorkerThread-1] [Task:1300094949] [SourceThread.cpp:250] [tryStop] SourceThread 2: stopped[m
[32m[03:24:55.736763] [I] [SingleNodeWorker] [WorkerThread-0] [] [SequenceShredder.cpp:55] [~SequenceShredder] Successfully validated SequenceShredder[m
[32m[03:24:55.736943] [I] [SingleNodeWorker] [WorkerThread-1] [Task:1300094949-75] [VoidSink.cpp:42] [stop] Void Sink completed.[m
[36m[03:24:55.737100] [D] [SingleNodeWorker] [WorkerThread-1] [] [SourceThread.cpp:228] [tryStop] SourceThread 2: thread is not running[m
[36m[03:24:58.097762] [D] [Not A Worker] [unnamed] [queryId:1747625623] [BufferManager.cpp:110] [initialize] NES memory allocation requires 1 out of 540577120256 (so 1.8498748143954595e-10%) available bytes[m
[36m[03:24:58.097847] [D] [Not A Worker] [unnamed] [queryId:1747625623] [BufferManager.cpp:160] [initialize] BufferManager configuration bufferSize=1 numOfBuffers=1[m
[36m[03:24:58.098092] [D] [Not A Worker] [unnamed] [queryId:1747625623] [PipeliningPhase.cpp:404] [apply] Constructed pipeline plan with 1 root pipelines.
PipelinedQueryPlan for Query: 1747625623
Number of root pipelines: 1
------------------
Root Pipeline 0:
  Pipeline(ID(76), Provider(COMPILER))
  Operator chain:
    PhysicalOperator(NES::SourcePhysicalOperator)
  Successor Pipeline:
    Pipeline(ID(77), Provider(None))
      Operator chain:
        PhysicalOperator(NES::ScanPhysicalOperator)
          PhysicalOperator(NES::SelectionPhysicalOperator)
            PhysicalOperator(NES::MapPhysicalOperator)
              PhysicalOperator(NES::EmitPhysicalOperator)
      Successor Pipeline:
        Pipeline(ID(78), Provider(None))
          Operator chain:
            PhysicalOperator(NES::SinkPhysicalOperator)

[m
[36m[03:24:58.102279] [D] [Not A Worker] [unnamed] [] [SinkProvider.cpp:30] [lower] The sinkDescriptor is: SinkDescriptor: (name: variant("PERSON_ID_SINK"), type: Void, Config: )[m
[36m[03:24:58.103870] [D] [SingleNodeWorker] [WorkerThread-3] [Task:1747625623-78] [VoidSink.cpp:37] [start] Setting up void sink: VoidSink[m
[36m[03:24:58.178990] [D] [SingleNodeWorker] [WorkerThread-3] [] [SourceThread.cpp:186] [start] Starting source with originId: 2[m
[36m[03:24:58.180576] [D] [SingleNodeWorker] [WorkerThread-3] [Task:1747625623-77] [BufferManager.cpp:65] [~BufferManager] Calling BufferManager::destroy()[m
[36m[03:24:58.180600] [D] [SingleNodeWorker] [WorkerThread-3] [Task:1747625623-77] [BufferManager.cpp:93] [~BufferManager] Shutting down Buffer Manager completed[m
[36m[03:25:03.423202] [D] [SingleNodeWorker] [WorkerThread-0] [Task:1747625623] [SourceThread.cpp:232] [tryStop] SourceThread 2: attempting to stop source[m
[36m[03:25:03.423243] [D] [SingleNodeWorker] [WorkerThread-0] [Task:1747625623] [SourceThread.cpp:250] [tryStop] SourceThread 2: stopped[m
[32m[03:25:03.451357] [I] [SingleNodeWorker] [WorkerThread-2] [] [SequenceShredder.cpp:55] [~SequenceShredder] Successfully validated SequenceShredder[m
[32m[03:25:03.458352] [I] [SingleNodeWorker] [WorkerThread-0] [Task:1747625623-78] [VoidSink.cpp:42] [stop] Void Sink completed.[m
[36m[03:25:03.458472] [D] [SingleNodeWorker] [WorkerThread-0] [] [SourceThread.cpp:228] [tryStop] SourceThread 2: thread is not running[m
[36m[03:25:05.878014] [D] [Not A Worker] [unnamed] [queryId:1912901275] [BufferManager.cpp:110] [initialize] NES memory allocation requires 1 out of 540577120256 (so 1.8498748143954595e-10%) available bytes[m
[36m[03:25:05.878081] [D] [Not A Worker] [unnamed] [queryId:1912901275] [BufferManager.cpp:160] [initialize] BufferManager configuration bufferSize=1 numOfBuffers=1[m
[36m[03:25:05.878260] [D] [Not A Worker] [unnamed] [queryId:1912901275] [PipeliningPhase.cpp:404] [apply] Constructed pipeline plan with 1 root pipelines.
PipelinedQueryPlan for Query: 1912901275
Number of root pipelines: 1
------------------
Root Pipeline 0:
  Pipeline(ID(79), Provider(COMPILER))
  Operator chain:
    PhysicalOperator(NES::SourcePhysicalOperator)
  Successor Pipeline:
    Pipeline(ID(80), Provider(None))
      Operator chain:
        PhysicalOperator(NES::ScanPhysicalOperator)
          PhysicalOperator(NES::SelectionPhysicalOperator)
            PhysicalOperator(NES::MapPhysicalOperator)
              PhysicalOperator(NES::EmitPhysicalOperator)
      Successor Pipeline:
        Pipeline(ID(81), Provider(None))
          Operator chain:
            PhysicalOperator(NES::SinkPhysicalOperator)

[m
[36m[03:25:05.882315] [D] [Not A Worker] [unnamed] [] [SinkProvider.cpp:30] [lower] The sinkDescriptor is: SinkDescriptor: (name: variant("PERSON_ID_SINK"), type: Void, Config: )[m
[36m[03:25:05.888464] [D] [SingleNodeWorker] [WorkerThread-2] [Task:1912901275-81] [VoidSink.cpp:37] [start] Setting up void sink: VoidSink[m
[36m[03:25:05.963489] [D] [SingleNodeWorker] [WorkerThread-2] [] [SourceThread.cpp:186] [start] Starting source with originId: 2[m
[36m[03:25:05.965022] [D] [SingleNodeWorker] [WorkerThread-2] [Task:1912901275-80] [BufferManager.cpp:65] [~BufferManager] Calling BufferManager::destroy()[m
[36m[03:25:05.965047] [D] [SingleNodeWorker] [WorkerThread-2] [Task:1912901275-80] [BufferManager.cpp:93] [~BufferManager] Shutting down Buffer Manager completed[m
[36m[03:25:11.235348] [D] [SingleNodeWorker] [WorkerThread-1] [Task:1912901275] [SourceThread.cpp:232] [tryStop] SourceThread 2: attempting to stop source[m
[36m[03:25:11.235397] [D] [SingleNodeWorker] [WorkerThread-1] [Task:1912901275] [SourceThread.cpp:250] [tryStop] SourceThread 2: stopped[m
[32m[03:25:11.261269] [I] [SingleNodeWorker] [WorkerThread-2] [Task:1912901275-81] [VoidSink.cpp:42] [stop] Void Sink completed.[m
[36m[03:25:11.261393] [D] [SingleNodeWorker] [WorkerThread-2] [] [SourceThread.cpp:228] [tryStop] SourceThread 2: thread is not running[m
[32m[03:25:11.261540] [I] [SingleNodeWorker] [WorkerThread-3] [] [SequenceShredder.cpp:55] [~SequenceShredder] Successfully validated SequenceShredder[m
[36m[03:25:13.731153] [D] [Not A Worker] [unnamed] [queryId:789866716] [BufferManager.cpp:110] [initialize] NES memory allocation requires 1 out of 540577120256 (so 1.8498748143954595e-10%) available bytes[m
[36m[03:25:13.731217] [D] [Not A Worker] [unnamed] [queryId:789866716] [BufferManager.cpp:160] [initialize] BufferManager configuration bufferSize=1 numOfBuffers=1[m
[36m[03:25:13.731396] [D] [Not A Worker] [unnamed] [queryId:789866716] [PipeliningPhase.cpp:404] [apply] Constructed pipeline plan with 1 root pipelines.
PipelinedQueryPlan for Query: 789866716
Number of root pipelines: 1
------------------
Root Pipeline 0:
  Pipeline(ID(82), Provider(COMPILER))
  Operator chain:
    PhysicalOperator(NES::SourcePhysicalOperator)
  Successor Pipeline:
    Pipeline(ID(83), Provider(None))
      Operator chain:
        PhysicalOperator(NES::ScanPhysicalOperator)
          PhysicalOperator(NES::SelectionPhysicalOperator)
            PhysicalOperator(NES::MapPhysicalOperator)
              PhysicalOperator(NES::EmitPhysicalOperator)
      Successor Pipeline:
        Pipeline(ID(84), Provider(None))
          Operator chain:
            PhysicalOperator(NES::SinkPhysicalOperator)

[m
[36m[03:25:13.735294] [D] [Not A Worker] [unnamed] [] [SinkProvider.cpp:30] [lower] The sinkDescriptor is: SinkDescriptor: (name: variant("PERSON_ID_SINK"), type: Void, Config: )[m
[36m[03:25:13.738816] [D] [SingleNodeWorker] [WorkerThread-1] [Task:789866716-84] [VoidSink.cpp:37] [start] Setting up void sink: VoidSink[m
[36m[03:25:13.814568] [D] [SingleNodeWorker] [WorkerThread-1] [] [SourceThread.cpp:186] [start] Starting source with originId: 2[m
[36m[03:25:13.816793] [D] [SingleNodeWorker] [WorkerThread-1] [Task:789866716-83] [BufferManager.cpp:65] [~BufferManager] Calling BufferManager::destroy()[m
[36m[03:25:13.816832] [D] [SingleNodeWorker] [WorkerThread-1] [Task:789866716-83] [BufferManager.cpp:93] [~BufferManager] Shutting down Buffer Manager completed[m
[36m[03:25:19.062380] [D] [SingleNodeWorker] [WorkerThread-0] [Task:789866716] [SourceThread.cpp:232] [tryStop] SourceThread 2: attempting to stop source[m
[36m[03:25:19.062423] [D] [SingleNodeWorker] [WorkerThread-0] [Task:789866716] [SourceThread.cpp:250] [tryStop] SourceThread 2: stopped[m
[32m[03:25:19.089048] [I] [SingleNodeWorker] [WorkerThread-2] [] [SequenceShredder.cpp:55] [~SequenceShredder] Successfully validated SequenceShredder[m
[32m[03:25:19.089285] [I] [SingleNodeWorker] [WorkerThread-3] [Task:789866716-84] [VoidSink.cpp:42] [stop] Void Sink completed.[m
[36m[03:25:19.089401] [D] [SingleNodeWorker] [WorkerThread-3] [] [SourceThread.cpp:228] [tryStop] SourceThread 2: thread is not running[m
[36m[03:25:21.459915] [D] [Not A Worker] [unnamed] [queryId:106382785] [BufferManager.cpp:110] [initialize] NES memory allocation requires 1 out of 540577120256 (so 1.8498748143954595e-10%) available bytes[m
[36m[03:25:21.459980] [D] [Not A Worker] [unnamed] [queryId:106382785] [BufferManager.cpp:160] [initialize] BufferManager configuration bufferSize=1 numOfBuffers=1[m
[36m[03:25:21.460181] [D] [Not A Worker] [unnamed] [queryId:106382785] [PipeliningPhase.cpp:404] [apply] Constructed pipeline plan with 1 root pipelines.
PipelinedQueryPlan for Query: 106382785
Number of root pipelines: 1
------------------
Root Pipeline 0:
  Pipeline(ID(85), Provider(COMPILER))
  Operator chain:
    PhysicalOperator(NES::SourcePhysicalOperator)
  Successor Pipeline:
    Pipeline(ID(86), Provider(None))
      Operator chain:
        PhysicalOperator(NES::ScanPhysicalOperator)
          PhysicalOperator(NES::SelectionPhysicalOperator)
            PhysicalOperator(NES::MapPhysicalOperator)
              PhysicalOperator(NES::EmitPhysicalOperator)
      Successor Pipeline:
        Pipeline(ID(87), Provider(None))
          Operator chain:
            PhysicalOperator(NES::SinkPhysicalOperator)

[m
[36m[03:25:21.464215] [D] [Not A Worker] [unnamed] [] [SinkProvider.cpp:30] [lower] The sinkDescriptor is: SinkDescriptor: (name: variant("PERSON_ID_SINK"), type: Void, Config: )[m
[36m[03:25:21.464579] [D] [SingleNodeWorker] [WorkerThread-0] [Task:106382785-87] [VoidSink.cpp:37] [start] Setting up void sink: VoidSink[m
[36m[03:25:21.541104] [D] [SingleNodeWorker] [WorkerThread-0] [] [SourceThread.cpp:186] [start] Starting source with originId: 2[m
[36m[03:25:21.542619] [D] [SingleNodeWorker] [WorkerThread-0] [Task:106382785-86] [BufferManager.cpp:65] [~BufferManager] Calling BufferManager::destroy()[m
[36m[03:25:21.542643] [D] [SingleNodeWorker] [WorkerThread-0] [Task:106382785-86] [BufferManager.cpp:93] [~BufferManager] Shutting down Buffer Manager completed[m
[36m[03:25:26.832584] [D] [SingleNodeWorker] [WorkerThread-2] [Task:106382785] [SourceThread.cpp:232] [tryStop] SourceThread 2: attempting to stop source[m
[36m[03:25:26.832641] [D] [SingleNodeWorker] [WorkerThread-2] [Task:106382785] [SourceThread.cpp:250] [tryStop] SourceThread 2: stopped[m
[32m[03:25:26.858436] [I] [SingleNodeWorker] [WorkerThread-3] [] [SequenceShredder.cpp:55] [~SequenceShredder] Successfully validated SequenceShredder[m
[32m[03:25:26.859002] [I] [SingleNodeWorker] [WorkerThread-1] [Task:106382785-87] [VoidSink.cpp:42] [stop] Void Sink completed.[m
[36m[03:25:26.859124] [D] [SingleNodeWorker] [WorkerThread-1] [] [SourceThread.cpp:228] [tryStop] SourceThread 2: thread is not running[m
[36m[03:25:29.165674] [D] [Not A Worker] [unnamed] [queryId:236936690] [BufferManager.cpp:110] [initialize] NES memory allocation requires 1 out of 540577120256 (so 1.8498748143954595e-10%) available bytes[m
[36m[03:25:29.165736] [D] [Not A Worker] [unnamed] [queryId:236936690] [BufferManager.cpp:160] [initialize] BufferManager configuration bufferSize=1 numOfBuffers=1[m
[36m[03:25:29.165912] [D] [Not A Worker] [unnamed] [queryId:236936690] [PipeliningPhase.cpp:404] [apply] Constructed pipeline plan with 1 root pipelines.
PipelinedQueryPlan for Query: 236936690
Number of root pipelines: 1
------------------
Root Pipeline 0:
  Pipeline(ID(88), Provider(COMPILER))
  Operator chain:
    PhysicalOperator(NES::SourcePhysicalOperator)
  Successor Pipeline:
    Pipeline(ID(89), Provider(None))
      Operator chain:
        PhysicalOperator(NES::ScanPhysicalOperator)
          PhysicalOperator(NES::SelectionPhysicalOperator)
            PhysicalOperator(NES::MapPhysicalOperator)
              PhysicalOperator(NES::EmitPhysicalOperator)
      Successor Pipeline:
        Pipeline(ID(90), Provider(None))
          Operator chain:
            PhysicalOperator(NES::SinkPhysicalOperator)

[m
[36m[03:25:29.170067] [D] [Not A Worker] [unnamed] [] [SinkProvider.cpp:30] [lower] The sinkDescriptor is: SinkDescriptor: (name: variant("PERSON_ID_SINK"), type: Void, Config: )[m
[36m[03:25:29.170810] [D] [SingleNodeWorker] [WorkerThread-3] [Task:236936690-90] [VoidSink.cpp:37] [start] Setting up void sink: VoidSink[m
[36m[03:25:29.245930] [D] [SingleNodeWorker] [WorkerThread-3] [] [SourceThread.cpp:186] [start] Starting source with originId: 2[m
[36m[03:25:29.247440] [D] [SingleNodeWorker] [WorkerThread-3] [Task:236936690-89] [BufferManager.cpp:65] [~BufferManager] Calling BufferManager::destroy()[m
[36m[03:25:29.247468] [D] [SingleNodeWorker] [WorkerThread-3] [Task:236936690-89] [BufferManager.cpp:93] [~BufferManager] Shutting down Buffer Manager completed[m
[36m[03:25:34.514408] [D] [SingleNodeWorker] [WorkerThread-2] [Task:236936690] [SourceThread.cpp:232] [tryStop] SourceThread 2: attempting to stop source[m
[36m[03:25:34.514464] [D] [SingleNodeWorker] [WorkerThread-2] [Task:236936690] [SourceThread.cpp:250] [tryStop] SourceThread 2: stopped[m
[32m[03:25:34.540803] [I] [SingleNodeWorker] [WorkerThread-3] [Task:236936690-90] [VoidSink.cpp:42] [stop] Void Sink completed.[m
[36m[03:25:34.540939] [D] [SingleNodeWorker] [WorkerThread-3] [] [SourceThread.cpp:228] [tryStop] SourceThread 2: thread is not running[m
[32m[03:25:34.541025] [I] [SingleNodeWorker] [WorkerThread-1] [] [SequenceShredder.cpp:55] [~SequenceShredder] Successfully validated SequenceShredder[m
[36m[03:25:36.894318] [D] [Not A Worker] [unnamed] [queryId:95671875] [BufferManager.cpp:110] [initialize] NES memory allocation requires 1 out of 540577120256 (so 1.8498748143954595e-10%) available bytes[m
[36m[03:25:36.894383] [D] [Not A Worker] [unnamed] [queryId:95671875] [BufferManager.cpp:160] [initialize] BufferManager configuration bufferSize=1 numOfBuffers=1[m
[36m[03:25:36.894590] [D] [Not A Worker] [unnamed] [queryId:95671875] [PipeliningPhase.cpp:404] [apply] Constructed pipeline plan with 1 root pipelines.
PipelinedQueryPlan for Query: 95671875
Number of root pipelines: 1
------------------
Root Pipeline 0:
  Pipeline(ID(91), Provider(COMPILER))
  Operator chain:
    PhysicalOperator(NES::SourcePhysicalOperator)
  Successor Pipeline:
    Pipeline(ID(92), Provider(None))
      Operator chain:
        PhysicalOperator(NES::ScanPhysicalOperator)
          PhysicalOperator(NES::SelectionPhysicalOperator)
            PhysicalOperator(NES::MapPhysicalOperator)
              PhysicalOperator(NES::EmitPhysicalOperator)
      Successor Pipeline:
        Pipeline(ID(93), Provider(None))
          Operator chain:
            PhysicalOperator(NES::SinkPhysicalOperator)

[m
[36m[03:25:36.898715] [D] [Not A Worker] [unnamed] [] [SinkProvider.cpp:30] [lower] The sinkDescriptor is: SinkDescriptor: (name: variant("BID_AUCTION_ID_SINK"), type: Void, Config: )[m
[36m[03:25:36.900410] [D] [SingleNodeWorker] [WorkerThread-0] [Task:95671875-93] [VoidSink.cpp:37] [start] Setting up void sink: VoidSink[m
[36m[03:25:36.960577] [D] [SingleNodeWorker] [WorkerThread-0] [] [SourceThread.cpp:186] [start] Starting source with originId: 2[m
[36m[03:25:36.962198] [D] [SingleNodeWorker] [WorkerThread-0] [Task:95671875-92] [BufferManager.cpp:65] [~BufferManager] Calling BufferManager::destroy()[m
[36m[03:25:36.962225] [D] [SingleNodeWorker] [WorkerThread-0] [Task:95671875-92] [BufferManager.cpp:93] [~BufferManager] Shutting down Buffer Manager completed[m
[36m[03:27:37.732782] [D] [SingleNodeWorker] [WorkerThread-1] [Task:95671875] [SourceThread.cpp:232] [tryStop] SourceThread 2: attempting to stop source[m
[36m[03:27:37.732851] [D] [SingleNodeWorker] [WorkerThread-1] [Task:95671875] [SourceThread.cpp:250] [tryStop] SourceThread 2: stopped[m
[32m[03:27:37.761397] [I] [SingleNodeWorker] [WorkerThread-3] [Task:95671875-93] [VoidSink.cpp:42] [stop] Void Sink completed.[m
[36m[03:27:37.761565] [D] [SingleNodeWorker] [WorkerThread-3] [] [SourceThread.cpp:228] [tryStop] SourceThread 2: thread is not running[m
[32m[03:27:37.761658] [I] [SingleNodeWorker] [WorkerThread-2] [] [SequenceShredder.cpp:55] [~SequenceShredder] Successfully validated SequenceShredder[m
[36m[03:27:39.952851] [D] [Not A Worker] [unnamed] [queryId:1162717144] [BufferManager.cpp:110] [initialize] NES memory allocation requires 1 out of 540577120256 (so 1.8498748143954595e-10%) available bytes[m
[36m[03:27:39.952915] [D] [Not A Worker] [unnamed] [queryId:1162717144] [BufferManager.cpp:160] [initialize] BufferManager configuration bufferSize=1 numOfBuffers=1[m
[36m[03:27:39.953105] [D] [Not A Worker] [unnamed] [queryId:1162717144] [PipeliningPhase.cpp:404] [apply] Constructed pipeline plan with 1 root pipelines.
PipelinedQueryPlan for Query: 1162717144
Number of root pipelines: 1
------------------
Root Pipeline 0:
  Pipeline(ID(94), Provider(COMPILER))
  Operator chain:
    PhysicalOperator(NES::SourcePhysicalOperator)
  Successor Pipeline:
    Pipeline(ID(95), Provider(None))
      Operator chain:
        PhysicalOperator(NES::ScanPhysicalOperator)
          PhysicalOperator(NES::SelectionPhysicalOperator)
            PhysicalOperator(NES::MapPhysicalOperator)
              PhysicalOperator(NES::EmitPhysicalOperator)
      Successor Pipeline:
        Pipeline(ID(96), Provider(None))
          Operator chain:
            PhysicalOperator(NES::SinkPhysicalOperator)

[m
[36m[03:27:39.956683] [D] [Not A Worker] [unnamed] [] [SinkProvider.cpp:30] [lower] The sinkDescriptor is: SinkDescriptor: (name: variant("BID_AUCTION_ID_SINK"), type: Void, Config: )[m
[36m[03:27:39.958413] [D] [SingleNodeWorker] [WorkerThread-0] [Task:1162717144-96] [VoidSink.cpp:37] [start] Setting up void sink: VoidSink[m
[36m[03:27:40.018272] [D] [SingleNodeWorker] [WorkerThread-0] [] [SourceThread.cpp:186] [start] Starting source with originId: 2[m
[36m[03:27:40.025442] [D] [SingleNodeWorker] [WorkerThread-0] [Task:1162717144-95] [BufferManager.cpp:65] [~BufferManager] Calling BufferManager::destroy()[m
[36m[03:27:40.025474] [D] [SingleNodeWorker] [WorkerThread-0] [Task:1162717144-95] [BufferManager.cpp:93] [~BufferManager] Shutting down Buffer Manager completed[m
[36m[03:27:51.173834] [D] [SingleNodeWorker] [WorkerThread-1] [Task:1162717144-95] [InputFormatter.hpp:349] [indexTrailingSpanningTupleProxy] last offset: 262143, first offset: 2[m
[36m[03:28:14.362892] [D] [SingleNodeWorker] [WorkerThread-2] [Task:1162717144-95] [InputFormatter.hpp:349] [indexTrailingSpanningTupleProxy] last offset: 262143, first offset: 12[m
[36m[03:29:13.630418] [D] [SingleNodeWorker] [WorkerThread-3] [Task:1162717144-95] [InputFormatter.hpp:349] [indexTrailingSpanningTupleProxy] last offset: 262143, first offset: 22[m
[36m[03:29:19.785985] [D] [SingleNodeWorker] [WorkerThread-1] [Task:1162717144-95] [InputFormatter.hpp:349] [indexTrailingSpanningTupleProxy] last offset: 262143, first offset: 24[m
[36m[03:29:40.383044] [D] [SingleNodeWorker] [WorkerThread-3] [Task:1162717144] [SourceThread.cpp:232] [tryStop] SourceThread 2: attempting to stop source[m
[36m[03:29:40.383089] [D] [SingleNodeWorker] [WorkerThread-3] [Task:1162717144] [SourceThread.cpp:250] [tryStop] SourceThread 2: stopped[m
[32m[03:29:40.409834] [I] [SingleNodeWorker] [WorkerThread-1] [] [SequenceShredder.cpp:55] [~SequenceShredder] Successfully validated SequenceShredder[m
[32m[03:29:40.411116] [I] [SingleNodeWorker] [WorkerThread-2] [Task:1162717144-96] [VoidSink.cpp:42] [stop] Void Sink completed.[m
[36m[03:29:40.411323] [D] [SingleNodeWorker] [WorkerThread-2] [] [SourceThread.cpp:228] [tryStop] SourceThread 2: thread is not running[m
[36m[03:29:42.876449] [D] [Not A Worker] [unnamed] [queryId:267012532] [BufferManager.cpp:110] [initialize] NES memory allocation requires 1 out of 540577120256 (so 1.8498748143954595e-10%) available bytes[m
[36m[03:29:42.876526] [D] [Not A Worker] [unnamed] [queryId:267012532] [BufferManager.cpp:160] [initialize] BufferManager configuration bufferSize=1 numOfBuffers=1[m
[36m[03:29:42.876772] [D] [Not A Worker] [unnamed] [queryId:267012532] [PipeliningPhase.cpp:404] [apply] Constructed pipeline plan with 1 root pipelines.
PipelinedQueryPlan for Query: 267012532
Number of root pipelines: 1
------------------
Root Pipeline 0:
  Pipeline(ID(97), Provider(COMPILER))
  Operator chain:
    PhysicalOperator(NES::SourcePhysicalOperator)
  Successor Pipeline:
    Pipeline(ID(98), Provider(None))
      Operator chain:
        PhysicalOperator(NES::ScanPhysicalOperator)
          PhysicalOperator(NES::SelectionPhysicalOperator)
            PhysicalOperator(NES::MapPhysicalOperator)
              PhysicalOperator(NES::EmitPhysicalOperator)
      Successor Pipeline:
        Pipeline(ID(99), Provider(None))
          Operator chain:
            PhysicalOperator(NES::SinkPhysicalOperator)

[m
[36m[03:29:42.880753] [D] [Not A Worker] [unnamed] [] [SinkProvider.cpp:30] [lower] The sinkDescriptor is: SinkDescriptor: (name: variant("BID_AUCTION_ID_SINK"), type: Void, Config: )[m
[36m[03:29:42.884676] [D] [SingleNodeWorker] [WorkerThread-3] [Task:267012532-99] [VoidSink.cpp:37] [start] Setting up void sink: VoidSink[m
[36m[03:29:42.944140] [D] [SingleNodeWorker] [WorkerThread-3] [] [SourceThread.cpp:186] [start] Starting source with originId: 2[m
[36m[03:29:42.951239] [D] [SingleNodeWorker] [WorkerThread-3] [Task:267012532-98] [BufferManager.cpp:65] [~BufferManager] Calling BufferManager::destroy()[m
[36m[03:29:42.951273] [D] [SingleNodeWorker] [WorkerThread-3] [Task:267012532-98] [BufferManager.cpp:93] [~BufferManager] Shutting down Buffer Manager completed[m
[36m[03:29:57.777312] [D] [SingleNodeWorker] [WorkerThread-0] [Task:267012532-98] [InputFormatter.hpp:349] [indexTrailingSpanningTupleProxy] last offset: 262143, first offset: 17[m
[36m[03:31:08.978257] [D] [SingleNodeWorker] [WorkerThread-1] [Task:267012532-98] [InputFormatter.hpp:349] [indexTrailingSpanningTupleProxy] last offset: 262143, first offset: 49[m
[36m[03:31:43.472008] [D] [SingleNodeWorker] [WorkerThread-2] [Task:267012532] [SourceThread.cpp:232] [tryStop] SourceThread 2: attempting to stop source[m
[36m[03:31:43.472053] [D] [SingleNodeWorker] [WorkerThread-2] [Task:267012532] [SourceThread.cpp:250] [tryStop] SourceThread 2: stopped[m
[32m[03:31:43.498380] [I] [SingleNodeWorker] [WorkerThread-1] [] [SequenceShredder.cpp:55] [~SequenceShredder] Successfully validated SequenceShredder[m
[32m[03:31:43.505206] [I] [SingleNodeWorker] [WorkerThread-3] [Task:267012532-99] [VoidSink.cpp:42] [stop] Void Sink completed.[m
[36m[03:31:43.505344] [D] [SingleNodeWorker] [WorkerThread-3] [] [SourceThread.cpp:228] [tryStop] SourceThread 2: thread is not running[m
[36m[03:31:45.861135] [D] [Not A Worker] [unnamed] [queryId:941589335] [BufferManager.cpp:110] [initialize] NES memory allocation requires 1 out of 540577120256 (so 1.8498748143954595e-10%) available bytes[m
[36m[03:31:45.861195] [D] [Not A Worker] [unnamed] [queryId:941589335] [BufferManager.cpp:160] [initialize] BufferManager configuration bufferSize=1 numOfBuffers=1[m
[36m[03:31:45.861376] [D] [Not A Worker] [unnamed] [queryId:941589335] [PipeliningPhase.cpp:404] [apply] Constructed pipeline plan with 1 root pipelines.
PipelinedQueryPlan for Query: 941589335
Number of root pipelines: 1
------------------
Root Pipeline 0:
  Pipeline(ID(100), Provider(COMPILER))
  Operator chain:
    PhysicalOperator(NES::SourcePhysicalOperator)
  Successor Pipeline:
    Pipeline(ID(101), Provider(None))
      Operator chain:
        PhysicalOperator(NES::ScanPhysicalOperator)
          PhysicalOperator(NES::SelectionPhysicalOperator)
            PhysicalOperator(NES::MapPhysicalOperator)
              PhysicalOperator(NES::EmitPhysicalOperator)
      Successor Pipeline:
        Pipeline(ID(102), Provider(None))
          Operator chain:
            PhysicalOperator(NES::SinkPhysicalOperator)

[m
[36m[03:31:45.865295] [D] [Not A Worker] [unnamed] [] [SinkProvider.cpp:30] [lower] The sinkDescriptor is: SinkDescriptor: (name: variant("BID_AUCTION_ID_SINK"), type: Void, Config: )[m
[36m[03:31:45.867304] [D] [SingleNodeWorker] [WorkerThread-2] [Task:941589335-102] [VoidSink.cpp:37] [start] Setting up void sink: VoidSink[m
[36m[03:31:45.925350] [D] [SingleNodeWorker] [WorkerThread-3] [] [SourceThread.cpp:186] [start] Starting source with originId: 2[m
[36m[03:31:45.932338] [D] [SingleNodeWorker] [WorkerThread-3] [Task:941589335-101] [BufferManager.cpp:65] [~BufferManager] Calling BufferManager::destroy()[m
[36m[03:31:45.932368] [D] [SingleNodeWorker] [WorkerThread-3] [Task:941589335-101] [BufferManager.cpp:93] [~BufferManager] Shutting down Buffer Manager completed[m
[36m[03:31:56.243373] [D] [SingleNodeWorker] [WorkerThread-3] [Task:941589335-101] [InputFormatter.hpp:349] [indexTrailingSpanningTupleProxy] last offset: 262143, first offset: 35[m
[36m[03:32:01.992661] [D] [SingleNodeWorker] [WorkerThread-0] [Task:941589335-101] [InputFormatter.hpp:349] [indexTrailingSpanningTupleProxy] last offset: 262143, first offset: 83[m
[36m[03:33:12.641291] [D] [SingleNodeWorker] [WorkerThread-2] [Task:941589335-101] [InputFormatter.hpp:349] [indexTrailingSpanningTupleProxy] last offset: 262143, first offset: 27[m
[36m[03:33:46.497226] [D] [SingleNodeWorker] [WorkerThread-1] [Task:941589335] [SourceThread.cpp:232] [tryStop] SourceThread 2: attempting to stop source[m
[36m[03:33:46.497283] [D] [SingleNodeWorker] [WorkerThread-1] [Task:941589335] [SourceThread.cpp:250] [tryStop] SourceThread 2: stopped[m
[32m[03:33:46.525121] [I] [SingleNodeWorker] [WorkerThread-3] [] [SequenceShredder.cpp:55] [~SequenceShredder] Successfully validated SequenceShredder[m
[32m[03:33:46.527004] [I] [SingleNodeWorker] [WorkerThread-2] [Task:941589335-102] [VoidSink.cpp:42] [stop] Void Sink completed.[m
[36m[03:33:46.527169] [D] [SingleNodeWorker] [WorkerThread-2] [] [SourceThread.cpp:228] [tryStop] SourceThread 2: thread is not running[m
[36m[03:33:49.417795] [D] [Not A Worker] [unnamed] [queryId:543710578] [BufferManager.cpp:110] [initialize] NES memory allocation requires 1 out of 540577120256 (so 1.8498748143954595e-10%) available bytes[m
[36m[03:33:49.417865] [D] [Not A Worker] [unnamed] [queryId:543710578] [BufferManager.cpp:160] [initialize] BufferManager configuration bufferSize=1 numOfBuffers=1[m
[36m[03:33:49.418064] [D] [Not A Worker] [unnamed] [queryId:543710578] [PipeliningPhase.cpp:404] [apply] Constructed pipeline plan with 1 root pipelines.
PipelinedQueryPlan for Query: 543710578
Number of root pipelines: 1
------------------
Root Pipeline 0:
  Pipeline(ID(103), Provider(COMPILER))
  Operator chain:
    PhysicalOperator(NES::SourcePhysicalOperator)
  Successor Pipeline:
    Pipeline(ID(104), Provider(None))
      Operator chain:
        PhysicalOperator(NES::ScanPhysicalOperator)
          PhysicalOperator(NES::SelectionPhysicalOperator)
            PhysicalOperator(NES::MapPhysicalOperator)
              PhysicalOperator(NES::EmitPhysicalOperator)
      Successor Pipeline:
        Pipeline(ID(105), Provider(None))
          Operator chain:
            PhysicalOperator(NES::SinkPhysicalOperator)

[m
[36m[03:33:49.421287] [D] [Not A Worker] [unnamed] [] [SinkProvider.cpp:30] [lower] The sinkDescriptor is: SinkDescriptor: (name: variant("BID_AUCTION_ID_SINK"), type: Void, Config: )[m
[36m[03:33:49.422623] [D] [SingleNodeWorker] [WorkerThread-1] [Task:543710578-105] [VoidSink.cpp:37] [start] Setting up void sink: VoidSink[m
[36m[03:33:49.482794] [D] [SingleNodeWorker] [WorkerThread-1] [] [SourceThread.cpp:186] [start] Starting source with originId: 2[m
[36m[03:33:49.489858] [D] [SingleNodeWorker] [WorkerThread-1] [Task:543710578-104] [BufferManager.cpp:65] [~BufferManager] Calling BufferManager::destroy()[m
[36m[03:33:49.489886] [D] [SingleNodeWorker] [WorkerThread-1] [Task:543710578-104] [BufferManager.cpp:93] [~BufferManager] Shutting down Buffer Manager completed[m
[36m[03:34:25.310032] [D] [SingleNodeWorker] [WorkerThread-0] [Task:543710578-104] [InputFormatter.hpp:349] [indexTrailingSpanningTupleProxy] last offset: 262143, first offset: 14[m
[36m[03:35:50.330512] [D] [SingleNodeWorker] [WorkerThread-2] [Task:543710578] [SourceThread.cpp:232] [tryStop] SourceThread 2: attempting to stop source[m
[36m[03:35:50.330579] [D] [SingleNodeWorker] [WorkerThread-2] [Task:543710578] [SourceThread.cpp:250] [tryStop] SourceThread 2: stopped[m
[32m[03:35:50.360117] [I] [SingleNodeWorker] [WorkerThread-3] [] [SequenceShredder.cpp:55] [~SequenceShredder] Successfully validated SequenceShredder[m
[32m[03:35:50.361645] [I] [SingleNodeWorker] [WorkerThread-0] [Task:543710578-105] [VoidSink.cpp:42] [stop] Void Sink completed.[m
[36m[03:35:50.361724] [D] [SingleNodeWorker] [WorkerThread-0] [] [SourceThread.cpp:228] [tryStop] SourceThread 2: thread is not running[m
[36m[03:35:53.285988] [D] [Not A Worker] [unnamed] [queryId:2082642284] [BufferManager.cpp:110] [initialize] NES memory allocation requires 1 out of 540577120256 (so 1.8498748143954595e-10%) available bytes[m
[36m[03:35:53.286059] [D] [Not A Worker] [unnamed] [queryId:2082642284] [BufferManager.cpp:160] [initialize] BufferManager configuration bufferSize=1 numOfBuffers=1[m
[36m[03:35:53.286291] [D] [Not A Worker] [unnamed] [queryId:2082642284] [PipeliningPhase.cpp:404] [apply] Constructed pipeline plan with 1 root pipelines.
PipelinedQueryPlan for Query: 2082642284
Number of root pipelines: 1
------------------
Root Pipeline 0:
  Pipeline(ID(106), Provider(COMPILER))
  Operator chain:
    PhysicalOperator(NES::SourcePhysicalOperator)
  Successor Pipeline:
    Pipeline(ID(107), Provider(None))
      Operator chain:
        PhysicalOperator(NES::ScanPhysicalOperator)
          PhysicalOperator(NES::SelectionPhysicalOperator)
            PhysicalOperator(NES::MapPhysicalOperator)
              PhysicalOperator(NES::EmitPhysicalOperator)
      Successor Pipeline:
        Pipeline(ID(108), Provider(None))
          Operator chain:
            PhysicalOperator(NES::SinkPhysicalOperator)

[m
[36m[03:35:53.290541] [D] [Not A Worker] [unnamed] [] [SinkProvider.cpp:30] [lower] The sinkDescriptor is: SinkDescriptor: (name: variant("BID_AUCTION_ID_SINK"), type: Void, Config: )[m
[36m[03:35:53.291610] [D] [SingleNodeWorker] [WorkerThread-3] [Task:2082642284-108] [VoidSink.cpp:37] [start] Setting up void sink: VoidSink[m
[36m[03:35:53.352807] [D] [SingleNodeWorker] [WorkerThread-3] [] [SourceThread.cpp:186] [start] Starting source with originId: 2[m
[36m[03:35:53.359866] [D] [SingleNodeWorker] [WorkerThread-3] [Task:2082642284-107] [BufferManager.cpp:65] [~BufferManager] Calling BufferManager::destroy()[m
[36m[03:35:53.359904] [D] [SingleNodeWorker] [WorkerThread-3] [Task:2082642284-107] [BufferManager.cpp:93] [~BufferManager] Shutting down Buffer Manager completed[m
[36m[03:36:12.828889] [D] [SingleNodeWorker] [WorkerThread-2] [Task:2082642284-107] [InputFormatter.hpp:349] [indexTrailingSpanningTupleProxy] last offset: 262143, first offset: 80[m
[36m[03:37:53.749094] [D] [SingleNodeWorker] [WorkerThread-1] [Task:2082642284] [SourceThread.cpp:232] [tryStop] SourceThread 2: attempting to stop source[m
[36m[03:37:53.749147] [D] [SingleNodeWorker] [WorkerThread-1] [Task:2082642284] [SourceThread.cpp:250] [tryStop] SourceThread 2: stopped[m
[32m[03:37:53.775048] [I] [SingleNodeWorker] [WorkerThread-2] [] [SequenceShredder.cpp:55] [~SequenceShredder] Successfully validated SequenceShredder[m
[32m[03:37:53.779013] [I] [SingleNodeWorker] [WorkerThread-0] [Task:2082642284-108] [VoidSink.cpp:42] [stop] Void Sink completed.[m
[36m[03:37:53.779202] [D] [SingleNodeWorker] [WorkerThread-0] [] [SourceThread.cpp:228] [tryStop] SourceThread 2: thread is not running[m
[36m[03:37:56.503864] [D] [Not A Worker] [unnamed] [queryId:1905585326] [BufferManager.cpp:110] [initialize] NES memory allocation requires 1 out of 540577120256 (so 1.8498748143954595e-10%) available bytes[m
[36m[03:37:56.503928] [D] [Not A Worker] [unnamed] [queryId:1905585326] [BufferManager.cpp:160] [initialize] BufferManager configuration bufferSize=1 numOfBuffers=1[m
[36m[03:37:56.504123] [D] [Not A Worker] [unnamed] [queryId:1905585326] [PipeliningPhase.cpp:404] [apply] Constructed pipeline plan with 1 root pipelines.
PipelinedQueryPlan for Query: 1905585326
Number of root pipelines: 1
------------------
Root Pipeline 0:
  Pipeline(ID(109), Provider(COMPILER))
  Operator chain:
    PhysicalOperator(NES::SourcePhysicalOperator)
  Successor Pipeline:
    Pipeline(ID(110), Provider(None))
      Operator chain:
        PhysicalOperator(NES::ScanPhysicalOperator)
          PhysicalOperator(NES::SelectionPhysicalOperator)
            PhysicalOperator(NES::MapPhysicalOperator)
              PhysicalOperator(NES::EmitPhysicalOperator)
      Successor Pipeline:
        Pipeline(ID(111), Provider(None))
          Operator chain:
            PhysicalOperator(NES::SinkPhysicalOperator)

[m
[36m[03:37:56.508135] [D] [Not A Worker] [unnamed] [] [SinkProvider.cpp:30] [lower] The sinkDescriptor is: SinkDescriptor: (name: variant("BID_AUCTION_ID_SINK"), type: Void, Config: )[m
[36m[03:37:56.509469] [D] [SingleNodeWorker] [WorkerThread-0] [Task:1905585326-111] [VoidSink.cpp:37] [start] Setting up void sink: VoidSink[m
[36m[03:37:56.569015] [D] [SingleNodeWorker] [WorkerThread-0] [] [SourceThread.cpp:186] [start] Starting source with originId: 2[m
[36m[03:37:56.575982] [D] [SingleNodeWorker] [WorkerThread-2] [Task:1905585326-110] [BufferManager.cpp:65] [~BufferManager] Calling BufferManager::destroy()[m
[36m[03:37:56.576061] [D] [SingleNodeWorker] [WorkerThread-2] [Task:1905585326-110] [BufferManager.cpp:93] [~BufferManager] Shutting down Buffer Manager completed[m
[36m[03:39:57.013389] [D] [SingleNodeWorker] [WorkerThread-1] [Task:1905585326] [SourceThread.cpp:232] [tryStop] SourceThread 2: attempting to stop source[m
[36m[03:39:57.013443] [D] [SingleNodeWorker] [WorkerThread-1] [Task:1905585326] [SourceThread.cpp:250] [tryStop] SourceThread 2: stopped[m
[32m[03:39:57.040887] [I] [SingleNodeWorker] [WorkerThread-2] [] [SequenceShredder.cpp:55] [~SequenceShredder] Successfully validated SequenceShredder[m
[32m[03:39:57.041777] [I] [SingleNodeWorker] [WorkerThread-3] [Task:1905585326-111] [VoidSink.cpp:42] [stop] Void Sink completed.[m
[36m[03:39:57.041862] [D] [SingleNodeWorker] [WorkerThread-3] [] [SourceThread.cpp:228] [tryStop] SourceThread 2: thread is not running[m
[36m[03:40:00.805086] [D] [Not A Worker] [unnamed] [queryId:2061187130] [BufferManager.cpp:110] [initialize] NES memory allocation requires 1 out of 540577120256 (so 1.8498748143954595e-10%) available bytes[m
[36m[03:40:00.805152] [D] [Not A Worker] [unnamed] [queryId:2061187130] [BufferManager.cpp:160] [initialize] BufferManager configuration bufferSize=1 numOfBuffers=1[m
[36m[03:40:00.805334] [D] [Not A Worker] [unnamed] [queryId:2061187130] [PipeliningPhase.cpp:404] [apply] Constructed pipeline plan with 1 root pipelines.
PipelinedQueryPlan for Query: 2061187130
Number of root pipelines: 1
------------------
Root Pipeline 0:
  Pipeline(ID(112), Provider(COMPILER))
  Operator chain:
    PhysicalOperator(NES::SourcePhysicalOperator)
  Successor Pipeline:
    Pipeline(ID(113), Provider(None))
      Operator chain:
        PhysicalOperator(NES::ScanPhysicalOperator)
          PhysicalOperator(NES::SelectionPhysicalOperator)
            PhysicalOperator(NES::MapPhysicalOperator)
              PhysicalOperator(NES::EmitPhysicalOperator)
      Successor Pipeline:
        Pipeline(ID(114), Provider(None))
          Operator chain:
            PhysicalOperator(NES::SinkPhysicalOperator)

[m
[36m[03:40:00.809442] [D] [Not A Worker] [unnamed] [] [SinkProvider.cpp:30] [lower] The sinkDescriptor is: SinkDescriptor: (name: variant("BID_AUCTION_ID_SINK"), type: Void, Config: )[m
[36m[03:40:00.809919] [D] [SingleNodeWorker] [WorkerThread-1] [Task:2061187130-114] [VoidSink.cpp:37] [start] Setting up void sink: VoidSink[m
[36m[03:40:00.870400] [D] [SingleNodeWorker] [WorkerThread-1] [] [SourceThread.cpp:186] [start] Starting source with originId: 2[m
[36m[03:40:00.877300] [D] [SingleNodeWorker] [WorkerThread-1] [Task:2061187130-113] [BufferManager.cpp:65] [~BufferManager] Calling BufferManager::destroy()[m
[36m[03:40:00.877330] [D] [SingleNodeWorker] [WorkerThread-1] [Task:2061187130-113] [BufferManager.cpp:93] [~BufferManager] Shutting down Buffer Manager completed[m
[36m[03:40:45.311520] [D] [SingleNodeWorker] [WorkerThread-2] [Task:2061187130-113] [InputFormatter.hpp:349] [indexTrailingSpanningTupleProxy] last offset: 262143, first offset: 71[m
[36m[03:42:01.262157] [D] [SingleNodeWorker] [WorkerThread-0] [Task:2061187130] [SourceThread.cpp:232] [tryStop] SourceThread 2: attempting to stop source[m
[36m[03:42:01.262227] [D] [SingleNodeWorker] [WorkerThread-0] [Task:2061187130] [SourceThread.cpp:250] [tryStop] SourceThread 2: stopped[m
[32m[03:42:01.292431] [I] [SingleNodeWorker] [WorkerThread-2] [] [SequenceShredder.cpp:55] [~SequenceShredder] Successfully validated SequenceShredder[m
[32m[03:42:01.297823] [I] [SingleNodeWorker] [WorkerThread-3] [Task:2061187130-114] [VoidSink.cpp:42] [stop] Void Sink completed.[m
[36m[03:42:01.297976] [D] [SingleNodeWorker] [WorkerThread-3] [] [SourceThread.cpp:228] [tryStop] SourceThread 2: thread is not running[m
[36m[03:42:03.753703] [D] [Not A Worker] [unnamed] [queryId:1640235273] [BufferManager.cpp:110] [initialize] NES memory allocation requires 1 out of 540577120256 (so 1.8498748143954595e-10%) available bytes[m
[36m[03:42:03.753772] [D] [Not A Worker] [unnamed] [queryId:1640235273] [BufferManager.cpp:160] [initialize] BufferManager configuration bufferSize=1 numOfBuffers=1[m
[36m[03:42:03.754007] [D] [Not A Worker] [unnamed] [queryId:1640235273] [PipeliningPhase.cpp:404] [apply] Constructed pipeline plan with 1 root pipelines.
PipelinedQueryPlan for Query: 1640235273
Number of root pipelines: 1
------------------
Root Pipeline 0:
  Pipeline(ID(115), Provider(COMPILER))
  Operator chain:
    PhysicalOperator(NES::SourcePhysicalOperator)
  Successor Pipeline:
    Pipeline(ID(116), Provider(None))
      Operator chain:
        PhysicalOperator(NES::ScanPhysicalOperator)
          PhysicalOperator(NES::SelectionPhysicalOperator)
            PhysicalOperator(NES::MapPhysicalOperator)
              PhysicalOperator(NES::EmitPhysicalOperator)
      Successor Pipeline:
        Pipeline(ID(117), Provider(None))
          Operator chain:
            PhysicalOperator(NES::SinkPhysicalOperator)

[m
[36m[03:42:03.757677] [D] [Not A Worker] [unnamed] [] [SinkProvider.cpp:30] [lower] The sinkDescriptor is: SinkDescriptor: (name: variant("BID_AUCTION_ID_SINK"), type: Void, Config: )[m
[36m[03:42:03.767682] [D] [SingleNodeWorker] [WorkerThread-2] [Task:1640235273-117] [VoidSink.cpp:37] [start] Setting up void sink: VoidSink[m
[36m[03:42:03.827101] [D] [SingleNodeWorker] [WorkerThread-2] [] [SourceThread.cpp:186] [start] Starting source with originId: 2[m
[36m[03:42:03.834144] [D] [SingleNodeWorker] [WorkerThread-2] [Task:1640235273-116] [BufferManager.cpp:65] [~BufferManager] Calling BufferManager::destroy()[m
[36m[03:42:03.834176] [D] [SingleNodeWorker] [WorkerThread-2] [Task:1640235273-116] [BufferManager.cpp:93] [~BufferManager] Shutting down Buffer Manager completed[m
[36m[03:42:30.804420] [D] [SingleNodeWorker] [WorkerThread-1] [Task:1640235273-116] [InputFormatter.hpp:349] [indexTrailingSpanningTupleProxy] last offset: 262143, first offset: 10[m
[36m[03:44:04.384758] [D] [SingleNodeWorker] [WorkerThread-3] [Task:1640235273] [SourceThread.cpp:232] [tryStop] SourceThread 2: attempting to stop source[m
[36m[03:44:04.384806] [D] [SingleNodeWorker] [WorkerThread-3] [Task:1640235273] [SourceThread.cpp:250] [tryStop] SourceThread 2: stopped[m
[32m[03:44:04.412100] [I] [SingleNodeWorker] [WorkerThread-2] [] [SequenceShredder.cpp:55] [~SequenceShredder] Successfully validated SequenceShredder[m
[32m[03:44:04.416734] [I] [SingleNodeWorker] [WorkerThread-0] [Task:1640235273-117] [VoidSink.cpp:42] [stop] Void Sink completed.[m
[36m[03:44:04.416894] [D] [SingleNodeWorker] [WorkerThread-0] [] [SourceThread.cpp:228] [tryStop] SourceThread 2: thread is not running[m
[36m[03:44:07.244158] [D] [Not A Worker] [unnamed] [queryId:869549771] [BufferManager.cpp:110] [initialize] NES memory allocation requires 1 out of 540577120256 (so 1.8498748143954595e-10%) available bytes[m
[36m[03:44:07.244235] [D] [Not A Worker] [unnamed] [queryId:869549771] [BufferManager.cpp:160] [initialize] BufferManager configuration bufferSize=1 numOfBuffers=1[m
[36m[03:44:07.244431] [D] [Not A Worker] [unnamed] [queryId:869549771] [PipeliningPhase.cpp:404] [apply] Constructed pipeline plan with 1 root pipelines.
PipelinedQueryPlan for Query: 869549771
Number of root pipelines: 1
------------------
Root Pipeline 0:
  Pipeline(ID(118), Provider(COMPILER))
  Operator chain:
    PhysicalOperator(NES::SourcePhysicalOperator)
  Successor Pipeline:
    Pipeline(ID(119), Provider(None))
      Operator chain:
        PhysicalOperator(NES::ScanPhysicalOperator)
          PhysicalOperator(NES::SelectionPhysicalOperator)
            PhysicalOperator(NES::MapPhysicalOperator)
              PhysicalOperator(NES::EmitPhysicalOperator)
      Successor Pipeline:
        Pipeline(ID(120), Provider(None))
          Operator chain:
            PhysicalOperator(NES::SinkPhysicalOperator)

[m
[36m[03:44:07.248035] [D] [Not A Worker] [unnamed] [] [SinkProvider.cpp:30] [lower] The sinkDescriptor is: SinkDescriptor: (name: variant("BID_AUCTION_ID_SINK"), type: Void, Config: )[m
[36m[03:44:07.248559] [D] [SingleNodeWorker] [WorkerThread-3] [Task:869549771-120] [VoidSink.cpp:37] [start] Setting up void sink: VoidSink[m
[36m[03:44:07.311407] [D] [SingleNodeWorker] [WorkerThread-0] [] [SourceThread.cpp:186] [start] Starting source with originId: 2[m
[36m[03:44:07.318535] [D] [SingleNodeWorker] [WorkerThread-0] [Task:869549771-119] [BufferManager.cpp:65] [~BufferManager] Calling BufferManager::destroy()[m
[36m[03:44:07.318565] [D] [SingleNodeWorker] [WorkerThread-0] [Task:869549771-119] [BufferManager.cpp:93] [~BufferManager] Shutting down Buffer Manager completed[m
[36m[03:44:37.127863] [D] [SingleNodeWorker] [WorkerThread-0] [Task:869549771-119] [InputFormatter.hpp:349] [indexTrailingSpanningTupleProxy] last offset: 262143, first offset: 17[m
[36m[03:45:13.219615] [D] [SingleNodeWorker] [WorkerThread-3] [Task:869549771-119] [InputFormatter.hpp:349] [indexTrailingSpanningTupleProxy] last offset: 262143, first offset: 80[m
[36m[03:46:07.552690] [D] [SingleNodeWorker] [WorkerThread-1] [Task:869549771] [SourceThread.cpp:232] [tryStop] SourceThread 2: attempting to stop source[m
[36m[03:46:07.552746] [D] [SingleNodeWorker] [WorkerThread-1] [Task:869549771] [SourceThread.cpp:250] [tryStop] SourceThread 2: stopped[m
[32m[03:46:07.579205] [I] [SingleNodeWorker] [WorkerThread-0] [] [SequenceShredder.cpp:55] [~SequenceShredder] Successfully validated SequenceShredder[m
[32m[03:46:07.580983] [I] [SingleNodeWorker] [WorkerThread-2] [Task:869549771-120] [VoidSink.cpp:42] [stop] Void Sink completed.[m
[36m[03:46:07.581129] [D] [SingleNodeWorker] [WorkerThread-2] [] [SourceThread.cpp:228] [tryStop] SourceThread 2: thread is not running[m
[36m[03:46:10.804634] [D] [Not A Worker] [unnamed] [queryId:953980428] [BufferManager.cpp:110] [initialize] NES memory allocation requires 1 out of 540577120256 (so 1.8498748143954595e-10%) available bytes[m
[36m[03:46:10.804708] [D] [Not A Worker] [unnamed] [queryId:953980428] [BufferManager.cpp:160] [initialize] BufferManager configuration bufferSize=1 numOfBuffers=1[m
[36m[03:46:10.804928] [D] [Not A Worker] [unnamed] [queryId:953980428] [PipeliningPhase.cpp:404] [apply] Constructed pipeline plan with 1 root pipelines.
PipelinedQueryPlan for Query: 953980428
Number of root pipelines: 1
------------------
Root Pipeline 0:
  Pipeline(ID(121), Provider(COMPILER))
  Operator chain:
    PhysicalOperator(NES::SourcePhysicalOperator)
  Successor Pipeline:
    Pipeline(ID(122), Provider(None))
      Operator chain:
        PhysicalOperator(NES::ScanPhysicalOperator)
          PhysicalOperator(NES::SelectionPhysicalOperator)
            PhysicalOperator(NES::MapPhysicalOperator)
              PhysicalOperator(NES::EmitPhysicalOperator)
      Successor Pipeline:
        Pipeline(ID(123), Provider(None))
          Operator chain:
            PhysicalOperator(NES::SinkPhysicalOperator)

[m
[36m[03:46:10.808935] [D] [Not A Worker] [unnamed] [] [SinkProvider.cpp:30] [lower] The sinkDescriptor is: SinkDescriptor: (name: variant("CITY_SINK"), type: Void, Config: )[m
[36m[03:46:10.822925] [D] [SingleNodeWorker] [WorkerThread-1] [Task:953980428-123] [VoidSink.cpp:37] [start] Setting up void sink: VoidSink[m
[36m[03:46:10.896847] [D] [SingleNodeWorker] [WorkerThread-1] [] [SourceThread.cpp:186] [start] Starting source with originId: 2[m
[36m[03:46:10.903834] [D] [SingleNodeWorker] [WorkerThread-1] [Task:953980428-122] [BufferManager.cpp:65] [~BufferManager] Calling BufferManager::destroy()[m
[36m[03:46:10.903864] [D] [SingleNodeWorker] [WorkerThread-1] [Task:953980428-122] [BufferManager.cpp:93] [~BufferManager] Shutting down Buffer Manager completed[m
[36m[03:46:16.199937] [D] [SingleNodeWorker] [WorkerThread-0] [Task:953980428] [SourceThread.cpp:232] [tryStop] SourceThread 2: attempting to stop source[m
[36m[03:46:16.199981] [D] [SingleNodeWorker] [WorkerThread-0] [Task:953980428] [SourceThread.cpp:250] [tryStop] SourceThread 2: stopped[m
[32m[03:46:16.227318] [I] [SingleNodeWorker] [WorkerThread-1] [Task:953980428-123] [VoidSink.cpp:42] [stop] Void Sink completed.[m
[32m[03:46:16.227428] [I] [SingleNodeWorker] [WorkerThread-3] [] [SequenceShredder.cpp:55] [~SequenceShredder] Successfully validated SequenceShredder[m
[36m[03:46:16.227458] [D] [SingleNodeWorker] [WorkerThread-1] [] [SourceThread.cpp:228] [tryStop] SourceThread 2: thread is not running[m
[36m[03:46:18.666621] [D] [Not A Worker] [unnamed] [queryId:746951597] [BufferManager.cpp:110] [initialize] NES memory allocation requires 1 out of 540577120256 (so 1.8498748143954595e-10%) available bytes[m
[36m[03:46:18.666682] [D] [Not A Worker] [unnamed] [queryId:746951597] [BufferManager.cpp:160] [initialize] BufferManager configuration bufferSize=1 numOfBuffers=1[m
[36m[03:46:18.666880] [D] [Not A Worker] [unnamed] [queryId:746951597] [PipeliningPhase.cpp:404] [apply] Constructed pipeline plan with 1 root pipelines.
PipelinedQueryPlan for Query: 746951597
Number of root pipelines: 1
------------------
Root Pipeline 0:
  Pipeline(ID(124), Provider(COMPILER))
  Operator chain:
    PhysicalOperator(NES::SourcePhysicalOperator)
  Successor Pipeline:
    Pipeline(ID(125), Provider(None))
      Operator chain:
        PhysicalOperator(NES::ScanPhysicalOperator)
          PhysicalOperator(NES::SelectionPhysicalOperator)
            PhysicalOperator(NES::MapPhysicalOperator)
              PhysicalOperator(NES::EmitPhysicalOperator)
      Successor Pipeline:
        Pipeline(ID(126), Provider(None))
          Operator chain:
            PhysicalOperator(NES::SinkPhysicalOperator)

[m
[36m[03:46:18.670767] [D] [Not A Worker] [unnamed] [] [SinkProvider.cpp:30] [lower] The sinkDescriptor is: SinkDescriptor: (name: variant("CITY_SINK"), type: Void, Config: )[m
[36m[03:46:18.684467] [D] [SingleNodeWorker] [WorkerThread-1] [Task:746951597-126] [VoidSink.cpp:37] [start] Setting up void sink: VoidSink[m
[36m[03:46:18.759289] [D] [SingleNodeWorker] [WorkerThread-1] [] [SourceThread.cpp:186] [start] Starting source with originId: 2[m
[36m[03:46:18.760498] [D] [SingleNodeWorker] [WorkerThread-2] [Task:746951597-125] [BufferManager.cpp:65] [~BufferManager] Calling BufferManager::destroy()[m
[36m[03:46:18.760577] [D] [SingleNodeWorker] [WorkerThread-2] [Task:746951597-125] [BufferManager.cpp:93] [~BufferManager] Shutting down Buffer Manager completed[m
[36m[03:46:24.063974] [D] [SingleNodeWorker] [WorkerThread-3] [Task:746951597] [SourceThread.cpp:232] [tryStop] SourceThread 2: attempting to stop source[m
[36m[03:46:24.064019] [D] [SingleNodeWorker] [WorkerThread-3] [Task:746951597] [SourceThread.cpp:250] [tryStop] SourceThread 2: stopped[m
[32m[03:46:24.090459] [I] [SingleNodeWorker] [WorkerThread-0] [] [SequenceShredder.cpp:55] [~SequenceShredder] Successfully validated SequenceShredder[m
[32m[03:46:24.099237] [I] [SingleNodeWorker] [WorkerThread-3] [Task:746951597-126] [VoidSink.cpp:42] [stop] Void Sink completed.[m
[36m[03:46:24.099358] [D] [SingleNodeWorker] [WorkerThread-3] [] [SourceThread.cpp:228] [tryStop] SourceThread 2: thread is not running[m
[36m[03:46:26.621377] [D] [Not A Worker] [unnamed] [queryId:1028912777] [BufferManager.cpp:110] [initialize] NES memory allocation requires 1 out of 540577120256 (so 1.8498748143954595e-10%) available bytes[m
[36m[03:46:26.621451] [D] [Not A Worker] [unnamed] [queryId:1028912777] [BufferManager.cpp:160] [initialize] BufferManager configuration bufferSize=1 numOfBuffers=1[m
[36m[03:46:26.621630] [D] [Not A Worker] [unnamed] [queryId:1028912777] [PipeliningPhase.cpp:404] [apply] Constructed pipeline plan with 1 root pipelines.
PipelinedQueryPlan for Query: 1028912777
Number of root pipelines: 1
------------------
Root Pipeline 0:
  Pipeline(ID(127), Provider(COMPILER))
  Operator chain:
    PhysicalOperator(NES::SourcePhysicalOperator)
  Successor Pipeline:
    Pipeline(ID(128), Provider(None))
      Operator chain:
        PhysicalOperator(NES::ScanPhysicalOperator)
          PhysicalOperator(NES::SelectionPhysicalOperator)
            PhysicalOperator(NES::MapPhysicalOperator)
              PhysicalOperator(NES::EmitPhysicalOperator)
      Successor Pipeline:
        Pipeline(ID(129), Provider(None))
          Operator chain:
            PhysicalOperator(NES::SinkPhysicalOperator)

[m
[36m[03:46:26.625694] [D] [Not A Worker] [unnamed] [] [SinkProvider.cpp:30] [lower] The sinkDescriptor is: SinkDescriptor: (name: variant("CITY_SINK"), type: Void, Config: )[m
[36m[03:46:26.627260] [D] [SingleNodeWorker] [WorkerThread-3] [Task:1028912777-129] [VoidSink.cpp:37] [start] Setting up void sink: VoidSink[m
[36m[03:46:26.702244] [D] [SingleNodeWorker] [WorkerThread-3] [] [SourceThread.cpp:186] [start] Starting source with originId: 2[m
[36m[03:46:26.703773] [D] [SingleNodeWorker] [WorkerThread-3] [Task:1028912777-128] [BufferManager.cpp:65] [~BufferManager] Calling BufferManager::destroy()[m
[36m[03:46:26.703801] [D] [SingleNodeWorker] [WorkerThread-3] [Task:1028912777-128] [BufferManager.cpp:93] [~BufferManager] Shutting down Buffer Manager completed[m
[36m[03:46:32.003879] [D] [SingleNodeWorker] [WorkerThread-2] [Task:1028912777] [SourceThread.cpp:232] [tryStop] SourceThread 2: attempting to stop source[m
[36m[03:46:32.003930] [D] [SingleNodeWorker] [WorkerThread-2] [Task:1028912777] [SourceThread.cpp:250] [tryStop] SourceThread 2: stopped[m
[32m[03:46:32.031288] [I] [SingleNodeWorker] [WorkerThread-3] [Task:1028912777-129] [VoidSink.cpp:42] [stop] Void Sink completed.[m
[36m[03:46:32.031429] [D] [SingleNodeWorker] [WorkerThread-3] [] [SourceThread.cpp:228] [tryStop] SourceThread 2: thread is not running[m
[32m[03:46:32.031512] [I] [SingleNodeWorker] [WorkerThread-1] [] [SequenceShredder.cpp:55] [~SequenceShredder] Successfully validated SequenceShredder[m
[36m[03:46:34.373998] [D] [Not A Worker] [unnamed] [queryId:142960881] [BufferManager.cpp:110] [initialize] NES memory allocation requires 1 out of 540577120256 (so 1.8498748143954595e-10%) available bytes[m
[36m[03:46:34.374060] [D] [Not A Worker] [unnamed] [queryId:142960881] [BufferManager.cpp:160] [initialize] BufferManager configuration bufferSize=1 numOfBuffers=1[m
[36m[03:46:34.374229] [D] [Not A Worker] [unnamed] [queryId:142960881] [PipeliningPhase.cpp:404] [apply] Constructed pipeline plan with 1 root pipelines.
PipelinedQueryPlan for Query: 142960881
Number of root pipelines: 1
------------------
Root Pipeline 0:
  Pipeline(ID(130), Provider(COMPILER))
  Operator chain:
    PhysicalOperator(NES::SourcePhysicalOperator)
  Successor Pipeline:
    Pipeline(ID(131), Provider(None))
      Operator chain:
        PhysicalOperator(NES::ScanPhysicalOperator)
          PhysicalOperator(NES::SelectionPhysicalOperator)
            PhysicalOperator(NES::MapPhysicalOperator)
              PhysicalOperator(NES::EmitPhysicalOperator)
      Successor Pipeline:
        Pipeline(ID(132), Provider(None))
          Operator chain:
            PhysicalOperator(NES::SinkPhysicalOperator)

[m
[36m[03:46:34.377683] [D] [Not A Worker] [unnamed] [] [SinkProvider.cpp:30] [lower] The sinkDescriptor is: SinkDescriptor: (name: variant("CITY_SINK"), type: Void, Config: )[m
[36m[03:46:34.380591] [D] [SingleNodeWorker] [WorkerThread-3] [Task:142960881-132] [VoidSink.cpp:37] [start] Setting up void sink: VoidSink[m
[36m[03:46:34.453915] [D] [SingleNodeWorker] [WorkerThread-3] [] [SourceThread.cpp:186] [start] Starting source with originId: 2[m
[36m[03:46:34.455445] [D] [SingleNodeWorker] [WorkerThread-3] [Task:142960881-131] [BufferManager.cpp:65] [~BufferManager] Calling BufferManager::destroy()[m
[36m[03:46:34.455471] [D] [SingleNodeWorker] [WorkerThread-3] [Task:142960881-131] [BufferManager.cpp:93] [~BufferManager] Shutting down Buffer Manager completed[m
[36m[03:46:36.276260] [D] [SingleNodeWorker] [WorkerThread-0] [Task:142960881-131] [InputFormatter.hpp:349] [indexTrailingSpanningTupleProxy] last offset: 262143, first offset: 152[m
[36m[03:46:39.748735] [D] [SingleNodeWorker] [WorkerThread-3] [Task:142960881] [SourceThread.cpp:232] [tryStop] SourceThread 2: attempting to stop source[m
[36m[03:46:39.748776] [D] [SingleNodeWorker] [WorkerThread-3] [Task:142960881] [SourceThread.cpp:250] [tryStop] SourceThread 2: stopped[m
[32m[03:46:39.774756] [I] [SingleNodeWorker] [WorkerThread-2] [Task:142960881-132] [VoidSink.cpp:42] [stop] Void Sink completed.[m
[32m[03:46:39.774861] [I] [SingleNodeWorker] [WorkerThread-0] [] [SequenceShredder.cpp:55] [~SequenceShredder] Successfully validated SequenceShredder[m
[36m[03:46:39.774893] [D] [SingleNodeWorker] [WorkerThread-2] [] [SourceThread.cpp:228] [tryStop] SourceThread 2: thread is not running[m
[36m[03:46:42.231147] [D] [Not A Worker] [unnamed] [queryId:585743061] [BufferManager.cpp:110] [initialize] NES memory allocation requires 1 out of 540577120256 (so 1.8498748143954595e-10%) available bytes[m
[36m[03:46:42.231210] [D] [Not A Worker] [unnamed] [queryId:585743061] [BufferManager.cpp:160] [initialize] BufferManager configuration bufferSize=1 numOfBuffers=1[m
[36m[03:46:42.231401] [D] [Not A Worker] [unnamed] [queryId:585743061] [PipeliningPhase.cpp:404] [apply] Constructed pipeline plan with 1 root pipelines.
PipelinedQueryPlan for Query: 585743061
Number of root pipelines: 1
------------------
Root Pipeline 0:
  Pipeline(ID(133), Provider(COMPILER))
  Operator chain:
    PhysicalOperator(NES::SourcePhysicalOperator)
  Successor Pipeline:
    Pipeline(ID(134), Provider(None))
      Operator chain:
        PhysicalOperator(NES::ScanPhysicalOperator)
          PhysicalOperator(NES::SelectionPhysicalOperator)
            PhysicalOperator(NES::MapPhysicalOperator)
              PhysicalOperator(NES::EmitPhysicalOperator)
      Successor Pipeline:
        Pipeline(ID(135), Provider(None))
          Operator chain:
            PhysicalOperator(NES::SinkPhysicalOperator)

[m
[36m[03:46:42.235539] [D] [Not A Worker] [unnamed] [] [SinkProvider.cpp:30] [lower] The sinkDescriptor is: SinkDescriptor: (name: variant("CITY_SINK"), type: Void, Config: )[m
[36m[03:46:42.241529] [D] [SingleNodeWorker] [WorkerThread-3] [Task:585743061-135] [VoidSink.cpp:37] [start] Setting up void sink: VoidSink[m
[36m[03:46:42.316879] [D] [SingleNodeWorker] [WorkerThread-3] [] [SourceThread.cpp:186] [start] Starting source with originId: 2[m
[36m[03:46:42.318449] [D] [SingleNodeWorker] [WorkerThread-3] [Task:585743061-134] [BufferManager.cpp:65] [~BufferManager] Calling BufferManager::destroy()[m
[36m[03:46:42.318473] [D] [SingleNodeWorker] [WorkerThread-3] [Task:585743061-134] [BufferManager.cpp:93] [~BufferManager] Shutting down Buffer Manager completed[m
[36m[03:46:47.638566] [D] [SingleNodeWorker] [WorkerThread-1] [Task:585743061] [SourceThread.cpp:232] [tryStop] SourceThread 2: attempting to stop source[m
[36m[03:46:47.638619] [D] [SingleNodeWorker] [WorkerThread-1] [Task:585743061] [SourceThread.cpp:250] [tryStop] SourceThread 2: stopped[m
[32m[03:46:47.667868] [I] [SingleNodeWorker] [WorkerThread-0] [] [SequenceShredder.cpp:55] [~SequenceShredder] Successfully validated SequenceShredder[m
[32m[03:46:47.672682] [I] [SingleNodeWorker] [WorkerThread-2] [Task:585743061-135] [VoidSink.cpp:42] [stop] Void Sink completed.[m
[36m[03:46:47.672805] [D] [SingleNodeWorker] [WorkerThread-2] [] [SourceThread.cpp:228] [tryStop] SourceThread 2: thread is not running[m
[36m[03:46:50.080338] [D] [Not A Worker] [unnamed] [queryId:453428595] [BufferManager.cpp:110] [initialize] NES memory allocation requires 1 out of 540577120256 (so 1.8498748143954595e-10%) available bytes[m
[36m[03:46:50.080400] [D] [Not A Worker] [unnamed] [queryId:453428595] [BufferManager.cpp:160] [initialize] BufferManager configuration bufferSize=1 numOfBuffers=1[m
[36m[03:46:50.080574] [D] [Not A Worker] [unnamed] [queryId:453428595] [PipeliningPhase.cpp:404] [apply] Constructed pipeline plan with 1 root pipelines.
PipelinedQueryPlan for Query: 453428595
Number of root pipelines: 1
------------------
Root Pipeline 0:
  Pipeline(ID(136), Provider(COMPILER))
  Operator chain:
    PhysicalOperator(NES::SourcePhysicalOperator)
  Successor Pipeline:
    Pipeline(ID(137), Provider(None))
      Operator chain:
        PhysicalOperator(NES::ScanPhysicalOperator)
          PhysicalOperator(NES::SelectionPhysicalOperator)
            PhysicalOperator(NES::MapPhysicalOperator)
              PhysicalOperator(NES::EmitPhysicalOperator)
      Successor Pipeline:
        Pipeline(ID(138), Provider(None))
          Operator chain:
            PhysicalOperator(NES::SinkPhysicalOperator)

[m
[36m[03:46:50.084656] [D] [Not A Worker] [unnamed] [] [SinkProvider.cpp:30] [lower] The sinkDescriptor is: SinkDescriptor: (name: variant("CITY_SINK"), type: Void, Config: )[m
[36m[03:46:50.086111] [D] [SingleNodeWorker] [WorkerThread-2] [Task:453428595-138] [VoidSink.cpp:37] [start] Setting up void sink: VoidSink[m
[36m[03:46:50.161364] [D] [SingleNodeWorker] [WorkerThread-2] [] [SourceThread.cpp:186] [start] Starting source with originId: 2[m
[36m[03:46:50.162917] [D] [SingleNodeWorker] [WorkerThread-2] [Task:453428595-137] [BufferManager.cpp:65] [~BufferManager] Calling BufferManager::destroy()[m
[36m[03:46:50.162943] [D] [SingleNodeWorker] [WorkerThread-2] [Task:453428595-137] [BufferManager.cpp:93] [~BufferManager] Shutting down Buffer Manager completed[m
[36m[03:46:55.460537] [D] [SingleNodeWorker] [WorkerThread-2] [Task:453428595] [SourceThread.cpp:232] [tryStop] SourceThread 2: attempting to stop source[m
[36m[03:46:55.460584] [D] [SingleNodeWorker] [WorkerThread-2] [Task:453428595] [SourceThread.cpp:250] [tryStop] SourceThread 2: stopped[m
[32m[03:46:55.487632] [I] [SingleNodeWorker] [WorkerThread-1] [] [SequenceShredder.cpp:55] [~SequenceShredder] Successfully validated SequenceShredder[m
[32m[03:46:55.488794] [I] [SingleNodeWorker] [WorkerThread-3] [Task:453428595-138] [VoidSink.cpp:42] [stop] Void Sink completed.[m
[36m[03:46:55.488928] [D] [SingleNodeWorker] [WorkerThread-3] [] [SourceThread.cpp:228] [tryStop] SourceThread 2: thread is not running[m
[36m[03:46:57.876473] [D] [Not A Worker] [unnamed] [queryId:1213654263] [BufferManager.cpp:110] [initialize] NES memory allocation requires 1 out of 540577120256 (so 1.8498748143954595e-10%) available bytes[m
[36m[03:46:57.876535] [D] [Not A Worker] [unnamed] [queryId:1213654263] [BufferManager.cpp:160] [initialize] BufferManager configuration bufferSize=1 numOfBuffers=1[m
[36m[03:46:57.876714] [D] [Not A Worker] [unnamed] [queryId:1213654263] [PipeliningPhase.cpp:404] [apply] Constructed pipeline plan with 1 root pipelines.
PipelinedQueryPlan for Query: 1213654263
Number of root pipelines: 1
------------------
Root Pipeline 0:
  Pipeline(ID(139), Provider(COMPILER))
  Operator chain:
    PhysicalOperator(NES::SourcePhysicalOperator)
  Successor Pipeline:
    Pipeline(ID(140), Provider(None))
      Operator chain:
        PhysicalOperator(NES::ScanPhysicalOperator)
          PhysicalOperator(NES::SelectionPhysicalOperator)
            PhysicalOperator(NES::MapPhysicalOperator)
              PhysicalOperator(NES::EmitPhysicalOperator)
      Successor Pipeline:
        Pipeline(ID(141), Provider(None))
          Operator chain:
            PhysicalOperator(NES::SinkPhysicalOperator)

[m
[36m[03:46:57.880756] [D] [Not A Worker] [unnamed] [] [SinkProvider.cpp:30] [lower] The sinkDescriptor is: SinkDescriptor: (name: variant("CITY_SINK"), type: Void, Config: )[m
[36m[03:46:57.888664] [D] [SingleNodeWorker] [WorkerThread-3] [Task:1213654263-141] [VoidSink.cpp:37] [start] Setting up void sink: VoidSink[m
[36m[03:46:57.963799] [D] [SingleNodeWorker] [WorkerThread-3] [] [SourceThread.cpp:186] [start] Starting source with originId: 2[m
[36m[03:46:57.965300] [D] [SingleNodeWorker] [WorkerThread-3] [Task:1213654263-140] [BufferManager.cpp:65] [~BufferManager] Calling BufferManager::destroy()[m
[36m[03:46:57.965325] [D] [SingleNodeWorker] [WorkerThread-3] [Task:1213654263-140] [BufferManager.cpp:93] [~BufferManager] Shutting down Buffer Manager completed[m
[36m[03:46:58.903037] [D] [SingleNodeWorker] [WorkerThread-3] [Task:1213654263-140] [InputFormatter.hpp:349] [indexTrailingSpanningTupleProxy] last offset: 262143, first offset: 264[m
[36m[03:47:03.250767] [D] [SingleNodeWorker] [WorkerThread-2] [Task:1213654263] [SourceThread.cpp:232] [tryStop] SourceThread 2: attempting to stop source[m
[36m[03:47:03.250820] [D] [SingleNodeWorker] [WorkerThread-2] [Task:1213654263] [SourceThread.cpp:250] [tryStop] SourceThread 2: stopped[m
[32m[03:47:03.276728] [I] [SingleNodeWorker] [WorkerThread-3] [] [SequenceShredder.cpp:55] [~SequenceShredder] Successfully validated SequenceShredder[m
[32m[03:47:03.286672] [I] [SingleNodeWorker] [WorkerThread-0] [Task:1213654263-141] [VoidSink.cpp:42] [stop] Void Sink completed.[m
[36m[03:47:03.286796] [D] [SingleNodeWorker] [WorkerThread-0] [] [SourceThread.cpp:228] [tryStop] SourceThread 2: thread is not running[m
[36m[03:47:05.661352] [D] [Not A Worker] [unnamed] [queryId:888294037] [BufferManager.cpp:110] [initialize] NES memory allocation requires 1 out of 540577120256 (so 1.8498748143954595e-10%) available bytes[m
[36m[03:47:05.661417] [D] [Not A Worker] [unnamed] [queryId:888294037] [BufferManager.cpp:160] [initialize] BufferManager configuration bufferSize=1 numOfBuffers=1[m
[36m[03:47:05.661606] [D] [Not A Worker] [unnamed] [queryId:888294037] [PipeliningPhase.cpp:404] [apply] Constructed pipeline plan with 1 root pipelines.
PipelinedQueryPlan for Query: 888294037
Number of root pipelines: 1
------------------
Root Pipeline 0:
  Pipeline(ID(142), Provider(COMPILER))
  Operator chain:
    PhysicalOperator(NES::SourcePhysicalOperator)
  Successor Pipeline:
    Pipeline(ID(143), Provider(None))
      Operator chain:
        PhysicalOperator(NES::ScanPhysicalOperator)
          PhysicalOperator(NES::SelectionPhysicalOperator)
            PhysicalOperator(NES::MapPhysicalOperator)
              PhysicalOperator(NES::EmitPhysicalOperator)
      Successor Pipeline:
        Pipeline(ID(144), Provider(None))
          Operator chain:
            PhysicalOperator(NES::SinkPhysicalOperator)

[m
[36m[03:47:05.665251] [D] [Not A Worker] [unnamed] [] [SinkProvider.cpp:30] [lower] The sinkDescriptor is: SinkDescriptor: (name: variant("CITY_SINK"), type: Void, Config: )[m
[36m[03:47:05.666675] [D] [SingleNodeWorker] [WorkerThread-3] [Task:888294037-144] [VoidSink.cpp:37] [start] Setting up void sink: VoidSink[m
[36m[03:47:05.737634] [D] [SingleNodeWorker] [WorkerThread-3] [] [SourceThread.cpp:186] [start] Starting source with originId: 2[m
[36m[03:47:05.739832] [D] [SingleNodeWorker] [WorkerThread-3] [Task:888294037-143] [BufferManager.cpp:65] [~BufferManager] Calling BufferManager::destroy()[m
[36m[03:47:05.739856] [D] [SingleNodeWorker] [WorkerThread-3] [Task:888294037-143] [BufferManager.cpp:93] [~BufferManager] Shutting down Buffer Manager completed[m
[36m[03:47:08.990286] [D] [SingleNodeWorker] [WorkerThread-0] [Task:888294037-143] [InputFormatter.hpp:349] [indexTrailingSpanningTupleProxy] last offset: 262143, first offset: 149[m
[36m[03:47:10.220523] [D] [SingleNodeWorker] [WorkerThread-3] [Task:888294037-143] [InputFormatter.hpp:349] [indexTrailingSpanningTupleProxy] last offset: 262143, first offset: 99[m
[36m[03:47:11.057691] [D] [SingleNodeWorker] [WorkerThread-0] [Task:888294037] [SourceThread.cpp:232] [tryStop] SourceThread 2: attempting to stop source[m
[36m[03:47:11.057723] [D] [SingleNodeWorker] [WorkerThread-0] [Task:888294037] [SourceThread.cpp:250] [tryStop] SourceThread 2: stopped[m
[32m[03:47:11.083423] [I] [SingleNodeWorker] [WorkerThread-3] [Task:888294037-144] [VoidSink.cpp:42] [stop] Void Sink completed.[m
[36m[03:47:11.083553] [D] [SingleNodeWorker] [WorkerThread-3] [] [SourceThread.cpp:228] [tryStop] SourceThread 2: thread is not running[m
[32m[03:47:11.083720] [I] [SingleNodeWorker] [WorkerThread-2] [] [SequenceShredder.cpp:55] [~SequenceShredder] Successfully validated SequenceShredder[m
[36m[03:47:13.484190] [D] [Not A Worker] [unnamed] [queryId:206774920] [BufferManager.cpp:110] [initialize] NES memory allocation requires 1 out of 540577120256 (so 1.8498748143954595e-10%) available bytes[m
[36m[03:47:13.484254] [D] [Not A Worker] [unnamed] [queryId:206774920] [BufferManager.cpp:160] [initialize] BufferManager configuration bufferSize=1 numOfBuffers=1[m
[36m[03:47:13.484477] [D] [Not A Worker] [unnamed] [queryId:206774920] [PipeliningPhase.cpp:404] [apply] Constructed pipeline plan with 1 root pipelines.
PipelinedQueryPlan for Query: 206774920
Number of root pipelines: 1
------------------
Root Pipeline 0:
  Pipeline(ID(145), Provider(COMPILER))
  Operator chain:
    PhysicalOperator(NES::SourcePhysicalOperator)
  Successor Pipeline:
    Pipeline(ID(146), Provider(None))
      Operator chain:
        PhysicalOperator(NES::ScanPhysicalOperator)
          PhysicalOperator(NES::SelectionPhysicalOperator)
            PhysicalOperator(NES::MapPhysicalOperator)
              PhysicalOperator(NES::EmitPhysicalOperator)
      Successor Pipeline:
        Pipeline(ID(147), Provider(None))
          Operator chain:
            PhysicalOperator(NES::SinkPhysicalOperator)

[m
[36m[03:47:13.488193] [D] [Not A Worker] [unnamed] [] [SinkProvider.cpp:30] [lower] The sinkDescriptor is: SinkDescriptor: (name: variant("CITY_SINK"), type: Void, Config: )[m
[36m[03:47:13.491177] [D] [SingleNodeWorker] [WorkerThread-2] [Task:206774920-147] [VoidSink.cpp:37] [start] Setting up void sink: VoidSink[m
[36m[03:47:13.568621] [D] [SingleNodeWorker] [WorkerThread-2] [] [SourceThread.cpp:186] [start] Starting source with originId: 2[m
[36m[03:47:13.570211] [D] [SingleNodeWorker] [WorkerThread-2] [Task:206774920-146] [BufferManager.cpp:65] [~BufferManager] Calling BufferManager::destroy()[m
[36m[03:47:13.570237] [D] [SingleNodeWorker] [WorkerThread-2] [Task:206774920-146] [BufferManager.cpp:93] [~BufferManager] Shutting down Buffer Manager completed[m
[36m[03:47:18.842729] [D] [SingleNodeWorker] [WorkerThread-2] [Task:206774920] [SourceThread.cpp:232] [tryStop] SourceThread 2: attempting to stop source[m
[36m[03:47:18.842780] [D] [SingleNodeWorker] [WorkerThread-2] [Task:206774920] [SourceThread.cpp:250] [tryStop] SourceThread 2: stopped[m
[32m[03:47:18.870740] [I] [SingleNodeWorker] [WorkerThread-0] [] [SequenceShredder.cpp:55] [~SequenceShredder] Successfully validated SequenceShredder[m
[32m[03:47:18.878606] [I] [SingleNodeWorker] [WorkerThread-2] [Task:206774920-147] [VoidSink.cpp:42] [stop] Void Sink completed.[m
[36m[03:47:18.878728] [D] [SingleNodeWorker] [WorkerThread-2] [] [SourceThread.cpp:228] [tryStop] SourceThread 2: thread is not running[m
[36m[03:47:21.343445] [D] [Not A Worker] [unnamed] [queryId:1450592034] [BufferManager.cpp:110] [initialize] NES memory allocation requires 1 out of 540577120256 (so 1.8498748143954595e-10%) available bytes[m
[36m[03:47:21.343505] [D] [Not A Worker] [unnamed] [queryId:1450592034] [BufferManager.cpp:160] [initialize] BufferManager configuration bufferSize=1 numOfBuffers=1[m
[36m[03:47:21.343687] [D] [Not A Worker] [unnamed] [queryId:1450592034] [PipeliningPhase.cpp:404] [apply] Constructed pipeline plan with 1 root pipelines.
PipelinedQueryPlan for Query: 1450592034
Number of root pipelines: 1
------------------
Root Pipeline 0:
  Pipeline(ID(148), Provider(COMPILER))
  Operator chain:
    PhysicalOperator(NES::SourcePhysicalOperator)
  Successor Pipeline:
    Pipeline(ID(149), Provider(None))
      Operator chain:
        PhysicalOperator(NES::ScanPhysicalOperator)
          PhysicalOperator(NES::SelectionPhysicalOperator)
            PhysicalOperator(NES::MapPhysicalOperator)
              PhysicalOperator(NES::EmitPhysicalOperator)
      Successor Pipeline:
        Pipeline(ID(150), Provider(None))
          Operator chain:
            PhysicalOperator(NES::SinkPhysicalOperator)

[m
[36m[03:47:21.346881] [D] [Not A Worker] [unnamed] [] [SinkProvider.cpp:30] [lower] The sinkDescriptor is: SinkDescriptor: (name: variant("CITY_SINK"), type: Void, Config: )[m
[36m[03:47:21.356765] [D] [SingleNodeWorker] [WorkerThread-3] [Task:1450592034-150] [VoidSink.cpp:37] [start] Setting up void sink: VoidSink[m
[36m[03:47:21.431355] [D] [SingleNodeWorker] [WorkerThread-3] [] [SourceThread.cpp:186] [start] Starting source with originId: 2[m
[36m[03:47:21.432858] [D] [SingleNodeWorker] [WorkerThread-3] [Task:1450592034-149] [BufferManager.cpp:65] [~BufferManager] Calling BufferManager::destroy()[m
[36m[03:47:21.432882] [D] [SingleNodeWorker] [WorkerThread-3] [Task:1450592034-149] [BufferManager.cpp:93] [~BufferManager] Shutting down Buffer Manager completed[m
[36m[03:47:26.761601] [D] [SingleNodeWorker] [WorkerThread-1] [Task:1450592034] [SourceThread.cpp:232] [tryStop] SourceThread 2: attempting to stop source[m
[36m[03:47:26.761653] [D] [SingleNodeWorker] [WorkerThread-1] [Task:1450592034] [SourceThread.cpp:250] [tryStop] SourceThread 2: stopped[m
[32m[03:47:26.788418] [I] [SingleNodeWorker] [WorkerThread-3] [Task:1450592034-150] [VoidSink.cpp:42] [stop] Void Sink completed.[m
[36m[03:47:26.788560] [D] [SingleNodeWorker] [WorkerThread-3] [] [SourceThread.cpp:228] [tryStop] SourceThread 2: thread is not running[m
[32m[03:47:26.788588] [I] [SingleNodeWorker] [WorkerThread-0] [] [SequenceShredder.cpp:55] [~SequenceShredder] Successfully validated SequenceShredder[m
[36m[03:47:29.242050] [D] [Not A Worker] [unnamed] [queryId:1674328790] [BufferManager.cpp:110] [initialize] NES memory allocation requires 1 out of 540577120256 (so 1.8498748143954595e-10%) available bytes[m
[36m[03:47:29.242107] [D] [Not A Worker] [unnamed] [queryId:1674328790] [BufferManager.cpp:160] [initialize] BufferManager configuration bufferSize=1 numOfBuffers=1[m
[36m[03:47:29.242278] [D] [Not A Worker] [unnamed] [queryId:1674328790] [PipeliningPhase.cpp:404] [apply] Constructed pipeline plan with 1 root pipelines.
PipelinedQueryPlan for Query: 1674328790
Number of root pipelines: 1
------------------
Root Pipeline 0:
  Pipeline(ID(151), Provider(COMPILER))
  Operator chain:
    PhysicalOperator(NES::SourcePhysicalOperator)
  Successor Pipeline:
    Pipeline(ID(152), Provider(None))
      Operator chain:
        PhysicalOperator(NES::ScanPhysicalOperator)
          PhysicalOperator(NES::SelectionPhysicalOperator)
            PhysicalOperator(NES::MapPhysicalOperator)
              PhysicalOperator(NES::EmitPhysicalOperator)
      Successor Pipeline:
        Pipeline(ID(153), Provider(None))
          Operator chain:
            PhysicalOperator(NES::SinkPhysicalOperator)

[m
[36m[03:47:29.245806] [D] [Not A Worker] [unnamed] [] [SinkProvider.cpp:30] [lower] The sinkDescriptor is: SinkDescriptor: (name: variant("EXTRA_SINK"), type: Void, Config: )[m
[36m[03:47:29.247077] [D] [SingleNodeWorker] [WorkerThread-2] [Task:1674328790-153] [VoidSink.cpp:37] [start] Setting up void sink: VoidSink[m
[36m[03:47:29.323496] [D] [SingleNodeWorker] [WorkerThread-2] [] [SourceThread.cpp:186] [start] Starting source with originId: 2[m
[36m[03:47:29.325043] [D] [SingleNodeWorker] [WorkerThread-2] [Task:1674328790-152] [BufferManager.cpp:65] [~BufferManager] Calling BufferManager::destroy()[m
[36m[03:47:29.325069] [D] [SingleNodeWorker] [WorkerThread-2] [Task:1674328790-152] [BufferManager.cpp:93] [~BufferManager] Shutting down Buffer Manager completed[m
[36m[03:47:34.570256] [D] [SingleNodeWorker] [WorkerThread-3] [Task:1674328790] [SourceThread.cpp:232] [tryStop] SourceThread 2: attempting to stop source[m
[36m[03:47:34.570300] [D] [SingleNodeWorker] [WorkerThread-3] [Task:1674328790] [SourceThread.cpp:250] [tryStop] SourceThread 2: stopped[m
[32m[03:47:34.596420] [I] [SingleNodeWorker] [WorkerThread-2] [Task:1674328790-153] [VoidSink.cpp:42] [stop] Void Sink completed.[m
[36m[03:47:34.596558] [D] [SingleNodeWorker] [WorkerThread-2] [] [SourceThread.cpp:228] [tryStop] SourceThread 2: thread is not running[m
[32m[03:47:34.596703] [I] [SingleNodeWorker] [WorkerThread-1] [] [SequenceShredder.cpp:55] [~SequenceShredder] Successfully validated SequenceShredder[m
[36m[03:47:37.014634] [D] [Not A Worker] [unnamed] [queryId:2055499431] [BufferManager.cpp:110] [initialize] NES memory allocation requires 1 out of 540577120256 (so 1.8498748143954595e-10%) available bytes[m
[36m[03:47:37.014700] [D] [Not A Worker] [unnamed] [queryId:2055499431] [BufferManager.cpp:160] [initialize] BufferManager configuration bufferSize=1 numOfBuffers=1[m
[36m[03:47:37.014863] [D] [Not A Worker] [unnamed] [queryId:2055499431] [PipeliningPhase.cpp:404] [apply] Constructed pipeline plan with 1 root pipelines.
PipelinedQueryPlan for Query: 2055499431
Number of root pipelines: 1
------------------
Root Pipeline 0:
  Pipeline(ID(154), Provider(COMPILER))
  Operator chain:
    PhysicalOperator(NES::SourcePhysicalOperator)
  Successor Pipeline:
    Pipeline(ID(155), Provider(None))
      Operator chain:
        PhysicalOperator(NES::ScanPhysicalOperator)
          PhysicalOperator(NES::SelectionPhysicalOperator)
            PhysicalOperator(NES::MapPhysicalOperator)
              PhysicalOperator(NES::EmitPhysicalOperator)
      Successor Pipeline:
        Pipeline(ID(156), Provider(None))
          Operator chain:
            PhysicalOperator(NES::SinkPhysicalOperator)

[m
[36m[03:47:37.018642] [D] [Not A Worker] [unnamed] [] [SinkProvider.cpp:30] [lower] The sinkDescriptor is: SinkDescriptor: (name: variant("EXTRA_SINK"), type: Void, Config: )[m
[36m[03:47:37.021893] [D] [SingleNodeWorker] [WorkerThread-1] [Task:2055499431-156] [VoidSink.cpp:37] [start] Setting up void sink: VoidSink[m
[36m[03:47:37.098806] [D] [SingleNodeWorker] [WorkerThread-1] [] [SourceThread.cpp:186] [start] Starting source with originId: 2[m
[36m[03:47:37.100505] [D] [SingleNodeWorker] [WorkerThread-1] [Task:2055499431-155] [BufferManager.cpp:65] [~BufferManager] Calling BufferManager::destroy()[m
[36m[03:47:37.100531] [D] [SingleNodeWorker] [WorkerThread-1] [Task:2055499431-155] [BufferManager.cpp:93] [~BufferManager] Shutting down Buffer Manager completed[m
[36m[03:47:42.337561] [D] [SingleNodeWorker] [WorkerThread-3] [Task:2055499431] [SourceThread.cpp:232] [tryStop] SourceThread 2: attempting to stop source[m
[36m[03:47:42.337601] [D] [SingleNodeWorker] [WorkerThread-3] [Task:2055499431] [SourceThread.cpp:250] [tryStop] SourceThread 2: stopped[m
[32m[03:47:42.364226] [I] [SingleNodeWorker] [WorkerThread-0] [] [SequenceShredder.cpp:55] [~SequenceShredder] Successfully validated SequenceShredder[m
[32m[03:47:42.373544] [I] [SingleNodeWorker] [WorkerThread-3] [Task:2055499431-156] [VoidSink.cpp:42] [stop] Void Sink completed.[m
[36m[03:47:42.373665] [D] [SingleNodeWorker] [WorkerThread-3] [] [SourceThread.cpp:228] [tryStop] SourceThread 2: thread is not running[m
[36m[03:47:44.836725] [D] [Not A Worker] [unnamed] [queryId:830202718] [BufferManager.cpp:110] [initialize] NES memory allocation requires 1 out of 540577120256 (so 1.8498748143954595e-10%) available bytes[m
[36m[03:47:44.836785] [D] [Not A Worker] [unnamed] [queryId:830202718] [BufferManager.cpp:160] [initialize] BufferManager configuration bufferSize=1 numOfBuffers=1[m
[36m[03:47:44.836955] [D] [Not A Worker] [unnamed] [queryId:830202718] [PipeliningPhase.cpp:404] [apply] Constructed pipeline plan with 1 root pipelines.
PipelinedQueryPlan for Query: 830202718
Number of root pipelines: 1
------------------
Root Pipeline 0:
  Pipeline(ID(157), Provider(COMPILER))
  Operator chain:
    PhysicalOperator(NES::SourcePhysicalOperator)
  Successor Pipeline:
    Pipeline(ID(158), Provider(None))
      Operator chain:
        PhysicalOperator(NES::ScanPhysicalOperator)
          PhysicalOperator(NES::SelectionPhysicalOperator)
            PhysicalOperator(NES::MapPhysicalOperator)
              PhysicalOperator(NES::EmitPhysicalOperator)
      Successor Pipeline:
        Pipeline(ID(159), Provider(None))
          Operator chain:
            PhysicalOperator(NES::SinkPhysicalOperator)

[m
[36m[03:47:44.840965] [D] [Not A Worker] [unnamed] [] [SinkProvider.cpp:30] [lower] The sinkDescriptor is: SinkDescriptor: (name: variant("EXTRA_SINK"), type: Void, Config: )[m
[36m[03:47:44.843638] [D] [SingleNodeWorker] [WorkerThread-0] [Task:830202718-159] [VoidSink.cpp:37] [start] Setting up void sink: VoidSink[m
[36m[03:47:44.917608] [D] [SingleNodeWorker] [WorkerThread-0] [] [SourceThread.cpp:186] [start] Starting source with originId: 2[m
[36m[03:47:44.919134] [D] [SingleNodeWorker] [WorkerThread-0] [Task:830202718-158] [BufferManager.cpp:65] [~BufferManager] Calling BufferManager::destroy()[m
[36m[03:47:44.919162] [D] [SingleNodeWorker] [WorkerThread-0] [Task:830202718-158] [BufferManager.cpp:93] [~BufferManager] Shutting down Buffer Manager completed[m
[36m[03:47:50.185601] [D] [SingleNodeWorker] [WorkerThread-2] [Task:830202718] [SourceThread.cpp:232] [tryStop] SourceThread 2: attempting to stop source[m
[36m[03:47:50.185656] [D] [SingleNodeWorker] [WorkerThread-2] [Task:830202718] [SourceThread.cpp:250] [tryStop] SourceThread 2: stopped[m
[32m[03:47:50.212924] [I] [SingleNodeWorker] [WorkerThread-0] [] [SequenceShredder.cpp:55] [~SequenceShredder] Successfully validated SequenceShredder[m
[32m[03:47:50.221239] [I] [SingleNodeWorker] [WorkerThread-2] [Task:830202718-159] [VoidSink.cpp:42] [stop] Void Sink completed.[m
[36m[03:47:50.221364] [D] [SingleNodeWorker] [WorkerThread-2] [] [SourceThread.cpp:228] [tryStop] SourceThread 2: thread is not running[m
[36m[03:47:52.717812] [D] [Not A Worker] [unnamed] [queryId:290436159] [BufferManager.cpp:110] [initialize] NES memory allocation requires 1 out of 540577120256 (so 1.8498748143954595e-10%) available bytes[m
[36m[03:47:52.717866] [D] [Not A Worker] [unnamed] [queryId:290436159] [BufferManager.cpp:160] [initialize] BufferManager configuration bufferSize=1 numOfBuffers=1[m
[36m[03:47:52.718027] [D] [Not A Worker] [unnamed] [queryId:290436159] [PipeliningPhase.cpp:404] [apply] Constructed pipeline plan with 1 root pipelines.
PipelinedQueryPlan for Query: 290436159
Number of root pipelines: 1
------------------
Root Pipeline 0:
  Pipeline(ID(160), Provider(COMPILER))
  Operator chain:
    PhysicalOperator(NES::SourcePhysicalOperator)
  Successor Pipeline:
    Pipeline(ID(161), Provider(None))
      Operator chain:
        PhysicalOperator(NES::ScanPhysicalOperator)
          PhysicalOperator(NES::SelectionPhysicalOperator)
            PhysicalOperator(NES::MapPhysicalOperator)
              PhysicalOperator(NES::EmitPhysicalOperator)
      Successor Pipeline:
        Pipeline(ID(162), Provider(None))
          Operator chain:
            PhysicalOperator(NES::SinkPhysicalOperator)

[m
[36m[03:47:52.721929] [D] [Not A Worker] [unnamed] [] [SinkProvider.cpp:30] [lower] The sinkDescriptor is: SinkDescriptor: (name: variant("EXTRA_SINK"), type: Void, Config: )[m
[36m[03:47:52.727123] [D] [SingleNodeWorker] [WorkerThread-3] [Task:290436159-162] [VoidSink.cpp:37] [start] Setting up void sink: VoidSink[m
[36m[03:47:52.818834] [D] [SingleNodeWorker] [WorkerThread-3] [] [SourceThread.cpp:186] [start] Starting source with originId: 2[m
[36m[03:47:52.820465] [D] [SingleNodeWorker] [WorkerThread-3] [Task:290436159-161] [BufferManager.cpp:65] [~BufferManager] Calling BufferManager::destroy()[m
[36m[03:47:52.820491] [D] [SingleNodeWorker] [WorkerThread-3] [Task:290436159-161] [BufferManager.cpp:93] [~BufferManager] Shutting down Buffer Manager completed[m
[36m[03:47:55.827640] [D] [SingleNodeWorker] [WorkerThread-3] [Task:290436159-161] [InputFormatter.hpp:349] [indexTrailingSpanningTupleProxy] last offset: 262143, first offset: 297[m
[36m[03:47:58.199212] [D] [SingleNodeWorker] [WorkerThread-2] [Task:290436159] [SourceThread.cpp:232] [tryStop] SourceThread 2: attempting to stop source[m
[36m[03:47:58.199265] [D] [SingleNodeWorker] [WorkerThread-2] [Task:290436159] [SourceThread.cpp:250] [tryStop] SourceThread 2: stopped[m
[32m[03:47:58.235428] [I] [SingleNodeWorker] [WorkerThread-0] [] [SequenceShredder.cpp:55] [~SequenceShredder] Successfully validated SequenceShredder[m
[32m[03:47:58.235762] [I] [SingleNodeWorker] [WorkerThread-1] [Task:290436159-162] [VoidSink.cpp:42] [stop] Void Sink completed.[m
[36m[03:47:58.235885] [D] [SingleNodeWorker] [WorkerThread-1] [] [SourceThread.cpp:228] [tryStop] SourceThread 2: thread is not running[m
[36m[03:48:00.520120] [D] [Not A Worker] [unnamed] [queryId:279427652] [BufferManager.cpp:110] [initialize] NES memory allocation requires 1 out of 540577120256 (so 1.8498748143954595e-10%) available bytes[m
[36m[03:48:00.520199] [D] [Not A Worker] [unnamed] [queryId:279427652] [BufferManager.cpp:160] [initialize] BufferManager configuration bufferSize=1 numOfBuffers=1[m
[36m[03:48:00.520371] [D] [Not A Worker] [unnamed] [queryId:279427652] [PipeliningPhase.cpp:404] [apply] Constructed pipeline plan with 1 root pipelines.
PipelinedQueryPlan for Query: 279427652
Number of root pipelines: 1
------------------
Root Pipeline 0:
  Pipeline(ID(163), Provider(COMPILER))
  Operator chain:
    PhysicalOperator(NES::SourcePhysicalOperator)
  Successor Pipeline:
    Pipeline(ID(164), Provider(None))
      Operator chain:
        PhysicalOperator(NES::ScanPhysicalOperator)
          PhysicalOperator(NES::SelectionPhysicalOperator)
            PhysicalOperator(NES::MapPhysicalOperator)
              PhysicalOperator(NES::EmitPhysicalOperator)
      Successor Pipeline:
        Pipeline(ID(165), Provider(None))
          Operator chain:
            PhysicalOperator(NES::SinkPhysicalOperator)

[m
[36m[03:48:00.524730] [D] [Not A Worker] [unnamed] [] [SinkProvider.cpp:30] [lower] The sinkDescriptor is: SinkDescriptor: (name: variant("EXTRA_SINK"), type: Void, Config: )[m
[36m[03:48:00.526881] [D] [SingleNodeWorker] [WorkerThread-0] [Task:279427652-165] [VoidSink.cpp:37] [start] Setting up void sink: VoidSink[m
[36m[03:48:00.599348] [D] [SingleNodeWorker] [WorkerThread-0] [] [SourceThread.cpp:186] [start] Starting source with originId: 2[m
[36m[03:48:00.600872] [D] [SingleNodeWorker] [WorkerThread-0] [Task:279427652-164] [BufferManager.cpp:65] [~BufferManager] Calling BufferManager::destroy()[m
[36m[03:48:00.600897] [D] [SingleNodeWorker] [WorkerThread-0] [Task:279427652-164] [BufferManager.cpp:93] [~BufferManager] Shutting down Buffer Manager completed[m
[36m[03:48:05.892873] [D] [SingleNodeWorker] [WorkerThread-0] [Task:279427652] [SourceThread.cpp:232] [tryStop] SourceThread 2: attempting to stop source[m
[36m[03:48:05.892914] [D] [SingleNodeWorker] [WorkerThread-0] [Task:279427652] [SourceThread.cpp:250] [tryStop] SourceThread 2: stopped[m
[32m[03:48:05.918957] [I] [SingleNodeWorker] [WorkerThread-1] [] [SequenceShredder.cpp:55] [~SequenceShredder] Successfully validated SequenceShredder[m
[32m[03:48:05.919131] [I] [SingleNodeWorker] [WorkerThread-3] [Task:279427652-165] [VoidSink.cpp:42] [stop] Void Sink completed.[m
[36m[03:48:05.919256] [D] [SingleNodeWorker] [WorkerThread-3] [] [SourceThread.cpp:228] [tryStop] SourceThread 2: thread is not running[m
[36m[03:48:08.312116] [D] [Not A Worker] [unnamed] [queryId:1190416388] [BufferManager.cpp:110] [initialize] NES memory allocation requires 1 out of 540577120256 (so 1.8498748143954595e-10%) available bytes[m
[36m[03:48:08.312202] [D] [Not A Worker] [unnamed] [queryId:1190416388] [BufferManager.cpp:160] [initialize] BufferManager configuration bufferSize=1 numOfBuffers=1[m
[36m[03:48:08.312438] [D] [Not A Worker] [unnamed] [queryId:1190416388] [PipeliningPhase.cpp:404] [apply] Constructed pipeline plan with 1 root pipelines.
PipelinedQueryPlan for Query: 1190416388
Number of root pipelines: 1
------------------
Root Pipeline 0:
  Pipeline(ID(166), Provider(COMPILER))
  Operator chain:
    PhysicalOperator(NES::SourcePhysicalOperator)
  Successor Pipeline:
    Pipeline(ID(167), Provider(None))
      Operator chain:
        PhysicalOperator(NES::ScanPhysicalOperator)
          PhysicalOperator(NES::SelectionPhysicalOperator)
            PhysicalOperator(NES::MapPhysicalOperator)
              PhysicalOperator(NES::EmitPhysicalOperator)
      Successor Pipeline:
        Pipeline(ID(168), Provider(None))
          Operator chain:
            PhysicalOperator(NES::SinkPhysicalOperator)

[m
[36m[03:48:08.316161] [D] [Not A Worker] [unnamed] [] [SinkProvider.cpp:30] [lower] The sinkDescriptor is: SinkDescriptor: (name: variant("EXTRA_SINK"), type: Void, Config: )[m
[36m[03:48:08.317402] [D] [SingleNodeWorker] [WorkerThread-1] [Task:1190416388-168] [VoidSink.cpp:37] [start] Setting up void sink: VoidSink[m
[36m[03:48:08.391158] [D] [SingleNodeWorker] [WorkerThread-1] [] [SourceThread.cpp:186] [start] Starting source with originId: 2[m
[36m[03:48:08.392712] [D] [SingleNodeWorker] [WorkerThread-1] [Task:1190416388-167] [BufferManager.cpp:65] [~BufferManager] Calling BufferManager::destroy()[m
[36m[03:48:08.392739] [D] [SingleNodeWorker] [WorkerThread-1] [Task:1190416388-167] [BufferManager.cpp:93] [~BufferManager] Shutting down Buffer Manager completed[m
[36m[03:48:10.204899] [D] [SingleNodeWorker] [WorkerThread-1] [Task:1190416388-167] [InputFormatter.hpp:349] [indexTrailingSpanningTupleProxy] last offset: 262143, first offset: 235[m
[36m[03:48:13.644960] [D] [SingleNodeWorker] [WorkerThread-2] [Task:1190416388] [SourceThread.cpp:232] [tryStop] SourceThread 2: attempting to stop source[m
[36m[03:48:13.645008] [D] [SingleNodeWorker] [WorkerThread-2] [Task:1190416388] [SourceThread.cpp:250] [tryStop] SourceThread 2: stopped[m
[32m[03:48:13.672113] [I] [SingleNodeWorker] [WorkerThread-1] [] [SequenceShredder.cpp:55] [~SequenceShredder] Successfully validated SequenceShredder[m
[32m[03:48:13.672374] [I] [SingleNodeWorker] [WorkerThread-3] [Task:1190416388-168] [VoidSink.cpp:42] [stop] Void Sink completed.[m
[36m[03:48:13.672512] [D] [SingleNodeWorker] [WorkerThread-3] [] [SourceThread.cpp:228] [tryStop] SourceThread 2: thread is not running[m
[36m[03:48:16.043083] [D] [Not A Worker] [unnamed] [queryId:2070875944] [BufferManager.cpp:110] [initialize] NES memory allocation requires 1 out of 540577120256 (so 1.8498748143954595e-10%) available bytes[m
[36m[03:48:16.043147] [D] [Not A Worker] [unnamed] [queryId:2070875944] [BufferManager.cpp:160] [initialize] BufferManager configuration bufferSize=1 numOfBuffers=1[m
[36m[03:48:16.043331] [D] [Not A Worker] [unnamed] [queryId:2070875944] [PipeliningPhase.cpp:404] [apply] Constructed pipeline plan with 1 root pipelines.
PipelinedQueryPlan for Query: 2070875944
Number of root pipelines: 1
------------------
Root Pipeline 0:
  Pipeline(ID(169), Provider(COMPILER))
  Operator chain:
    PhysicalOperator(NES::SourcePhysicalOperator)
  Successor Pipeline:
    Pipeline(ID(170), Provider(None))
      Operator chain:
        PhysicalOperator(NES::ScanPhysicalOperator)
          PhysicalOperator(NES::SelectionPhysicalOperator)
            PhysicalOperator(NES::MapPhysicalOperator)
              PhysicalOperator(NES::EmitPhysicalOperator)
      Successor Pipeline:
        Pipeline(ID(171), Provider(None))
          Operator chain:
            PhysicalOperator(NES::SinkPhysicalOperator)

[m
[36m[03:48:16.047403] [D] [Not A Worker] [unnamed] [] [SinkProvider.cpp:30] [lower] The sinkDescriptor is: SinkDescriptor: (name: variant("EXTRA_SINK"), type: Void, Config: )[m
[36m[03:48:16.052927] [D] [SingleNodeWorker] [WorkerThread-0] [Task:2070875944-171] [VoidSink.cpp:37] [start] Setting up void sink: VoidSink[m
[36m[03:48:16.127655] [D] [SingleNodeWorker] [WorkerThread-0] [] [SourceThread.cpp:186] [start] Starting source with originId: 2[m
[36m[03:48:16.129188] [D] [SingleNodeWorker] [WorkerThread-0] [Task:2070875944-170] [BufferManager.cpp:65] [~BufferManager] Calling BufferManager::destroy()[m
[36m[03:48:16.129214] [D] [SingleNodeWorker] [WorkerThread-0] [Task:2070875944-170] [BufferManager.cpp:93] [~BufferManager] Shutting down Buffer Manager completed[m
[36m[03:48:21.430488] [D] [SingleNodeWorker] [WorkerThread-3] [Task:2070875944] [SourceThread.cpp:232] [tryStop] SourceThread 2: attempting to stop source[m
[36m[03:48:21.430532] [D] [SingleNodeWorker] [WorkerThread-3] [Task:2070875944] [SourceThread.cpp:250] [tryStop] SourceThread 2: stopped[m
[32m[03:48:21.456862] [I] [SingleNodeWorker] [WorkerThread-2] [] [SequenceShredder.cpp:55] [~SequenceShredder] Successfully validated SequenceShredder[m
[32m[03:48:21.457361] [I] [SingleNodeWorker] [WorkerThread-1] [Task:2070875944-171] [VoidSink.cpp:42] [stop] Void Sink completed.[m
[36m[03:48:21.457492] [D] [SingleNodeWorker] [WorkerThread-1] [] [SourceThread.cpp:228] [tryStop] SourceThread 2: thread is not running[m
[36m[03:48:23.855976] [D] [Not A Worker] [unnamed] [queryId:846198240] [BufferManager.cpp:110] [initialize] NES memory allocation requires 1 out of 540577120256 (so 1.8498748143954595e-10%) available bytes[m
[36m[03:48:23.856039] [D] [Not A Worker] [unnamed] [queryId:846198240] [BufferManager.cpp:160] [initialize] BufferManager configuration bufferSize=1 numOfBuffers=1[m
[36m[03:48:23.856251] [D] [Not A Worker] [unnamed] [queryId:846198240] [PipeliningPhase.cpp:404] [apply] Constructed pipeline plan with 1 root pipelines.
PipelinedQueryPlan for Query: 846198240
Number of root pipelines: 1
------------------
Root Pipeline 0:
  Pipeline(ID(172), Provider(COMPILER))
  Operator chain:
    PhysicalOperator(NES::SourcePhysicalOperator)
  Successor Pipeline:
    Pipeline(ID(173), Provider(None))
      Operator chain:
        PhysicalOperator(NES::ScanPhysicalOperator)
          PhysicalOperator(NES::SelectionPhysicalOperator)
            PhysicalOperator(NES::MapPhysicalOperator)
              PhysicalOperator(NES::EmitPhysicalOperator)
      Successor Pipeline:
        Pipeline(ID(174), Provider(None))
          Operator chain:
            PhysicalOperator(NES::SinkPhysicalOperator)

[m
[36m[03:48:23.860410] [D] [Not A Worker] [unnamed] [] [SinkProvider.cpp:30] [lower] The sinkDescriptor is: SinkDescriptor: (name: variant("EXTRA_SINK"), type: Void, Config: )[m
[36m[03:48:23.862885] [D] [SingleNodeWorker] [WorkerThread-2] [Task:846198240-174] [VoidSink.cpp:37] [start] Setting up void sink: VoidSink[m
[36m[03:48:23.937413] [D] [SingleNodeWorker] [WorkerThread-2] [] [SourceThread.cpp:186] [start] Starting source with originId: 2[m
[36m[03:48:23.939212] [D] [SingleNodeWorker] [WorkerThread-3] [Task:846198240-173] [BufferManager.cpp:65] [~BufferManager] Calling BufferManager::destroy()[m
[36m[03:48:23.939304] [D] [SingleNodeWorker] [WorkerThread-3] [Task:846198240-173] [BufferManager.cpp:93] [~BufferManager] Shutting down Buffer Manager completed[m
[36m[03:48:29.165022] [D] [SingleNodeWorker] [WorkerThread-0] [Task:846198240] [SourceThread.cpp:232] [tryStop] SourceThread 2: attempting to stop source[m
[36m[03:48:29.165068] [D] [SingleNodeWorker] [WorkerThread-0] [Task:846198240] [SourceThread.cpp:250] [tryStop] SourceThread 2: stopped[m
[32m[03:48:29.191374] [I] [SingleNodeWorker] [WorkerThread-1] [] [SequenceShredder.cpp:55] [~SequenceShredder] Successfully validated SequenceShredder[m
[32m[03:48:29.192713] [I] [SingleNodeWorker] [WorkerThread-2] [Task:846198240-174] [VoidSink.cpp:42] [stop] Void Sink completed.[m
[36m[03:48:29.192837] [D] [SingleNodeWorker] [WorkerThread-2] [] [SourceThread.cpp:228] [tryStop] SourceThread 2: thread is not running[m
[36m[03:48:31.723919] [D] [Not A Worker] [unnamed] [queryId:964313481] [BufferManager.cpp:110] [initialize] NES memory allocation requires 1 out of 540577120256 (so 1.8498748143954595e-10%) available bytes[m
[36m[03:48:31.723983] [D] [Not A Worker] [unnamed] [queryId:964313481] [BufferManager.cpp:160] [initialize] BufferManager configuration bufferSize=1 numOfBuffers=1[m
[36m[03:48:31.724181] [D] [Not A Worker] [unnamed] [queryId:964313481] [PipeliningPhase.cpp:404] [apply] Constructed pipeline plan with 1 root pipelines.
PipelinedQueryPlan for Query: 964313481
Number of root pipelines: 1
------------------
Root Pipeline 0:
  Pipeline(ID(175), Provider(COMPILER))
  Operator chain:
    PhysicalOperator(NES::SourcePhysicalOperator)
  Successor Pipeline:
    Pipeline(ID(176), Provider(None))
      Operator chain:
        PhysicalOperator(NES::ScanPhysicalOperator)
          PhysicalOperator(NES::SelectionPhysicalOperator)
            PhysicalOperator(NES::MapPhysicalOperator)
              PhysicalOperator(NES::EmitPhysicalOperator)
      Successor Pipeline:
        Pipeline(ID(177), Provider(None))
          Operator chain:
            PhysicalOperator(NES::SinkPhysicalOperator)

[m
[36m[03:48:31.728473] [D] [Not A Worker] [unnamed] [] [SinkProvider.cpp:30] [lower] The sinkDescriptor is: SinkDescriptor: (name: variant("EXTRA_SINK"), type: Void, Config: )[m
[36m[03:48:31.730681] [D] [SingleNodeWorker] [WorkerThread-1] [Task:964313481-177] [VoidSink.cpp:37] [start] Setting up void sink: VoidSink[m
[36m[03:48:31.802784] [D] [SingleNodeWorker] [WorkerThread-1] [] [SourceThread.cpp:186] [start] Starting source with originId: 2[m
[36m[03:48:31.804367] [D] [SingleNodeWorker] [WorkerThread-1] [Task:964313481-176] [BufferManager.cpp:65] [~BufferManager] Calling BufferManager::destroy()[m
[36m[03:48:31.804396] [D] [SingleNodeWorker] [WorkerThread-1] [Task:964313481-176] [BufferManager.cpp:93] [~BufferManager] Shutting down Buffer Manager completed[m
[36m[03:48:32.732197] [D] [SingleNodeWorker] [WorkerThread-2] [Task:964313481-176] [InputFormatter.hpp:349] [indexTrailingSpanningTupleProxy] last offset: 262143, first offset: 264[m
[36m[03:48:37.027626] [D] [SingleNodeWorker] [WorkerThread-2] [Task:964313481] [SourceThread.cpp:232] [tryStop] SourceThread 2: attempting to stop source[m
[36m[03:48:37.027677] [D] [SingleNodeWorker] [WorkerThread-2] [Task:964313481] [SourceThread.cpp:250] [tryStop] SourceThread 2: stopped[m
[32m[03:48:37.054043] [I] [SingleNodeWorker] [WorkerThread-0] [] [SequenceShredder.cpp:55] [~SequenceShredder] Successfully validated SequenceShredder[m
[32m[03:48:37.062676] [I] [SingleNodeWorker] [WorkerThread-2] [Task:964313481-177] [VoidSink.cpp:42] [stop] Void Sink completed.[m
[36m[03:48:37.062798] [D] [SingleNodeWorker] [WorkerThread-2] [] [SourceThread.cpp:228] [tryStop] SourceThread 2: thread is not running[m
[36m[03:48:39.501857] [D] [Not A Worker] [unnamed] [queryId:1468752254] [BufferManager.cpp:110] [initialize] NES memory allocation requires 1 out of 540577120256 (so 1.8498748143954595e-10%) available bytes[m
[36m[03:48:39.501916] [D] [Not A Worker] [unnamed] [queryId:1468752254] [BufferManager.cpp:160] [initialize] BufferManager configuration bufferSize=1 numOfBuffers=1[m
[36m[03:48:39.502086] [D] [Not A Worker] [unnamed] [queryId:1468752254] [PipeliningPhase.cpp:404] [apply] Constructed pipeline plan with 1 root pipelines.
PipelinedQueryPlan for Query: 1468752254
Number of root pipelines: 1
------------------
Root Pipeline 0:
  Pipeline(ID(178), Provider(COMPILER))
  Operator chain:
    PhysicalOperator(NES::SourcePhysicalOperator)
  Successor Pipeline:
    Pipeline(ID(179), Provider(None))
      Operator chain:
        PhysicalOperator(NES::ScanPhysicalOperator)
          PhysicalOperator(NES::SelectionPhysicalOperator)
            PhysicalOperator(NES::MapPhysicalOperator)
              PhysicalOperator(NES::EmitPhysicalOperator)
      Successor Pipeline:
        Pipeline(ID(180), Provider(None))
          Operator chain:
            PhysicalOperator(NES::SinkPhysicalOperator)

[m
[36m[03:48:39.505733] [D] [Not A Worker] [unnamed] [] [SinkProvider.cpp:30] [lower] The sinkDescriptor is: SinkDescriptor: (name: variant("EXTRA_SINK"), type: Void, Config: )[m
[36m[03:48:39.507519] [D] [SingleNodeWorker] [WorkerThread-3] [Task:1468752254-180] [VoidSink.cpp:37] [start] Setting up void sink: VoidSink[m
[36m[03:48:39.578630] [D] [SingleNodeWorker] [WorkerThread-3] [] [SourceThread.cpp:186] [start] Starting source with originId: 2[m
[36m[03:48:39.580170] [D] [SingleNodeWorker] [WorkerThread-3] [Task:1468752254-179] [BufferManager.cpp:65] [~BufferManager] Calling BufferManager::destroy()[m
[36m[03:48:39.580194] [D] [SingleNodeWorker] [WorkerThread-3] [Task:1468752254-179] [BufferManager.cpp:93] [~BufferManager] Shutting down Buffer Manager completed[m
[36m[03:48:42.451815] [D] [SingleNodeWorker] [WorkerThread-1] [Task:1468752254-179] [InputFormatter.hpp:349] [indexTrailingSpanningTupleProxy] last offset: 262143, first offset: 327[m
[36m[03:48:44.825209] [D] [SingleNodeWorker] [WorkerThread-0] [Task:1468752254] [SourceThread.cpp:232] [tryStop] SourceThread 2: attempting to stop source[m
[36m[03:48:44.825254] [D] [SingleNodeWorker] [WorkerThread-0] [Task:1468752254] [SourceThread.cpp:250] [tryStop] SourceThread 2: stopped[m
[32m[03:48:44.851211] [I] [SingleNodeWorker] [WorkerThread-0] [] [SequenceShredder.cpp:55] [~SequenceShredder] Successfully validated SequenceShredder[m
[32m[03:48:44.851484] [I] [SingleNodeWorker] [WorkerThread-2] [Task:1468752254-180] [VoidSink.cpp:42] [stop] Void Sink completed.[m
[36m[03:48:44.851662] [D] [SingleNodeWorker] [WorkerThread-2] [] [SourceThread.cpp:228] [tryStop] SourceThread 2: thread is not running[m
[36m[03:48:47.323299] [D] [Not A Worker] [unnamed] [queryId:1056232991] [BufferManager.cpp:110] [initialize] NES memory allocation requires 1 out of 540577120256 (so 1.8498748143954595e-10%) available bytes[m
[36m[03:48:47.323364] [D] [Not A Worker] [unnamed] [queryId:1056232991] [BufferManager.cpp:160] [initialize] BufferManager configuration bufferSize=1 numOfBuffers=1[m
[36m[03:48:47.323585] [D] [Not A Worker] [unnamed] [queryId:1056232991] [PipeliningPhase.cpp:404] [apply] Constructed pipeline plan with 1 root pipelines.
PipelinedQueryPlan for Query: 1056232991
Number of root pipelines: 1
------------------
Root Pipeline 0:
  Pipeline(ID(181), Provider(COMPILER))
  Operator chain:
    PhysicalOperator(NES::SourcePhysicalOperator)
  Successor Pipeline:
    Pipeline(ID(182), Provider(None))
      Operator chain:
        PhysicalOperator(NES::ScanPhysicalOperator)
          PhysicalOperator(NES::SelectionPhysicalOperator)
            PhysicalOperator(NES::MapPhysicalOperator)
              PhysicalOperator(NES::EmitPhysicalOperator)
      Successor Pipeline:
        Pipeline(ID(183), Provider(None))
          Operator chain:
            PhysicalOperator(NES::SinkPhysicalOperator)

[m
[36m[03:48:47.327698] [D] [Not A Worker] [unnamed] [] [SinkProvider.cpp:30] [lower] The sinkDescriptor is: SinkDescriptor: (name: variant("NAME_SINK"), type: Void, Config: )[m
[36m[03:48:47.328553] [D] [SingleNodeWorker] [WorkerThread-3] [Task:1056232991-183] [VoidSink.cpp:37] [start] Setting up void sink: VoidSink[m
[36m[03:48:47.400779] [D] [SingleNodeWorker] [WorkerThread-3] [] [SourceThread.cpp:186] [start] Starting source with originId: 2[m
[36m[03:48:47.402336] [D] [SingleNodeWorker] [WorkerThread-3] [Task:1056232991-182] [BufferManager.cpp:65] [~BufferManager] Calling BufferManager::destroy()[m
[36m[03:48:47.402363] [D] [SingleNodeWorker] [WorkerThread-3] [Task:1056232991-182] [BufferManager.cpp:93] [~BufferManager] Shutting down Buffer Manager completed[m
[36m[03:48:52.652907] [D] [SingleNodeWorker] [WorkerThread-3] [Task:1056232991] [SourceThread.cpp:232] [tryStop] SourceThread 2: attempting to stop source[m
[36m[03:48:52.652947] [D] [SingleNodeWorker] [WorkerThread-3] [Task:1056232991] [SourceThread.cpp:250] [tryStop] SourceThread 2: stopped[m
[32m[03:48:52.679089] [I] [SingleNodeWorker] [WorkerThread-0] [] [SequenceShredder.cpp:55] [~SequenceShredder] Successfully validated SequenceShredder[m
[32m[03:48:52.679251] [I] [SingleNodeWorker] [WorkerThread-2] [Task:1056232991-183] [VoidSink.cpp:42] [stop] Void Sink completed.[m
[36m[03:48:52.679393] [D] [SingleNodeWorker] [WorkerThread-2] [] [SourceThread.cpp:228] [tryStop] SourceThread 2: thread is not running[m
[36m[03:48:55.053576] [D] [Not A Worker] [unnamed] [queryId:417221246] [BufferManager.cpp:110] [initialize] NES memory allocation requires 1 out of 540577120256 (so 1.8498748143954595e-10%) available bytes[m
[36m[03:48:55.053638] [D] [Not A Worker] [unnamed] [queryId:417221246] [BufferManager.cpp:160] [initialize] BufferManager configuration bufferSize=1 numOfBuffers=1[m
[36m[03:48:55.053816] [D] [Not A Worker] [unnamed] [queryId:417221246] [PipeliningPhase.cpp:404] [apply] Constructed pipeline plan with 1 root pipelines.
PipelinedQueryPlan for Query: 417221246
Number of root pipelines: 1
------------------
Root Pipeline 0:
  Pipeline(ID(184), Provider(COMPILER))
  Operator chain:
    PhysicalOperator(NES::SourcePhysicalOperator)
  Successor Pipeline:
    Pipeline(ID(185), Provider(None))
      Operator chain:
        PhysicalOperator(NES::ScanPhysicalOperator)
          PhysicalOperator(NES::SelectionPhysicalOperator)
            PhysicalOperator(NES::MapPhysicalOperator)
              PhysicalOperator(NES::EmitPhysicalOperator)
      Successor Pipeline:
        Pipeline(ID(186), Provider(None))
          Operator chain:
            PhysicalOperator(NES::SinkPhysicalOperator)

[m
[36m[03:48:55.057969] [D] [Not A Worker] [unnamed] [] [SinkProvider.cpp:30] [lower] The sinkDescriptor is: SinkDescriptor: (name: variant("NAME_SINK"), type: Void, Config: )[m
[36m[03:48:55.060290] [D] [SingleNodeWorker] [WorkerThread-1] [Task:417221246-186] [VoidSink.cpp:37] [start] Setting up void sink: VoidSink[m
[36m[03:48:55.134453] [D] [SingleNodeWorker] [WorkerThread-1] [] [SourceThread.cpp:186] [start] Starting source with originId: 2[m
[36m[03:48:55.135983] [D] [SingleNodeWorker] [WorkerThread-1] [Task:417221246-185] [BufferManager.cpp:65] [~BufferManager] Calling BufferManager::destroy()[m
[36m[03:48:55.136012] [D] [SingleNodeWorker] [WorkerThread-1] [Task:417221246-185] [BufferManager.cpp:93] [~BufferManager] Shutting down Buffer Manager completed[m
[36m[03:49:00.382808] [D] [SingleNodeWorker] [WorkerThread-0] [Task:417221246] [SourceThread.cpp:232] [tryStop] SourceThread 2: attempting to stop source[m
[36m[03:49:00.382853] [D] [SingleNodeWorker] [WorkerThread-0] [Task:417221246] [SourceThread.cpp:250] [tryStop] SourceThread 2: stopped[m
[32m[03:49:00.418474] [I] [SingleNodeWorker] [WorkerThread-0] [] [SequenceShredder.cpp:55] [~SequenceShredder] Successfully validated SequenceShredder[m
[32m[03:49:00.419647] [I] [SingleNodeWorker] [WorkerThread-1] [Task:417221246-186] [VoidSink.cpp:42] [stop] Void Sink completed.[m
[36m[03:49:00.419791] [D] [SingleNodeWorker] [WorkerThread-1] [] [SourceThread.cpp:228] [tryStop] SourceThread 2: thread is not running[m
[36m[03:49:02.937208] [D] [Not A Worker] [unnamed] [queryId:1046692807] [BufferManager.cpp:110] [initialize] NES memory allocation requires 1 out of 540577120256 (so 1.8498748143954595e-10%) available bytes[m
[36m[03:49:02.937270] [D] [Not A Worker] [unnamed] [queryId:1046692807] [BufferManager.cpp:160] [initialize] BufferManager configuration bufferSize=1 numOfBuffers=1[m
[36m[03:49:02.937458] [D] [Not A Worker] [unnamed] [queryId:1046692807] [PipeliningPhase.cpp:404] [apply] Constructed pipeline plan with 1 root pipelines.
PipelinedQueryPlan for Query: 1046692807
Number of root pipelines: 1
------------------
Root Pipeline 0:
  Pipeline(ID(187), Provider(COMPILER))
  Operator chain:
    PhysicalOperator(NES::SourcePhysicalOperator)
  Successor Pipeline:
    Pipeline(ID(188), Provider(None))
      Operator chain:
        PhysicalOperator(NES::ScanPhysicalOperator)
          PhysicalOperator(NES::SelectionPhysicalOperator)
            PhysicalOperator(NES::MapPhysicalOperator)
              PhysicalOperator(NES::EmitPhysicalOperator)
      Successor Pipeline:
        Pipeline(ID(189), Provider(None))
          Operator chain:
            PhysicalOperator(NES::SinkPhysicalOperator)

[m
[36m[03:49:02.941469] [D] [Not A Worker] [unnamed] [] [SinkProvider.cpp:30] [lower] The sinkDescriptor is: SinkDescriptor: (name: variant("NAME_SINK"), type: Void, Config: )[m
[36m[03:49:02.943944] [D] [SingleNodeWorker] [WorkerThread-3] [Task:1046692807-189] [VoidSink.cpp:37] [start] Setting up void sink: VoidSink[m
[36m[03:49:03.016083] [D] [SingleNodeWorker] [WorkerThread-3] [] [SourceThread.cpp:186] [start] Starting source with originId: 2[m
[36m[03:49:03.017610] [D] [SingleNodeWorker] [WorkerThread-3] [Task:1046692807-188] [BufferManager.cpp:65] [~BufferManager] Calling BufferManager::destroy()[m
[36m[03:49:03.017633] [D] [SingleNodeWorker] [WorkerThread-3] [Task:1046692807-188] [BufferManager.cpp:93] [~BufferManager] Shutting down Buffer Manager completed[m
[36m[03:49:08.249679] [D] [SingleNodeWorker] [WorkerThread-3] [Task:1046692807] [SourceThread.cpp:232] [tryStop] SourceThread 2: attempting to stop source[m
[36m[03:49:08.249723] [D] [SingleNodeWorker] [WorkerThread-3] [Task:1046692807] [SourceThread.cpp:250] [tryStop] SourceThread 2: stopped[m
[32m[03:49:08.276769] [I] [SingleNodeWorker] [WorkerThread-1] [Task:1046692807-189] [VoidSink.cpp:42] [stop] Void Sink completed.[m
[32m[03:49:08.276857] [I] [SingleNodeWorker] [WorkerThread-0] [] [SequenceShredder.cpp:55] [~SequenceShredder] Successfully validated SequenceShredder[m
[36m[03:49:08.276909] [D] [SingleNodeWorker] [WorkerThread-1] [] [SourceThread.cpp:228] [tryStop] SourceThread 2: thread is not running[m
[36m[03:49:10.653443] [D] [Not A Worker] [unnamed] [queryId:12354930] [BufferManager.cpp:110] [initialize] NES memory allocation requires 1 out of 540577120256 (so 1.8498748143954595e-10%) available bytes[m
[36m[03:49:10.653503] [D] [Not A Worker] [unnamed] [queryId:12354930] [BufferManager.cpp:160] [initialize] BufferManager configuration bufferSize=1 numOfBuffers=1[m
[36m[03:49:10.653694] [D] [Not A Worker] [unnamed] [queryId:12354930] [PipeliningPhase.cpp:404] [apply] Constructed pipeline plan with 1 root pipelines.
PipelinedQueryPlan for Query: 12354930
Number of root pipelines: 1
------------------
Root Pipeline 0:
  Pipeline(ID(190), Provider(COMPILER))
  Operator chain:
    PhysicalOperator(NES::SourcePhysicalOperator)
  Successor Pipeline:
    Pipeline(ID(191), Provider(None))
      Operator chain:
        PhysicalOperator(NES::ScanPhysicalOperator)
          PhysicalOperator(NES::SelectionPhysicalOperator)
            PhysicalOperator(NES::MapPhysicalOperator)
              PhysicalOperator(NES::EmitPhysicalOperator)
      Successor Pipeline:
        Pipeline(ID(192), Provider(None))
          Operator chain:
            PhysicalOperator(NES::SinkPhysicalOperator)

[m
[36m[03:49:10.657396] [D] [Not A Worker] [unnamed] [] [SinkProvider.cpp:30] [lower] The sinkDescriptor is: SinkDescriptor: (name: variant("NAME_SINK"), type: Void, Config: )[m
[36m[03:49:10.664589] [D] [SingleNodeWorker] [WorkerThread-2] [Task:12354930-192] [VoidSink.cpp:37] [start] Setting up void sink: VoidSink[m
[36m[03:49:10.742701] [D] [SingleNodeWorker] [WorkerThread-2] [] [SourceThread.cpp:186] [start] Starting source with originId: 2[m
[36m[03:49:10.744272] [D] [SingleNodeWorker] [WorkerThread-2] [Task:12354930-191] [BufferManager.cpp:65] [~BufferManager] Calling BufferManager::destroy()[m
[36m[03:49:10.744298] [D] [SingleNodeWorker] [WorkerThread-2] [Task:12354930-191] [BufferManager.cpp:93] [~BufferManager] Shutting down Buffer Manager completed[m
[36m[03:49:15.993691] [D] [SingleNodeWorker] [WorkerThread-1] [Task:12354930] [SourceThread.cpp:232] [tryStop] SourceThread 2: attempting to stop source[m
[36m[03:49:15.993742] [D] [SingleNodeWorker] [WorkerThread-1] [Task:12354930] [SourceThread.cpp:250] [tryStop] SourceThread 2: stopped[m
[32m[03:49:16.019550] [I] [SingleNodeWorker] [WorkerThread-1] [] [SequenceShredder.cpp:55] [~SequenceShredder] Successfully validated SequenceShredder[m
[32m[03:49:16.029777] [I] [SingleNodeWorker] [WorkerThread-0] [Task:12354930-192] [VoidSink.cpp:42] [stop] Void Sink completed.[m
[36m[03:49:16.029915] [D] [SingleNodeWorker] [WorkerThread-0] [] [SourceThread.cpp:228] [tryStop] SourceThread 2: thread is not running[m
[36m[03:49:18.385022] [D] [Not A Worker] [unnamed] [queryId:1967897192] [BufferManager.cpp:110] [initialize] NES memory allocation requires 1 out of 540577120256 (so 1.8498748143954595e-10%) available bytes[m
[36m[03:49:18.385078] [D] [Not A Worker] [unnamed] [queryId:1967897192] [BufferManager.cpp:160] [initialize] BufferManager configuration bufferSize=1 numOfBuffers=1[m
[36m[03:49:18.385245] [D] [Not A Worker] [unnamed] [queryId:1967897192] [PipeliningPhase.cpp:404] [apply] Constructed pipeline plan with 1 root pipelines.
PipelinedQueryPlan for Query: 1967897192
Number of root pipelines: 1
------------------
Root Pipeline 0:
  Pipeline(ID(193), Provider(COMPILER))
  Operator chain:
    PhysicalOperator(NES::SourcePhysicalOperator)
  Successor Pipeline:
    Pipeline(ID(194), Provider(None))
      Operator chain:
        PhysicalOperator(NES::ScanPhysicalOperator)
          PhysicalOperator(NES::SelectionPhysicalOperator)
            PhysicalOperator(NES::MapPhysicalOperator)
              PhysicalOperator(NES::EmitPhysicalOperator)
      Successor Pipeline:
        Pipeline(ID(195), Provider(None))
          Operator chain:
            PhysicalOperator(NES::SinkPhysicalOperator)

[m
[36m[03:49:18.388727] [D] [Not A Worker] [unnamed] [] [SinkProvider.cpp:30] [lower] The sinkDescriptor is: SinkDescriptor: (name: variant("NAME_SINK"), type: Void, Config: )[m
[36m[03:49:18.389374] [D] [SingleNodeWorker] [WorkerThread-2] [Task:1967897192-195] [VoidSink.cpp:37] [start] Setting up void sink: VoidSink[m
[36m[03:49:18.462674] [D] [SingleNodeWorker] [WorkerThread-2] [] [SourceThread.cpp:186] [start] Starting source with originId: 2[m
[36m[03:49:18.464206] [D] [SingleNodeWorker] [WorkerThread-2] [Task:1967897192-194] [BufferManager.cpp:65] [~BufferManager] Calling BufferManager::destroy()[m
[36m[03:49:18.464235] [D] [SingleNodeWorker] [WorkerThread-2] [Task:1967897192-194] [BufferManager.cpp:93] [~BufferManager] Shutting down Buffer Manager completed[m
[36m[03:49:23.723200] [D] [SingleNodeWorker] [WorkerThread-0] [Task:1967897192] [SourceThread.cpp:232] [tryStop] SourceThread 2: attempting to stop source[m
[36m[03:49:23.723242] [D] [SingleNodeWorker] [WorkerThread-0] [Task:1967897192] [SourceThread.cpp:250] [tryStop] SourceThread 2: stopped[m
[32m[03:49:23.750412] [I] [SingleNodeWorker] [WorkerThread-2] [] [SequenceShredder.cpp:55] [~SequenceShredder] Successfully validated SequenceShredder[m
[32m[03:49:23.758651] [I] [SingleNodeWorker] [WorkerThread-0] [Task:1967897192-195] [VoidSink.cpp:42] [stop] Void Sink completed.[m
[36m[03:49:23.758778] [D] [SingleNodeWorker] [WorkerThread-0] [] [SourceThread.cpp:228] [tryStop] SourceThread 2: thread is not running[m
[36m[03:49:26.213153] [D] [Not A Worker] [unnamed] [queryId:963119482] [BufferManager.cpp:110] [initialize] NES memory allocation requires 1 out of 540577120256 (so 1.8498748143954595e-10%) available bytes[m
[36m[03:49:26.213214] [D] [Not A Worker] [unnamed] [queryId:963119482] [BufferManager.cpp:160] [initialize] BufferManager configuration bufferSize=1 numOfBuffers=1[m
[36m[03:49:26.213383] [D] [Not A Worker] [unnamed] [queryId:963119482] [PipeliningPhase.cpp:404] [apply] Constructed pipeline plan with 1 root pipelines.
PipelinedQueryPlan for Query: 963119482
Number of root pipelines: 1
------------------
Root Pipeline 0:
  Pipeline(ID(196), Provider(COMPILER))
  Operator chain:
    PhysicalOperator(NES::SourcePhysicalOperator)
  Successor Pipeline:
    Pipeline(ID(197), Provider(None))
      Operator chain:
        PhysicalOperator(NES::ScanPhysicalOperator)
          PhysicalOperator(NES::SelectionPhysicalOperator)
            PhysicalOperator(NES::MapPhysicalOperator)
              PhysicalOperator(NES::EmitPhysicalOperator)
      Successor Pipeline:
        Pipeline(ID(198), Provider(None))
          Operator chain:
            PhysicalOperator(NES::SinkPhysicalOperator)

[m
[36m[03:49:26.217040] [D] [Not A Worker] [unnamed] [] [SinkProvider.cpp:30] [lower] The sinkDescriptor is: SinkDescriptor: (name: variant("NAME_SINK"), type: Void, Config: )[m
[36m[03:49:26.217841] [D] [SingleNodeWorker] [WorkerThread-3] [Task:963119482-198] [VoidSink.cpp:37] [start] Setting up void sink: VoidSink[m
[36m[03:49:26.289527] [D] [SingleNodeWorker] [WorkerThread-3] [] [SourceThread.cpp:186] [start] Starting source with originId: 2[m
[36m[03:49:26.291053] [D] [SingleNodeWorker] [WorkerThread-3] [Task:963119482-197] [BufferManager.cpp:65] [~BufferManager] Calling BufferManager::destroy()[m
[36m[03:49:26.291078] [D] [SingleNodeWorker] [WorkerThread-3] [Task:963119482-197] [BufferManager.cpp:93] [~BufferManager] Shutting down Buffer Manager completed[m
[36m[03:49:29.160947] [D] [SingleNodeWorker] [WorkerThread-2] [Task:963119482-197] [InputFormatter.hpp:349] [indexTrailingSpanningTupleProxy] last offset: 262143, first offset: 327[m
[36m[03:49:29.238262] [D] [SingleNodeWorker] [WorkerThread-2] [Task:963119482-197] [InputFormatter.hpp:349] [indexTrailingSpanningTupleProxy] last offset: 262143, first offset: 297[m
[36m[03:49:31.536697] [D] [SingleNodeWorker] [WorkerThread-0] [Task:963119482] [SourceThread.cpp:232] [tryStop] SourceThread 2: attempting to stop source[m
[36m[03:49:31.536741] [D] [SingleNodeWorker] [WorkerThread-0] [Task:963119482] [SourceThread.cpp:250] [tryStop] SourceThread 2: stopped[m
[32m[03:49:31.563131] [I] [SingleNodeWorker] [WorkerThread-1] [] [SequenceShredder.cpp:55] [~SequenceShredder] Successfully validated SequenceShredder[m
[32m[03:49:31.564369] [I] [SingleNodeWorker] [WorkerThread-2] [Task:963119482-198] [VoidSink.cpp:42] [stop] Void Sink completed.[m
[36m[03:49:31.564498] [D] [SingleNodeWorker] [WorkerThread-2] [] [SourceThread.cpp:228] [tryStop] SourceThread 2: thread is not running[m
[36m[03:49:34.003909] [D] [Not A Worker] [unnamed] [queryId:1324436743] [BufferManager.cpp:110] [initialize] NES memory allocation requires 1 out of 540577120256 (so 1.8498748143954595e-10%) available bytes[m
[36m[03:49:34.003972] [D] [Not A Worker] [unnamed] [queryId:1324436743] [BufferManager.cpp:160] [initialize] BufferManager configuration bufferSize=1 numOfBuffers=1[m
[36m[03:49:34.004163] [D] [Not A Worker] [unnamed] [queryId:1324436743] [PipeliningPhase.cpp:404] [apply] Constructed pipeline plan with 1 root pipelines.
PipelinedQueryPlan for Query: 1324436743
Number of root pipelines: 1
------------------
Root Pipeline 0:
  Pipeline(ID(199), Provider(COMPILER))
  Operator chain:
    PhysicalOperator(NES::SourcePhysicalOperator)
  Successor Pipeline:
    Pipeline(ID(200), Provider(None))
      Operator chain:
        PhysicalOperator(NES::ScanPhysicalOperator)
          PhysicalOperator(NES::SelectionPhysicalOperator)
            PhysicalOperator(NES::MapPhysicalOperator)
              PhysicalOperator(NES::EmitPhysicalOperator)
      Successor Pipeline:
        Pipeline(ID(201), Provider(None))
          Operator chain:
            PhysicalOperator(NES::SinkPhysicalOperator)

[m
[36m[03:49:34.007992] [D] [Not A Worker] [unnamed] [] [SinkProvider.cpp:30] [lower] The sinkDescriptor is: SinkDescriptor: (name: variant("NAME_SINK"), type: Void, Config: )[m
[36m[03:49:34.011568] [D] [SingleNodeWorker] [WorkerThread-3] [Task:1324436743-201] [VoidSink.cpp:37] [start] Setting up void sink: VoidSink[m
[36m[03:49:34.085668] [D] [SingleNodeWorker] [WorkerThread-3] [] [SourceThread.cpp:186] [start] Starting source with originId: 2[m
[36m[03:49:34.087192] [D] [SingleNodeWorker] [WorkerThread-3] [Task:1324436743-200] [BufferManager.cpp:65] [~BufferManager] Calling BufferManager::destroy()[m
[36m[03:49:34.087218] [D] [SingleNodeWorker] [WorkerThread-3] [Task:1324436743-200] [BufferManager.cpp:93] [~BufferManager] Shutting down Buffer Manager completed[m
[36m[03:49:35.299863] [D] [SingleNodeWorker] [WorkerThread-1] [Task:1324436743-200] [InputFormatter.hpp:349] [indexTrailingSpanningTupleProxy] last offset: 262143, first offset: 206[m
[36m[03:49:39.364445] [D] [SingleNodeWorker] [WorkerThread-0] [Task:1324436743] [SourceThread.cpp:232] [tryStop] SourceThread 2: attempting to stop source[m
[36m[03:49:39.364489] [D] [SingleNodeWorker] [WorkerThread-0] [Task:1324436743] [SourceThread.cpp:250] [tryStop] SourceThread 2: stopped[m
[32m[03:49:39.391837] [I] [SingleNodeWorker] [WorkerThread-3] [] [SequenceShredder.cpp:55] [~SequenceShredder] Successfully validated SequenceShredder[m
[32m[03:49:39.399690] [I] [SingleNodeWorker] [WorkerThread-2] [Task:1324436743-201] [VoidSink.cpp:42] [stop] Void Sink completed.[m
[36m[03:49:39.399837] [D] [SingleNodeWorker] [WorkerThread-2] [] [SourceThread.cpp:228] [tryStop] SourceThread 2: thread is not running[m
[36m[03:49:41.756348] [D] [Not A Worker] [unnamed] [queryId:202708196] [BufferManager.cpp:110] [initialize] NES memory allocation requires 1 out of 540577120256 (so 1.8498748143954595e-10%) available bytes[m
[36m[03:49:41.756408] [D] [Not A Worker] [unnamed] [queryId:202708196] [BufferManager.cpp:160] [initialize] BufferManager configuration bufferSize=1 numOfBuffers=1[m
[36m[03:49:41.756579] [D] [Not A Worker] [unnamed] [queryId:202708196] [PipeliningPhase.cpp:404] [apply] Constructed pipeline plan with 1 root pipelines.
PipelinedQueryPlan for Query: 202708196
Number of root pipelines: 1
------------------
Root Pipeline 0:
  Pipeline(ID(202), Provider(COMPILER))
  Operator chain:
    PhysicalOperator(NES::SourcePhysicalOperator)
  Successor Pipeline:
    Pipeline(ID(203), Provider(None))
      Operator chain:
        PhysicalOperator(NES::ScanPhysicalOperator)
          PhysicalOperator(NES::SelectionPhysicalOperator)
            PhysicalOperator(NES::MapPhysicalOperator)
              PhysicalOperator(NES::EmitPhysicalOperator)
      Successor Pipeline:
        Pipeline(ID(204), Provider(None))
          Operator chain:
            PhysicalOperator(NES::SinkPhysicalOperator)

[m
[36m[03:49:41.759610] [D] [Not A Worker] [unnamed] [] [SinkProvider.cpp:30] [lower] The sinkDescriptor is: SinkDescriptor: (name: variant("NAME_SINK"), type: Void, Config: )[m
[36m[03:49:41.760724] [D] [SingleNodeWorker] [WorkerThread-3] [Task:202708196-204] [VoidSink.cpp:37] [start] Setting up void sink: VoidSink[m
[36m[03:49:41.835709] [D] [SingleNodeWorker] [WorkerThread-3] [] [SourceThread.cpp:186] [start] Starting source with originId: 2[m
[36m[03:49:41.837254] [D] [SingleNodeWorker] [WorkerThread-3] [Task:202708196-203] [BufferManager.cpp:65] [~BufferManager] Calling BufferManager::destroy()[m
[36m[03:49:41.837279] [D] [SingleNodeWorker] [WorkerThread-3] [Task:202708196-203] [BufferManager.cpp:93] [~BufferManager] Shutting down Buffer Manager completed[m
[36m[03:49:47.213211] [D] [SingleNodeWorker] [WorkerThread-3] [Task:202708196] [SourceThread.cpp:232] [tryStop] SourceThread 2: attempting to stop source[m
[36m[03:49:47.213253] [D] [SingleNodeWorker] [WorkerThread-3] [Task:202708196] [SourceThread.cpp:250] [tryStop] SourceThread 2: stopped[m
[32m[03:49:47.240468] [I] [SingleNodeWorker] [WorkerThread-2] [] [SequenceShredder.cpp:55] [~SequenceShredder] Successfully validated SequenceShredder[m
[32m[03:49:47.240606] [I] [SingleNodeWorker] [WorkerThread-0] [Task:202708196-204] [VoidSink.cpp:42] [stop] Void Sink completed.[m
[36m[03:49:47.240741] [D] [SingleNodeWorker] [WorkerThread-0] [] [SourceThread.cpp:228] [tryStop] SourceThread 2: thread is not running[m
[36m[03:49:49.422188] [D] [Not A Worker] [unnamed] [queryId:1798032067] [BufferManager.cpp:110] [initialize] NES memory allocation requires 1 out of 540577120256 (so 1.8498748143954595e-10%) available bytes[m
[36m[03:49:49.422254] [D] [Not A Worker] [unnamed] [queryId:1798032067] [BufferManager.cpp:160] [initialize] BufferManager configuration bufferSize=1 numOfBuffers=1[m
[36m[03:49:49.422447] [D] [Not A Worker] [unnamed] [queryId:1798032067] [PipeliningPhase.cpp:404] [apply] Constructed pipeline plan with 1 root pipelines.
PipelinedQueryPlan for Query: 1798032067
Number of root pipelines: 1
------------------
Root Pipeline 0:
  Pipeline(ID(205), Provider(COMPILER))
  Operator chain:
    PhysicalOperator(NES::SourcePhysicalOperator)
  Successor Pipeline:
    Pipeline(ID(206), Provider(None))
      Operator chain:
        PhysicalOperator(NES::ScanPhysicalOperator)
          PhysicalOperator(NES::SelectionPhysicalOperator)
            PhysicalOperator(NES::MapPhysicalOperator)
              PhysicalOperator(NES::EmitPhysicalOperator)
      Successor Pipeline:
        Pipeline(ID(207), Provider(None))
          Operator chain:
            PhysicalOperator(NES::SinkPhysicalOperator)

[m
[36m[03:49:49.426499] [D] [Not A Worker] [unnamed] [] [SinkProvider.cpp:30] [lower] The sinkDescriptor is: SinkDescriptor: (name: variant("NAME_SINK"), type: Void, Config: )[m
[36m[03:49:49.430433] [D] [SingleNodeWorker] [WorkerThread-3] [Task:1798032067-207] [VoidSink.cpp:37] [start] Setting up void sink: VoidSink[m
[36m[03:49:49.507224] [D] [SingleNodeWorker] [WorkerThread-3] [] [SourceThread.cpp:186] [start] Starting source with originId: 2[m
[36m[03:49:49.508780] [D] [SingleNodeWorker] [WorkerThread-3] [Task:1798032067-206] [BufferManager.cpp:65] [~BufferManager] Calling BufferManager::destroy()[m
[36m[03:49:49.508806] [D] [SingleNodeWorker] [WorkerThread-3] [Task:1798032067-206] [BufferManager.cpp:93] [~BufferManager] Shutting down Buffer Manager completed[m
[36m[03:49:54.801514] [D] [SingleNodeWorker] [WorkerThread-3] [Task:1798032067] [SourceThread.cpp:232] [tryStop] SourceThread 2: attempting to stop source[m
[36m[03:49:54.801566] [D] [SingleNodeWorker] [WorkerThread-3] [Task:1798032067] [SourceThread.cpp:250] [tryStop] SourceThread 2: stopped[m
[32m[03:49:54.828049] [I] [SingleNodeWorker] [WorkerThread-2] [] [SequenceShredder.cpp:55] [~SequenceShredder] Successfully validated SequenceShredder[m
[32m[03:49:54.837641] [I] [SingleNodeWorker] [WorkerThread-1] [Task:1798032067-207] [VoidSink.cpp:42] [stop] Void Sink completed.[m
[36m[03:49:54.837765] [D] [SingleNodeWorker] [WorkerThread-1] [] [SourceThread.cpp:228] [tryStop] SourceThread 2: thread is not running[m
[36m[03:49:57.318543] [D] [Not A Worker] [unnamed] [queryId:331259432] [BufferManager.cpp:110] [initialize] NES memory allocation requires 1 out of 540577120256 (so 1.8498748143954595e-10%) available bytes[m
[36m[03:49:57.318604] [D] [Not A Worker] [unnamed] [queryId:331259432] [BufferManager.cpp:160] [initialize] BufferManager configuration bufferSize=1 numOfBuffers=1[m
[36m[03:49:57.318773] [D] [Not A Worker] [unnamed] [queryId:331259432] [PipeliningPhase.cpp:404] [apply] Constructed pipeline plan with 1 root pipelines.
PipelinedQueryPlan for Query: 331259432
Number of root pipelines: 1
------------------
Root Pipeline 0:
  Pipeline(ID(208), Provider(COMPILER))
  Operator chain:
    PhysicalOperator(NES::SourcePhysicalOperator)
  Successor Pipeline:
    Pipeline(ID(209), Provider(None))
      Operator chain:
        PhysicalOperator(NES::ScanPhysicalOperator)
          PhysicalOperator(NES::SelectionPhysicalOperator)
            PhysicalOperator(NES::MapPhysicalOperator)
              PhysicalOperator(NES::EmitPhysicalOperator)
      Successor Pipeline:
        Pipeline(ID(210), Provider(None))
          Operator chain:
            PhysicalOperator(NES::SinkPhysicalOperator)

[m
[36m[03:49:57.322096] [D] [Not A Worker] [unnamed] [] [SinkProvider.cpp:30] [lower] The sinkDescriptor is: SinkDescriptor: (name: variant("NAME_SINK"), type: Void, Config: )[m
[36m[03:49:57.322878] [D] [SingleNodeWorker] [WorkerThread-0] [Task:331259432-210] [VoidSink.cpp:37] [start] Setting up void sink: VoidSink[m
[36m[03:49:57.399902] [D] [SingleNodeWorker] [WorkerThread-0] [] [SourceThread.cpp:186] [start] Starting source with originId: 2[m
[36m[03:49:57.401447] [D] [SingleNodeWorker] [WorkerThread-0] [Task:331259432-209] [BufferManager.cpp:65] [~BufferManager] Calling BufferManager::destroy()[m
[36m[03:49:57.401473] [D] [SingleNodeWorker] [WorkerThread-0] [Task:331259432-209] [BufferManager.cpp:93] [~BufferManager] Shutting down Buffer Manager completed[m
[36m[03:50:02.596484] [D] [SingleNodeWorker] [WorkerThread-2] [Task:331259432-209] [InputFormatter.hpp:349] [indexTrailingSpanningTupleProxy] last offset: 262143, first offset: 198[m
[36m[03:50:02.666026] [D] [SingleNodeWorker] [WorkerThread-3] [Task:331259432] [SourceThread.cpp:232] [tryStop] SourceThread 2: attempting to stop source[m
[36m[03:50:02.666066] [D] [SingleNodeWorker] [WorkerThread-3] [Task:331259432] [SourceThread.cpp:250] [tryStop] SourceThread 2: stopped[m
[32m[03:50:02.692942] [I] [SingleNodeWorker] [WorkerThread-2] [] [SequenceShredder.cpp:55] [~SequenceShredder] Successfully validated SequenceShredder[m
[32m[03:50:02.694509] [I] [SingleNodeWorker] [WorkerThread-1] [Task:331259432-210] [VoidSink.cpp:42] [stop] Void Sink completed.[m
[36m[03:50:02.694661] [D] [SingleNodeWorker] [WorkerThread-1] [] [SourceThread.cpp:228] [tryStop] SourceThread 2: thread is not running[m
[36m[03:50:05.060214] [D] [Not A Worker] [unnamed] [queryId:315514728] [BufferManager.cpp:110] [initialize] NES memory allocation requires 1 out of 540577120256 (so 1.8498748143954595e-10%) available bytes[m
[36m[03:50:05.060269] [D] [Not A Worker] [unnamed] [queryId:315514728] [BufferManager.cpp:160] [initialize] BufferManager configuration bufferSize=1 numOfBuffers=1[m
[36m[03:50:05.060442] [D] [Not A Worker] [unnamed] [queryId:315514728] [PipeliningPhase.cpp:404] [apply] Constructed pipeline plan with 1 root pipelines.
PipelinedQueryPlan for Query: 315514728
Number of root pipelines: 1
------------------
Root Pipeline 0:
  Pipeline(ID(211), Provider(COMPILER))
  Operator chain:
    PhysicalOperator(NES::SourcePhysicalOperator)
  Successor Pipeline:
    Pipeline(ID(212), Provider(None))
      Operator chain:
        PhysicalOperator(NES::ScanPhysicalOperator)
          PhysicalOperator(NES::SelectionPhysicalOperator)
            PhysicalOperator(NES::MapPhysicalOperator)
              PhysicalOperator(NES::EmitPhysicalOperator)
      Successor Pipeline:
        Pipeline(ID(213), Provider(None))
          Operator chain:
            PhysicalOperator(NES::SinkPhysicalOperator)

[m
[36m[03:50:05.064007] [D] [Not A Worker] [unnamed] [] [SinkProvider.cpp:30] [lower] The sinkDescriptor is: SinkDescriptor: (name: variant("EXTRA_SINK"), type: Void, Config: )[m
[36m[03:50:05.067515] [D] [SingleNodeWorker] [WorkerThread-0] [Task:315514728-213] [VoidSink.cpp:37] [start] Setting up void sink: VoidSink[m
[36m[03:50:05.141224] [D] [SingleNodeWorker] [WorkerThread-0] [] [SourceThread.cpp:186] [start] Starting source with originId: 2[m
[36m[03:50:05.142778] [D] [SingleNodeWorker] [WorkerThread-0] [Task:315514728-212] [BufferManager.cpp:65] [~BufferManager] Calling BufferManager::destroy()[m
[36m[03:50:05.142802] [D] [SingleNodeWorker] [WorkerThread-0] [Task:315514728-212] [BufferManager.cpp:93] [~BufferManager] Shutting down Buffer Manager completed[m
[36m[03:50:10.409127] [D] [SingleNodeWorker] [WorkerThread-0] [Task:315514728] [SourceThread.cpp:232] [tryStop] SourceThread 2: attempting to stop source[m
[36m[03:50:10.409169] [D] [SingleNodeWorker] [WorkerThread-0] [Task:315514728] [SourceThread.cpp:250] [tryStop] SourceThread 2: stopped[m
[32m[03:50:10.435704] [I] [SingleNodeWorker] [WorkerThread-2] [] [SequenceShredder.cpp:55] [~SequenceShredder] Successfully validated SequenceShredder[m
[32m[03:50:10.444534] [I] [SingleNodeWorker] [WorkerThread-0] [Task:315514728-213] [VoidSink.cpp:42] [stop] Void Sink completed.[m
[36m[03:50:10.444655] [D] [SingleNodeWorker] [WorkerThread-0] [] [SourceThread.cpp:228] [tryStop] SourceThread 2: thread is not running[m
[36m[03:50:12.882280] [D] [Not A Worker] [unnamed] [queryId:553080946] [BufferManager.cpp:110] [initialize] NES memory allocation requires 1 out of 540577120256 (so 1.8498748143954595e-10%) available bytes[m
[36m[03:50:12.882336] [D] [Not A Worker] [unnamed] [queryId:553080946] [BufferManager.cpp:160] [initialize] BufferManager configuration bufferSize=1 numOfBuffers=1[m
[36m[03:50:12.882497] [D] [Not A Worker] [unnamed] [queryId:553080946] [PipeliningPhase.cpp:404] [apply] Constructed pipeline plan with 1 root pipelines.
PipelinedQueryPlan for Query: 553080946
Number of root pipelines: 1
------------------
Root Pipeline 0:
  Pipeline(ID(214), Provider(COMPILER))
  Operator chain:
    PhysicalOperator(NES::SourcePhysicalOperator)
  Successor Pipeline:
    Pipeline(ID(215), Provider(None))
      Operator chain:
        PhysicalOperator(NES::ScanPhysicalOperator)
          PhysicalOperator(NES::SelectionPhysicalOperator)
            PhysicalOperator(NES::MapPhysicalOperator)
              PhysicalOperator(NES::EmitPhysicalOperator)
      Successor Pipeline:
        Pipeline(ID(216), Provider(None))
          Operator chain:
            PhysicalOperator(NES::SinkPhysicalOperator)

[m
[36m[03:50:12.886003] [D] [Not A Worker] [unnamed] [] [SinkProvider.cpp:30] [lower] The sinkDescriptor is: SinkDescriptor: (name: variant("EXTRA_SINK"), type: Void, Config: )[m
[36m[03:50:12.896490] [D] [SingleNodeWorker] [WorkerThread-0] [Task:553080946-216] [VoidSink.cpp:37] [start] Setting up void sink: VoidSink[m
[36m[03:50:12.969687] [D] [SingleNodeWorker] [WorkerThread-0] [] [SourceThread.cpp:186] [start] Starting source with originId: 2[m
[36m[03:50:12.971184] [D] [SingleNodeWorker] [WorkerThread-0] [Task:553080946-215] [BufferManager.cpp:65] [~BufferManager] Calling BufferManager::destroy()[m
[36m[03:50:12.971212] [D] [SingleNodeWorker] [WorkerThread-0] [Task:553080946-215] [BufferManager.cpp:93] [~BufferManager] Shutting down Buffer Manager completed[m
[36m[03:50:18.231228] [D] [SingleNodeWorker] [WorkerThread-0] [Task:553080946] [SourceThread.cpp:232] [tryStop] SourceThread 2: attempting to stop source[m
[36m[03:50:18.231271] [D] [SingleNodeWorker] [WorkerThread-0] [Task:553080946] [SourceThread.cpp:250] [tryStop] SourceThread 2: stopped[m
[32m[03:50:18.258275] [I] [SingleNodeWorker] [WorkerThread-3] [Task:553080946-216] [VoidSink.cpp:42] [stop] Void Sink completed.[m
[36m[03:50:18.258396] [D] [SingleNodeWorker] [WorkerThread-3] [] [SourceThread.cpp:228] [tryStop] SourceThread 2: thread is not running[m
[32m[03:50:18.258551] [I] [SingleNodeWorker] [WorkerThread-1] [] [SequenceShredder.cpp:55] [~SequenceShredder] Successfully validated SequenceShredder[m
[36m[03:50:20.717939] [D] [Not A Worker] [unnamed] [queryId:1508324460] [BufferManager.cpp:110] [initialize] NES memory allocation requires 1 out of 540577120256 (so 1.8498748143954595e-10%) available bytes[m
[36m[03:50:20.717996] [D] [Not A Worker] [unnamed] [queryId:1508324460] [BufferManager.cpp:160] [initialize] BufferManager configuration bufferSize=1 numOfBuffers=1[m
[36m[03:50:20.718159] [D] [Not A Worker] [unnamed] [queryId:1508324460] [PipeliningPhase.cpp:404] [apply] Constructed pipeline plan with 1 root pipelines.
PipelinedQueryPlan for Query: 1508324460
Number of root pipelines: 1
------------------
Root Pipeline 0:
  Pipeline(ID(217), Provider(COMPILER))
  Operator chain:
    PhysicalOperator(NES::SourcePhysicalOperator)
  Successor Pipeline:
    Pipeline(ID(218), Provider(None))
      Operator chain:
        PhysicalOperator(NES::ScanPhysicalOperator)
          PhysicalOperator(NES::SelectionPhysicalOperator)
            PhysicalOperator(NES::MapPhysicalOperator)
              PhysicalOperator(NES::EmitPhysicalOperator)
      Successor Pipeline:
        Pipeline(ID(219), Provider(None))
          Operator chain:
            PhysicalOperator(NES::SinkPhysicalOperator)

[m
[36m[03:50:20.721089] [D] [Not A Worker] [unnamed] [] [SinkProvider.cpp:30] [lower] The sinkDescriptor is: SinkDescriptor: (name: variant("EXTRA_SINK"), type: Void, Config: )[m
[36m[03:50:20.730762] [D] [SingleNodeWorker] [WorkerThread-3] [Task:1508324460-219] [VoidSink.cpp:37] [start] Setting up void sink: VoidSink[m
[36m[03:50:20.803125] [D] [SingleNodeWorker] [WorkerThread-0] [] [SourceThread.cpp:186] [start] Starting source with originId: 2[m
[36m[03:50:20.804640] [D] [SingleNodeWorker] [WorkerThread-0] [Task:1508324460-218] [BufferManager.cpp:65] [~BufferManager] Calling BufferManager::destroy()[m
[36m[03:50:20.804664] [D] [SingleNodeWorker] [WorkerThread-0] [Task:1508324460-218] [BufferManager.cpp:93] [~BufferManager] Shutting down Buffer Manager completed[m
[36m[03:50:22.709676] [D] [SingleNodeWorker] [WorkerThread-2] [Task:1508324460-218] [InputFormatter.hpp:349] [indexTrailingSpanningTupleProxy] last offset: 262143, first offset: 284[m
[36m[03:50:26.065802] [D] [SingleNodeWorker] [WorkerThread-1] [Task:1508324460] [SourceThread.cpp:232] [tryStop] SourceThread 2: attempting to stop source[m
[36m[03:50:26.065851] [D] [SingleNodeWorker] [WorkerThread-1] [Task:1508324460] [SourceThread.cpp:250] [tryStop] SourceThread 2: stopped[m
[32m[03:50:26.092502] [I] [SingleNodeWorker] [WorkerThread-0] [Task:1508324460-219] [VoidSink.cpp:42] [stop] Void Sink completed.[m
[32m[03:50:26.092509] [I] [SingleNodeWorker] [WorkerThread-2] [] [SequenceShredder.cpp:55] [~SequenceShredder] Successfully validated SequenceShredder[m
[36m[03:50:26.092646] [D] [SingleNodeWorker] [WorkerThread-0] [] [SourceThread.cpp:228] [tryStop] SourceThread 2: thread is not running[m
[36m[03:50:28.644856] [D] [Not A Worker] [unnamed] [queryId:1891855901] [BufferManager.cpp:110] [initialize] NES memory allocation requires 1 out of 540577120256 (so 1.8498748143954595e-10%) available bytes[m
[36m[03:50:28.644912] [D] [Not A Worker] [unnamed] [queryId:1891855901] [BufferManager.cpp:160] [initialize] BufferManager configuration bufferSize=1 numOfBuffers=1[m
[36m[03:50:28.645082] [D] [Not A Worker] [unnamed] [queryId:1891855901] [PipeliningPhase.cpp:404] [apply] Constructed pipeline plan with 1 root pipelines.
PipelinedQueryPlan for Query: 1891855901
Number of root pipelines: 1
------------------
Root Pipeline 0:
  Pipeline(ID(220), Provider(COMPILER))
  Operator chain:
    PhysicalOperator(NES::SourcePhysicalOperator)
  Successor Pipeline:
    Pipeline(ID(221), Provider(None))
      Operator chain:
        PhysicalOperator(NES::ScanPhysicalOperator)
          PhysicalOperator(NES::SelectionPhysicalOperator)
            PhysicalOperator(NES::MapPhysicalOperator)
              PhysicalOperator(NES::EmitPhysicalOperator)
      Successor Pipeline:
        Pipeline(ID(222), Provider(None))
          Operator chain:
            PhysicalOperator(NES::SinkPhysicalOperator)

[m
[36m[03:50:28.648740] [D] [Not A Worker] [unnamed] [] [SinkProvider.cpp:30] [lower] The sinkDescriptor is: SinkDescriptor: (name: variant("EXTRA_SINK"), type: Void, Config: )[m
[36m[03:50:28.650544] [D] [SingleNodeWorker] [WorkerThread-0] [Task:1891855901-222] [VoidSink.cpp:37] [start] Setting up void sink: VoidSink[m
[36m[03:50:28.720717] [D] [SingleNodeWorker] [WorkerThread-0] [] [SourceThread.cpp:186] [start] Starting source with originId: 2[m
[36m[03:50:28.722272] [D] [SingleNodeWorker] [WorkerThread-0] [Task:1891855901-221] [BufferManager.cpp:65] [~BufferManager] Calling BufferManager::destroy()[m
[36m[03:50:28.722296] [D] [SingleNodeWorker] [WorkerThread-0] [Task:1891855901-221] [BufferManager.cpp:93] [~BufferManager] Shutting down Buffer Manager completed[m
[36m[03:50:30.638430] [D] [SingleNodeWorker] [WorkerThread-0] [Task:1891855901-221] [InputFormatter.hpp:349] [indexTrailingSpanningTupleProxy] last offset: 262143, first offset: 284[m
[36m[03:50:34.004228] [D] [SingleNodeWorker] [WorkerThread-2] [Task:1891855901] [SourceThread.cpp:232] [tryStop] SourceThread 2: attempting to stop source[m
[36m[03:50:34.004281] [D] [SingleNodeWorker] [WorkerThread-2] [Task:1891855901] [SourceThread.cpp:250] [tryStop] SourceThread 2: stopped[m
[32m[03:50:34.030769] [I] [SingleNodeWorker] [WorkerThread-1] [] [SequenceShredder.cpp:55] [~SequenceShredder] Successfully validated SequenceShredder[m
[32m[03:50:34.037786] [I] [SingleNodeWorker] [WorkerThread-1] [Task:1891855901-222] [VoidSink.cpp:42] [stop] Void Sink completed.[m
[36m[03:50:34.037848] [D] [SingleNodeWorker] [WorkerThread-1] [] [SourceThread.cpp:228] [tryStop] SourceThread 2: thread is not running[m
[36m[03:50:36.427122] [D] [Not A Worker] [unnamed] [queryId:2068904768] [BufferManager.cpp:110] [initialize] NES memory allocation requires 1 out of 540577120256 (so 1.8498748143954595e-10%) available bytes[m
[36m[03:50:36.427181] [D] [Not A Worker] [unnamed] [queryId:2068904768] [BufferManager.cpp:160] [initialize] BufferManager configuration bufferSize=1 numOfBuffers=1[m
[36m[03:50:36.427354] [D] [Not A Worker] [unnamed] [queryId:2068904768] [PipeliningPhase.cpp:404] [apply] Constructed pipeline plan with 1 root pipelines.
PipelinedQueryPlan for Query: 2068904768
Number of root pipelines: 1
------------------
Root Pipeline 0:
  Pipeline(ID(223), Provider(COMPILER))
  Operator chain:
    PhysicalOperator(NES::SourcePhysicalOperator)
  Successor Pipeline:
    Pipeline(ID(224), Provider(None))
      Operator chain:
        PhysicalOperator(NES::ScanPhysicalOperator)
          PhysicalOperator(NES::SelectionPhysicalOperator)
            PhysicalOperator(NES::MapPhysicalOperator)
              PhysicalOperator(NES::EmitPhysicalOperator)
      Successor Pipeline:
        Pipeline(ID(225), Provider(None))
          Operator chain:
            PhysicalOperator(NES::SinkPhysicalOperator)

[m
[36m[03:50:36.431154] [D] [Not A Worker] [unnamed] [] [SinkProvider.cpp:30] [lower] The sinkDescriptor is: SinkDescriptor: (name: variant("EXTRA_SINK"), type: Void, Config: )[m
[36m[03:50:36.433618] [D] [SingleNodeWorker] [WorkerThread-1] [Task:2068904768-225] [VoidSink.cpp:37] [start] Setting up void sink: VoidSink[m
[36m[03:50:36.509547] [D] [SingleNodeWorker] [WorkerThread-0] [] [SourceThread.cpp:186] [start] Starting source with originId: 2[m
[36m[03:50:36.511096] [D] [SingleNodeWorker] [WorkerThread-0] [Task:2068904768-224] [BufferManager.cpp:65] [~BufferManager] Calling BufferManager::destroy()[m
[36m[03:50:36.511123] [D] [SingleNodeWorker] [WorkerThread-0] [Task:2068904768-224] [BufferManager.cpp:93] [~BufferManager] Shutting down Buffer Manager completed[m
[36m[03:50:41.771909] [D] [SingleNodeWorker] [WorkerThread-0] [Task:2068904768] [SourceThread.cpp:232] [tryStop] SourceThread 2: attempting to stop source[m
[36m[03:50:41.771950] [D] [SingleNodeWorker] [WorkerThread-0] [Task:2068904768] [SourceThread.cpp:250] [tryStop] SourceThread 2: stopped[m
[32m[03:50:41.799959] [I] [SingleNodeWorker] [WorkerThread-1] [] [SequenceShredder.cpp:55] [~SequenceShredder] Successfully validated SequenceShredder[m
[32m[03:50:41.807562] [I] [SingleNodeWorker] [WorkerThread-3] [Task:2068904768-225] [VoidSink.cpp:42] [stop] Void Sink completed.[m
[36m[03:50:41.807703] [D] [SingleNodeWorker] [WorkerThread-3] [] [SourceThread.cpp:228] [tryStop] SourceThread 2: thread is not running[m
[36m[03:50:44.239255] [D] [Not A Worker] [unnamed] [queryId:1409422921] [BufferManager.cpp:110] [initialize] NES memory allocation requires 1 out of 540577120256 (so 1.8498748143954595e-10%) available bytes[m
[36m[03:50:44.239319] [D] [Not A Worker] [unnamed] [queryId:1409422921] [BufferManager.cpp:160] [initialize] BufferManager configuration bufferSize=1 numOfBuffers=1[m
[36m[03:50:44.239501] [D] [Not A Worker] [unnamed] [queryId:1409422921] [PipeliningPhase.cpp:404] [apply] Constructed pipeline plan with 1 root pipelines.
PipelinedQueryPlan for Query: 1409422921
Number of root pipelines: 1
------------------
Root Pipeline 0:
  Pipeline(ID(226), Provider(COMPILER))
  Operator chain:
    PhysicalOperator(NES::SourcePhysicalOperator)
  Successor Pipeline:
    Pipeline(ID(227), Provider(None))
      Operator chain:
        PhysicalOperator(NES::ScanPhysicalOperator)
          PhysicalOperator(NES::SelectionPhysicalOperator)
            PhysicalOperator(NES::MapPhysicalOperator)
              PhysicalOperator(NES::EmitPhysicalOperator)
      Successor Pipeline:
        Pipeline(ID(228), Provider(None))
          Operator chain:
            PhysicalOperator(NES::SinkPhysicalOperator)

[m
[36m[03:50:44.242884] [D] [Not A Worker] [unnamed] [] [SinkProvider.cpp:30] [lower] The sinkDescriptor is: SinkDescriptor: (name: variant("EXTRA_SINK"), type: Void, Config: )[m
[36m[03:50:44.243422] [D] [SingleNodeWorker] [WorkerThread-3] [Task:1409422921-228] [VoidSink.cpp:37] [start] Setting up void sink: VoidSink[m
[36m[03:50:44.317495] [D] [SingleNodeWorker] [WorkerThread-3] [] [SourceThread.cpp:186] [start] Starting source with originId: 2[m
[36m[03:50:44.319224] [D] [SingleNodeWorker] [WorkerThread-1] [Task:1409422921-227] [BufferManager.cpp:65] [~BufferManager] Calling BufferManager::destroy()[m
[36m[03:50:44.319303] [D] [SingleNodeWorker] [WorkerThread-1] [Task:1409422921-227] [BufferManager.cpp:93] [~BufferManager] Shutting down Buffer Manager completed[m
[36m[03:50:49.570123] [D] [SingleNodeWorker] [WorkerThread-3] [Task:1409422921] [SourceThread.cpp:232] [tryStop] SourceThread 2: attempting to stop source[m
[36m[03:50:49.570164] [D] [SingleNodeWorker] [WorkerThread-3] [Task:1409422921] [SourceThread.cpp:250] [tryStop] SourceThread 2: stopped[m
[32m[03:50:49.595606] [I] [SingleNodeWorker] [WorkerThread-3] [] [SequenceShredder.cpp:55] [~SequenceShredder] Successfully validated SequenceShredder[m
[32m[03:50:49.596263] [I] [SingleNodeWorker] [WorkerThread-0] [Task:1409422921-228] [VoidSink.cpp:42] [stop] Void Sink completed.[m
[36m[03:50:49.596329] [D] [SingleNodeWorker] [WorkerThread-0] [] [SourceThread.cpp:228] [tryStop] SourceThread 2: thread is not running[m
[36m[03:50:52.206913] [D] [Not A Worker] [unnamed] [queryId:916597904] [BufferManager.cpp:110] [initialize] NES memory allocation requires 1 out of 540577120256 (so 1.8498748143954595e-10%) available bytes[m
[36m[03:50:52.206986] [D] [Not A Worker] [unnamed] [queryId:916597904] [BufferManager.cpp:160] [initialize] BufferManager configuration bufferSize=1 numOfBuffers=1[m
[36m[03:50:52.207157] [D] [Not A Worker] [unnamed] [queryId:916597904] [PipeliningPhase.cpp:404] [apply] Constructed pipeline plan with 1 root pipelines.
PipelinedQueryPlan for Query: 916597904
Number of root pipelines: 1
------------------
Root Pipeline 0:
  Pipeline(ID(229), Provider(COMPILER))
  Operator chain:
    PhysicalOperator(NES::SourcePhysicalOperator)
  Successor Pipeline:
    Pipeline(ID(230), Provider(None))
      Operator chain:
        PhysicalOperator(NES::ScanPhysicalOperator)
          PhysicalOperator(NES::SelectionPhysicalOperator)
            PhysicalOperator(NES::MapPhysicalOperator)
              PhysicalOperator(NES::EmitPhysicalOperator)
      Successor Pipeline:
        Pipeline(ID(231), Provider(None))
          Operator chain:
            PhysicalOperator(NES::SinkPhysicalOperator)

[m
[36m[03:50:52.209216] [D] [Not A Worker] [unnamed] [] [SinkProvider.cpp:30] [lower] The sinkDescriptor is: SinkDescriptor: (name: variant("EXTRA_SINK"), type: Void, Config: )[m
[36m[03:50:52.209592] [D] [SingleNodeWorker] [WorkerThread-2] [Task:916597904-231] [VoidSink.cpp:37] [start] Setting up void sink: VoidSink[m
[36m[03:50:52.288694] [D] [SingleNodeWorker] [WorkerThread-2] [] [SourceThread.cpp:186] [start] Starting source with originId: 2[m
[36m[03:50:52.290266] [D] [SingleNodeWorker] [WorkerThread-2] [Task:916597904-230] [BufferManager.cpp:65] [~BufferManager] Calling BufferManager::destroy()[m
[36m[03:50:52.290294] [D] [SingleNodeWorker] [WorkerThread-2] [Task:916597904-230] [BufferManager.cpp:93] [~BufferManager] Shutting down Buffer Manager completed[m
[36m[03:50:52.547492] [D] [SingleNodeWorker] [WorkerThread-0] [Task:916597904-230] [InputFormatter.hpp:349] [indexTrailingSpanningTupleProxy] last offset: 262143, first offset: 151[m
[36m[03:50:57.569328] [D] [SingleNodeWorker] [WorkerThread-3] [Task:916597904] [SourceThread.cpp:232] [tryStop] SourceThread 2: attempting to stop source[m
[36m[03:50:57.569373] [D] [SingleNodeWorker] [WorkerThread-3] [Task:916597904] [SourceThread.cpp:250] [tryStop] SourceThread 2: stopped[m
[32m[03:50:57.598556] [I] [SingleNodeWorker] [WorkerThread-2] [] [SequenceShredder.cpp:55] [~SequenceShredder] Successfully validated SequenceShredder[m
[32m[03:50:57.604326] [I] [SingleNodeWorker] [WorkerThread-3] [Task:916597904-231] [VoidSink.cpp:42] [stop] Void Sink completed.[m
[36m[03:50:57.604447] [D] [SingleNodeWorker] [WorkerThread-3] [] [SourceThread.cpp:228] [tryStop] SourceThread 2: thread is not running[m
[36m[03:50:59.913525] [D] [Not A Worker] [unnamed] [queryId:1053122313] [BufferManager.cpp:110] [initialize] NES memory allocation requires 1 out of 540577120256 (so 1.8498748143954595e-10%) available bytes[m
[36m[03:50:59.913586] [D] [Not A Worker] [unnamed] [queryId:1053122313] [BufferManager.cpp:160] [initialize] BufferManager configuration bufferSize=1 numOfBuffers=1[m
[36m[03:50:59.913749] [D] [Not A Worker] [unnamed] [queryId:1053122313] [PipeliningPhase.cpp:404] [apply] Constructed pipeline plan with 1 root pipelines.
PipelinedQueryPlan for Query: 1053122313
Number of root pipelines: 1
------------------
Root Pipeline 0:
  Pipeline(ID(232), Provider(COMPILER))
  Operator chain:
    PhysicalOperator(NES::SourcePhysicalOperator)
  Successor Pipeline:
    Pipeline(ID(233), Provider(None))
      Operator chain:
        PhysicalOperator(NES::ScanPhysicalOperator)
          PhysicalOperator(NES::SelectionPhysicalOperator)
            PhysicalOperator(NES::MapPhysicalOperator)
              PhysicalOperator(NES::EmitPhysicalOperator)
      Successor Pipeline:
        Pipeline(ID(234), Provider(None))
          Operator chain:
            PhysicalOperator(NES::SinkPhysicalOperator)

[m
[36m[03:50:59.917376] [D] [Not A Worker] [unnamed] [] [SinkProvider.cpp:30] [lower] The sinkDescriptor is: SinkDescriptor: (name: variant("EXTRA_SINK"), type: Void, Config: )[m
[36m[03:50:59.919200] [D] [SingleNodeWorker] [WorkerThread-1] [Task:1053122313-234] [VoidSink.cpp:37] [start] Setting up void sink: VoidSink[m
[36m[03:50:59.994723] [D] [SingleNodeWorker] [WorkerThread-1] [] [SourceThread.cpp:186] [start] Starting source with originId: 2[m
[36m[03:50:59.996284] [D] [SingleNodeWorker] [WorkerThread-1] [Task:1053122313-233] [BufferManager.cpp:65] [~BufferManager] Calling BufferManager::destroy()[m
[36m[03:50:59.996312] [D] [SingleNodeWorker] [WorkerThread-1] [Task:1053122313-233] [BufferManager.cpp:93] [~BufferManager] Shutting down Buffer Manager completed[m
[36m[03:51:05.247631] [D] [SingleNodeWorker] [WorkerThread-2] [Task:1053122313] [SourceThread.cpp:232] [tryStop] SourceThread 2: attempting to stop source[m
[36m[03:51:05.247683] [D] [SingleNodeWorker] [WorkerThread-2] [Task:1053122313] [SourceThread.cpp:250] [tryStop] SourceThread 2: stopped[m
[32m[03:51:05.275743] [I] [SingleNodeWorker] [WorkerThread-3] [] [SequenceShredder.cpp:55] [~SequenceShredder] Successfully validated SequenceShredder[m
[32m[03:51:05.284109] [I] [SingleNodeWorker] [WorkerThread-0] [Task:1053122313-234] [VoidSink.cpp:42] [stop] Void Sink completed.[m
[36m[03:51:05.284236] [D] [SingleNodeWorker] [WorkerThread-0] [] [SourceThread.cpp:228] [tryStop] SourceThread 2: thread is not running[m
[36m[03:51:07.784285] [D] [Not A Worker] [unnamed] [queryId:38572774] [BufferManager.cpp:110] [initialize] NES memory allocation requires 1 out of 540577120256 (so 1.8498748143954595e-10%) available bytes[m
[36m[03:51:07.784343] [D] [Not A Worker] [unnamed] [queryId:38572774] [BufferManager.cpp:160] [initialize] BufferManager configuration bufferSize=1 numOfBuffers=1[m
[36m[03:51:07.784507] [D] [Not A Worker] [unnamed] [queryId:38572774] [PipeliningPhase.cpp:404] [apply] Constructed pipeline plan with 1 root pipelines.
PipelinedQueryPlan for Query: 38572774
Number of root pipelines: 1
------------------
Root Pipeline 0:
  Pipeline(ID(235), Provider(COMPILER))
  Operator chain:
    PhysicalOperator(NES::SourcePhysicalOperator)
  Successor Pipeline:
    Pipeline(ID(236), Provider(None))
      Operator chain:
        PhysicalOperator(NES::ScanPhysicalOperator)
          PhysicalOperator(NES::SelectionPhysicalOperator)
            PhysicalOperator(NES::MapPhysicalOperator)
              PhysicalOperator(NES::EmitPhysicalOperator)
      Successor Pipeline:
        Pipeline(ID(237), Provider(None))
          Operator chain:
            PhysicalOperator(NES::SinkPhysicalOperator)

[m
[36m[03:51:07.788226] [D] [Not A Worker] [unnamed] [] [SinkProvider.cpp:30] [lower] The sinkDescriptor is: SinkDescriptor: (name: variant("EXTRA_SINK"), type: Void, Config: )[m
[36m[03:51:07.807071] [D] [SingleNodeWorker] [WorkerThread-2] [Task:38572774-237] [VoidSink.cpp:37] [start] Setting up void sink: VoidSink[m
[36m[03:51:07.883755] [D] [SingleNodeWorker] [WorkerThread-2] [] [SourceThread.cpp:186] [start] Starting source with originId: 2[m
[36m[03:51:07.885288] [D] [SingleNodeWorker] [WorkerThread-2] [Task:38572774-236] [BufferManager.cpp:65] [~BufferManager] Calling BufferManager::destroy()[m
[36m[03:51:07.885314] [D] [SingleNodeWorker] [WorkerThread-2] [Task:38572774-236] [BufferManager.cpp:93] [~BufferManager] Shutting down Buffer Manager completed[m
[36m[03:51:13.159392] [D] [SingleNodeWorker] [WorkerThread-2] [Task:38572774] [SourceThread.cpp:232] [tryStop] SourceThread 2: attempting to stop source[m
[36m[03:51:13.159449] [D] [SingleNodeWorker] [WorkerThread-2] [Task:38572774] [SourceThread.cpp:250] [tryStop] SourceThread 2: stopped[m
[32m[03:51:13.186992] [I] [SingleNodeWorker] [WorkerThread-1] [] [SequenceShredder.cpp:55] [~SequenceShredder] Successfully validated SequenceShredder[m
[32m[03:51:13.189225] [I] [SingleNodeWorker] [WorkerThread-0] [Task:38572774-237] [VoidSink.cpp:42] [stop] Void Sink completed.[m
[36m[03:51:13.189369] [D] [SingleNodeWorker] [WorkerThread-0] [] [SourceThread.cpp:228] [tryStop] SourceThread 2: thread is not running[m
[36m[03:51:15.506201] [D] [Not A Worker] [unnamed] [queryId:204955121] [BufferManager.cpp:110] [initialize] NES memory allocation requires 1 out of 540577120256 (so 1.8498748143954595e-10%) available bytes[m
[36m[03:51:15.506263] [D] [Not A Worker] [unnamed] [queryId:204955121] [BufferManager.cpp:160] [initialize] BufferManager configuration bufferSize=1 numOfBuffers=1[m
[36m[03:51:15.506451] [D] [Not A Worker] [unnamed] [queryId:204955121] [PipeliningPhase.cpp:404] [apply] Constructed pipeline plan with 1 root pipelines.
PipelinedQueryPlan for Query: 204955121
Number of root pipelines: 1
------------------
Root Pipeline 0:
  Pipeline(ID(238), Provider(COMPILER))
  Operator chain:
    PhysicalOperator(NES::SourcePhysicalOperator)
  Successor Pipeline:
    Pipeline(ID(239), Provider(None))
      Operator chain:
        PhysicalOperator(NES::ScanPhysicalOperator)
          PhysicalOperator(NES::SelectionPhysicalOperator)
            PhysicalOperator(NES::MapPhysicalOperator)
              PhysicalOperator(NES::EmitPhysicalOperator)
      Successor Pipeline:
        Pipeline(ID(240), Provider(None))
          Operator chain:
            PhysicalOperator(NES::SinkPhysicalOperator)

[m
[36m[03:51:15.510683] [D] [Not A Worker] [unnamed] [] [SinkProvider.cpp:30] [lower] The sinkDescriptor is: SinkDescriptor: (name: variant("EXTRA_SINK"), type: Void, Config: )[m
[36m[03:51:15.513442] [D] [SingleNodeWorker] [WorkerThread-1] [Task:204955121-240] [VoidSink.cpp:37] [start] Setting up void sink: VoidSink[m
[36m[03:51:15.586811] [D] [SingleNodeWorker] [WorkerThread-1] [] [SourceThread.cpp:186] [start] Starting source with originId: 2[m
[36m[03:51:15.588389] [D] [SingleNodeWorker] [WorkerThread-1] [Task:204955121-239] [BufferManager.cpp:65] [~BufferManager] Calling BufferManager::destroy()[m
[36m[03:51:15.588413] [D] [SingleNodeWorker] [WorkerThread-1] [Task:204955121-239] [BufferManager.cpp:93] [~BufferManager] Shutting down Buffer Manager completed[m
[36m[03:51:18.465258] [D] [SingleNodeWorker] [WorkerThread-1] [Task:204955121-239] [InputFormatter.hpp:349] [indexTrailingSpanningTupleProxy] last offset: 262143, first offset: 327[m
[36m[03:51:20.841490] [D] [SingleNodeWorker] [WorkerThread-2] [Task:204955121] [SourceThread.cpp:232] [tryStop] SourceThread 2: attempting to stop source[m
[36m[03:51:20.841540] [D] [SingleNodeWorker] [WorkerThread-2] [Task:204955121] [SourceThread.cpp:250] [tryStop] SourceThread 2: stopped[m
[32m[03:51:20.868635] [I] [SingleNodeWorker] [WorkerThread-3] [] [SequenceShredder.cpp:55] [~SequenceShredder] Successfully validated SequenceShredder[m
[32m[03:51:20.868641] [I] [SingleNodeWorker] [WorkerThread-1] [Task:204955121-240] [VoidSink.cpp:42] [stop] Void Sink completed.[m
[36m[03:51:20.868826] [D] [SingleNodeWorker] [WorkerThread-1] [] [SourceThread.cpp:228] [tryStop] SourceThread 2: thread is not running[m
