[32m[04:08:06.523162] [I] [Not A Worker] [unnamed] [] [SingleNodeWorker.cpp:63] [SingleNodeWorker] Starting SingleNodeWorker SingleNodeWorker with configuration:
worker.query_engine.number_of_worker_threads: 16
worker.query_engine.admission_queue_size: 1000 (default)
worker.default_query_execution.execution_mode: COMPILER (default)
worker.default_query_execution.page_size: 1024 (default)
worker.default_query_execution.number_of_partitions: 100 (default)
worker.default_query_execution.number_of_records_per_key: 10 (default)
worker.default_query_execution.max_number_of_buckets: 10000 (default)
worker.default_query_execution.operator_buffer_size: 262144
worker.default_query_optimization.join_strategy: OPTIMIZER_CHOOSES (default)
worker.number_of_buffers_in_global_buffer_manager: 32768 (default)
worker.default_max_inflight_buffers: 64 (default)
worker.dump_compilation_result: NONE (default)
worker.dump_graph: 0 (default)
grpc: [::]:8080 (default)
enable_event_trace: 0 (default)
[m
[36m[04:08:06.524985] [D] [Not A Worker] [unnamed] [] [BufferManager.cpp:110] [initialize] NES memory allocation requires 8589934592 out of 540577120256 (so 1.5890303659045137%) available bytes[m
[36m[04:08:06.616917] [D] [Not A Worker] [unnamed] [] [BufferManager.cpp:160] [initialize] BufferManager configuration bufferSize=262144 numOfBuffers=32768[m
[32m[04:08:06.626225] [I] [Not A Worker] [unnamed] [] [SingleNodeWorkerStarter.cpp:93] [main] Server listening on [::]:8080[m
[36m[04:08:09.051541] [D] [Not A Worker] [unnamed] [queryId:1037738737] [BufferManager.cpp:110] [initialize] NES memory allocation requires 1 out of 540577120256 (so 1.8498748143954595e-10%) available bytes[m
[36m[04:08:09.051592] [D] [Not A Worker] [unnamed] [queryId:1037738737] [BufferManager.cpp:160] [initialize] BufferManager configuration bufferSize=1 numOfBuffers=1[m
[36m[04:08:09.051814] [D] [Not A Worker] [unnamed] [queryId:1037738737] [PipeliningPhase.cpp:404] [apply] Constructed pipeline plan with 1 root pipelines.
PipelinedQueryPlan for Query: 1037738737
Number of root pipelines: 1
------------------
Root Pipeline 0:
  Pipeline(ID(1), Provider(COMPILER))
  Operator chain:
    PhysicalOperator(NES::SourcePhysicalOperator)
  Successor Pipeline:
    Pipeline(ID(2), Provider(None))
      Operator chain:
        PhysicalOperator(NES::ScanPhysicalOperator)
          PhysicalOperator(NES::SelectionPhysicalOperator)
            PhysicalOperator(NES::MapPhysicalOperator)
              PhysicalOperator(NES::EmitPhysicalOperator)
      Successor Pipeline:
        Pipeline(ID(3), Provider(None))
          Operator chain:
            PhysicalOperator(NES::SinkPhysicalOperator)

[m
[36m[04:08:09.055595] [D] [Not A Worker] [unnamed] [] [SinkProvider.cpp:30] [lower] The sinkDescriptor is: SinkDescriptor: (name: variant("NAME_SINK"), type: Void, Config: )[m
[36m[04:08:09.056566] [D] [SingleNodeWorker] [WorkerThread-3] [Task:1037738737-3] [VoidSink.cpp:37] [start] Setting up void sink: VoidSink[m
[36m[04:08:09.135613] [D] [SingleNodeWorker] [WorkerThread-3] [] [SourceThread.cpp:186] [start] Starting source with originId: 2[m
[36m[04:08:09.136831] [D] [SingleNodeWorker] [WorkerThread-3] [Task:1037738737-2] [BufferManager.cpp:65] [~BufferManager] Calling BufferManager::destroy()[m
[36m[04:08:09.136860] [D] [SingleNodeWorker] [WorkerThread-3] [Task:1037738737-2] [BufferManager.cpp:93] [~BufferManager] Shutting down Buffer Manager completed[m
[36m[04:08:10.645144] [D] [SingleNodeWorker] [WorkerThread-4] [Task:1037738737] [SourceThread.cpp:232] [tryStop] SourceThread 2: attempting to stop source[m
[36m[04:08:10.645206] [D] [SingleNodeWorker] [WorkerThread-4] [Task:1037738737] [SourceThread.cpp:250] [tryStop] SourceThread 2: stopped[m
[32m[04:08:10.670829] [I] [SingleNodeWorker] [WorkerThread-7] [Task:1037738737-3] [VoidSink.cpp:42] [stop] Void Sink completed.[m
[36m[04:08:10.670980] [D] [SingleNodeWorker] [WorkerThread-7] [] [SourceThread.cpp:228] [tryStop] SourceThread 2: thread is not running[m
[32m[04:08:10.671160] [I] [SingleNodeWorker] [WorkerThread-8] [] [SequenceShredder.cpp:55] [~SequenceShredder] Successfully validated SequenceShredder[m
[36m[04:08:13.915164] [D] [Not A Worker] [unnamed] [queryId:922090945] [BufferManager.cpp:110] [initialize] NES memory allocation requires 1 out of 540577120256 (so 1.8498748143954595e-10%) available bytes[m
[36m[04:08:13.915214] [D] [Not A Worker] [unnamed] [queryId:922090945] [BufferManager.cpp:160] [initialize] BufferManager configuration bufferSize=1 numOfBuffers=1[m
[36m[04:08:13.915442] [D] [Not A Worker] [unnamed] [queryId:922090945] [PipeliningPhase.cpp:404] [apply] Constructed pipeline plan with 1 root pipelines.
PipelinedQueryPlan for Query: 922090945
Number of root pipelines: 1
------------------
Root Pipeline 0:
  Pipeline(ID(4), Provider(COMPILER))
  Operator chain:
    PhysicalOperator(NES::SourcePhysicalOperator)
  Successor Pipeline:
    Pipeline(ID(5), Provider(None))
      Operator chain:
        PhysicalOperator(NES::ScanPhysicalOperator)
          PhysicalOperator(NES::SelectionPhysicalOperator)
            PhysicalOperator(NES::MapPhysicalOperator)
              PhysicalOperator(NES::EmitPhysicalOperator)
      Successor Pipeline:
        Pipeline(ID(6), Provider(None))
          Operator chain:
            PhysicalOperator(NES::SinkPhysicalOperator)

[m
[36m[04:08:13.919477] [D] [Not A Worker] [unnamed] [] [SinkProvider.cpp:30] [lower] The sinkDescriptor is: SinkDescriptor: (name: variant("NAME_SINK"), type: Void, Config: )[m
[36m[04:08:13.920597] [D] [SingleNodeWorker] [WorkerThread-12] [Task:922090945-6] [VoidSink.cpp:37] [start] Setting up void sink: VoidSink[m
[36m[04:08:13.995744] [D] [SingleNodeWorker] [WorkerThread-12] [] [SourceThread.cpp:186] [start] Starting source with originId: 2[m
[36m[04:08:13.998256] [D] [SingleNodeWorker] [WorkerThread-15] [Task:922090945-5] [BufferManager.cpp:65] [~BufferManager] Calling BufferManager::destroy()[m
[36m[04:08:13.998375] [D] [SingleNodeWorker] [WorkerThread-15] [Task:922090945-5] [BufferManager.cpp:93] [~BufferManager] Shutting down Buffer Manager completed[m
[36m[04:08:15.001501] [D] [SingleNodeWorker] [WorkerThread-14] [Task:922090945-5] [InputFormatter.hpp:349] [indexTrailingSpanningTupleProxy] last offset: 262143, first offset: 154[m
[36m[04:08:15.657627] [D] [SingleNodeWorker] [WorkerThread-4] [Task:922090945] [SourceThread.cpp:232] [tryStop] SourceThread 2: attempting to stop source[m
[36m[04:08:15.657674] [D] [SingleNodeWorker] [WorkerThread-4] [Task:922090945] [SourceThread.cpp:250] [tryStop] SourceThread 2: stopped[m
[32m[04:08:15.683712] [I] [SingleNodeWorker] [WorkerThread-12] [] [SequenceShredder.cpp:55] [~SequenceShredder] Successfully validated SequenceShredder[m
[32m[04:08:15.683789] [I] [SingleNodeWorker] [WorkerThread-3] [Task:922090945-6] [VoidSink.cpp:42] [stop] Void Sink completed.[m
[36m[04:08:15.683917] [D] [SingleNodeWorker] [WorkerThread-3] [] [SourceThread.cpp:228] [tryStop] SourceThread 2: thread is not running[m
[36m[04:08:18.799532] [D] [Not A Worker] [unnamed] [queryId:228436349] [BufferManager.cpp:110] [initialize] NES memory allocation requires 1 out of 540577120256 (so 1.8498748143954595e-10%) available bytes[m
[36m[04:08:18.799594] [D] [Not A Worker] [unnamed] [queryId:228436349] [BufferManager.cpp:160] [initialize] BufferManager configuration bufferSize=1 numOfBuffers=1[m
[36m[04:08:18.799782] [D] [Not A Worker] [unnamed] [queryId:228436349] [PipeliningPhase.cpp:404] [apply] Constructed pipeline plan with 1 root pipelines.
PipelinedQueryPlan for Query: 228436349
Number of root pipelines: 1
------------------
Root Pipeline 0:
  Pipeline(ID(7), Provider(COMPILER))
  Operator chain:
    PhysicalOperator(NES::SourcePhysicalOperator)
  Successor Pipeline:
    Pipeline(ID(8), Provider(None))
      Operator chain:
        PhysicalOperator(NES::ScanPhysicalOperator)
          PhysicalOperator(NES::SelectionPhysicalOperator)
            PhysicalOperator(NES::MapPhysicalOperator)
              PhysicalOperator(NES::EmitPhysicalOperator)
      Successor Pipeline:
        Pipeline(ID(9), Provider(None))
          Operator chain:
            PhysicalOperator(NES::SinkPhysicalOperator)

[m
[36m[04:08:18.803462] [D] [Not A Worker] [unnamed] [] [SinkProvider.cpp:30] [lower] The sinkDescriptor is: SinkDescriptor: (name: variant("NAME_SINK"), type: Void, Config: )[m
[36m[04:08:18.804080] [D] [SingleNodeWorker] [WorkerThread-13] [Task:228436349-9] [VoidSink.cpp:37] [start] Setting up void sink: VoidSink[m
[36m[04:08:18.878541] [D] [SingleNodeWorker] [WorkerThread-13] [] [SourceThread.cpp:186] [start] Starting source with originId: 2[m
[36m[04:08:18.880767] [D] [SingleNodeWorker] [WorkerThread-13] [Task:228436349-8] [BufferManager.cpp:65] [~BufferManager] Calling BufferManager::destroy()[m
[36m[04:08:18.880794] [D] [SingleNodeWorker] [WorkerThread-13] [Task:228436349-8] [BufferManager.cpp:93] [~BufferManager] Shutting down Buffer Manager completed[m
[36m[04:08:20.322285] [D] [SingleNodeWorker] [WorkerThread-3] [Task:228436349] [SourceThread.cpp:232] [tryStop] SourceThread 2: attempting to stop source[m
[36m[04:08:20.322342] [D] [SingleNodeWorker] [WorkerThread-3] [Task:228436349] [SourceThread.cpp:250] [tryStop] SourceThread 2: stopped[m
[32m[04:08:20.347933] [I] [SingleNodeWorker] [WorkerThread-11] [Task:228436349-9] [VoidSink.cpp:42] [stop] Void Sink completed.[m
[36m[04:08:20.348064] [D] [SingleNodeWorker] [WorkerThread-11] [] [SourceThread.cpp:228] [tryStop] SourceThread 2: thread is not running[m
[32m[04:08:20.348239] [I] [SingleNodeWorker] [WorkerThread-4] [] [SequenceShredder.cpp:55] [~SequenceShredder] Successfully validated SequenceShredder[m
[36m[04:08:23.634194] [D] [Not A Worker] [unnamed] [queryId:1849443610] [BufferManager.cpp:110] [initialize] NES memory allocation requires 1 out of 540577120256 (so 1.8498748143954595e-10%) available bytes[m
[36m[04:08:23.634246] [D] [Not A Worker] [unnamed] [queryId:1849443610] [BufferManager.cpp:160] [initialize] BufferManager configuration bufferSize=1 numOfBuffers=1[m
[36m[04:08:23.634433] [D] [Not A Worker] [unnamed] [queryId:1849443610] [PipeliningPhase.cpp:404] [apply] Constructed pipeline plan with 1 root pipelines.
PipelinedQueryPlan for Query: 1849443610
Number of root pipelines: 1
------------------
Root Pipeline 0:
  Pipeline(ID(10), Provider(COMPILER))
  Operator chain:
    PhysicalOperator(NES::SourcePhysicalOperator)
  Successor Pipeline:
    Pipeline(ID(11), Provider(None))
      Operator chain:
        PhysicalOperator(NES::ScanPhysicalOperator)
          PhysicalOperator(NES::SelectionPhysicalOperator)
            PhysicalOperator(NES::MapPhysicalOperator)
              PhysicalOperator(NES::EmitPhysicalOperator)
      Successor Pipeline:
        Pipeline(ID(12), Provider(None))
          Operator chain:
            PhysicalOperator(NES::SinkPhysicalOperator)

[m
[36m[04:08:23.637620] [D] [Not A Worker] [unnamed] [] [SinkProvider.cpp:30] [lower] The sinkDescriptor is: SinkDescriptor: (name: variant("NAME_SINK"), type: Void, Config: )[m
[36m[04:08:23.638086] [D] [SingleNodeWorker] [WorkerThread-5] [Task:1849443610-12] [VoidSink.cpp:37] [start] Setting up void sink: VoidSink[m
[36m[04:08:23.712823] [D] [SingleNodeWorker] [WorkerThread-11] [] [SourceThread.cpp:186] [start] Starting source with originId: 2[m
[36m[04:08:23.715026] [D] [SingleNodeWorker] [WorkerThread-9] [Task:1849443610-11] [BufferManager.cpp:65] [~BufferManager] Calling BufferManager::destroy()[m
[36m[04:08:23.715101] [D] [SingleNodeWorker] [WorkerThread-9] [Task:1849443610-11] [BufferManager.cpp:93] [~BufferManager] Shutting down Buffer Manager completed[m
[36m[04:08:25.311154] [D] [SingleNodeWorker] [WorkerThread-8] [Task:1849443610] [SourceThread.cpp:232] [tryStop] SourceThread 2: attempting to stop source[m
[36m[04:08:25.311212] [D] [SingleNodeWorker] [WorkerThread-8] [Task:1849443610] [SourceThread.cpp:250] [tryStop] SourceThread 2: stopped[m
[32m[04:08:25.337942] [I] [SingleNodeWorker] [WorkerThread-14] [] [SequenceShredder.cpp:55] [~SequenceShredder] Successfully validated SequenceShredder[m
[32m[04:08:25.337954] [I] [SingleNodeWorker] [WorkerThread-10] [Task:1849443610-12] [VoidSink.cpp:42] [stop] Void Sink completed.[m
[36m[04:08:25.338140] [D] [SingleNodeWorker] [WorkerThread-10] [] [SourceThread.cpp:228] [tryStop] SourceThread 2: thread is not running[m
[36m[04:08:28.567028] [D] [Not A Worker] [unnamed] [queryId:1531681191] [BufferManager.cpp:110] [initialize] NES memory allocation requires 1 out of 540577120256 (so 1.8498748143954595e-10%) available bytes[m
[36m[04:08:28.567078] [D] [Not A Worker] [unnamed] [queryId:1531681191] [BufferManager.cpp:160] [initialize] BufferManager configuration bufferSize=1 numOfBuffers=1[m
[36m[04:08:28.567272] [D] [Not A Worker] [unnamed] [queryId:1531681191] [PipeliningPhase.cpp:404] [apply] Constructed pipeline plan with 1 root pipelines.
PipelinedQueryPlan for Query: 1531681191
Number of root pipelines: 1
------------------
Root Pipeline 0:
  Pipeline(ID(13), Provider(COMPILER))
  Operator chain:
    PhysicalOperator(NES::SourcePhysicalOperator)
  Successor Pipeline:
    Pipeline(ID(14), Provider(None))
      Operator chain:
        PhysicalOperator(NES::ScanPhysicalOperator)
          PhysicalOperator(NES::SelectionPhysicalOperator)
            PhysicalOperator(NES::MapPhysicalOperator)
              PhysicalOperator(NES::EmitPhysicalOperator)
      Successor Pipeline:
        Pipeline(ID(15), Provider(None))
          Operator chain:
            PhysicalOperator(NES::SinkPhysicalOperator)

[m
[36m[04:08:28.570579] [D] [Not A Worker] [unnamed] [] [SinkProvider.cpp:30] [lower] The sinkDescriptor is: SinkDescriptor: (name: variant("NAME_SINK"), type: Void, Config: )[m
[36m[04:08:28.573774] [D] [SingleNodeWorker] [WorkerThread-2] [Task:1531681191-15] [VoidSink.cpp:37] [start] Setting up void sink: VoidSink[m
[36m[04:08:28.648698] [D] [SingleNodeWorker] [WorkerThread-2] [] [SourceThread.cpp:186] [start] Starting source with originId: 2[m
[36m[04:08:28.650273] [D] [SingleNodeWorker] [WorkerThread-2] [Task:1531681191-14] [BufferManager.cpp:65] [~BufferManager] Calling BufferManager::destroy()[m
[36m[04:08:28.650299] [D] [SingleNodeWorker] [WorkerThread-2] [Task:1531681191-14] [BufferManager.cpp:93] [~BufferManager] Shutting down Buffer Manager completed[m
[36m[04:08:30.109926] [D] [SingleNodeWorker] [WorkerThread-3] [Task:1531681191] [SourceThread.cpp:232] [tryStop] SourceThread 2: attempting to stop source[m
[36m[04:08:30.109984] [D] [SingleNodeWorker] [WorkerThread-3] [Task:1531681191] [SourceThread.cpp:250] [tryStop] SourceThread 2: stopped[m
[32m[04:08:30.135671] [I] [SingleNodeWorker] [WorkerThread-11] [Task:1531681191-15] [VoidSink.cpp:42] [stop] Void Sink completed.[m
[36m[04:08:30.135800] [D] [SingleNodeWorker] [WorkerThread-11] [] [SourceThread.cpp:228] [tryStop] SourceThread 2: thread is not running[m
[32m[04:08:30.135955] [I] [SingleNodeWorker] [WorkerThread-9] [] [SequenceShredder.cpp:55] [~SequenceShredder] Successfully validated SequenceShredder[m
[36m[04:08:33.507293] [D] [Not A Worker] [unnamed] [queryId:1267108900] [BufferManager.cpp:110] [initialize] NES memory allocation requires 1 out of 540577120256 (so 1.8498748143954595e-10%) available bytes[m
[36m[04:08:33.507354] [D] [Not A Worker] [unnamed] [queryId:1267108900] [BufferManager.cpp:160] [initialize] BufferManager configuration bufferSize=1 numOfBuffers=1[m
[36m[04:08:33.507533] [D] [Not A Worker] [unnamed] [queryId:1267108900] [PipeliningPhase.cpp:404] [apply] Constructed pipeline plan with 1 root pipelines.
PipelinedQueryPlan for Query: 1267108900
Number of root pipelines: 1
------------------
Root Pipeline 0:
  Pipeline(ID(16), Provider(COMPILER))
  Operator chain:
    PhysicalOperator(NES::SourcePhysicalOperator)
  Successor Pipeline:
    Pipeline(ID(17), Provider(None))
      Operator chain:
        PhysicalOperator(NES::ScanPhysicalOperator)
          PhysicalOperator(NES::SelectionPhysicalOperator)
            PhysicalOperator(NES::MapPhysicalOperator)
              PhysicalOperator(NES::EmitPhysicalOperator)
      Successor Pipeline:
        Pipeline(ID(18), Provider(None))
          Operator chain:
            PhysicalOperator(NES::SinkPhysicalOperator)

[m
[36m[04:08:33.510856] [D] [Not A Worker] [unnamed] [] [SinkProvider.cpp:30] [lower] The sinkDescriptor is: SinkDescriptor: (name: variant("NAME_SINK"), type: Void, Config: )[m
[36m[04:08:33.512812] [D] [SingleNodeWorker] [WorkerThread-6] [Task:1267108900-18] [VoidSink.cpp:37] [start] Setting up void sink: VoidSink[m
[36m[04:08:33.586386] [D] [SingleNodeWorker] [WorkerThread-6] [] [SourceThread.cpp:186] [start] Starting source with originId: 2[m
[36m[04:08:33.588790] [D] [SingleNodeWorker] [WorkerThread-8] [Task:1267108900-17] [BufferManager.cpp:65] [~BufferManager] Calling BufferManager::destroy()[m
[36m[04:08:33.588884] [D] [SingleNodeWorker] [WorkerThread-8] [Task:1267108900-17] [BufferManager.cpp:93] [~BufferManager] Shutting down Buffer Manager completed[m
[36m[04:08:34.151466] [D] [SingleNodeWorker] [WorkerThread-3] [Task:1267108900-17] [InputFormatter.hpp:349] [indexTrailingSpanningTupleProxy] last offset: 262143, first offset: 284[m
[36m[04:08:34.447754] [D] [SingleNodeWorker] [WorkerThread-3] [Task:1267108900-17] [InputFormatter.hpp:349] [indexTrailingSpanningTupleProxy] last offset: 262143, first offset: 29[m
[36m[04:08:35.210692] [D] [SingleNodeWorker] [WorkerThread-4] [Task:1267108900] [SourceThread.cpp:232] [tryStop] SourceThread 2: attempting to stop source[m
[36m[04:08:35.210741] [D] [SingleNodeWorker] [WorkerThread-4] [Task:1267108900] [SourceThread.cpp:250] [tryStop] SourceThread 2: stopped[m
[32m[04:08:35.236446] [I] [SingleNodeWorker] [WorkerThread-8] [Task:1267108900-18] [VoidSink.cpp:42] [stop] Void Sink completed.[m
[36m[04:08:35.236604] [D] [SingleNodeWorker] [WorkerThread-8] [] [SourceThread.cpp:228] [tryStop] SourceThread 2: thread is not running[m
[32m[04:08:35.236691] [I] [SingleNodeWorker] [WorkerThread-6] [] [SequenceShredder.cpp:55] [~SequenceShredder] Successfully validated SequenceShredder[m
[36m[04:08:38.450582] [D] [Not A Worker] [unnamed] [queryId:1344819237] [BufferManager.cpp:110] [initialize] NES memory allocation requires 1 out of 540577120256 (so 1.8498748143954595e-10%) available bytes[m
[36m[04:08:38.450631] [D] [Not A Worker] [unnamed] [queryId:1344819237] [BufferManager.cpp:160] [initialize] BufferManager configuration bufferSize=1 numOfBuffers=1[m
[36m[04:08:38.450813] [D] [Not A Worker] [unnamed] [queryId:1344819237] [PipeliningPhase.cpp:404] [apply] Constructed pipeline plan with 1 root pipelines.
PipelinedQueryPlan for Query: 1344819237
Number of root pipelines: 1
------------------
Root Pipeline 0:
  Pipeline(ID(19), Provider(COMPILER))
  Operator chain:
    PhysicalOperator(NES::SourcePhysicalOperator)
  Successor Pipeline:
    Pipeline(ID(20), Provider(None))
      Operator chain:
        PhysicalOperator(NES::ScanPhysicalOperator)
          PhysicalOperator(NES::SelectionPhysicalOperator)
            PhysicalOperator(NES::MapPhysicalOperator)
              PhysicalOperator(NES::EmitPhysicalOperator)
      Successor Pipeline:
        Pipeline(ID(21), Provider(None))
          Operator chain:
            PhysicalOperator(NES::SinkPhysicalOperator)

[m
[36m[04:08:38.454328] [D] [Not A Worker] [unnamed] [] [SinkProvider.cpp:30] [lower] The sinkDescriptor is: SinkDescriptor: (name: variant("NAME_SINK"), type: Void, Config: )[m
[36m[04:08:38.455074] [D] [SingleNodeWorker] [WorkerThread-2] [Task:1344819237-21] [VoidSink.cpp:37] [start] Setting up void sink: VoidSink[m
[36m[04:08:38.530333] [D] [SingleNodeWorker] [WorkerThread-2] [] [SourceThread.cpp:186] [start] Starting source with originId: 2[m
[36m[04:08:38.532377] [D] [SingleNodeWorker] [WorkerThread-13] [Task:1344819237-20] [BufferManager.cpp:65] [~BufferManager] Calling BufferManager::destroy()[m
[36m[04:08:38.532462] [D] [SingleNodeWorker] [WorkerThread-13] [Task:1344819237-20] [BufferManager.cpp:93] [~BufferManager] Shutting down Buffer Manager completed[m
[36m[04:08:40.164237] [D] [SingleNodeWorker] [WorkerThread-10] [Task:1344819237] [SourceThread.cpp:232] [tryStop] SourceThread 2: attempting to stop source[m
[36m[04:08:40.164281] [D] [SingleNodeWorker] [WorkerThread-10] [Task:1344819237] [SourceThread.cpp:250] [tryStop] SourceThread 2: stopped[m
[32m[04:08:40.190506] [I] [SingleNodeWorker] [WorkerThread-13] [Task:1344819237-21] [VoidSink.cpp:42] [stop] Void Sink completed.[m
[32m[04:08:40.190622] [I] [SingleNodeWorker] [WorkerThread-3] [] [SequenceShredder.cpp:55] [~SequenceShredder] Successfully validated SequenceShredder[m
[36m[04:08:40.190630] [D] [SingleNodeWorker] [WorkerThread-13] [] [SourceThread.cpp:228] [tryStop] SourceThread 2: thread is not running[m
[36m[04:08:43.582764] [D] [Not A Worker] [unnamed] [queryId:1107894216] [BufferManager.cpp:110] [initialize] NES memory allocation requires 1 out of 540577120256 (so 1.8498748143954595e-10%) available bytes[m
[36m[04:08:43.582814] [D] [Not A Worker] [unnamed] [queryId:1107894216] [BufferManager.cpp:160] [initialize] BufferManager configuration bufferSize=1 numOfBuffers=1[m
[36m[04:08:43.583013] [D] [Not A Worker] [unnamed] [queryId:1107894216] [PipeliningPhase.cpp:404] [apply] Constructed pipeline plan with 1 root pipelines.
PipelinedQueryPlan for Query: 1107894216
Number of root pipelines: 1
------------------
Root Pipeline 0:
  Pipeline(ID(22), Provider(COMPILER))
  Operator chain:
    PhysicalOperator(NES::SourcePhysicalOperator)
  Successor Pipeline:
    Pipeline(ID(23), Provider(None))
      Operator chain:
        PhysicalOperator(NES::ScanPhysicalOperator)
          PhysicalOperator(NES::SelectionPhysicalOperator)
            PhysicalOperator(NES::MapPhysicalOperator)
              PhysicalOperator(NES::EmitPhysicalOperator)
      Successor Pipeline:
        Pipeline(ID(24), Provider(None))
          Operator chain:
            PhysicalOperator(NES::SinkPhysicalOperator)

[m
[36m[04:08:43.586906] [D] [Not A Worker] [unnamed] [] [SinkProvider.cpp:30] [lower] The sinkDescriptor is: SinkDescriptor: (name: variant("NAME_SINK"), type: Void, Config: )[m
[36m[04:08:43.587446] [D] [SingleNodeWorker] [WorkerThread-10] [Task:1107894216-24] [VoidSink.cpp:37] [start] Setting up void sink: VoidSink[m
[36m[04:08:43.666827] [D] [SingleNodeWorker] [WorkerThread-15] [] [SourceThread.cpp:186] [start] Starting source with originId: 2[m
[36m[04:08:43.669122] [D] [SingleNodeWorker] [WorkerThread-15] [Task:1107894216-23] [BufferManager.cpp:65] [~BufferManager] Calling BufferManager::destroy()[m
[36m[04:08:43.669148] [D] [SingleNodeWorker] [WorkerThread-15] [Task:1107894216-23] [BufferManager.cpp:93] [~BufferManager] Shutting down Buffer Manager completed[m
[36m[04:08:45.580276] [D] [SingleNodeWorker] [WorkerThread-1] [Task:1107894216] [SourceThread.cpp:232] [tryStop] SourceThread 2: attempting to stop source[m
[36m[04:08:45.580332] [D] [SingleNodeWorker] [WorkerThread-1] [Task:1107894216] [SourceThread.cpp:250] [tryStop] SourceThread 2: stopped[m
[32m[04:08:45.605917] [I] [SingleNodeWorker] [WorkerThread-9] [Task:1107894216-24] [VoidSink.cpp:42] [stop] Void Sink completed.[m
[36m[04:08:45.606109] [D] [SingleNodeWorker] [WorkerThread-9] [] [SourceThread.cpp:228] [tryStop] SourceThread 2: thread is not running[m
[32m[04:08:45.606228] [I] [SingleNodeWorker] [WorkerThread-14] [] [SequenceShredder.cpp:55] [~SequenceShredder] Successfully validated SequenceShredder[m
[36m[04:08:48.802450] [D] [Not A Worker] [unnamed] [queryId:509404757] [BufferManager.cpp:110] [initialize] NES memory allocation requires 1 out of 540577120256 (so 1.8498748143954595e-10%) available bytes[m
[36m[04:08:48.802503] [D] [Not A Worker] [unnamed] [queryId:509404757] [BufferManager.cpp:160] [initialize] BufferManager configuration bufferSize=1 numOfBuffers=1[m
[36m[04:08:48.802675] [D] [Not A Worker] [unnamed] [queryId:509404757] [PipeliningPhase.cpp:404] [apply] Constructed pipeline plan with 1 root pipelines.
PipelinedQueryPlan for Query: 509404757
Number of root pipelines: 1
------------------
Root Pipeline 0:
  Pipeline(ID(25), Provider(COMPILER))
  Operator chain:
    PhysicalOperator(NES::SourcePhysicalOperator)
  Successor Pipeline:
    Pipeline(ID(26), Provider(None))
      Operator chain:
        PhysicalOperator(NES::ScanPhysicalOperator)
          PhysicalOperator(NES::SelectionPhysicalOperator)
            PhysicalOperator(NES::MapPhysicalOperator)
              PhysicalOperator(NES::EmitPhysicalOperator)
      Successor Pipeline:
        Pipeline(ID(27), Provider(None))
          Operator chain:
            PhysicalOperator(NES::SinkPhysicalOperator)

[m
[36m[04:08:48.806609] [D] [Not A Worker] [unnamed] [] [SinkProvider.cpp:30] [lower] The sinkDescriptor is: SinkDescriptor: (name: variant("NAME_SINK"), type: Void, Config: )[m
[36m[04:08:48.810288] [D] [SingleNodeWorker] [WorkerThread-14] [Task:509404757-27] [VoidSink.cpp:37] [start] Setting up void sink: VoidSink[m
[36m[04:08:48.887725] [D] [SingleNodeWorker] [WorkerThread-14] [] [SourceThread.cpp:186] [start] Starting source with originId: 2[m
[36m[04:08:48.889275] [D] [SingleNodeWorker] [WorkerThread-14] [Task:509404757-26] [BufferManager.cpp:65] [~BufferManager] Calling BufferManager::destroy()[m
[36m[04:08:48.889299] [D] [SingleNodeWorker] [WorkerThread-14] [Task:509404757-26] [BufferManager.cpp:93] [~BufferManager] Shutting down Buffer Manager completed[m
[36m[04:08:49.018104] [D] [SingleNodeWorker] [WorkerThread-3] [Task:509404757-26] [InputFormatter.hpp:349] [indexTrailingSpanningTupleProxy] last offset: 262143, first offset: 31[m
[36m[04:08:49.784209] [D] [SingleNodeWorker] [WorkerThread-13] [Task:509404757-26] [InputFormatter.hpp:349] [indexTrailingSpanningTupleProxy] last offset: 262143, first offset: 297[m
[36m[04:08:50.439283] [D] [SingleNodeWorker] [WorkerThread-1] [Task:509404757] [SourceThread.cpp:232] [tryStop] SourceThread 2: attempting to stop source[m
[36m[04:08:50.439336] [D] [SingleNodeWorker] [WorkerThread-1] [Task:509404757] [SourceThread.cpp:250] [tryStop] SourceThread 2: stopped[m
[32m[04:08:50.466073] [I] [SingleNodeWorker] [WorkerThread-6] [] [SequenceShredder.cpp:55] [~SequenceShredder] Successfully validated SequenceShredder[m
[32m[04:08:50.466146] [I] [SingleNodeWorker] [WorkerThread-14] [Task:509404757-27] [VoidSink.cpp:42] [stop] Void Sink completed.[m
[36m[04:08:50.466270] [D] [SingleNodeWorker] [WorkerThread-14] [] [SourceThread.cpp:228] [tryStop] SourceThread 2: thread is not running[m
[36m[04:08:53.913495] [D] [Not A Worker] [unnamed] [queryId:235696711] [BufferManager.cpp:110] [initialize] NES memory allocation requires 1 out of 540577120256 (so 1.8498748143954595e-10%) available bytes[m
[36m[04:08:53.913550] [D] [Not A Worker] [unnamed] [queryId:235696711] [BufferManager.cpp:160] [initialize] BufferManager configuration bufferSize=1 numOfBuffers=1[m
[36m[04:08:53.913734] [D] [Not A Worker] [unnamed] [queryId:235696711] [PipeliningPhase.cpp:404] [apply] Constructed pipeline plan with 1 root pipelines.
PipelinedQueryPlan for Query: 235696711
Number of root pipelines: 1
------------------
Root Pipeline 0:
  Pipeline(ID(28), Provider(COMPILER))
  Operator chain:
    PhysicalOperator(NES::SourcePhysicalOperator)
  Successor Pipeline:
    Pipeline(ID(29), Provider(None))
      Operator chain:
        PhysicalOperator(NES::ScanPhysicalOperator)
          PhysicalOperator(NES::SelectionPhysicalOperator)
            PhysicalOperator(NES::MapPhysicalOperator)
              PhysicalOperator(NES::EmitPhysicalOperator)
      Successor Pipeline:
        Pipeline(ID(30), Provider(None))
          Operator chain:
            PhysicalOperator(NES::SinkPhysicalOperator)

[m
[36m[04:08:53.917780] [D] [Not A Worker] [unnamed] [] [SinkProvider.cpp:30] [lower] The sinkDescriptor is: SinkDescriptor: (name: variant("NAME_SINK"), type: Void, Config: )[m
[36m[04:08:53.919538] [D] [SingleNodeWorker] [WorkerThread-15] [Task:235696711-30] [VoidSink.cpp:37] [start] Setting up void sink: VoidSink[m
[36m[04:08:53.993167] [D] [SingleNodeWorker] [WorkerThread-9] [] [SourceThread.cpp:186] [start] Starting source with originId: 2[m
[36m[04:08:53.995413] [D] [SingleNodeWorker] [WorkerThread-0] [Task:235696711-29] [BufferManager.cpp:65] [~BufferManager] Calling BufferManager::destroy()[m
[36m[04:08:53.995506] [D] [SingleNodeWorker] [WorkerThread-0] [Task:235696711-29] [BufferManager.cpp:93] [~BufferManager] Shutting down Buffer Manager completed[m
[36m[04:08:55.844966] [D] [SingleNodeWorker] [WorkerThread-10] [Task:235696711-29] [InputFormatter.hpp:349] [indexTrailingSpanningTupleProxy] last offset: 262143, first offset: 198[m
[36m[04:08:55.860464] [D] [SingleNodeWorker] [WorkerThread-3] [Task:235696711] [SourceThread.cpp:232] [tryStop] SourceThread 2: attempting to stop source[m
[36m[04:08:55.860502] [D] [SingleNodeWorker] [WorkerThread-3] [Task:235696711] [SourceThread.cpp:250] [tryStop] SourceThread 2: stopped[m
[32m[04:08:55.886205] [I] [SingleNodeWorker] [WorkerThread-14] [Task:235696711-30] [VoidSink.cpp:42] [stop] Void Sink completed.[m
[36m[04:08:55.886331] [D] [SingleNodeWorker] [WorkerThread-14] [] [SourceThread.cpp:228] [tryStop] SourceThread 2: thread is not running[m
[32m[04:08:55.886345] [I] [SingleNodeWorker] [WorkerThread-0] [] [SequenceShredder.cpp:55] [~SequenceShredder] Successfully validated SequenceShredder[m
[36m[04:08:59.046107] [D] [Not A Worker] [unnamed] [queryId:2118935585] [BufferManager.cpp:110] [initialize] NES memory allocation requires 1 out of 540577120256 (so 1.8498748143954595e-10%) available bytes[m
[36m[04:08:59.046164] [D] [Not A Worker] [unnamed] [queryId:2118935585] [BufferManager.cpp:160] [initialize] BufferManager configuration bufferSize=1 numOfBuffers=1[m
[36m[04:08:59.046339] [D] [Not A Worker] [unnamed] [queryId:2118935585] [PipeliningPhase.cpp:404] [apply] Constructed pipeline plan with 1 root pipelines.
PipelinedQueryPlan for Query: 2118935585
Number of root pipelines: 1
------------------
Root Pipeline 0:
  Pipeline(ID(31), Provider(COMPILER))
  Operator chain:
    PhysicalOperator(NES::SourcePhysicalOperator)
  Successor Pipeline:
    Pipeline(ID(32), Provider(None))
      Operator chain:
        PhysicalOperator(NES::ScanPhysicalOperator)
          PhysicalOperator(NES::SelectionPhysicalOperator)
            PhysicalOperator(NES::EmitPhysicalOperator)
      Successor Pipeline:
        Pipeline(ID(33), Provider(None))
          Operator chain:
            PhysicalOperator(NES::SinkPhysicalOperator)

[m
[36m[04:08:59.049796] [D] [Not A Worker] [unnamed] [] [SinkProvider.cpp:30] [lower] The sinkDescriptor is: SinkDescriptor: (name: variant("PERSON_SINK"), type: Void, Config: )[m
[36m[04:08:59.050225] [D] [SingleNodeWorker] [WorkerThread-0] [Task:2118935585-33] [VoidSink.cpp:37] [start] Setting up void sink: VoidSink[m
[36m[04:08:59.145893] [D] [SingleNodeWorker] [WorkerThread-0] [] [SourceThread.cpp:186] [start] Starting source with originId: 2[m
[36m[04:08:59.148249] [D] [SingleNodeWorker] [WorkerThread-5] [Task:2118935585-32] [BufferManager.cpp:65] [~BufferManager] Calling BufferManager::destroy()[m
[36m[04:08:59.148356] [D] [SingleNodeWorker] [WorkerThread-5] [Task:2118935585-32] [BufferManager.cpp:93] [~BufferManager] Shutting down Buffer Manager completed[m
[36m[04:09:00.255115] [D] [SingleNodeWorker] [WorkerThread-0] [Task:2118935585-32] [InputFormatter.hpp:349] [indexTrailingSpanningTupleProxy] last offset: 262143, first offset: 327[m
[36m[04:09:01.005083] [D] [SingleNodeWorker] [WorkerThread-1] [Task:2118935585] [SourceThread.cpp:232] [tryStop] SourceThread 2: attempting to stop source[m
[36m[04:09:01.005139] [D] [SingleNodeWorker] [WorkerThread-1] [Task:2118935585] [SourceThread.cpp:250] [tryStop] SourceThread 2: stopped[m
[32m[04:09:01.032019] [I] [SingleNodeWorker] [WorkerThread-12] [Task:2118935585-33] [VoidSink.cpp:42] [stop] Void Sink completed.[m
[32m[04:09:01.032098] [I] [SingleNodeWorker] [WorkerThread-13] [] [SequenceShredder.cpp:55] [~SequenceShredder] Successfully validated SequenceShredder[m
[36m[04:09:01.032145] [D] [SingleNodeWorker] [WorkerThread-12] [] [SourceThread.cpp:228] [tryStop] SourceThread 2: thread is not running[m
[36m[04:09:04.294728] [D] [Not A Worker] [unnamed] [queryId:1540873954] [BufferManager.cpp:110] [initialize] NES memory allocation requires 1 out of 540577120256 (so 1.8498748143954595e-10%) available bytes[m
[36m[04:09:04.294791] [D] [Not A Worker] [unnamed] [queryId:1540873954] [BufferManager.cpp:160] [initialize] BufferManager configuration bufferSize=1 numOfBuffers=1[m
[36m[04:09:04.295010] [D] [Not A Worker] [unnamed] [queryId:1540873954] [PipeliningPhase.cpp:404] [apply] Constructed pipeline plan with 1 root pipelines.
PipelinedQueryPlan for Query: 1540873954
Number of root pipelines: 1
------------------
Root Pipeline 0:
  Pipeline(ID(34), Provider(COMPILER))
  Operator chain:
    PhysicalOperator(NES::SourcePhysicalOperator)
  Successor Pipeline:
    Pipeline(ID(35), Provider(None))
      Operator chain:
        PhysicalOperator(NES::ScanPhysicalOperator)
          PhysicalOperator(NES::SelectionPhysicalOperator)
            PhysicalOperator(NES::EmitPhysicalOperator)
      Successor Pipeline:
        Pipeline(ID(36), Provider(None))
          Operator chain:
            PhysicalOperator(NES::SinkPhysicalOperator)

[m
[36m[04:09:04.298392] [D] [Not A Worker] [unnamed] [] [SinkProvider.cpp:30] [lower] The sinkDescriptor is: SinkDescriptor: (name: variant("PERSON_SINK"), type: Void, Config: )[m
[36m[04:09:04.299183] [D] [SingleNodeWorker] [WorkerThread-4] [Task:1540873954-36] [VoidSink.cpp:37] [start] Setting up void sink: VoidSink[m
[36m[04:09:04.390688] [D] [SingleNodeWorker] [WorkerThread-10] [] [SourceThread.cpp:186] [start] Starting source with originId: 2[m
[36m[04:09:04.392357] [D] [SingleNodeWorker] [WorkerThread-5] [Task:1540873954-35] [BufferManager.cpp:65] [~BufferManager] Calling BufferManager::destroy()[m
[36m[04:09:04.392448] [D] [SingleNodeWorker] [WorkerThread-5] [Task:1540873954-35] [BufferManager.cpp:93] [~BufferManager] Shutting down Buffer Manager completed[m
[36m[04:09:04.981779] [D] [SingleNodeWorker] [WorkerThread-9] [Task:1540873954-35] [InputFormatter.hpp:349] [indexTrailingSpanningTupleProxy] last offset: 262143, first offset: 284[m
[36m[04:09:05.988587] [D] [SingleNodeWorker] [WorkerThread-6] [Task:1540873954] [SourceThread.cpp:232] [tryStop] SourceThread 2: attempting to stop source[m
[36m[04:09:05.988632] [D] [SingleNodeWorker] [WorkerThread-6] [Task:1540873954] [SourceThread.cpp:250] [tryStop] SourceThread 2: stopped[m
[32m[04:09:06.014191] [I] [SingleNodeWorker] [WorkerThread-7] [Task:1540873954-36] [VoidSink.cpp:42] [stop] Void Sink completed.[m
[36m[04:09:06.014330] [D] [SingleNodeWorker] [WorkerThread-7] [] [SourceThread.cpp:228] [tryStop] SourceThread 2: thread is not running[m
[32m[04:09:06.014403] [I] [SingleNodeWorker] [WorkerThread-4] [] [SequenceShredder.cpp:55] [~SequenceShredder] Successfully validated SequenceShredder[m
[36m[04:09:09.173128] [D] [Not A Worker] [unnamed] [queryId:1776758990] [BufferManager.cpp:110] [initialize] NES memory allocation requires 1 out of 540577120256 (so 1.8498748143954595e-10%) available bytes[m
[36m[04:09:09.173193] [D] [Not A Worker] [unnamed] [queryId:1776758990] [BufferManager.cpp:160] [initialize] BufferManager configuration bufferSize=1 numOfBuffers=1[m
[36m[04:09:09.173414] [D] [Not A Worker] [unnamed] [queryId:1776758990] [PipeliningPhase.cpp:404] [apply] Constructed pipeline plan with 1 root pipelines.
PipelinedQueryPlan for Query: 1776758990
Number of root pipelines: 1
------------------
Root Pipeline 0:
  Pipeline(ID(37), Provider(COMPILER))
  Operator chain:
    PhysicalOperator(NES::SourcePhysicalOperator)
  Successor Pipeline:
    Pipeline(ID(38), Provider(None))
      Operator chain:
        PhysicalOperator(NES::ScanPhysicalOperator)
          PhysicalOperator(NES::SelectionPhysicalOperator)
            PhysicalOperator(NES::EmitPhysicalOperator)
      Successor Pipeline:
        Pipeline(ID(39), Provider(None))
          Operator chain:
            PhysicalOperator(NES::SinkPhysicalOperator)

[m
[36m[04:09:09.176438] [D] [Not A Worker] [unnamed] [] [SinkProvider.cpp:30] [lower] The sinkDescriptor is: SinkDescriptor: (name: variant("PERSON_SINK"), type: Void, Config: )[m
[36m[04:09:09.177720] [D] [SingleNodeWorker] [WorkerThread-11] [Task:1776758990-39] [VoidSink.cpp:37] [start] Setting up void sink: VoidSink[m
[36m[04:09:09.272499] [D] [SingleNodeWorker] [WorkerThread-5] [] [SourceThread.cpp:186] [start] Starting source with originId: 2[m
[36m[04:09:09.274789] [D] [SingleNodeWorker] [WorkerThread-5] [Task:1776758990-38] [BufferManager.cpp:65] [~BufferManager] Calling BufferManager::destroy()[m
[36m[04:09:09.274816] [D] [SingleNodeWorker] [WorkerThread-5] [Task:1776758990-38] [BufferManager.cpp:93] [~BufferManager] Shutting down Buffer Manager completed[m
[36m[04:09:10.836902] [D] [SingleNodeWorker] [WorkerThread-2] [Task:1776758990] [SourceThread.cpp:232] [tryStop] SourceThread 2: attempting to stop source[m
[36m[04:09:10.836948] [D] [SingleNodeWorker] [WorkerThread-2] [Task:1776758990] [SourceThread.cpp:250] [tryStop] SourceThread 2: stopped[m
[32m[04:09:10.863449] [I] [SingleNodeWorker] [WorkerThread-11] [] [SequenceShredder.cpp:55] [~SequenceShredder] Successfully validated SequenceShredder[m
[32m[04:09:10.863490] [I] [SingleNodeWorker] [WorkerThread-8] [Task:1776758990-39] [VoidSink.cpp:42] [stop] Void Sink completed.[m
[36m[04:09:10.863672] [D] [SingleNodeWorker] [WorkerThread-8] [] [SourceThread.cpp:228] [tryStop] SourceThread 2: thread is not running[m
[36m[04:09:14.159304] [D] [Not A Worker] [unnamed] [queryId:1077198179] [BufferManager.cpp:110] [initialize] NES memory allocation requires 1 out of 540577120256 (so 1.8498748143954595e-10%) available bytes[m
[36m[04:09:14.159355] [D] [Not A Worker] [unnamed] [queryId:1077198179] [BufferManager.cpp:160] [initialize] BufferManager configuration bufferSize=1 numOfBuffers=1[m
[36m[04:09:14.159513] [D] [Not A Worker] [unnamed] [queryId:1077198179] [PipeliningPhase.cpp:404] [apply] Constructed pipeline plan with 1 root pipelines.
PipelinedQueryPlan for Query: 1077198179
Number of root pipelines: 1
------------------
Root Pipeline 0:
  Pipeline(ID(40), Provider(COMPILER))
  Operator chain:
    PhysicalOperator(NES::SourcePhysicalOperator)
  Successor Pipeline:
    Pipeline(ID(41), Provider(None))
      Operator chain:
        PhysicalOperator(NES::ScanPhysicalOperator)
          PhysicalOperator(NES::SelectionPhysicalOperator)
            PhysicalOperator(NES::EmitPhysicalOperator)
      Successor Pipeline:
        Pipeline(ID(42), Provider(None))
          Operator chain:
            PhysicalOperator(NES::SinkPhysicalOperator)

[m
[36m[04:09:14.163468] [D] [Not A Worker] [unnamed] [] [SinkProvider.cpp:30] [lower] The sinkDescriptor is: SinkDescriptor: (name: variant("PERSON_SINK"), type: Void, Config: )[m
[36m[04:09:14.164031] [D] [SingleNodeWorker] [WorkerThread-3] [Task:1077198179-42] [VoidSink.cpp:37] [start] Setting up void sink: VoidSink[m
[36m[04:09:14.255604] [D] [SingleNodeWorker] [WorkerThread-13] [] [SourceThread.cpp:186] [start] Starting source with originId: 2[m
[36m[04:09:14.258600] [D] [SingleNodeWorker] [WorkerThread-13] [Task:1077198179-41] [BufferManager.cpp:65] [~BufferManager] Calling BufferManager::destroy()[m
[36m[04:09:14.258680] [D] [SingleNodeWorker] [WorkerThread-13] [Task:1077198179-41] [BufferManager.cpp:93] [~BufferManager] Shutting down Buffer Manager completed[m
[36m[04:09:15.871205] [D] [SingleNodeWorker] [WorkerThread-1] [Task:1077198179] [SourceThread.cpp:232] [tryStop] SourceThread 2: attempting to stop source[m
[36m[04:09:15.871260] [D] [SingleNodeWorker] [WorkerThread-1] [Task:1077198179] [SourceThread.cpp:250] [tryStop] SourceThread 2: stopped[m
[32m[04:09:15.898721] [I] [SingleNodeWorker] [WorkerThread-3] [Task:1077198179-42] [VoidSink.cpp:42] [stop] Void Sink completed.[m
[36m[04:09:15.898847] [D] [SingleNodeWorker] [WorkerThread-3] [] [SourceThread.cpp:228] [tryStop] SourceThread 2: thread is not running[m
[32m[04:09:15.898859] [I] [SingleNodeWorker] [WorkerThread-6] [] [SequenceShredder.cpp:55] [~SequenceShredder] Successfully validated SequenceShredder[m
[36m[04:09:19.118951] [D] [Not A Worker] [unnamed] [queryId:750745994] [BufferManager.cpp:110] [initialize] NES memory allocation requires 1 out of 540577120256 (so 1.8498748143954595e-10%) available bytes[m
[36m[04:09:19.119002] [D] [Not A Worker] [unnamed] [queryId:750745994] [BufferManager.cpp:160] [initialize] BufferManager configuration bufferSize=1 numOfBuffers=1[m
[36m[04:09:19.119159] [D] [Not A Worker] [unnamed] [queryId:750745994] [PipeliningPhase.cpp:404] [apply] Constructed pipeline plan with 1 root pipelines.
PipelinedQueryPlan for Query: 750745994
Number of root pipelines: 1
------------------
Root Pipeline 0:
  Pipeline(ID(43), Provider(COMPILER))
  Operator chain:
    PhysicalOperator(NES::SourcePhysicalOperator)
  Successor Pipeline:
    Pipeline(ID(44), Provider(None))
      Operator chain:
        PhysicalOperator(NES::ScanPhysicalOperator)
          PhysicalOperator(NES::SelectionPhysicalOperator)
            PhysicalOperator(NES::EmitPhysicalOperator)
      Successor Pipeline:
        Pipeline(ID(45), Provider(None))
          Operator chain:
            PhysicalOperator(NES::SinkPhysicalOperator)

[m
[36m[04:09:19.122649] [D] [Not A Worker] [unnamed] [] [SinkProvider.cpp:30] [lower] The sinkDescriptor is: SinkDescriptor: (name: variant("PERSON_SINK"), type: Void, Config: )[m
[36m[04:09:19.123891] [D] [SingleNodeWorker] [WorkerThread-0] [Task:750745994-45] [VoidSink.cpp:37] [start] Setting up void sink: VoidSink[m
[36m[04:09:19.220218] [D] [SingleNodeWorker] [WorkerThread-0] [] [SourceThread.cpp:186] [start] Starting source with originId: 2[m
[36m[04:09:19.222539] [D] [SingleNodeWorker] [WorkerThread-0] [Task:750745994-44] [BufferManager.cpp:65] [~BufferManager] Calling BufferManager::destroy()[m
[36m[04:09:19.222570] [D] [SingleNodeWorker] [WorkerThread-0] [Task:750745994-44] [BufferManager.cpp:93] [~BufferManager] Shutting down Buffer Manager completed[m
[36m[04:09:20.850527] [D] [SingleNodeWorker] [WorkerThread-6] [Task:750745994] [SourceThread.cpp:232] [tryStop] SourceThread 2: attempting to stop source[m
[36m[04:09:20.850582] [D] [SingleNodeWorker] [WorkerThread-6] [Task:750745994] [SourceThread.cpp:250] [tryStop] SourceThread 2: stopped[m
[32m[04:09:20.876337] [I] [SingleNodeWorker] [WorkerThread-15] [Task:750745994-45] [VoidSink.cpp:42] [stop] Void Sink completed.[m
[36m[04:09:20.876482] [D] [SingleNodeWorker] [WorkerThread-15] [] [SourceThread.cpp:228] [tryStop] SourceThread 2: thread is not running[m
[32m[04:09:20.876545] [I] [SingleNodeWorker] [WorkerThread-8] [] [SequenceShredder.cpp:55] [~SequenceShredder] Successfully validated SequenceShredder[m
[36m[04:09:24.074029] [D] [Not A Worker] [unnamed] [queryId:2042077273] [BufferManager.cpp:110] [initialize] NES memory allocation requires 1 out of 540577120256 (so 1.8498748143954595e-10%) available bytes[m
[36m[04:09:24.074079] [D] [Not A Worker] [unnamed] [queryId:2042077273] [BufferManager.cpp:160] [initialize] BufferManager configuration bufferSize=1 numOfBuffers=1[m
[36m[04:09:24.074281] [D] [Not A Worker] [unnamed] [queryId:2042077273] [PipeliningPhase.cpp:404] [apply] Constructed pipeline plan with 1 root pipelines.
PipelinedQueryPlan for Query: 2042077273
Number of root pipelines: 1
------------------
Root Pipeline 0:
  Pipeline(ID(46), Provider(COMPILER))
  Operator chain:
    PhysicalOperator(NES::SourcePhysicalOperator)
  Successor Pipeline:
    Pipeline(ID(47), Provider(None))
      Operator chain:
        PhysicalOperator(NES::ScanPhysicalOperator)
          PhysicalOperator(NES::SelectionPhysicalOperator)
            PhysicalOperator(NES::EmitPhysicalOperator)
      Successor Pipeline:
        Pipeline(ID(48), Provider(None))
          Operator chain:
            PhysicalOperator(NES::SinkPhysicalOperator)

[m
[36m[04:09:24.077952] [D] [Not A Worker] [unnamed] [] [SinkProvider.cpp:30] [lower] The sinkDescriptor is: SinkDescriptor: (name: variant("PERSON_SINK"), type: Void, Config: )[m
[36m[04:09:24.080868] [D] [SingleNodeWorker] [WorkerThread-10] [Task:2042077273-48] [VoidSink.cpp:37] [start] Setting up void sink: VoidSink[m
[36m[04:09:24.173356] [D] [SingleNodeWorker] [WorkerThread-3] [] [SourceThread.cpp:186] [start] Starting source with originId: 2[m
[36m[04:09:24.175486] [D] [SingleNodeWorker] [WorkerThread-6] [Task:2042077273-47] [BufferManager.cpp:65] [~BufferManager] Calling BufferManager::destroy()[m
[36m[04:09:24.175575] [D] [SingleNodeWorker] [WorkerThread-6] [Task:2042077273-47] [BufferManager.cpp:93] [~BufferManager] Shutting down Buffer Manager completed[m
[36m[04:09:24.469322] [D] [SingleNodeWorker] [WorkerThread-13] [Task:2042077273-47] [InputFormatter.hpp:349] [indexTrailingSpanningTupleProxy] last offset: 262143, first offset: 264[m
[36m[04:09:25.752953] [D] [SingleNodeWorker] [WorkerThread-13] [Task:2042077273] [SourceThread.cpp:232] [tryStop] SourceThread 2: attempting to stop source[m
[36m[04:09:25.753003] [D] [SingleNodeWorker] [WorkerThread-13] [Task:2042077273] [SourceThread.cpp:250] [tryStop] SourceThread 2: stopped[m
[32m[04:09:25.778535] [I] [SingleNodeWorker] [WorkerThread-14] [Task:2042077273-48] [VoidSink.cpp:42] [stop] Void Sink completed.[m
[36m[04:09:25.778681] [D] [SingleNodeWorker] [WorkerThread-14] [] [SourceThread.cpp:228] [tryStop] SourceThread 2: thread is not running[m
[32m[04:09:25.778852] [I] [SingleNodeWorker] [WorkerThread-4] [] [SequenceShredder.cpp:55] [~SequenceShredder] Successfully validated SequenceShredder[m
[36m[04:09:28.852662] [D] [Not A Worker] [unnamed] [queryId:1914087232] [BufferManager.cpp:110] [initialize] NES memory allocation requires 1 out of 540577120256 (so 1.8498748143954595e-10%) available bytes[m
[36m[04:09:28.852709] [D] [Not A Worker] [unnamed] [queryId:1914087232] [BufferManager.cpp:160] [initialize] BufferManager configuration bufferSize=1 numOfBuffers=1[m
[36m[04:09:28.852897] [D] [Not A Worker] [unnamed] [queryId:1914087232] [PipeliningPhase.cpp:404] [apply] Constructed pipeline plan with 1 root pipelines.
PipelinedQueryPlan for Query: 1914087232
Number of root pipelines: 1
------------------
Root Pipeline 0:
  Pipeline(ID(49), Provider(COMPILER))
  Operator chain:
    PhysicalOperator(NES::SourcePhysicalOperator)
  Successor Pipeline:
    Pipeline(ID(50), Provider(None))
      Operator chain:
        PhysicalOperator(NES::ScanPhysicalOperator)
          PhysicalOperator(NES::SelectionPhysicalOperator)
            PhysicalOperator(NES::EmitPhysicalOperator)
      Successor Pipeline:
        Pipeline(ID(51), Provider(None))
          Operator chain:
            PhysicalOperator(NES::SinkPhysicalOperator)

[m
[36m[04:09:28.856852] [D] [Not A Worker] [unnamed] [] [SinkProvider.cpp:30] [lower] The sinkDescriptor is: SinkDescriptor: (name: variant("PERSON_SINK"), type: Void, Config: )[m
[36m[04:09:28.857280] [D] [SingleNodeWorker] [WorkerThread-9] [Task:1914087232-51] [VoidSink.cpp:37] [start] Setting up void sink: VoidSink[m
[36m[04:09:28.950946] [D] [SingleNodeWorker] [WorkerThread-9] [] [SourceThread.cpp:186] [start] Starting source with originId: 2[m
[36m[04:09:28.952730] [D] [SingleNodeWorker] [WorkerThread-9] [Task:1914087232-50] [BufferManager.cpp:65] [~BufferManager] Calling BufferManager::destroy()[m
[36m[04:09:28.952760] [D] [SingleNodeWorker] [WorkerThread-9] [Task:1914087232-50] [BufferManager.cpp:93] [~BufferManager] Shutting down Buffer Manager completed[m
[36m[04:09:30.513528] [D] [SingleNodeWorker] [WorkerThread-3] [Task:1914087232] [SourceThread.cpp:232] [tryStop] SourceThread 2: attempting to stop source[m
[36m[04:09:30.513574] [D] [SingleNodeWorker] [WorkerThread-3] [Task:1914087232] [SourceThread.cpp:250] [tryStop] SourceThread 2: stopped[m
[32m[04:09:30.539771] [I] [SingleNodeWorker] [WorkerThread-14] [Task:1914087232-51] [VoidSink.cpp:42] [stop] Void Sink completed.[m
[36m[04:09:30.539914] [D] [SingleNodeWorker] [WorkerThread-14] [] [SourceThread.cpp:228] [tryStop] SourceThread 2: thread is not running[m
[32m[04:09:30.539999] [I] [SingleNodeWorker] [WorkerThread-11] [] [SequenceShredder.cpp:55] [~SequenceShredder] Successfully validated SequenceShredder[m
[36m[04:09:33.846624] [D] [Not A Worker] [unnamed] [queryId:125063337] [BufferManager.cpp:110] [initialize] NES memory allocation requires 1 out of 540577120256 (so 1.8498748143954595e-10%) available bytes[m
[36m[04:09:33.846671] [D] [Not A Worker] [unnamed] [queryId:125063337] [BufferManager.cpp:160] [initialize] BufferManager configuration bufferSize=1 numOfBuffers=1[m
[36m[04:09:33.846826] [D] [Not A Worker] [unnamed] [queryId:125063337] [PipeliningPhase.cpp:404] [apply] Constructed pipeline plan with 1 root pipelines.
PipelinedQueryPlan for Query: 125063337
Number of root pipelines: 1
------------------
Root Pipeline 0:
  Pipeline(ID(52), Provider(COMPILER))
  Operator chain:
    PhysicalOperator(NES::SourcePhysicalOperator)
  Successor Pipeline:
    Pipeline(ID(53), Provider(None))
      Operator chain:
        PhysicalOperator(NES::ScanPhysicalOperator)
          PhysicalOperator(NES::SelectionPhysicalOperator)
            PhysicalOperator(NES::EmitPhysicalOperator)
      Successor Pipeline:
        Pipeline(ID(54), Provider(None))
          Operator chain:
            PhysicalOperator(NES::SinkPhysicalOperator)

[m
[36m[04:09:33.850382] [D] [Not A Worker] [unnamed] [] [SinkProvider.cpp:30] [lower] The sinkDescriptor is: SinkDescriptor: (name: variant("PERSON_SINK"), type: Void, Config: )[m
[36m[04:09:33.851268] [D] [SingleNodeWorker] [WorkerThread-10] [Task:125063337-54] [VoidSink.cpp:37] [start] Setting up void sink: VoidSink[m
[36m[04:09:33.945340] [D] [SingleNodeWorker] [WorkerThread-10] [] [SourceThread.cpp:186] [start] Starting source with originId: 2[m
[36m[04:09:33.947019] [D] [SingleNodeWorker] [WorkerThread-10] [Task:125063337-53] [BufferManager.cpp:65] [~BufferManager] Calling BufferManager::destroy()[m
[36m[04:09:33.947048] [D] [SingleNodeWorker] [WorkerThread-10] [Task:125063337-53] [BufferManager.cpp:93] [~BufferManager] Shutting down Buffer Manager completed[m
[36m[04:09:35.494906] [D] [SingleNodeWorker] [WorkerThread-2] [Task:125063337] [SourceThread.cpp:232] [tryStop] SourceThread 2: attempting to stop source[m
[36m[04:09:35.494967] [D] [SingleNodeWorker] [WorkerThread-2] [Task:125063337] [SourceThread.cpp:250] [tryStop] SourceThread 2: stopped[m
[32m[04:09:35.520919] [I] [SingleNodeWorker] [WorkerThread-4] [] [SequenceShredder.cpp:55] [~SequenceShredder] Successfully validated SequenceShredder[m
[32m[04:09:35.521303] [I] [SingleNodeWorker] [WorkerThread-10] [Task:125063337-54] [VoidSink.cpp:42] [stop] Void Sink completed.[m
[36m[04:09:35.521438] [D] [SingleNodeWorker] [WorkerThread-10] [] [SourceThread.cpp:228] [tryStop] SourceThread 2: thread is not running[m
[36m[04:09:38.686166] [D] [Not A Worker] [unnamed] [queryId:1635811115] [BufferManager.cpp:110] [initialize] NES memory allocation requires 1 out of 540577120256 (so 1.8498748143954595e-10%) available bytes[m
[36m[04:09:38.686214] [D] [Not A Worker] [unnamed] [queryId:1635811115] [BufferManager.cpp:160] [initialize] BufferManager configuration bufferSize=1 numOfBuffers=1[m
[36m[04:09:38.686381] [D] [Not A Worker] [unnamed] [queryId:1635811115] [PipeliningPhase.cpp:404] [apply] Constructed pipeline plan with 1 root pipelines.
PipelinedQueryPlan for Query: 1635811115
Number of root pipelines: 1
------------------
Root Pipeline 0:
  Pipeline(ID(55), Provider(COMPILER))
  Operator chain:
    PhysicalOperator(NES::SourcePhysicalOperator)
  Successor Pipeline:
    Pipeline(ID(56), Provider(None))
      Operator chain:
        PhysicalOperator(NES::ScanPhysicalOperator)
          PhysicalOperator(NES::SelectionPhysicalOperator)
            PhysicalOperator(NES::EmitPhysicalOperator)
      Successor Pipeline:
        Pipeline(ID(57), Provider(None))
          Operator chain:
            PhysicalOperator(NES::SinkPhysicalOperator)

[m
[36m[04:09:38.689812] [D] [Not A Worker] [unnamed] [] [SinkProvider.cpp:30] [lower] The sinkDescriptor is: SinkDescriptor: (name: variant("PERSON_SINK"), type: Void, Config: )[m
[36m[04:09:38.690350] [D] [SingleNodeWorker] [WorkerThread-11] [Task:1635811115-57] [VoidSink.cpp:37] [start] Setting up void sink: VoidSink[m
[36m[04:09:38.782530] [D] [SingleNodeWorker] [WorkerThread-11] [] [SourceThread.cpp:186] [start] Starting source with originId: 2[m
[36m[04:09:38.785249] [D] [SingleNodeWorker] [WorkerThread-11] [Task:1635811115-56] [BufferManager.cpp:65] [~BufferManager] Calling BufferManager::destroy()[m
[36m[04:09:38.785296] [D] [SingleNodeWorker] [WorkerThread-11] [Task:1635811115-56] [BufferManager.cpp:93] [~BufferManager] Shutting down Buffer Manager completed[m
[36m[04:09:39.402976] [D] [SingleNodeWorker] [WorkerThread-10] [Task:1635811115-56] [InputFormatter.hpp:349] [indexTrailingSpanningTupleProxy] last offset: 262143, first offset: 235[m
[36m[04:09:39.915016] [D] [SingleNodeWorker] [WorkerThread-3] [Task:1635811115-56] [InputFormatter.hpp:349] [indexTrailingSpanningTupleProxy] last offset: 262143, first offset: 154[m
[36m[04:09:40.406778] [D] [SingleNodeWorker] [WorkerThread-10] [Task:1635811115] [SourceThread.cpp:232] [tryStop] SourceThread 2: attempting to stop source[m
[36m[04:09:40.406830] [D] [SingleNodeWorker] [WorkerThread-10] [Task:1635811115] [SourceThread.cpp:250] [tryStop] SourceThread 2: stopped[m
[32m[04:09:40.432815] [I] [SingleNodeWorker] [WorkerThread-6] [] [SequenceShredder.cpp:55] [~SequenceShredder] Successfully validated SequenceShredder[m
[32m[04:09:40.433822] [I] [SingleNodeWorker] [WorkerThread-8] [Task:1635811115-57] [VoidSink.cpp:42] [stop] Void Sink completed.[m
[36m[04:09:40.433959] [D] [SingleNodeWorker] [WorkerThread-8] [] [SourceThread.cpp:228] [tryStop] SourceThread 2: thread is not running[m
[36m[04:09:43.618024] [D] [Not A Worker] [unnamed] [queryId:628171217] [BufferManager.cpp:110] [initialize] NES memory allocation requires 1 out of 540577120256 (so 1.8498748143954595e-10%) available bytes[m
[36m[04:09:43.618071] [D] [Not A Worker] [unnamed] [queryId:628171217] [BufferManager.cpp:160] [initialize] BufferManager configuration bufferSize=1 numOfBuffers=1[m
[36m[04:09:43.618248] [D] [Not A Worker] [unnamed] [queryId:628171217] [PipeliningPhase.cpp:404] [apply] Constructed pipeline plan with 1 root pipelines.
PipelinedQueryPlan for Query: 628171217
Number of root pipelines: 1
------------------
Root Pipeline 0:
  Pipeline(ID(58), Provider(COMPILER))
  Operator chain:
    PhysicalOperator(NES::SourcePhysicalOperator)
  Successor Pipeline:
    Pipeline(ID(59), Provider(None))
      Operator chain:
        PhysicalOperator(NES::ScanPhysicalOperator)
          PhysicalOperator(NES::SelectionPhysicalOperator)
            PhysicalOperator(NES::EmitPhysicalOperator)
      Successor Pipeline:
        Pipeline(ID(60), Provider(None))
          Operator chain:
            PhysicalOperator(NES::SinkPhysicalOperator)

[m
[36m[04:09:43.621985] [D] [Not A Worker] [unnamed] [] [SinkProvider.cpp:30] [lower] The sinkDescriptor is: SinkDescriptor: (name: variant("PERSON_SINK"), type: Void, Config: )[m
[36m[04:09:43.622603] [D] [SingleNodeWorker] [WorkerThread-10] [Task:628171217-60] [VoidSink.cpp:37] [start] Setting up void sink: VoidSink[m
[36m[04:09:43.707656] [D] [SingleNodeWorker] [WorkerThread-10] [] [SourceThread.cpp:186] [start] Starting source with originId: 2[m
[36m[04:09:43.709330] [D] [SingleNodeWorker] [WorkerThread-15] [Task:628171217-59] [BufferManager.cpp:65] [~BufferManager] Calling BufferManager::destroy()[m
[36m[04:09:43.709412] [D] [SingleNodeWorker] [WorkerThread-15] [Task:628171217-59] [BufferManager.cpp:93] [~BufferManager] Shutting down Buffer Manager completed[m
[36m[04:09:45.245531] [D] [SingleNodeWorker] [WorkerThread-12] [Task:628171217] [SourceThread.cpp:232] [tryStop] SourceThread 2: attempting to stop source[m
[36m[04:09:45.245584] [D] [SingleNodeWorker] [WorkerThread-12] [Task:628171217] [SourceThread.cpp:250] [tryStop] SourceThread 2: stopped[m
[32m[04:09:45.271382] [I] [SingleNodeWorker] [WorkerThread-4] [] [SequenceShredder.cpp:55] [~SequenceShredder] Successfully validated SequenceShredder[m
[32m[04:09:45.271566] [I] [SingleNodeWorker] [WorkerThread-13] [Task:628171217-60] [VoidSink.cpp:42] [stop] Void Sink completed.[m
[36m[04:09:45.271694] [D] [SingleNodeWorker] [WorkerThread-13] [] [SourceThread.cpp:228] [tryStop] SourceThread 2: thread is not running[m
[36m[04:09:48.466434] [D] [Not A Worker] [unnamed] [queryId:1374993634] [BufferManager.cpp:110] [initialize] NES memory allocation requires 1 out of 540577120256 (so 1.8498748143954595e-10%) available bytes[m
[36m[04:09:48.466483] [D] [Not A Worker] [unnamed] [queryId:1374993634] [BufferManager.cpp:160] [initialize] BufferManager configuration bufferSize=1 numOfBuffers=1[m
[36m[04:09:48.466677] [D] [Not A Worker] [unnamed] [queryId:1374993634] [PipeliningPhase.cpp:404] [apply] Constructed pipeline plan with 1 root pipelines.
PipelinedQueryPlan for Query: 1374993634
Number of root pipelines: 1
------------------
Root Pipeline 0:
  Pipeline(ID(61), Provider(COMPILER))
  Operator chain:
    PhysicalOperator(NES::SourcePhysicalOperator)
  Successor Pipeline:
    Pipeline(ID(62), Provider(None))
      Operator chain:
        PhysicalOperator(NES::ScanPhysicalOperator)
          PhysicalOperator(NES::SelectionPhysicalOperator)
            PhysicalOperator(NES::MapPhysicalOperator)
              PhysicalOperator(NES::EmitPhysicalOperator)
      Successor Pipeline:
        Pipeline(ID(63), Provider(None))
          Operator chain:
            PhysicalOperator(NES::SinkPhysicalOperator)

[m
[36m[04:09:48.469451] [D] [Not A Worker] [unnamed] [] [SinkProvider.cpp:30] [lower] The sinkDescriptor is: SinkDescriptor: (name: variant("PERSON_ID_SINK"), type: Void, Config: )[m
[36m[04:09:48.470575] [D] [SingleNodeWorker] [WorkerThread-11] [Task:1374993634-63] [VoidSink.cpp:37] [start] Setting up void sink: VoidSink[m
[36m[04:09:48.544680] [D] [SingleNodeWorker] [WorkerThread-11] [] [SourceThread.cpp:186] [start] Starting source with originId: 2[m
[36m[04:09:48.546192] [D] [SingleNodeWorker] [WorkerThread-11] [Task:1374993634-62] [BufferManager.cpp:65] [~BufferManager] Calling BufferManager::destroy()[m
[36m[04:09:48.546227] [D] [SingleNodeWorker] [WorkerThread-11] [Task:1374993634-62] [BufferManager.cpp:93] [~BufferManager] Shutting down Buffer Manager completed[m
[36m[04:09:49.765081] [D] [SingleNodeWorker] [WorkerThread-3] [Task:1374993634-62] [InputFormatter.hpp:349] [indexTrailingSpanningTupleProxy] last offset: 262143, first offset: 99[m
[36m[04:09:49.980152] [D] [SingleNodeWorker] [WorkerThread-4] [Task:1374993634] [SourceThread.cpp:232] [tryStop] SourceThread 2: attempting to stop source[m
[36m[04:09:49.980191] [D] [SingleNodeWorker] [WorkerThread-4] [Task:1374993634] [SourceThread.cpp:250] [tryStop] SourceThread 2: stopped[m
[32m[04:09:50.005832] [I] [SingleNodeWorker] [WorkerThread-14] [Task:1374993634-63] [VoidSink.cpp:42] [stop] Void Sink completed.[m
[36m[04:09:50.005973] [D] [SingleNodeWorker] [WorkerThread-14] [] [SourceThread.cpp:228] [tryStop] SourceThread 2: thread is not running[m
[32m[04:09:50.006091] [I] [SingleNodeWorker] [WorkerThread-12] [] [SequenceShredder.cpp:55] [~SequenceShredder] Successfully validated SequenceShredder[m
[36m[04:09:53.269112] [D] [Not A Worker] [unnamed] [queryId:1786538084] [BufferManager.cpp:110] [initialize] NES memory allocation requires 1 out of 540577120256 (so 1.8498748143954595e-10%) available bytes[m
[36m[04:09:53.269160] [D] [Not A Worker] [unnamed] [queryId:1786538084] [BufferManager.cpp:160] [initialize] BufferManager configuration bufferSize=1 numOfBuffers=1[m
[36m[04:09:53.269358] [D] [Not A Worker] [unnamed] [queryId:1786538084] [PipeliningPhase.cpp:404] [apply] Constructed pipeline plan with 1 root pipelines.
PipelinedQueryPlan for Query: 1786538084
Number of root pipelines: 1
------------------
Root Pipeline 0:
  Pipeline(ID(64), Provider(COMPILER))
  Operator chain:
    PhysicalOperator(NES::SourcePhysicalOperator)
  Successor Pipeline:
    Pipeline(ID(65), Provider(None))
      Operator chain:
        PhysicalOperator(NES::ScanPhysicalOperator)
          PhysicalOperator(NES::SelectionPhysicalOperator)
            PhysicalOperator(NES::MapPhysicalOperator)
              PhysicalOperator(NES::EmitPhysicalOperator)
      Successor Pipeline:
        Pipeline(ID(66), Provider(None))
          Operator chain:
            PhysicalOperator(NES::SinkPhysicalOperator)

[m
[36m[04:09:53.272611] [D] [Not A Worker] [unnamed] [] [SinkProvider.cpp:30] [lower] The sinkDescriptor is: SinkDescriptor: (name: variant("PERSON_ID_SINK"), type: Void, Config: )[m
[36m[04:09:53.273370] [D] [SingleNodeWorker] [WorkerThread-3] [Task:1786538084-66] [VoidSink.cpp:37] [start] Setting up void sink: VoidSink[m
[36m[04:09:53.348342] [D] [SingleNodeWorker] [WorkerThread-3] [] [SourceThread.cpp:186] [start] Starting source with originId: 2[m
[36m[04:09:53.349908] [D] [SingleNodeWorker] [WorkerThread-3] [Task:1786538084-65] [BufferManager.cpp:65] [~BufferManager] Calling BufferManager::destroy()[m
[36m[04:09:53.349935] [D] [SingleNodeWorker] [WorkerThread-3] [Task:1786538084-65] [BufferManager.cpp:93] [~BufferManager] Shutting down Buffer Manager completed[m
[36m[04:09:53.442627] [D] [SingleNodeWorker] [WorkerThread-4] [Task:1786538084-65] [InputFormatter.hpp:349] [indexTrailingSpanningTupleProxy] last offset: 262143, first offset: 151[m
[36m[04:09:53.907907] [D] [SingleNodeWorker] [WorkerThread-0] [Task:1786538084-65] [InputFormatter.hpp:349] [indexTrailingSpanningTupleProxy] last offset: 262143, first offset: 284[m
[36m[04:09:54.826134] [D] [SingleNodeWorker] [WorkerThread-13] [Task:1786538084] [SourceThread.cpp:232] [tryStop] SourceThread 2: attempting to stop source[m
[36m[04:09:54.826186] [D] [SingleNodeWorker] [WorkerThread-13] [Task:1786538084] [SourceThread.cpp:250] [tryStop] SourceThread 2: stopped[m
[32m[04:09:54.851855] [I] [SingleNodeWorker] [WorkerThread-8] [Task:1786538084-66] [VoidSink.cpp:42] [stop] Void Sink completed.[m
[36m[04:09:54.851992] [D] [SingleNodeWorker] [WorkerThread-8] [] [SourceThread.cpp:228] [tryStop] SourceThread 2: thread is not running[m
[32m[04:09:54.852061] [I] [SingleNodeWorker] [WorkerThread-2] [] [SequenceShredder.cpp:55] [~SequenceShredder] Successfully validated SequenceShredder[m
[36m[04:09:58.220214] [D] [Not A Worker] [unnamed] [queryId:1681632860] [BufferManager.cpp:110] [initialize] NES memory allocation requires 1 out of 540577120256 (so 1.8498748143954595e-10%) available bytes[m
[36m[04:09:58.220266] [D] [Not A Worker] [unnamed] [queryId:1681632860] [BufferManager.cpp:160] [initialize] BufferManager configuration bufferSize=1 numOfBuffers=1[m
[36m[04:09:58.220465] [D] [Not A Worker] [unnamed] [queryId:1681632860] [PipeliningPhase.cpp:404] [apply] Constructed pipeline plan with 1 root pipelines.
PipelinedQueryPlan for Query: 1681632860
Number of root pipelines: 1
------------------
Root Pipeline 0:
  Pipeline(ID(67), Provider(COMPILER))
  Operator chain:
    PhysicalOperator(NES::SourcePhysicalOperator)
  Successor Pipeline:
    Pipeline(ID(68), Provider(None))
      Operator chain:
        PhysicalOperator(NES::ScanPhysicalOperator)
          PhysicalOperator(NES::SelectionPhysicalOperator)
            PhysicalOperator(NES::MapPhysicalOperator)
              PhysicalOperator(NES::EmitPhysicalOperator)
      Successor Pipeline:
        Pipeline(ID(69), Provider(None))
          Operator chain:
            PhysicalOperator(NES::SinkPhysicalOperator)

[m
[36m[04:09:58.223928] [D] [Not A Worker] [unnamed] [] [SinkProvider.cpp:30] [lower] The sinkDescriptor is: SinkDescriptor: (name: variant("PERSON_ID_SINK"), type: Void, Config: )[m
[36m[04:09:58.224764] [D] [SingleNodeWorker] [WorkerThread-5] [Task:1681632860-69] [VoidSink.cpp:37] [start] Setting up void sink: VoidSink[m
[36m[04:09:58.297878] [D] [SingleNodeWorker] [WorkerThread-5] [] [SourceThread.cpp:186] [start] Starting source with originId: 2[m
[36m[04:09:58.299604] [D] [SingleNodeWorker] [WorkerThread-6] [Task:1681632860-68] [BufferManager.cpp:65] [~BufferManager] Calling BufferManager::destroy()[m
[36m[04:09:58.299702] [D] [SingleNodeWorker] [WorkerThread-6] [Task:1681632860-68] [BufferManager.cpp:93] [~BufferManager] Shutting down Buffer Manager completed[m
[36m[04:09:59.720960] [D] [SingleNodeWorker] [WorkerThread-4] [Task:1681632860] [SourceThread.cpp:232] [tryStop] SourceThread 2: attempting to stop source[m
[36m[04:09:59.721002] [D] [SingleNodeWorker] [WorkerThread-4] [Task:1681632860] [SourceThread.cpp:250] [tryStop] SourceThread 2: stopped[m
[32m[04:09:59.746792] [I] [SingleNodeWorker] [WorkerThread-5] [] [SequenceShredder.cpp:55] [~SequenceShredder] Successfully validated SequenceShredder[m
[32m[04:09:59.746807] [I] [SingleNodeWorker] [WorkerThread-14] [Task:1681632860-69] [VoidSink.cpp:42] [stop] Void Sink completed.[m
[36m[04:09:59.747010] [D] [SingleNodeWorker] [WorkerThread-14] [] [SourceThread.cpp:228] [tryStop] SourceThread 2: thread is not running[m
[36m[04:10:03.073523] [D] [Not A Worker] [unnamed] [queryId:1119451269] [BufferManager.cpp:110] [initialize] NES memory allocation requires 1 out of 540577120256 (so 1.8498748143954595e-10%) available bytes[m
[36m[04:10:03.073572] [D] [Not A Worker] [unnamed] [queryId:1119451269] [BufferManager.cpp:160] [initialize] BufferManager configuration bufferSize=1 numOfBuffers=1[m
[36m[04:10:03.073745] [D] [Not A Worker] [unnamed] [queryId:1119451269] [PipeliningPhase.cpp:404] [apply] Constructed pipeline plan with 1 root pipelines.
PipelinedQueryPlan for Query: 1119451269
Number of root pipelines: 1
------------------
Root Pipeline 0:
  Pipeline(ID(70), Provider(COMPILER))
  Operator chain:
    PhysicalOperator(NES::SourcePhysicalOperator)
  Successor Pipeline:
    Pipeline(ID(71), Provider(None))
      Operator chain:
        PhysicalOperator(NES::ScanPhysicalOperator)
          PhysicalOperator(NES::SelectionPhysicalOperator)
            PhysicalOperator(NES::MapPhysicalOperator)
              PhysicalOperator(NES::EmitPhysicalOperator)
      Successor Pipeline:
        Pipeline(ID(72), Provider(None))
          Operator chain:
            PhysicalOperator(NES::SinkPhysicalOperator)

[m
[36m[04:10:03.076924] [D] [Not A Worker] [unnamed] [] [SinkProvider.cpp:30] [lower] The sinkDescriptor is: SinkDescriptor: (name: variant("PERSON_ID_SINK"), type: Void, Config: )[m
[36m[04:10:03.079081] [D] [SingleNodeWorker] [WorkerThread-10] [Task:1119451269-72] [VoidSink.cpp:37] [start] Setting up void sink: VoidSink[m
[36m[04:10:03.154196] [D] [SingleNodeWorker] [WorkerThread-10] [] [SourceThread.cpp:186] [start] Starting source with originId: 2[m
[36m[04:10:03.155998] [D] [SingleNodeWorker] [WorkerThread-9] [Task:1119451269-71] [BufferManager.cpp:65] [~BufferManager] Calling BufferManager::destroy()[m
[36m[04:10:03.156094] [D] [SingleNodeWorker] [WorkerThread-9] [Task:1119451269-71] [BufferManager.cpp:93] [~BufferManager] Shutting down Buffer Manager completed[m
[36m[04:10:04.591255] [D] [SingleNodeWorker] [WorkerThread-1] [Task:1119451269] [SourceThread.cpp:232] [tryStop] SourceThread 2: attempting to stop source[m
[36m[04:10:04.591310] [D] [SingleNodeWorker] [WorkerThread-1] [Task:1119451269] [SourceThread.cpp:250] [tryStop] SourceThread 2: stopped[m
[32m[04:10:04.617094] [I] [SingleNodeWorker] [WorkerThread-6] [Task:1119451269-72] [VoidSink.cpp:42] [stop] Void Sink completed.[m
[32m[04:10:04.617216] [I] [SingleNodeWorker] [WorkerThread-10] [] [SequenceShredder.cpp:55] [~SequenceShredder] Successfully validated SequenceShredder[m
[36m[04:10:04.617247] [D] [SingleNodeWorker] [WorkerThread-6] [] [SourceThread.cpp:228] [tryStop] SourceThread 2: thread is not running[m
[36m[04:10:08.074186] [D] [Not A Worker] [unnamed] [queryId:1468901891] [BufferManager.cpp:110] [initialize] NES memory allocation requires 1 out of 540577120256 (so 1.8498748143954595e-10%) available bytes[m
[36m[04:10:08.074244] [D] [Not A Worker] [unnamed] [queryId:1468901891] [BufferManager.cpp:160] [initialize] BufferManager configuration bufferSize=1 numOfBuffers=1[m
[36m[04:10:08.074449] [D] [Not A Worker] [unnamed] [queryId:1468901891] [PipeliningPhase.cpp:404] [apply] Constructed pipeline plan with 1 root pipelines.
PipelinedQueryPlan for Query: 1468901891
Number of root pipelines: 1
------------------
Root Pipeline 0:
  Pipeline(ID(73), Provider(COMPILER))
  Operator chain:
    PhysicalOperator(NES::SourcePhysicalOperator)
  Successor Pipeline:
    Pipeline(ID(74), Provider(None))
      Operator chain:
        PhysicalOperator(NES::ScanPhysicalOperator)
          PhysicalOperator(NES::SelectionPhysicalOperator)
            PhysicalOperator(NES::MapPhysicalOperator)
              PhysicalOperator(NES::EmitPhysicalOperator)
      Successor Pipeline:
        Pipeline(ID(75), Provider(None))
          Operator chain:
            PhysicalOperator(NES::SinkPhysicalOperator)

[m
[36m[04:10:08.078398] [D] [Not A Worker] [unnamed] [] [SinkProvider.cpp:30] [lower] The sinkDescriptor is: SinkDescriptor: (name: variant("PERSON_ID_SINK"), type: Void, Config: )[m
[36m[04:10:08.080938] [D] [SingleNodeWorker] [WorkerThread-3] [Task:1468901891-75] [VoidSink.cpp:37] [start] Setting up void sink: VoidSink[m
[36m[04:10:08.156918] [D] [SingleNodeWorker] [WorkerThread-3] [] [SourceThread.cpp:186] [start] Starting source with originId: 2[m
[36m[04:10:08.159268] [D] [SingleNodeWorker] [WorkerThread-3] [Task:1468901891-74] [BufferManager.cpp:65] [~BufferManager] Calling BufferManager::destroy()[m
[36m[04:10:08.159298] [D] [SingleNodeWorker] [WorkerThread-3] [Task:1468901891-74] [BufferManager.cpp:93] [~BufferManager] Shutting down Buffer Manager completed[m
[36m[04:10:08.677300] [D] [SingleNodeWorker] [WorkerThread-1] [Task:1468901891-74] [InputFormatter.hpp:349] [indexTrailingSpanningTupleProxy] last offset: 262143, first offset: 152[m
[36m[04:10:08.977229] [D] [SingleNodeWorker] [WorkerThread-6] [Task:1468901891-74] [InputFormatter.hpp:349] [indexTrailingSpanningTupleProxy] last offset: 262143, first offset: 29[m
[36m[04:10:09.597514] [D] [SingleNodeWorker] [WorkerThread-5] [Task:1468901891] [SourceThread.cpp:232] [tryStop] SourceThread 2: attempting to stop source[m
[36m[04:10:09.597564] [D] [SingleNodeWorker] [WorkerThread-5] [Task:1468901891] [SourceThread.cpp:250] [tryStop] SourceThread 2: stopped[m
[32m[04:10:09.624363] [I] [SingleNodeWorker] [WorkerThread-0] [Task:1468901891-75] [VoidSink.cpp:42] [stop] Void Sink completed.[m
[32m[04:10:09.624460] [I] [SingleNodeWorker] [WorkerThread-12] [] [SequenceShredder.cpp:55] [~SequenceShredder] Successfully validated SequenceShredder[m
[36m[04:10:09.624503] [D] [SingleNodeWorker] [WorkerThread-0] [] [SourceThread.cpp:228] [tryStop] SourceThread 2: thread is not running[m
[36m[04:10:13.070174] [D] [Not A Worker] [unnamed] [queryId:1735553598] [BufferManager.cpp:110] [initialize] NES memory allocation requires 1 out of 540577120256 (so 1.8498748143954595e-10%) available bytes[m
[36m[04:10:13.070245] [D] [Not A Worker] [unnamed] [queryId:1735553598] [BufferManager.cpp:160] [initialize] BufferManager configuration bufferSize=1 numOfBuffers=1[m
[36m[04:10:13.070416] [D] [Not A Worker] [unnamed] [queryId:1735553598] [PipeliningPhase.cpp:404] [apply] Constructed pipeline plan with 1 root pipelines.
PipelinedQueryPlan for Query: 1735553598
Number of root pipelines: 1
------------------
Root Pipeline 0:
  Pipeline(ID(76), Provider(COMPILER))
  Operator chain:
    PhysicalOperator(NES::SourcePhysicalOperator)
  Successor Pipeline:
    Pipeline(ID(77), Provider(None))
      Operator chain:
        PhysicalOperator(NES::ScanPhysicalOperator)
          PhysicalOperator(NES::SelectionPhysicalOperator)
            PhysicalOperator(NES::MapPhysicalOperator)
              PhysicalOperator(NES::EmitPhysicalOperator)
      Successor Pipeline:
        Pipeline(ID(78), Provider(None))
          Operator chain:
            PhysicalOperator(NES::SinkPhysicalOperator)

[m
[36m[04:10:13.074024] [D] [Not A Worker] [unnamed] [] [SinkProvider.cpp:30] [lower] The sinkDescriptor is: SinkDescriptor: (name: variant("PERSON_ID_SINK"), type: Void, Config: )[m
[36m[04:10:13.074637] [D] [SingleNodeWorker] [WorkerThread-13] [Task:1735553598-78] [VoidSink.cpp:37] [start] Setting up void sink: VoidSink[m
[36m[04:10:13.150502] [D] [SingleNodeWorker] [WorkerThread-5] [] [SourceThread.cpp:186] [start] Starting source with originId: 2[m
[36m[04:10:13.151940] [D] [SingleNodeWorker] [WorkerThread-5] [Task:1735553598-77] [BufferManager.cpp:65] [~BufferManager] Calling BufferManager::destroy()[m
[36m[04:10:13.151967] [D] [SingleNodeWorker] [WorkerThread-5] [Task:1735553598-77] [BufferManager.cpp:93] [~BufferManager] Shutting down Buffer Manager completed[m
[36m[04:10:14.049842] [D] [SingleNodeWorker] [WorkerThread-8] [Task:1735553598-77] [InputFormatter.hpp:349] [indexTrailingSpanningTupleProxy] last offset: 262143, first offset: 149[m
[36m[04:10:14.594309] [D] [SingleNodeWorker] [WorkerThread-1] [Task:1735553598] [SourceThread.cpp:232] [tryStop] SourceThread 2: attempting to stop source[m
[36m[04:10:14.594357] [D] [SingleNodeWorker] [WorkerThread-1] [Task:1735553598] [SourceThread.cpp:250] [tryStop] SourceThread 2: stopped[m
[32m[04:10:14.620013] [I] [SingleNodeWorker] [WorkerThread-0] [Task:1735553598-78] [VoidSink.cpp:42] [stop] Void Sink completed.[m
[36m[04:10:14.620150] [D] [SingleNodeWorker] [WorkerThread-0] [] [SourceThread.cpp:228] [tryStop] SourceThread 2: thread is not running[m
[32m[04:10:14.620312] [I] [SingleNodeWorker] [WorkerThread-15] [] [SequenceShredder.cpp:55] [~SequenceShredder] Successfully validated SequenceShredder[m
[36m[04:10:18.086305] [D] [Not A Worker] [unnamed] [queryId:1452864364] [BufferManager.cpp:110] [initialize] NES memory allocation requires 1 out of 540577120256 (so 1.8498748143954595e-10%) available bytes[m
[36m[04:10:18.086366] [D] [Not A Worker] [unnamed] [queryId:1452864364] [BufferManager.cpp:160] [initialize] BufferManager configuration bufferSize=1 numOfBuffers=1[m
[36m[04:10:18.086542] [D] [Not A Worker] [unnamed] [queryId:1452864364] [PipeliningPhase.cpp:404] [apply] Constructed pipeline plan with 1 root pipelines.
PipelinedQueryPlan for Query: 1452864364
Number of root pipelines: 1
------------------
Root Pipeline 0:
  Pipeline(ID(79), Provider(COMPILER))
  Operator chain:
    PhysicalOperator(NES::SourcePhysicalOperator)
  Successor Pipeline:
    Pipeline(ID(80), Provider(None))
      Operator chain:
        PhysicalOperator(NES::ScanPhysicalOperator)
          PhysicalOperator(NES::SelectionPhysicalOperator)
            PhysicalOperator(NES::MapPhysicalOperator)
              PhysicalOperator(NES::EmitPhysicalOperator)
      Successor Pipeline:
        Pipeline(ID(81), Provider(None))
          Operator chain:
            PhysicalOperator(NES::SinkPhysicalOperator)

[m
[36m[04:10:18.089468] [D] [Not A Worker] [unnamed] [] [SinkProvider.cpp:30] [lower] The sinkDescriptor is: SinkDescriptor: (name: variant("PERSON_ID_SINK"), type: Void, Config: )[m
[36m[04:10:18.090045] [D] [SingleNodeWorker] [WorkerThread-8] [Task:1452864364-81] [VoidSink.cpp:37] [start] Setting up void sink: VoidSink[m
[36m[04:10:18.165765] [D] [SingleNodeWorker] [WorkerThread-8] [] [SourceThread.cpp:186] [start] Starting source with originId: 2[m
[36m[04:10:18.167714] [D] [SingleNodeWorker] [WorkerThread-13] [Task:1452864364-80] [BufferManager.cpp:65] [~BufferManager] Calling BufferManager::destroy()[m
[36m[04:10:18.167794] [D] [SingleNodeWorker] [WorkerThread-13] [Task:1452864364-80] [BufferManager.cpp:93] [~BufferManager] Shutting down Buffer Manager completed[m
[36m[04:10:19.581588] [D] [SingleNodeWorker] [WorkerThread-3] [Task:1452864364-80] [InputFormatter.hpp:349] [indexTrailingSpanningTupleProxy] last offset: 262143, first offset: 198[m
[36m[04:10:19.597808] [D] [SingleNodeWorker] [WorkerThread-1] [Task:1452864364] [SourceThread.cpp:232] [tryStop] SourceThread 2: attempting to stop source[m
[36m[04:10:19.597833] [D] [SingleNodeWorker] [WorkerThread-1] [Task:1452864364] [SourceThread.cpp:250] [tryStop] SourceThread 2: stopped[m
[32m[04:10:19.623833] [I] [SingleNodeWorker] [WorkerThread-4] [] [SequenceShredder.cpp:55] [~SequenceShredder] Successfully validated SequenceShredder[m
[32m[04:10:19.624290] [I] [SingleNodeWorker] [WorkerThread-7] [Task:1452864364-81] [VoidSink.cpp:42] [stop] Void Sink completed.[m
[36m[04:10:19.624421] [D] [SingleNodeWorker] [WorkerThread-7] [] [SourceThread.cpp:228] [tryStop] SourceThread 2: thread is not running[m
[36m[04:10:23.003830] [D] [Not A Worker] [unnamed] [queryId:593273497] [BufferManager.cpp:110] [initialize] NES memory allocation requires 1 out of 540577120256 (so 1.8498748143954595e-10%) available bytes[m
[36m[04:10:23.003887] [D] [Not A Worker] [unnamed] [queryId:593273497] [BufferManager.cpp:160] [initialize] BufferManager configuration bufferSize=1 numOfBuffers=1[m
[36m[04:10:23.004080] [D] [Not A Worker] [unnamed] [queryId:593273497] [PipeliningPhase.cpp:404] [apply] Constructed pipeline plan with 1 root pipelines.
PipelinedQueryPlan for Query: 593273497
Number of root pipelines: 1
------------------
Root Pipeline 0:
  Pipeline(ID(82), Provider(COMPILER))
  Operator chain:
    PhysicalOperator(NES::SourcePhysicalOperator)
  Successor Pipeline:
    Pipeline(ID(83), Provider(None))
      Operator chain:
        PhysicalOperator(NES::ScanPhysicalOperator)
          PhysicalOperator(NES::SelectionPhysicalOperator)
            PhysicalOperator(NES::MapPhysicalOperator)
              PhysicalOperator(NES::EmitPhysicalOperator)
      Successor Pipeline:
        Pipeline(ID(84), Provider(None))
          Operator chain:
            PhysicalOperator(NES::SinkPhysicalOperator)

[m
[36m[04:10:23.007926] [D] [Not A Worker] [unnamed] [] [SinkProvider.cpp:30] [lower] The sinkDescriptor is: SinkDescriptor: (name: variant("PERSON_ID_SINK"), type: Void, Config: )[m
[36m[04:10:23.010538] [D] [SingleNodeWorker] [WorkerThread-10] [Task:593273497-84] [VoidSink.cpp:37] [start] Setting up void sink: VoidSink[m
[36m[04:10:23.085107] [D] [SingleNodeWorker] [WorkerThread-12] [] [SourceThread.cpp:186] [start] Starting source with originId: 2[m
[36m[04:10:23.086944] [D] [SingleNodeWorker] [WorkerThread-12] [Task:593273497-83] [BufferManager.cpp:65] [~BufferManager] Calling BufferManager::destroy()[m
[36m[04:10:23.086972] [D] [SingleNodeWorker] [WorkerThread-12] [Task:593273497-83] [BufferManager.cpp:93] [~BufferManager] Shutting down Buffer Manager completed[m
[36m[04:10:23.439529] [D] [SingleNodeWorker] [WorkerThread-3] [Task:593273497-83] [InputFormatter.hpp:349] [indexTrailingSpanningTupleProxy] last offset: 262143, first offset: 206[m
[36m[04:10:24.530938] [D] [SingleNodeWorker] [WorkerThread-8] [Task:593273497] [SourceThread.cpp:232] [tryStop] SourceThread 2: attempting to stop source[m
[36m[04:10:24.530990] [D] [SingleNodeWorker] [WorkerThread-8] [Task:593273497] [SourceThread.cpp:250] [tryStop] SourceThread 2: stopped[m
[32m[04:10:24.556468] [I] [SingleNodeWorker] [WorkerThread-9] [Task:593273497-84] [VoidSink.cpp:42] [stop] Void Sink completed.[m
[36m[04:10:24.556605] [D] [SingleNodeWorker] [WorkerThread-9] [] [SourceThread.cpp:228] [tryStop] SourceThread 2: thread is not running[m
[32m[04:10:24.556753] [I] [SingleNodeWorker] [WorkerThread-15] [] [SequenceShredder.cpp:55] [~SequenceShredder] Successfully validated SequenceShredder[m
[36m[04:10:27.790387] [D] [Not A Worker] [unnamed] [queryId:1308581235] [BufferManager.cpp:110] [initialize] NES memory allocation requires 1 out of 540577120256 (so 1.8498748143954595e-10%) available bytes[m
[36m[04:10:27.790467] [D] [Not A Worker] [unnamed] [queryId:1308581235] [BufferManager.cpp:160] [initialize] BufferManager configuration bufferSize=1 numOfBuffers=1[m
[36m[04:10:27.790689] [D] [Not A Worker] [unnamed] [queryId:1308581235] [PipeliningPhase.cpp:404] [apply] Constructed pipeline plan with 1 root pipelines.
PipelinedQueryPlan for Query: 1308581235
Number of root pipelines: 1
------------------
Root Pipeline 0:
  Pipeline(ID(85), Provider(COMPILER))
  Operator chain:
    PhysicalOperator(NES::SourcePhysicalOperator)
  Successor Pipeline:
    Pipeline(ID(86), Provider(None))
      Operator chain:
        PhysicalOperator(NES::ScanPhysicalOperator)
          PhysicalOperator(NES::SelectionPhysicalOperator)
            PhysicalOperator(NES::MapPhysicalOperator)
              PhysicalOperator(NES::EmitPhysicalOperator)
      Successor Pipeline:
        Pipeline(ID(87), Provider(None))
          Operator chain:
            PhysicalOperator(NES::SinkPhysicalOperator)

[m
[36m[04:10:27.793789] [D] [Not A Worker] [unnamed] [] [SinkProvider.cpp:30] [lower] The sinkDescriptor is: SinkDescriptor: (name: variant("PERSON_ID_SINK"), type: Void, Config: )[m
[36m[04:10:27.794527] [D] [SingleNodeWorker] [WorkerThread-5] [Task:1308581235-87] [VoidSink.cpp:37] [start] Setting up void sink: VoidSink[m
[36m[04:10:27.868007] [D] [SingleNodeWorker] [WorkerThread-5] [] [SourceThread.cpp:186] [start] Starting source with originId: 2[m
[36m[04:10:27.869758] [D] [SingleNodeWorker] [WorkerThread-10] [Task:1308581235-86] [BufferManager.cpp:65] [~BufferManager] Calling BufferManager::destroy()[m
[36m[04:10:27.869837] [D] [SingleNodeWorker] [WorkerThread-10] [Task:1308581235-86] [BufferManager.cpp:93] [~BufferManager] Shutting down Buffer Manager completed[m
[36m[04:10:29.293669] [D] [SingleNodeWorker] [WorkerThread-4] [Task:1308581235] [SourceThread.cpp:232] [tryStop] SourceThread 2: attempting to stop source[m
[36m[04:10:29.293716] [D] [SingleNodeWorker] [WorkerThread-4] [Task:1308581235] [SourceThread.cpp:250] [tryStop] SourceThread 2: stopped[m
[32m[04:10:29.319905] [I] [SingleNodeWorker] [WorkerThread-1] [Task:1308581235-87] [VoidSink.cpp:42] [stop] Void Sink completed.[m
[36m[04:10:29.320044] [D] [SingleNodeWorker] [WorkerThread-1] [] [SourceThread.cpp:228] [tryStop] SourceThread 2: thread is not running[m
[32m[04:10:29.320221] [I] [SingleNodeWorker] [WorkerThread-15] [] [SequenceShredder.cpp:55] [~SequenceShredder] Successfully validated SequenceShredder[m
[36m[04:10:32.630631] [D] [Not A Worker] [unnamed] [queryId:1971204547] [BufferManager.cpp:110] [initialize] NES memory allocation requires 1 out of 540577120256 (so 1.8498748143954595e-10%) available bytes[m
[36m[04:10:32.630693] [D] [Not A Worker] [unnamed] [queryId:1971204547] [BufferManager.cpp:160] [initialize] BufferManager configuration bufferSize=1 numOfBuffers=1[m
[36m[04:10:32.630921] [D] [Not A Worker] [unnamed] [queryId:1971204547] [PipeliningPhase.cpp:404] [apply] Constructed pipeline plan with 1 root pipelines.
PipelinedQueryPlan for Query: 1971204547
Number of root pipelines: 1
------------------
Root Pipeline 0:
  Pipeline(ID(88), Provider(COMPILER))
  Operator chain:
    PhysicalOperator(NES::SourcePhysicalOperator)
  Successor Pipeline:
    Pipeline(ID(89), Provider(None))
      Operator chain:
        PhysicalOperator(NES::ScanPhysicalOperator)
          PhysicalOperator(NES::SelectionPhysicalOperator)
            PhysicalOperator(NES::MapPhysicalOperator)
              PhysicalOperator(NES::EmitPhysicalOperator)
      Successor Pipeline:
        Pipeline(ID(90), Provider(None))
          Operator chain:
            PhysicalOperator(NES::SinkPhysicalOperator)

[m
[36m[04:10:32.633833] [D] [Not A Worker] [unnamed] [] [SinkProvider.cpp:30] [lower] The sinkDescriptor is: SinkDescriptor: (name: variant("PERSON_ID_SINK"), type: Void, Config: )[m
[36m[04:10:32.635690] [D] [SingleNodeWorker] [WorkerThread-3] [Task:1971204547-90] [VoidSink.cpp:37] [start] Setting up void sink: VoidSink[m
[36m[04:10:32.712203] [D] [SingleNodeWorker] [WorkerThread-4] [] [SourceThread.cpp:186] [start] Starting source with originId: 2[m
[36m[04:10:32.713732] [D] [SingleNodeWorker] [WorkerThread-4] [Task:1971204547-89] [BufferManager.cpp:65] [~BufferManager] Calling BufferManager::destroy()[m
[36m[04:10:32.713758] [D] [SingleNodeWorker] [WorkerThread-4] [Task:1971204547-89] [BufferManager.cpp:93] [~BufferManager] Shutting down Buffer Manager completed[m
[36m[04:10:32.802738] [D] [SingleNodeWorker] [WorkerThread-7] [Task:1971204547-89] [InputFormatter.hpp:349] [indexTrailingSpanningTupleProxy] last offset: 262143, first offset: 151[m
[36m[04:10:34.142818] [D] [SingleNodeWorker] [WorkerThread-7] [Task:1971204547] [SourceThread.cpp:232] [tryStop] SourceThread 2: attempting to stop source[m
[36m[04:10:34.142862] [D] [SingleNodeWorker] [WorkerThread-7] [Task:1971204547] [SourceThread.cpp:250] [tryStop] SourceThread 2: stopped[m
[32m[04:10:34.168522] [I] [SingleNodeWorker] [WorkerThread-1] [Task:1971204547-90] [VoidSink.cpp:42] [stop] Void Sink completed.[m
[36m[04:10:34.168663] [D] [SingleNodeWorker] [WorkerThread-1] [] [SourceThread.cpp:228] [tryStop] SourceThread 2: thread is not running[m
[32m[04:10:34.168794] [I] [SingleNodeWorker] [WorkerThread-2] [] [SequenceShredder.cpp:55] [~SequenceShredder] Successfully validated SequenceShredder[m
[36m[04:10:37.500500] [D] [Not A Worker] [unnamed] [queryId:536651671] [BufferManager.cpp:110] [initialize] NES memory allocation requires 1 out of 540577120256 (so 1.8498748143954595e-10%) available bytes[m
[36m[04:10:37.500561] [D] [Not A Worker] [unnamed] [queryId:536651671] [BufferManager.cpp:160] [initialize] BufferManager configuration bufferSize=1 numOfBuffers=1[m
[36m[04:10:37.500737] [D] [Not A Worker] [unnamed] [queryId:536651671] [PipeliningPhase.cpp:404] [apply] Constructed pipeline plan with 1 root pipelines.
PipelinedQueryPlan for Query: 536651671
Number of root pipelines: 1
------------------
Root Pipeline 0:
  Pipeline(ID(91), Provider(COMPILER))
  Operator chain:
    PhysicalOperator(NES::SourcePhysicalOperator)
  Successor Pipeline:
    Pipeline(ID(92), Provider(None))
      Operator chain:
        PhysicalOperator(NES::ScanPhysicalOperator)
          PhysicalOperator(NES::SelectionPhysicalOperator)
            PhysicalOperator(NES::MapPhysicalOperator)
              PhysicalOperator(NES::EmitPhysicalOperator)
      Successor Pipeline:
        Pipeline(ID(93), Provider(None))
          Operator chain:
            PhysicalOperator(NES::SinkPhysicalOperator)

[m
[36m[04:10:37.504467] [D] [Not A Worker] [unnamed] [] [SinkProvider.cpp:30] [lower] The sinkDescriptor is: SinkDescriptor: (name: variant("BID_AUCTION_ID_SINK"), type: Void, Config: )[m
[36m[04:10:37.505528] [D] [SingleNodeWorker] [WorkerThread-2] [Task:536651671-93] [VoidSink.cpp:37] [start] Setting up void sink: VoidSink[m
[36m[04:10:37.565555] [D] [SingleNodeWorker] [WorkerThread-2] [] [SourceThread.cpp:186] [start] Starting source with originId: 2[m
[36m[04:10:37.567192] [D] [SingleNodeWorker] [WorkerThread-2] [Task:536651671-92] [BufferManager.cpp:65] [~BufferManager] Calling BufferManager::destroy()[m
[36m[04:10:37.567219] [D] [SingleNodeWorker] [WorkerThread-2] [Task:536651671-92] [BufferManager.cpp:93] [~BufferManager] Shutting down Buffer Manager completed[m
[36m[04:10:43.216568] [D] [SingleNodeWorker] [WorkerThread-3] [Task:536651671-92] [InputFormatter.hpp:349] [indexTrailingSpanningTupleProxy] last offset: 262143, first offset: 78[m
[36m[04:10:44.708374] [D] [SingleNodeWorker] [WorkerThread-3] [Task:536651671-92] [InputFormatter.hpp:349] [indexTrailingSpanningTupleProxy] last offset: 262143, first offset: 46[m
[36m[04:10:46.368079] [D] [SingleNodeWorker] [WorkerThread-3] [Task:536651671-92] [InputFormatter.hpp:349] [indexTrailingSpanningTupleProxy] last offset: 262143, first offset: 84[m
[36m[04:10:49.718162] [D] [SingleNodeWorker] [WorkerThread-6] [Task:536651671-92] [InputFormatter.hpp:349] [indexTrailingSpanningTupleProxy] last offset: 262143, first offset: 35[m
[36m[04:10:49.784799] [D] [SingleNodeWorker] [WorkerThread-3] [Task:536651671-92] [InputFormatter.hpp:349] [indexTrailingSpanningTupleProxy] last offset: 262143, first offset: 72[m
[36m[04:10:50.520654] [D] [SingleNodeWorker] [WorkerThread-10] [Task:536651671-92] [InputFormatter.hpp:349] [indexTrailingSpanningTupleProxy] last offset: 262143, first offset: 12[m
[36m[04:10:51.310748] [D] [SingleNodeWorker] [WorkerThread-2] [Task:536651671-92] [InputFormatter.hpp:349] [indexTrailingSpanningTupleProxy] last offset: 262143, first offset: 85[m
[36m[04:10:51.677256] [D] [SingleNodeWorker] [WorkerThread-14] [Task:536651671-92] [InputFormatter.hpp:349] [indexTrailingSpanningTupleProxy] last offset: 262143, first offset: 20[m
[36m[04:10:54.076847] [D] [SingleNodeWorker] [WorkerThread-3] [Task:536651671-92] [InputFormatter.hpp:349] [indexTrailingSpanningTupleProxy] last offset: 262143, first offset: 33[m
[36m[04:10:54.446471] [D] [SingleNodeWorker] [WorkerThread-3] [Task:536651671-92] [InputFormatter.hpp:349] [indexTrailingSpanningTupleProxy] last offset: 262143, first offset: 28[m
[36m[04:10:54.602309] [D] [SingleNodeWorker] [WorkerThread-14] [Task:536651671-92] [InputFormatter.hpp:349] [indexTrailingSpanningTupleProxy] last offset: 262143, first offset: 6[m
[36m[04:10:55.541208] [D] [SingleNodeWorker] [WorkerThread-11] [Task:536651671-92] [InputFormatter.hpp:349] [indexTrailingSpanningTupleProxy] last offset: 262143, first offset: 6[m
[36m[04:10:56.108781] [D] [SingleNodeWorker] [WorkerThread-13] [Task:536651671-92] [InputFormatter.hpp:349] [indexTrailingSpanningTupleProxy] last offset: 262143, first offset: 2[m
[36m[04:10:56.381928] [D] [SingleNodeWorker] [WorkerThread-9] [Task:536651671-92] [InputFormatter.hpp:349] [indexTrailingSpanningTupleProxy] last offset: 262143, first offset: 2[m
[36m[04:10:57.855663] [D] [SingleNodeWorker] [WorkerThread-4] [Task:536651671-92] [InputFormatter.hpp:349] [indexTrailingSpanningTupleProxy] last offset: 262143, first offset: 78[m
[36m[04:11:00.648840] [D] [SingleNodeWorker] [WorkerThread-13] [Task:536651671-92] [InputFormatter.hpp:349] [indexTrailingSpanningTupleProxy] last offset: 262143, first offset: 73[m
[36m[04:11:01.222728] [D] [SingleNodeWorker] [WorkerThread-3] [Task:536651671-92] [InputFormatter.hpp:349] [indexTrailingSpanningTupleProxy] last offset: 262143, first offset: 12[m
[36m[04:11:09.118711] [D] [SingleNodeWorker] [WorkerThread-11] [Task:536651671] [SourceThread.cpp:232] [tryStop] SourceThread 2: attempting to stop source[m
[36m[04:11:09.118760] [D] [SingleNodeWorker] [WorkerThread-11] [Task:536651671] [SourceThread.cpp:250] [tryStop] SourceThread 2: stopped[m
[32m[04:11:09.144891] [I] [SingleNodeWorker] [WorkerThread-7] [] [SequenceShredder.cpp:55] [~SequenceShredder] Successfully validated SequenceShredder[m
[32m[04:11:09.145585] [I] [SingleNodeWorker] [WorkerThread-12] [Task:536651671-93] [VoidSink.cpp:42] [stop] Void Sink completed.[m
[36m[04:11:09.145728] [D] [SingleNodeWorker] [WorkerThread-12] [] [SourceThread.cpp:228] [tryStop] SourceThread 2: thread is not running[m
[36m[04:11:10.931602] [D] [Not A Worker] [unnamed] [queryId:1102623776] [BufferManager.cpp:110] [initialize] NES memory allocation requires 1 out of 540577120256 (so 1.8498748143954595e-10%) available bytes[m
[36m[04:11:10.931668] [D] [Not A Worker] [unnamed] [queryId:1102623776] [BufferManager.cpp:160] [initialize] BufferManager configuration bufferSize=1 numOfBuffers=1[m
[36m[04:11:10.931880] [D] [Not A Worker] [unnamed] [queryId:1102623776] [PipeliningPhase.cpp:404] [apply] Constructed pipeline plan with 1 root pipelines.
PipelinedQueryPlan for Query: 1102623776
Number of root pipelines: 1
------------------
Root Pipeline 0:
  Pipeline(ID(94), Provider(COMPILER))
  Operator chain:
    PhysicalOperator(NES::SourcePhysicalOperator)
  Successor Pipeline:
    Pipeline(ID(95), Provider(None))
      Operator chain:
        PhysicalOperator(NES::ScanPhysicalOperator)
          PhysicalOperator(NES::SelectionPhysicalOperator)
            PhysicalOperator(NES::MapPhysicalOperator)
              PhysicalOperator(NES::EmitPhysicalOperator)
      Successor Pipeline:
        Pipeline(ID(96), Provider(None))
          Operator chain:
            PhysicalOperator(NES::SinkPhysicalOperator)

[m
[36m[04:11:10.935941] [D] [Not A Worker] [unnamed] [] [SinkProvider.cpp:30] [lower] The sinkDescriptor is: SinkDescriptor: (name: variant("BID_AUCTION_ID_SINK"), type: Void, Config: )[m
[36m[04:11:10.938092] [D] [SingleNodeWorker] [WorkerThread-11] [Task:1102623776-96] [VoidSink.cpp:37] [start] Setting up void sink: VoidSink[m
[36m[04:11:10.998202] [D] [SingleNodeWorker] [WorkerThread-11] [] [SourceThread.cpp:186] [start] Starting source with originId: 2[m
[36m[04:11:11.005081] [D] [SingleNodeWorker] [WorkerThread-11] [Task:1102623776-95] [BufferManager.cpp:65] [~BufferManager] Calling BufferManager::destroy()[m
[36m[04:11:11.005114] [D] [SingleNodeWorker] [WorkerThread-11] [Task:1102623776-95] [BufferManager.cpp:93] [~BufferManager] Shutting down Buffer Manager completed[m
[36m[04:11:13.301386] [D] [SingleNodeWorker] [WorkerThread-2] [Task:1102623776-95] [InputFormatter.hpp:349] [indexTrailingSpanningTupleProxy] last offset: 262143, first offset: 13[m
[36m[04:11:14.175558] [D] [SingleNodeWorker] [WorkerThread-7] [Task:1102623776-95] [InputFormatter.hpp:349] [indexTrailingSpanningTupleProxy] last offset: 262143, first offset: 58[m
[36m[04:11:21.757101] [D] [SingleNodeWorker] [WorkerThread-0] [Task:1102623776-95] [InputFormatter.hpp:349] [indexTrailingSpanningTupleProxy] last offset: 262143, first offset: 81[m
[36m[04:11:21.806046] [D] [SingleNodeWorker] [WorkerThread-0] [Task:1102623776-95] [InputFormatter.hpp:349] [indexTrailingSpanningTupleProxy] last offset: 262143, first offset: 78[m
[36m[04:11:22.001624] [D] [SingleNodeWorker] [WorkerThread-0] [Task:1102623776-95] [InputFormatter.hpp:349] [indexTrailingSpanningTupleProxy] last offset: 262143, first offset: 37[m
[36m[04:11:22.441646] [D] [SingleNodeWorker] [WorkerThread-0] [Task:1102623776-95] [InputFormatter.hpp:349] [indexTrailingSpanningTupleProxy] last offset: 262143, first offset: 27[m
[36m[04:11:24.206992] [D] [SingleNodeWorker] [WorkerThread-3] [Task:1102623776-95] [InputFormatter.hpp:349] [indexTrailingSpanningTupleProxy] last offset: 262143, first offset: 78[m
[36m[04:11:24.635161] [D] [SingleNodeWorker] [WorkerThread-3] [Task:1102623776-95] [InputFormatter.hpp:349] [indexTrailingSpanningTupleProxy] last offset: 262143, first offset: 78[m
[36m[04:11:31.480943] [D] [SingleNodeWorker] [WorkerThread-13] [Task:1102623776-95] [InputFormatter.hpp:349] [indexTrailingSpanningTupleProxy] last offset: 262143, first offset: 9[m
[36m[04:11:34.281483] [D] [SingleNodeWorker] [WorkerThread-7] [Task:1102623776-95] [InputFormatter.hpp:349] [indexTrailingSpanningTupleProxy] last offset: 262143, first offset: 61[m
[36m[04:11:35.118651] [D] [SingleNodeWorker] [WorkerThread-14] [Task:1102623776-95] [InputFormatter.hpp:349] [indexTrailingSpanningTupleProxy] last offset: 262143, first offset: 62[m
[36m[04:11:42.558560] [D] [SingleNodeWorker] [WorkerThread-8] [Task:1102623776] [SourceThread.cpp:232] [tryStop] SourceThread 2: attempting to stop source[m
[36m[04:11:42.558605] [D] [SingleNodeWorker] [WorkerThread-8] [Task:1102623776] [SourceThread.cpp:250] [tryStop] SourceThread 2: stopped[m
[32m[04:11:42.584664] [I] [SingleNodeWorker] [WorkerThread-1] [] [SequenceShredder.cpp:55] [~SequenceShredder] Successfully validated SequenceShredder[m
[32m[04:11:42.584791] [I] [SingleNodeWorker] [WorkerThread-2] [Task:1102623776-96] [VoidSink.cpp:42] [stop] Void Sink completed.[m
[36m[04:11:42.584909] [D] [SingleNodeWorker] [WorkerThread-2] [] [SourceThread.cpp:228] [tryStop] SourceThread 2: thread is not running[m
[36m[04:11:44.455748] [D] [Not A Worker] [unnamed] [queryId:824377739] [BufferManager.cpp:110] [initialize] NES memory allocation requires 1 out of 540577120256 (so 1.8498748143954595e-10%) available bytes[m
[36m[04:11:44.455810] [D] [Not A Worker] [unnamed] [queryId:824377739] [BufferManager.cpp:160] [initialize] BufferManager configuration bufferSize=1 numOfBuffers=1[m
[36m[04:11:44.456000] [D] [Not A Worker] [unnamed] [queryId:824377739] [PipeliningPhase.cpp:404] [apply] Constructed pipeline plan with 1 root pipelines.
PipelinedQueryPlan for Query: 824377739
Number of root pipelines: 1
------------------
Root Pipeline 0:
  Pipeline(ID(97), Provider(COMPILER))
  Operator chain:
    PhysicalOperator(NES::SourcePhysicalOperator)
  Successor Pipeline:
    Pipeline(ID(98), Provider(None))
      Operator chain:
        PhysicalOperator(NES::ScanPhysicalOperator)
          PhysicalOperator(NES::SelectionPhysicalOperator)
            PhysicalOperator(NES::MapPhysicalOperator)
              PhysicalOperator(NES::EmitPhysicalOperator)
      Successor Pipeline:
        Pipeline(ID(99), Provider(None))
          Operator chain:
            PhysicalOperator(NES::SinkPhysicalOperator)

[m
[36m[04:11:44.459918] [D] [Not A Worker] [unnamed] [] [SinkProvider.cpp:30] [lower] The sinkDescriptor is: SinkDescriptor: (name: variant("BID_AUCTION_ID_SINK"), type: Void, Config: )[m
[36m[04:11:44.460852] [D] [SingleNodeWorker] [WorkerThread-2] [Task:824377739-99] [VoidSink.cpp:37] [start] Setting up void sink: VoidSink[m
[36m[04:11:44.520901] [D] [SingleNodeWorker] [WorkerThread-11] [] [SourceThread.cpp:186] [start] Starting source with originId: 2[m
[36m[04:11:44.527885] [D] [SingleNodeWorker] [WorkerThread-11] [Task:824377739-98] [BufferManager.cpp:65] [~BufferManager] Calling BufferManager::destroy()[m
[36m[04:11:44.527916] [D] [SingleNodeWorker] [WorkerThread-11] [Task:824377739-98] [BufferManager.cpp:93] [~BufferManager] Shutting down Buffer Manager completed[m
[36m[04:11:49.673731] [D] [SingleNodeWorker] [WorkerThread-1] [Task:824377739-98] [InputFormatter.hpp:349] [indexTrailingSpanningTupleProxy] last offset: 262143, first offset: 8[m
[36m[04:11:50.018434] [D] [SingleNodeWorker] [WorkerThread-7] [Task:824377739-98] [InputFormatter.hpp:349] [indexTrailingSpanningTupleProxy] last offset: 262143, first offset: 13[m
[36m[04:11:51.240000] [D] [SingleNodeWorker] [WorkerThread-3] [Task:824377739-98] [InputFormatter.hpp:349] [indexTrailingSpanningTupleProxy] last offset: 262143, first offset: 29[m
[36m[04:11:52.692302] [D] [SingleNodeWorker] [WorkerThread-3] [Task:824377739-98] [InputFormatter.hpp:349] [indexTrailingSpanningTupleProxy] last offset: 262143, first offset: 58[m
[36m[04:11:53.470641] [D] [SingleNodeWorker] [WorkerThread-13] [Task:824377739-98] [InputFormatter.hpp:349] [indexTrailingSpanningTupleProxy] last offset: 262143, first offset: 86[m
[36m[04:11:54.440302] [D] [SingleNodeWorker] [WorkerThread-3] [Task:824377739-98] [InputFormatter.hpp:349] [indexTrailingSpanningTupleProxy] last offset: 262143, first offset: 32[m
[36m[04:11:56.805704] [D] [SingleNodeWorker] [WorkerThread-10] [Task:824377739-98] [InputFormatter.hpp:349] [indexTrailingSpanningTupleProxy] last offset: 262143, first offset: 4[m
[36m[04:12:03.433091] [D] [SingleNodeWorker] [WorkerThread-3] [Task:824377739-98] [InputFormatter.hpp:349] [indexTrailingSpanningTupleProxy] last offset: 262143, first offset: 33[m
[36m[04:12:04.386935] [D] [SingleNodeWorker] [WorkerThread-3] [Task:824377739-98] [InputFormatter.hpp:349] [indexTrailingSpanningTupleProxy] last offset: 262143, first offset: 58[m
[36m[04:12:06.364629] [D] [SingleNodeWorker] [WorkerThread-3] [Task:824377739-98] [InputFormatter.hpp:349] [indexTrailingSpanningTupleProxy] last offset: 262143, first offset: 78[m
[36m[04:12:12.678450] [D] [SingleNodeWorker] [WorkerThread-3] [Task:824377739-98] [InputFormatter.hpp:349] [indexTrailingSpanningTupleProxy] last offset: 262143, first offset: 40[m
[36m[04:12:14.006968] [D] [SingleNodeWorker] [WorkerThread-14] [Task:824377739-98] [InputFormatter.hpp:349] [indexTrailingSpanningTupleProxy] last offset: 262143, first offset: 27[m
[36m[04:12:15.228676] [D] [SingleNodeWorker] [WorkerThread-4] [Task:824377739-98] [InputFormatter.hpp:349] [indexTrailingSpanningTupleProxy] last offset: 262143, first offset: 4[m
[36m[04:12:16.134664] [D] [SingleNodeWorker] [WorkerThread-9] [Task:824377739] [SourceThread.cpp:232] [tryStop] SourceThread 2: attempting to stop source[m
[36m[04:12:16.134705] [D] [SingleNodeWorker] [WorkerThread-9] [Task:824377739] [SourceThread.cpp:250] [tryStop] SourceThread 2: stopped[m
[32m[04:12:16.160216] [I] [SingleNodeWorker] [WorkerThread-14] [Task:824377739-99] [VoidSink.cpp:42] [stop] Void Sink completed.[m
[36m[04:12:16.160389] [D] [SingleNodeWorker] [WorkerThread-14] [] [SourceThread.cpp:228] [tryStop] SourceThread 2: thread is not running[m
[32m[04:12:16.160525] [I] [SingleNodeWorker] [WorkerThread-11] [] [SequenceShredder.cpp:55] [~SequenceShredder] Successfully validated SequenceShredder[m
[36m[04:12:17.810364] [D] [Not A Worker] [unnamed] [queryId:1083641985] [BufferManager.cpp:110] [initialize] NES memory allocation requires 1 out of 540577120256 (so 1.8498748143954595e-10%) available bytes[m
[36m[04:12:17.810429] [D] [Not A Worker] [unnamed] [queryId:1083641985] [BufferManager.cpp:160] [initialize] BufferManager configuration bufferSize=1 numOfBuffers=1[m
[36m[04:12:17.810590] [D] [Not A Worker] [unnamed] [queryId:1083641985] [PipeliningPhase.cpp:404] [apply] Constructed pipeline plan with 1 root pipelines.
PipelinedQueryPlan for Query: 1083641985
Number of root pipelines: 1
------------------
Root Pipeline 0:
  Pipeline(ID(100), Provider(COMPILER))
  Operator chain:
    PhysicalOperator(NES::SourcePhysicalOperator)
  Successor Pipeline:
    Pipeline(ID(101), Provider(None))
      Operator chain:
        PhysicalOperator(NES::ScanPhysicalOperator)
          PhysicalOperator(NES::SelectionPhysicalOperator)
            PhysicalOperator(NES::MapPhysicalOperator)
              PhysicalOperator(NES::EmitPhysicalOperator)
      Successor Pipeline:
        Pipeline(ID(102), Provider(None))
          Operator chain:
            PhysicalOperator(NES::SinkPhysicalOperator)

[m
[36m[04:12:17.814173] [D] [Not A Worker] [unnamed] [] [SinkProvider.cpp:30] [lower] The sinkDescriptor is: SinkDescriptor: (name: variant("BID_AUCTION_ID_SINK"), type: Void, Config: )[m
[36m[04:12:17.815062] [D] [SingleNodeWorker] [WorkerThread-6] [Task:1083641985-102] [VoidSink.cpp:37] [start] Setting up void sink: VoidSink[m
[36m[04:12:17.874407] [D] [SingleNodeWorker] [WorkerThread-6] [] [SourceThread.cpp:186] [start] Starting source with originId: 2[m
[36m[04:12:17.881348] [D] [SingleNodeWorker] [WorkerThread-6] [Task:1083641985-101] [BufferManager.cpp:65] [~BufferManager] Calling BufferManager::destroy()[m
[36m[04:12:17.881379] [D] [SingleNodeWorker] [WorkerThread-6] [Task:1083641985-101] [BufferManager.cpp:93] [~BufferManager] Shutting down Buffer Manager completed[m
[36m[04:12:19.987325] [D] [SingleNodeWorker] [WorkerThread-2] [Task:1083641985-101] [InputFormatter.hpp:349] [indexTrailingSpanningTupleProxy] last offset: 262143, first offset: 46[m
[36m[04:12:25.024878] [D] [SingleNodeWorker] [WorkerThread-3] [Task:1083641985-101] [InputFormatter.hpp:349] [indexTrailingSpanningTupleProxy] last offset: 262143, first offset: 46[m
[36m[04:12:25.702989] [D] [SingleNodeWorker] [WorkerThread-10] [Task:1083641985-101] [InputFormatter.hpp:349] [indexTrailingSpanningTupleProxy] last offset: 262143, first offset: 10[m
[36m[04:12:37.403465] [D] [SingleNodeWorker] [WorkerThread-3] [Task:1083641985-101] [InputFormatter.hpp:349] [indexTrailingSpanningTupleProxy] last offset: 262143, first offset: 83[m
[36m[04:12:39.379767] [D] [SingleNodeWorker] [WorkerThread-3] [Task:1083641985-101] [InputFormatter.hpp:349] [indexTrailingSpanningTupleProxy] last offset: 262143, first offset: 6[m
[36m[04:12:49.385089] [D] [SingleNodeWorker] [WorkerThread-10] [Task:1083641985] [SourceThread.cpp:232] [tryStop] SourceThread 2: attempting to stop source[m
[36m[04:12:49.385147] [D] [SingleNodeWorker] [WorkerThread-10] [Task:1083641985] [SourceThread.cpp:250] [tryStop] SourceThread 2: stopped[m
[32m[04:12:49.410669] [I] [SingleNodeWorker] [WorkerThread-11] [Task:1083641985-102] [VoidSink.cpp:42] [stop] Void Sink completed.[m
[36m[04:12:49.410798] [D] [SingleNodeWorker] [WorkerThread-11] [] [SourceThread.cpp:228] [tryStop] SourceThread 2: thread is not running[m
[32m[04:12:49.410926] [I] [SingleNodeWorker] [WorkerThread-7] [] [SequenceShredder.cpp:55] [~SequenceShredder] Successfully validated SequenceShredder[m
[36m[04:12:51.448231] [D] [Not A Worker] [unnamed] [queryId:1557746437] [BufferManager.cpp:110] [initialize] NES memory allocation requires 1 out of 540577120256 (so 1.8498748143954595e-10%) available bytes[m
[36m[04:12:51.448282] [D] [Not A Worker] [unnamed] [queryId:1557746437] [BufferManager.cpp:160] [initialize] BufferManager configuration bufferSize=1 numOfBuffers=1[m
[36m[04:12:51.448457] [D] [Not A Worker] [unnamed] [queryId:1557746437] [PipeliningPhase.cpp:404] [apply] Constructed pipeline plan with 1 root pipelines.
PipelinedQueryPlan for Query: 1557746437
Number of root pipelines: 1
------------------
Root Pipeline 0:
  Pipeline(ID(103), Provider(COMPILER))
  Operator chain:
    PhysicalOperator(NES::SourcePhysicalOperator)
  Successor Pipeline:
    Pipeline(ID(104), Provider(None))
      Operator chain:
        PhysicalOperator(NES::ScanPhysicalOperator)
          PhysicalOperator(NES::SelectionPhysicalOperator)
            PhysicalOperator(NES::MapPhysicalOperator)
              PhysicalOperator(NES::EmitPhysicalOperator)
      Successor Pipeline:
        Pipeline(ID(105), Provider(None))
          Operator chain:
            PhysicalOperator(NES::SinkPhysicalOperator)

[m
[36m[04:12:51.452714] [D] [Not A Worker] [unnamed] [] [SinkProvider.cpp:30] [lower] The sinkDescriptor is: SinkDescriptor: (name: variant("BID_AUCTION_ID_SINK"), type: Void, Config: )[m
[36m[04:12:51.453324] [D] [SingleNodeWorker] [WorkerThread-13] [Task:1557746437-105] [VoidSink.cpp:37] [start] Setting up void sink: VoidSink[m
[36m[04:12:51.511430] [D] [SingleNodeWorker] [WorkerThread-10] [] [SourceThread.cpp:186] [start] Starting source with originId: 2[m
[36m[04:12:51.518382] [D] [SingleNodeWorker] [WorkerThread-10] [Task:1557746437-104] [BufferManager.cpp:65] [~BufferManager] Calling BufferManager::destroy()[m
[36m[04:12:51.518413] [D] [SingleNodeWorker] [WorkerThread-10] [Task:1557746437-104] [BufferManager.cpp:93] [~BufferManager] Shutting down Buffer Manager completed[m
[36m[04:12:54.363447] [D] [SingleNodeWorker] [WorkerThread-3] [Task:1557746437-104] [InputFormatter.hpp:349] [indexTrailingSpanningTupleProxy] last offset: 262143, first offset: 21[m
[36m[04:12:56.183803] [D] [SingleNodeWorker] [WorkerThread-8] [Task:1557746437-104] [InputFormatter.hpp:349] [indexTrailingSpanningTupleProxy] last offset: 262143, first offset: 1[m
[36m[04:12:58.606487] [D] [SingleNodeWorker] [WorkerThread-3] [Task:1557746437-104] [InputFormatter.hpp:349] [indexTrailingSpanningTupleProxy] last offset: 262143, first offset: 61[m
[36m[04:13:04.413752] [D] [SingleNodeWorker] [WorkerThread-3] [Task:1557746437-104] [InputFormatter.hpp:349] [indexTrailingSpanningTupleProxy] last offset: 262143, first offset: 52[m
[36m[04:13:04.616308] [D] [SingleNodeWorker] [WorkerThread-7] [Task:1557746437-104] [InputFormatter.hpp:349] [indexTrailingSpanningTupleProxy] last offset: 262143, first offset: 73[m
[36m[04:13:08.096429] [D] [SingleNodeWorker] [WorkerThread-3] [Task:1557746437-104] [InputFormatter.hpp:349] [indexTrailingSpanningTupleProxy] last offset: 262143, first offset: 61[m
[36m[04:13:10.475796] [D] [SingleNodeWorker] [WorkerThread-13] [Task:1557746437-104] [InputFormatter.hpp:349] [indexTrailingSpanningTupleProxy] last offset: 262143, first offset: 21[m
[36m[04:13:14.014703] [D] [SingleNodeWorker] [WorkerThread-11] [Task:1557746437-104] [InputFormatter.hpp:349] [indexTrailingSpanningTupleProxy] last offset: 262143, first offset: 69[m
[36m[04:13:18.113578] [D] [SingleNodeWorker] [WorkerThread-3] [Task:1557746437-104] [InputFormatter.hpp:349] [indexTrailingSpanningTupleProxy] last offset: 262143, first offset: 78[m
[36m[04:13:19.751046] [D] [SingleNodeWorker] [WorkerThread-0] [Task:1557746437-104] [InputFormatter.hpp:349] [indexTrailingSpanningTupleProxy] last offset: 262143, first offset: 85[m
[36m[04:13:23.089034] [D] [SingleNodeWorker] [WorkerThread-14] [Task:1557746437] [SourceThread.cpp:232] [tryStop] SourceThread 2: attempting to stop source[m
[36m[04:13:23.089078] [D] [SingleNodeWorker] [WorkerThread-14] [Task:1557746437] [SourceThread.cpp:250] [tryStop] SourceThread 2: stopped[m
[32m[04:13:23.115434] [I] [SingleNodeWorker] [WorkerThread-9] [Task:1557746437-105] [VoidSink.cpp:42] [stop] Void Sink completed.[m
[36m[04:13:23.115606] [D] [SingleNodeWorker] [WorkerThread-9] [] [SourceThread.cpp:228] [tryStop] SourceThread 2: thread is not running[m
[32m[04:13:23.115682] [I] [SingleNodeWorker] [WorkerThread-2] [] [SequenceShredder.cpp:55] [~SequenceShredder] Successfully validated SequenceShredder[m
[36m[04:13:25.001605] [D] [Not A Worker] [unnamed] [queryId:802537942] [BufferManager.cpp:110] [initialize] NES memory allocation requires 1 out of 540577120256 (so 1.8498748143954595e-10%) available bytes[m
[36m[04:13:25.001673] [D] [Not A Worker] [unnamed] [queryId:802537942] [BufferManager.cpp:160] [initialize] BufferManager configuration bufferSize=1 numOfBuffers=1[m
[36m[04:13:25.001855] [D] [Not A Worker] [unnamed] [queryId:802537942] [PipeliningPhase.cpp:404] [apply] Constructed pipeline plan with 1 root pipelines.
PipelinedQueryPlan for Query: 802537942
Number of root pipelines: 1
------------------
Root Pipeline 0:
  Pipeline(ID(106), Provider(COMPILER))
  Operator chain:
    PhysicalOperator(NES::SourcePhysicalOperator)
  Successor Pipeline:
    Pipeline(ID(107), Provider(None))
      Operator chain:
        PhysicalOperator(NES::ScanPhysicalOperator)
          PhysicalOperator(NES::SelectionPhysicalOperator)
            PhysicalOperator(NES::MapPhysicalOperator)
              PhysicalOperator(NES::EmitPhysicalOperator)
      Successor Pipeline:
        Pipeline(ID(108), Provider(None))
          Operator chain:
            PhysicalOperator(NES::SinkPhysicalOperator)

[m
[36m[04:13:25.005909] [D] [Not A Worker] [unnamed] [] [SinkProvider.cpp:30] [lower] The sinkDescriptor is: SinkDescriptor: (name: variant("BID_AUCTION_ID_SINK"), type: Void, Config: )[m
[36m[04:13:25.006825] [D] [SingleNodeWorker] [WorkerThread-9] [Task:802537942-108] [VoidSink.cpp:37] [start] Setting up void sink: VoidSink[m
[36m[04:13:25.067670] [D] [SingleNodeWorker] [WorkerThread-9] [] [SourceThread.cpp:186] [start] Starting source with originId: 2[m
[36m[04:13:25.074922] [D] [SingleNodeWorker] [WorkerThread-15] [Task:802537942-107] [BufferManager.cpp:65] [~BufferManager] Calling BufferManager::destroy()[m
[36m[04:13:25.075014] [D] [SingleNodeWorker] [WorkerThread-15] [Task:802537942-107] [BufferManager.cpp:93] [~BufferManager] Shutting down Buffer Manager completed[m
[36m[04:13:28.054453] [D] [SingleNodeWorker] [WorkerThread-8] [Task:802537942-107] [InputFormatter.hpp:349] [indexTrailingSpanningTupleProxy] last offset: 262143, first offset: 12[m
[36m[04:13:28.488478] [D] [SingleNodeWorker] [WorkerThread-3] [Task:802537942-107] [InputFormatter.hpp:349] [indexTrailingSpanningTupleProxy] last offset: 262143, first offset: 51[m
[36m[04:13:30.238097] [D] [SingleNodeWorker] [WorkerThread-3] [Task:802537942-107] [InputFormatter.hpp:349] [indexTrailingSpanningTupleProxy] last offset: 262143, first offset: 8[m
[36m[04:13:31.134941] [D] [SingleNodeWorker] [WorkerThread-3] [Task:802537942-107] [InputFormatter.hpp:349] [indexTrailingSpanningTupleProxy] last offset: 262143, first offset: 69[m
[36m[04:13:33.270063] [D] [SingleNodeWorker] [WorkerThread-3] [Task:802537942-107] [InputFormatter.hpp:349] [indexTrailingSpanningTupleProxy] last offset: 262143, first offset: 13[m
[36m[04:13:37.722563] [D] [SingleNodeWorker] [WorkerThread-0] [Task:802537942-107] [InputFormatter.hpp:349] [indexTrailingSpanningTupleProxy] last offset: 262143, first offset: 14[m
[36m[04:13:40.498726] [D] [SingleNodeWorker] [WorkerThread-3] [Task:802537942-107] [InputFormatter.hpp:349] [indexTrailingSpanningTupleProxy] last offset: 262143, first offset: 24[m
[36m[04:13:40.826956] [D] [SingleNodeWorker] [WorkerThread-12] [Task:802537942-107] [InputFormatter.hpp:349] [indexTrailingSpanningTupleProxy] last offset: 262143, first offset: 1[m
[36m[04:13:43.914410] [D] [SingleNodeWorker] [WorkerThread-3] [Task:802537942-107] [InputFormatter.hpp:349] [indexTrailingSpanningTupleProxy] last offset: 262143, first offset: 28[m
[36m[04:13:45.317683] [D] [SingleNodeWorker] [WorkerThread-3] [Task:802537942-107] [InputFormatter.hpp:349] [indexTrailingSpanningTupleProxy] last offset: 262143, first offset: 10[m
[36m[04:13:45.578273] [D] [SingleNodeWorker] [WorkerThread-3] [Task:802537942-107] [InputFormatter.hpp:349] [indexTrailingSpanningTupleProxy] last offset: 262143, first offset: 50[m
[36m[04:13:46.409995] [D] [SingleNodeWorker] [WorkerThread-6] [Task:802537942-107] [InputFormatter.hpp:349] [indexTrailingSpanningTupleProxy] last offset: 262143, first offset: 19[m
[36m[04:13:49.593796] [D] [SingleNodeWorker] [WorkerThread-3] [Task:802537942-107] [InputFormatter.hpp:349] [indexTrailingSpanningTupleProxy] last offset: 262143, first offset: 37[m
[36m[04:13:51.898915] [D] [SingleNodeWorker] [WorkerThread-3] [Task:802537942-107] [InputFormatter.hpp:349] [indexTrailingSpanningTupleProxy] last offset: 262143, first offset: 75[m
[36m[04:13:56.718129] [D] [SingleNodeWorker] [WorkerThread-6] [Task:802537942] [SourceThread.cpp:232] [tryStop] SourceThread 2: attempting to stop source[m
[36m[04:13:56.718174] [D] [SingleNodeWorker] [WorkerThread-6] [Task:802537942] [SourceThread.cpp:250] [tryStop] SourceThread 2: stopped[m
[32m[04:13:56.743954] [I] [SingleNodeWorker] [WorkerThread-9] [] [SequenceShredder.cpp:55] [~SequenceShredder] Successfully validated SequenceShredder[m
[32m[04:13:56.746079] [I] [SingleNodeWorker] [WorkerThread-3] [Task:802537942-108] [VoidSink.cpp:42] [stop] Void Sink completed.[m
[36m[04:13:56.746206] [D] [SingleNodeWorker] [WorkerThread-3] [] [SourceThread.cpp:228] [tryStop] SourceThread 2: thread is not running[m
[36m[04:13:58.707345] [D] [Not A Worker] [unnamed] [queryId:1790979417] [BufferManager.cpp:110] [initialize] NES memory allocation requires 1 out of 540577120256 (so 1.8498748143954595e-10%) available bytes[m
[36m[04:13:58.707402] [D] [Not A Worker] [unnamed] [queryId:1790979417] [BufferManager.cpp:160] [initialize] BufferManager configuration bufferSize=1 numOfBuffers=1[m
[36m[04:13:58.707606] [D] [Not A Worker] [unnamed] [queryId:1790979417] [PipeliningPhase.cpp:404] [apply] Constructed pipeline plan with 1 root pipelines.
PipelinedQueryPlan for Query: 1790979417
Number of root pipelines: 1
------------------
Root Pipeline 0:
  Pipeline(ID(109), Provider(COMPILER))
  Operator chain:
    PhysicalOperator(NES::SourcePhysicalOperator)
  Successor Pipeline:
    Pipeline(ID(110), Provider(None))
      Operator chain:
        PhysicalOperator(NES::ScanPhysicalOperator)
          PhysicalOperator(NES::SelectionPhysicalOperator)
            PhysicalOperator(NES::MapPhysicalOperator)
              PhysicalOperator(NES::EmitPhysicalOperator)
      Successor Pipeline:
        Pipeline(ID(111), Provider(None))
          Operator chain:
            PhysicalOperator(NES::SinkPhysicalOperator)

[m
[36m[04:13:58.711000] [D] [Not A Worker] [unnamed] [] [SinkProvider.cpp:30] [lower] The sinkDescriptor is: SinkDescriptor: (name: variant("BID_AUCTION_ID_SINK"), type: Void, Config: )[m
[36m[04:13:58.711764] [D] [SingleNodeWorker] [WorkerThread-11] [Task:1790979417-111] [VoidSink.cpp:37] [start] Setting up void sink: VoidSink[m
[36m[04:13:58.773748] [D] [SingleNodeWorker] [WorkerThread-12] [] [SourceThread.cpp:186] [start] Starting source with originId: 2[m
[36m[04:13:58.781003] [D] [SingleNodeWorker] [WorkerThread-8] [Task:1790979417-110] [BufferManager.cpp:65] [~BufferManager] Calling BufferManager::destroy()[m
[36m[04:13:58.781085] [D] [SingleNodeWorker] [WorkerThread-8] [Task:1790979417-110] [BufferManager.cpp:93] [~BufferManager] Shutting down Buffer Manager completed[m
[36m[04:14:03.072217] [D] [SingleNodeWorker] [WorkerThread-2] [Task:1790979417-110] [InputFormatter.hpp:349] [indexTrailingSpanningTupleProxy] last offset: 262143, first offset: 75[m
[36m[04:14:05.769279] [D] [SingleNodeWorker] [WorkerThread-0] [Task:1790979417-110] [InputFormatter.hpp:349] [indexTrailingSpanningTupleProxy] last offset: 262143, first offset: 47[m
[36m[04:14:10.112182] [D] [SingleNodeWorker] [WorkerThread-0] [Task:1790979417-110] [InputFormatter.hpp:349] [indexTrailingSpanningTupleProxy] last offset: 262143, first offset: 45[m
[36m[04:14:13.108816] [D] [SingleNodeWorker] [WorkerThread-10] [Task:1790979417-110] [InputFormatter.hpp:349] [indexTrailingSpanningTupleProxy] last offset: 262143, first offset: 17[m
[36m[04:14:16.282157] [D] [SingleNodeWorker] [WorkerThread-3] [Task:1790979417-110] [InputFormatter.hpp:349] [indexTrailingSpanningTupleProxy] last offset: 262143, first offset: 79[m
[36m[04:14:16.844414] [D] [SingleNodeWorker] [WorkerThread-12] [Task:1790979417-110] [InputFormatter.hpp:349] [indexTrailingSpanningTupleProxy] last offset: 262143, first offset: 64[m
[36m[04:14:18.027198] [D] [SingleNodeWorker] [WorkerThread-12] [Task:1790979417-110] [InputFormatter.hpp:349] [indexTrailingSpanningTupleProxy] last offset: 262143, first offset: 3[m
[36m[04:14:19.097419] [D] [SingleNodeWorker] [WorkerThread-13] [Task:1790979417-110] [InputFormatter.hpp:349] [indexTrailingSpanningTupleProxy] last offset: 262143, first offset: 11[m
[36m[04:14:19.556306] [D] [SingleNodeWorker] [WorkerThread-2] [Task:1790979417-110] [InputFormatter.hpp:349] [indexTrailingSpanningTupleProxy] last offset: 262143, first offset: 71[m
[36m[04:14:20.533216] [D] [SingleNodeWorker] [WorkerThread-3] [Task:1790979417-110] [InputFormatter.hpp:349] [indexTrailingSpanningTupleProxy] last offset: 262143, first offset: 78[m
[36m[04:14:22.037989] [D] [SingleNodeWorker] [WorkerThread-3] [Task:1790979417-110] [InputFormatter.hpp:349] [indexTrailingSpanningTupleProxy] last offset: 262143, first offset: 76[m
[36m[04:14:22.386538] [D] [SingleNodeWorker] [WorkerThread-14] [Task:1790979417-110] [InputFormatter.hpp:349] [indexTrailingSpanningTupleProxy] last offset: 262143, first offset: 12[m
[36m[04:14:23.179508] [D] [SingleNodeWorker] [WorkerThread-0] [Task:1790979417-110] [InputFormatter.hpp:349] [indexTrailingSpanningTupleProxy] last offset: 262143, first offset: 63[m
[36m[04:14:26.405867] [D] [SingleNodeWorker] [WorkerThread-3] [Task:1790979417-110] [InputFormatter.hpp:349] [indexTrailingSpanningTupleProxy] last offset: 262143, first offset: 19[m
[36m[04:14:30.292386] [D] [SingleNodeWorker] [WorkerThread-2] [Task:1790979417] [SourceThread.cpp:232] [tryStop] SourceThread 2: attempting to stop source[m
[36m[04:14:30.292429] [D] [SingleNodeWorker] [WorkerThread-2] [Task:1790979417] [SourceThread.cpp:250] [tryStop] SourceThread 2: stopped[m
[32m[04:14:30.318259] [I] [SingleNodeWorker] [WorkerThread-0] [Task:1790979417-111] [VoidSink.cpp:42] [stop] Void Sink completed.[m
[36m[04:14:30.318424] [D] [SingleNodeWorker] [WorkerThread-0] [] [SourceThread.cpp:228] [tryStop] SourceThread 2: thread is not running[m
[32m[04:14:30.318494] [I] [SingleNodeWorker] [WorkerThread-5] [] [SequenceShredder.cpp:55] [~SequenceShredder] Successfully validated SequenceShredder[m
[36m[04:14:32.340086] [D] [Not A Worker] [unnamed] [queryId:409446248] [BufferManager.cpp:110] [initialize] NES memory allocation requires 1 out of 540577120256 (so 1.8498748143954595e-10%) available bytes[m
[36m[04:14:32.340167] [D] [Not A Worker] [unnamed] [queryId:409446248] [BufferManager.cpp:160] [initialize] BufferManager configuration bufferSize=1 numOfBuffers=1[m
[36m[04:14:32.340414] [D] [Not A Worker] [unnamed] [queryId:409446248] [PipeliningPhase.cpp:404] [apply] Constructed pipeline plan with 1 root pipelines.
PipelinedQueryPlan for Query: 409446248
Number of root pipelines: 1
------------------
Root Pipeline 0:
  Pipeline(ID(112), Provider(COMPILER))
  Operator chain:
    PhysicalOperator(NES::SourcePhysicalOperator)
  Successor Pipeline:
    Pipeline(ID(113), Provider(None))
      Operator chain:
        PhysicalOperator(NES::ScanPhysicalOperator)
          PhysicalOperator(NES::SelectionPhysicalOperator)
            PhysicalOperator(NES::MapPhysicalOperator)
              PhysicalOperator(NES::EmitPhysicalOperator)
      Successor Pipeline:
        Pipeline(ID(114), Provider(None))
          Operator chain:
            PhysicalOperator(NES::SinkPhysicalOperator)

[m
[36m[04:14:32.344303] [D] [Not A Worker] [unnamed] [] [SinkProvider.cpp:30] [lower] The sinkDescriptor is: SinkDescriptor: (name: variant("BID_AUCTION_ID_SINK"), type: Void, Config: )[m
[36m[04:14:32.345225] [D] [SingleNodeWorker] [WorkerThread-5] [Task:409446248-114] [VoidSink.cpp:37] [start] Setting up void sink: VoidSink[m
[36m[04:14:32.404612] [D] [SingleNodeWorker] [WorkerThread-14] [] [SourceThread.cpp:186] [start] Starting source with originId: 2[m
[36m[04:14:32.410888] [D] [SingleNodeWorker] [WorkerThread-3] [Task:409446248-113] [BufferManager.cpp:65] [~BufferManager] Calling BufferManager::destroy()[m
[36m[04:14:32.410989] [D] [SingleNodeWorker] [WorkerThread-3] [Task:409446248-113] [BufferManager.cpp:93] [~BufferManager] Shutting down Buffer Manager completed[m
[36m[04:14:35.570847] [D] [SingleNodeWorker] [WorkerThread-13] [Task:409446248-113] [InputFormatter.hpp:349] [indexTrailingSpanningTupleProxy] last offset: 262143, first offset: 48[m
[36m[04:14:36.288460] [D] [SingleNodeWorker] [WorkerThread-14] [Task:409446248-113] [InputFormatter.hpp:349] [indexTrailingSpanningTupleProxy] last offset: 262143, first offset: 28[m
[36m[04:14:36.639681] [D] [SingleNodeWorker] [WorkerThread-0] [Task:409446248-113] [InputFormatter.hpp:349] [indexTrailingSpanningTupleProxy] last offset: 262143, first offset: 83[m
[36m[04:14:37.020803] [D] [SingleNodeWorker] [WorkerThread-3] [Task:409446248-113] [InputFormatter.hpp:349] [indexTrailingSpanningTupleProxy] last offset: 262143, first offset: 68[m
[36m[04:14:37.549191] [D] [SingleNodeWorker] [WorkerThread-9] [Task:409446248-113] [InputFormatter.hpp:349] [indexTrailingSpanningTupleProxy] last offset: 262143, first offset: 40[m
[36m[04:14:38.777788] [D] [SingleNodeWorker] [WorkerThread-14] [Task:409446248-113] [InputFormatter.hpp:349] [indexTrailingSpanningTupleProxy] last offset: 262143, first offset: 7[m
[36m[04:14:38.867901] [D] [SingleNodeWorker] [WorkerThread-7] [Task:409446248-113] [InputFormatter.hpp:349] [indexTrailingSpanningTupleProxy] last offset: 262143, first offset: 42[m
[36m[04:14:43.906802] [D] [SingleNodeWorker] [WorkerThread-3] [Task:409446248-113] [InputFormatter.hpp:349] [indexTrailingSpanningTupleProxy] last offset: 262143, first offset: 76[m
[36m[04:14:47.429834] [D] [SingleNodeWorker] [WorkerThread-11] [Task:409446248-113] [InputFormatter.hpp:349] [indexTrailingSpanningTupleProxy] last offset: 262143, first offset: 29[m
[36m[04:14:48.265715] [D] [SingleNodeWorker] [WorkerThread-3] [Task:409446248-113] [InputFormatter.hpp:349] [indexTrailingSpanningTupleProxy] last offset: 262143, first offset: 68[m
[36m[04:14:58.162505] [D] [SingleNodeWorker] [WorkerThread-3] [Task:409446248-113] [InputFormatter.hpp:349] [indexTrailingSpanningTupleProxy] last offset: 262143, first offset: 8[m
[36m[04:14:59.317421] [D] [SingleNodeWorker] [WorkerThread-8] [Task:409446248-113] [InputFormatter.hpp:349] [indexTrailingSpanningTupleProxy] last offset: 262143, first offset: 27[m
[36m[04:15:01.052955] [D] [SingleNodeWorker] [WorkerThread-8] [Task:409446248-113] [InputFormatter.hpp:349] [indexTrailingSpanningTupleProxy] last offset: 262143, first offset: 70[m
[36m[04:15:03.930725] [D] [SingleNodeWorker] [WorkerThread-14] [Task:409446248] [SourceThread.cpp:232] [tryStop] SourceThread 2: attempting to stop source[m
[36m[04:15:03.930769] [D] [SingleNodeWorker] [WorkerThread-14] [Task:409446248] [SourceThread.cpp:250] [tryStop] SourceThread 2: stopped[m
[32m[04:15:03.956983] [I] [SingleNodeWorker] [WorkerThread-11] [] [SequenceShredder.cpp:55] [~SequenceShredder] Successfully validated SequenceShredder[m
[32m[04:15:03.957038] [I] [SingleNodeWorker] [WorkerThread-0] [Task:409446248-114] [VoidSink.cpp:42] [stop] Void Sink completed.[m
[36m[04:15:03.957156] [D] [SingleNodeWorker] [WorkerThread-0] [] [SourceThread.cpp:228] [tryStop] SourceThread 2: thread is not running[m
[36m[04:15:05.999327] [D] [Not A Worker] [unnamed] [queryId:211950462] [BufferManager.cpp:110] [initialize] NES memory allocation requires 1 out of 540577120256 (so 1.8498748143954595e-10%) available bytes[m
[36m[04:15:05.999394] [D] [Not A Worker] [unnamed] [queryId:211950462] [BufferManager.cpp:160] [initialize] BufferManager configuration bufferSize=1 numOfBuffers=1[m
[36m[04:15:05.999598] [D] [Not A Worker] [unnamed] [queryId:211950462] [PipeliningPhase.cpp:404] [apply] Constructed pipeline plan with 1 root pipelines.
PipelinedQueryPlan for Query: 211950462
Number of root pipelines: 1
------------------
Root Pipeline 0:
  Pipeline(ID(115), Provider(COMPILER))
  Operator chain:
    PhysicalOperator(NES::SourcePhysicalOperator)
  Successor Pipeline:
    Pipeline(ID(116), Provider(None))
      Operator chain:
        PhysicalOperator(NES::ScanPhysicalOperator)
          PhysicalOperator(NES::SelectionPhysicalOperator)
            PhysicalOperator(NES::MapPhysicalOperator)
              PhysicalOperator(NES::EmitPhysicalOperator)
      Successor Pipeline:
        Pipeline(ID(117), Provider(None))
          Operator chain:
            PhysicalOperator(NES::SinkPhysicalOperator)

[m
[36m[04:15:06.002466] [D] [Not A Worker] [unnamed] [] [SinkProvider.cpp:30] [lower] The sinkDescriptor is: SinkDescriptor: (name: variant("BID_AUCTION_ID_SINK"), type: Void, Config: )[m
[36m[04:15:06.003320] [D] [SingleNodeWorker] [WorkerThread-6] [Task:211950462-117] [VoidSink.cpp:37] [start] Setting up void sink: VoidSink[m
[36m[04:15:06.064107] [D] [SingleNodeWorker] [WorkerThread-6] [] [SourceThread.cpp:186] [start] Starting source with originId: 2[m
[36m[04:15:06.071115] [D] [SingleNodeWorker] [WorkerThread-6] [Task:211950462-116] [BufferManager.cpp:65] [~BufferManager] Calling BufferManager::destroy()[m
[36m[04:15:06.071152] [D] [SingleNodeWorker] [WorkerThread-6] [Task:211950462-116] [BufferManager.cpp:93] [~BufferManager] Shutting down Buffer Manager completed[m
[36m[04:15:07.526251] [D] [SingleNodeWorker] [WorkerThread-3] [Task:211950462-116] [InputFormatter.hpp:349] [indexTrailingSpanningTupleProxy] last offset: 262143, first offset: 32[m
[36m[04:15:10.742379] [D] [SingleNodeWorker] [WorkerThread-11] [Task:211950462-116] [InputFormatter.hpp:349] [indexTrailingSpanningTupleProxy] last offset: 262143, first offset: 1[m
[36m[04:15:14.308733] [D] [SingleNodeWorker] [WorkerThread-14] [Task:211950462-116] [InputFormatter.hpp:349] [indexTrailingSpanningTupleProxy] last offset: 262143, first offset: 67[m
[36m[04:15:15.010429] [D] [SingleNodeWorker] [WorkerThread-2] [Task:211950462-116] [InputFormatter.hpp:349] [indexTrailingSpanningTupleProxy] last offset: 262143, first offset: 86[m
[36m[04:15:19.851681] [D] [SingleNodeWorker] [WorkerThread-0] [Task:211950462-116] [InputFormatter.hpp:349] [indexTrailingSpanningTupleProxy] last offset: 262143, first offset: 14[m
[36m[04:15:20.885981] [D] [SingleNodeWorker] [WorkerThread-11] [Task:211950462-116] [InputFormatter.hpp:349] [indexTrailingSpanningTupleProxy] last offset: 262143, first offset: 3[m
[36m[04:15:20.994401] [D] [SingleNodeWorker] [WorkerThread-3] [Task:211950462-116] [InputFormatter.hpp:349] [indexTrailingSpanningTupleProxy] last offset: 262143, first offset: 55[m
[36m[04:15:26.667085] [D] [SingleNodeWorker] [WorkerThread-2] [Task:211950462-116] [InputFormatter.hpp:349] [indexTrailingSpanningTupleProxy] last offset: 262143, first offset: 11[m
[36m[04:15:32.822116] [D] [SingleNodeWorker] [WorkerThread-3] [Task:211950462-116] [InputFormatter.hpp:349] [indexTrailingSpanningTupleProxy] last offset: 262143, first offset: 55[m
[36m[04:15:35.275224] [D] [SingleNodeWorker] [WorkerThread-3] [Task:211950462-116] [InputFormatter.hpp:349] [indexTrailingSpanningTupleProxy] last offset: 262143, first offset: 48[m
[36m[04:15:37.586853] [D] [SingleNodeWorker] [WorkerThread-3] [Task:211950462] [SourceThread.cpp:232] [tryStop] SourceThread 2: attempting to stop source[m
[36m[04:15:37.586912] [D] [SingleNodeWorker] [WorkerThread-3] [Task:211950462] [SourceThread.cpp:250] [tryStop] SourceThread 2: stopped[m
[32m[04:15:37.614259] [I] [SingleNodeWorker] [WorkerThread-13] [Task:211950462-117] [VoidSink.cpp:42] [stop] Void Sink completed.[m
[36m[04:15:37.614414] [D] [SingleNodeWorker] [WorkerThread-13] [] [SourceThread.cpp:228] [tryStop] SourceThread 2: thread is not running[m
[32m[04:15:37.614435] [I] [SingleNodeWorker] [WorkerThread-4] [] [SequenceShredder.cpp:55] [~SequenceShredder] Successfully validated SequenceShredder[m
[36m[04:15:39.585852] [D] [Not A Worker] [unnamed] [queryId:1369684578] [BufferManager.cpp:110] [initialize] NES memory allocation requires 1 out of 540577120256 (so 1.8498748143954595e-10%) available bytes[m
[36m[04:15:39.585917] [D] [Not A Worker] [unnamed] [queryId:1369684578] [BufferManager.cpp:160] [initialize] BufferManager configuration bufferSize=1 numOfBuffers=1[m
[36m[04:15:39.586113] [D] [Not A Worker] [unnamed] [queryId:1369684578] [PipeliningPhase.cpp:404] [apply] Constructed pipeline plan with 1 root pipelines.
PipelinedQueryPlan for Query: 1369684578
Number of root pipelines: 1
------------------
Root Pipeline 0:
  Pipeline(ID(118), Provider(COMPILER))
  Operator chain:
    PhysicalOperator(NES::SourcePhysicalOperator)
  Successor Pipeline:
    Pipeline(ID(119), Provider(None))
      Operator chain:
        PhysicalOperator(NES::ScanPhysicalOperator)
          PhysicalOperator(NES::SelectionPhysicalOperator)
            PhysicalOperator(NES::MapPhysicalOperator)
              PhysicalOperator(NES::EmitPhysicalOperator)
      Successor Pipeline:
        Pipeline(ID(120), Provider(None))
          Operator chain:
            PhysicalOperator(NES::SinkPhysicalOperator)

[m
[36m[04:15:39.589710] [D] [Not A Worker] [unnamed] [] [SinkProvider.cpp:30] [lower] The sinkDescriptor is: SinkDescriptor: (name: variant("BID_AUCTION_ID_SINK"), type: Void, Config: )[m
[36m[04:15:39.591530] [D] [SingleNodeWorker] [WorkerThread-8] [Task:1369684578-120] [VoidSink.cpp:37] [start] Setting up void sink: VoidSink[m
[36m[04:15:39.654346] [D] [SingleNodeWorker] [WorkerThread-8] [] [SourceThread.cpp:186] [start] Starting source with originId: 2[m
[36m[04:15:39.661402] [D] [SingleNodeWorker] [WorkerThread-8] [Task:1369684578-119] [BufferManager.cpp:65] [~BufferManager] Calling BufferManager::destroy()[m
[36m[04:15:39.661439] [D] [SingleNodeWorker] [WorkerThread-8] [Task:1369684578-119] [BufferManager.cpp:93] [~BufferManager] Shutting down Buffer Manager completed[m
[36m[04:15:41.673327] [D] [SingleNodeWorker] [WorkerThread-12] [Task:1369684578-119] [InputFormatter.hpp:349] [indexTrailingSpanningTupleProxy] last offset: 262143, first offset: 57[m
[36m[04:15:46.821417] [D] [SingleNodeWorker] [WorkerThread-3] [Task:1369684578-119] [InputFormatter.hpp:349] [indexTrailingSpanningTupleProxy] last offset: 262143, first offset: 11[m
[36m[04:15:46.971348] [D] [SingleNodeWorker] [WorkerThread-3] [Task:1369684578-119] [InputFormatter.hpp:349] [indexTrailingSpanningTupleProxy] last offset: 262143, first offset: 50[m
[36m[04:15:56.521786] [D] [SingleNodeWorker] [WorkerThread-9] [Task:1369684578-119] [InputFormatter.hpp:349] [indexTrailingSpanningTupleProxy] last offset: 262143, first offset: 52[m
[36m[04:15:58.506793] [D] [SingleNodeWorker] [WorkerThread-3] [Task:1369684578-119] [InputFormatter.hpp:349] [indexTrailingSpanningTupleProxy] last offset: 262143, first offset: 2[m
[36m[04:16:01.494521] [D] [SingleNodeWorker] [WorkerThread-3] [Task:1369684578-119] [InputFormatter.hpp:349] [indexTrailingSpanningTupleProxy] last offset: 262143, first offset: 78[m
[36m[04:16:06.757729] [D] [SingleNodeWorker] [WorkerThread-15] [Task:1369684578-119] [InputFormatter.hpp:349] [indexTrailingSpanningTupleProxy] last offset: 262143, first offset: 23[m
[36m[04:16:07.520729] [D] [SingleNodeWorker] [WorkerThread-11] [Task:1369684578-119] [InputFormatter.hpp:349] [indexTrailingSpanningTupleProxy] last offset: 262143, first offset: 17[m
[36m[04:16:11.258741] [D] [SingleNodeWorker] [WorkerThread-5] [Task:1369684578] [SourceThread.cpp:232] [tryStop] SourceThread 2: attempting to stop source[m
[36m[04:16:11.258796] [D] [SingleNodeWorker] [WorkerThread-5] [Task:1369684578] [SourceThread.cpp:250] [tryStop] SourceThread 2: stopped[m
[32m[04:16:11.285632] [I] [SingleNodeWorker] [WorkerThread-13] [] [SequenceShredder.cpp:55] [~SequenceShredder] Successfully validated SequenceShredder[m
[32m[04:16:11.285693] [I] [SingleNodeWorker] [WorkerThread-14] [Task:1369684578-120] [VoidSink.cpp:42] [stop] Void Sink completed.[m
[36m[04:16:11.285821] [D] [SingleNodeWorker] [WorkerThread-14] [] [SourceThread.cpp:228] [tryStop] SourceThread 2: thread is not running[m
[36m[04:16:13.119106] [D] [Not A Worker] [unnamed] [queryId:1194382279] [BufferManager.cpp:110] [initialize] NES memory allocation requires 1 out of 540577120256 (so 1.8498748143954595e-10%) available bytes[m
[36m[04:16:13.119179] [D] [Not A Worker] [unnamed] [queryId:1194382279] [BufferManager.cpp:160] [initialize] BufferManager configuration bufferSize=1 numOfBuffers=1[m
[36m[04:16:13.119377] [D] [Not A Worker] [unnamed] [queryId:1194382279] [PipeliningPhase.cpp:404] [apply] Constructed pipeline plan with 1 root pipelines.
PipelinedQueryPlan for Query: 1194382279
Number of root pipelines: 1
------------------
Root Pipeline 0:
  Pipeline(ID(121), Provider(COMPILER))
  Operator chain:
    PhysicalOperator(NES::SourcePhysicalOperator)
  Successor Pipeline:
    Pipeline(ID(122), Provider(None))
      Operator chain:
        PhysicalOperator(NES::ScanPhysicalOperator)
          PhysicalOperator(NES::SelectionPhysicalOperator)
            PhysicalOperator(NES::MapPhysicalOperator)
              PhysicalOperator(NES::EmitPhysicalOperator)
      Successor Pipeline:
        Pipeline(ID(123), Provider(None))
          Operator chain:
            PhysicalOperator(NES::SinkPhysicalOperator)

[m
[36m[04:16:13.123541] [D] [Not A Worker] [unnamed] [] [SinkProvider.cpp:30] [lower] The sinkDescriptor is: SinkDescriptor: (name: variant("CITY_SINK"), type: Void, Config: )[m
[36m[04:16:13.125359] [D] [SingleNodeWorker] [WorkerThread-2] [Task:1194382279-123] [VoidSink.cpp:37] [start] Setting up void sink: VoidSink[m
[36m[04:16:13.201061] [D] [SingleNodeWorker] [WorkerThread-2] [] [SourceThread.cpp:186] [start] Starting source with originId: 2[m
[36m[04:16:13.208099] [D] [SingleNodeWorker] [WorkerThread-15] [Task:1194382279-122] [BufferManager.cpp:65] [~BufferManager] Calling BufferManager::destroy()[m
[36m[04:16:13.208189] [D] [SingleNodeWorker] [WorkerThread-15] [Task:1194382279-122] [BufferManager.cpp:93] [~BufferManager] Shutting down Buffer Manager completed[m
[36m[04:16:14.630745] [D] [SingleNodeWorker] [WorkerThread-8] [Task:1194382279] [SourceThread.cpp:232] [tryStop] SourceThread 2: attempting to stop source[m
[36m[04:16:14.630783] [D] [SingleNodeWorker] [WorkerThread-8] [Task:1194382279] [SourceThread.cpp:250] [tryStop] SourceThread 2: stopped[m
[32m[04:16:14.657068] [I] [SingleNodeWorker] [WorkerThread-14] [] [SequenceShredder.cpp:55] [~SequenceShredder] Successfully validated SequenceShredder[m
[32m[04:16:14.657342] [I] [SingleNodeWorker] [WorkerThread-0] [Task:1194382279-123] [VoidSink.cpp:42] [stop] Void Sink completed.[m
[36m[04:16:14.657494] [D] [SingleNodeWorker] [WorkerThread-0] [] [SourceThread.cpp:228] [tryStop] SourceThread 2: thread is not running[m
[36m[04:16:18.062206] [D] [Not A Worker] [unnamed] [queryId:1859191116] [BufferManager.cpp:110] [initialize] NES memory allocation requires 1 out of 540577120256 (so 1.8498748143954595e-10%) available bytes[m
[36m[04:16:18.062271] [D] [Not A Worker] [unnamed] [queryId:1859191116] [BufferManager.cpp:160] [initialize] BufferManager configuration bufferSize=1 numOfBuffers=1[m
[36m[04:16:18.062465] [D] [Not A Worker] [unnamed] [queryId:1859191116] [PipeliningPhase.cpp:404] [apply] Constructed pipeline plan with 1 root pipelines.
PipelinedQueryPlan for Query: 1859191116
Number of root pipelines: 1
------------------
Root Pipeline 0:
  Pipeline(ID(124), Provider(COMPILER))
  Operator chain:
    PhysicalOperator(NES::SourcePhysicalOperator)
  Successor Pipeline:
    Pipeline(ID(125), Provider(None))
      Operator chain:
        PhysicalOperator(NES::ScanPhysicalOperator)
          PhysicalOperator(NES::SelectionPhysicalOperator)
            PhysicalOperator(NES::MapPhysicalOperator)
              PhysicalOperator(NES::EmitPhysicalOperator)
      Successor Pipeline:
        Pipeline(ID(126), Provider(None))
          Operator chain:
            PhysicalOperator(NES::SinkPhysicalOperator)

[m
[36m[04:16:18.065889] [D] [Not A Worker] [unnamed] [] [SinkProvider.cpp:30] [lower] The sinkDescriptor is: SinkDescriptor: (name: variant("CITY_SINK"), type: Void, Config: )[m
[36m[04:16:18.066672] [D] [SingleNodeWorker] [WorkerThread-1] [Task:1859191116-126] [VoidSink.cpp:37] [start] Setting up void sink: VoidSink[m
[36m[04:16:18.140697] [D] [SingleNodeWorker] [WorkerThread-1] [] [SourceThread.cpp:186] [start] Starting source with originId: 2[m
[36m[04:16:18.142306] [D] [SingleNodeWorker] [WorkerThread-1] [Task:1859191116-125] [BufferManager.cpp:65] [~BufferManager] Calling BufferManager::destroy()[m
[36m[04:16:18.142331] [D] [SingleNodeWorker] [WorkerThread-1] [Task:1859191116-125] [BufferManager.cpp:93] [~BufferManager] Shutting down Buffer Manager completed[m
[36m[04:16:19.580239] [D] [SingleNodeWorker] [WorkerThread-7] [Task:1859191116] [SourceThread.cpp:232] [tryStop] SourceThread 2: attempting to stop source[m
[36m[04:16:19.580283] [D] [SingleNodeWorker] [WorkerThread-7] [Task:1859191116] [SourceThread.cpp:250] [tryStop] SourceThread 2: stopped[m
[32m[04:16:19.606364] [I] [SingleNodeWorker] [WorkerThread-11] [Task:1859191116-126] [VoidSink.cpp:42] [stop] Void Sink completed.[m
[36m[04:16:19.606504] [D] [SingleNodeWorker] [WorkerThread-11] [] [SourceThread.cpp:228] [tryStop] SourceThread 2: thread is not running[m
[32m[04:16:19.606676] [I] [SingleNodeWorker] [WorkerThread-0] [] [SequenceShredder.cpp:55] [~SequenceShredder] Successfully validated SequenceShredder[m
[36m[04:16:23.024422] [D] [Not A Worker] [unnamed] [queryId:187086703] [BufferManager.cpp:110] [initialize] NES memory allocation requires 1 out of 540577120256 (so 1.8498748143954595e-10%) available bytes[m
[36m[04:16:23.024492] [D] [Not A Worker] [unnamed] [queryId:187086703] [BufferManager.cpp:160] [initialize] BufferManager configuration bufferSize=1 numOfBuffers=1[m
[36m[04:16:23.024694] [D] [Not A Worker] [unnamed] [queryId:187086703] [PipeliningPhase.cpp:404] [apply] Constructed pipeline plan with 1 root pipelines.
PipelinedQueryPlan for Query: 187086703
Number of root pipelines: 1
------------------
Root Pipeline 0:
  Pipeline(ID(127), Provider(COMPILER))
  Operator chain:
    PhysicalOperator(NES::SourcePhysicalOperator)
  Successor Pipeline:
    Pipeline(ID(128), Provider(None))
      Operator chain:
        PhysicalOperator(NES::ScanPhysicalOperator)
          PhysicalOperator(NES::SelectionPhysicalOperator)
            PhysicalOperator(NES::MapPhysicalOperator)
              PhysicalOperator(NES::EmitPhysicalOperator)
      Successor Pipeline:
        Pipeline(ID(129), Provider(None))
          Operator chain:
            PhysicalOperator(NES::SinkPhysicalOperator)

[m
[36m[04:16:23.028751] [D] [Not A Worker] [unnamed] [] [SinkProvider.cpp:30] [lower] The sinkDescriptor is: SinkDescriptor: (name: variant("CITY_SINK"), type: Void, Config: )[m
[36m[04:16:23.029223] [D] [SingleNodeWorker] [WorkerThread-10] [Task:187086703-129] [VoidSink.cpp:37] [start] Setting up void sink: VoidSink[m
[36m[04:16:23.110247] [D] [SingleNodeWorker] [WorkerThread-9] [] [SourceThread.cpp:186] [start] Starting source with originId: 2[m
[36m[04:16:23.111817] [D] [SingleNodeWorker] [WorkerThread-9] [Task:187086703-128] [BufferManager.cpp:65] [~BufferManager] Calling BufferManager::destroy()[m
[36m[04:16:23.111844] [D] [SingleNodeWorker] [WorkerThread-9] [Task:187086703-128] [BufferManager.cpp:93] [~BufferManager] Shutting down Buffer Manager completed[m
[36m[04:16:23.375237] [D] [SingleNodeWorker] [WorkerThread-4] [Task:187086703-128] [InputFormatter.hpp:349] [indexTrailingSpanningTupleProxy] last offset: 262143, first offset: 264[m
[36m[04:16:24.535010] [D] [SingleNodeWorker] [WorkerThread-6] [Task:187086703] [SourceThread.cpp:232] [tryStop] SourceThread 2: attempting to stop source[m
[36m[04:16:24.535066] [D] [SingleNodeWorker] [WorkerThread-6] [Task:187086703] [SourceThread.cpp:250] [tryStop] SourceThread 2: stopped[m
[32m[04:16:24.560863] [I] [SingleNodeWorker] [WorkerThread-9] [] [SequenceShredder.cpp:55] [~SequenceShredder] Successfully validated SequenceShredder[m
[32m[04:16:24.561243] [I] [SingleNodeWorker] [WorkerThread-3] [Task:187086703-129] [VoidSink.cpp:42] [stop] Void Sink completed.[m
[36m[04:16:24.561370] [D] [SingleNodeWorker] [WorkerThread-3] [] [SourceThread.cpp:228] [tryStop] SourceThread 2: thread is not running[m
[36m[04:16:27.875193] [D] [Not A Worker] [unnamed] [queryId:1960126562] [BufferManager.cpp:110] [initialize] NES memory allocation requires 1 out of 540577120256 (so 1.8498748143954595e-10%) available bytes[m
[36m[04:16:27.875257] [D] [Not A Worker] [unnamed] [queryId:1960126562] [BufferManager.cpp:160] [initialize] BufferManager configuration bufferSize=1 numOfBuffers=1[m
[36m[04:16:27.875443] [D] [Not A Worker] [unnamed] [queryId:1960126562] [PipeliningPhase.cpp:404] [apply] Constructed pipeline plan with 1 root pipelines.
PipelinedQueryPlan for Query: 1960126562
Number of root pipelines: 1
------------------
Root Pipeline 0:
  Pipeline(ID(130), Provider(COMPILER))
  Operator chain:
    PhysicalOperator(NES::SourcePhysicalOperator)
  Successor Pipeline:
    Pipeline(ID(131), Provider(None))
      Operator chain:
        PhysicalOperator(NES::ScanPhysicalOperator)
          PhysicalOperator(NES::SelectionPhysicalOperator)
            PhysicalOperator(NES::MapPhysicalOperator)
              PhysicalOperator(NES::EmitPhysicalOperator)
      Successor Pipeline:
        Pipeline(ID(132), Provider(None))
          Operator chain:
            PhysicalOperator(NES::SinkPhysicalOperator)

[m
[36m[04:16:27.879433] [D] [Not A Worker] [unnamed] [] [SinkProvider.cpp:30] [lower] The sinkDescriptor is: SinkDescriptor: (name: variant("CITY_SINK"), type: Void, Config: )[m
[36m[04:16:27.879899] [D] [SingleNodeWorker] [WorkerThread-3] [Task:1960126562-132] [VoidSink.cpp:37] [start] Setting up void sink: VoidSink[m
[36m[04:16:27.952581] [D] [SingleNodeWorker] [WorkerThread-3] [] [SourceThread.cpp:186] [start] Starting source with originId: 2[m
[36m[04:16:27.954201] [D] [SingleNodeWorker] [WorkerThread-8] [Task:1960126562-131] [BufferManager.cpp:65] [~BufferManager] Calling BufferManager::destroy()[m
[36m[04:16:27.954301] [D] [SingleNodeWorker] [WorkerThread-8] [Task:1960126562-131] [BufferManager.cpp:93] [~BufferManager] Shutting down Buffer Manager completed[m
[36m[04:16:28.082514] [D] [SingleNodeWorker] [WorkerThread-1] [Task:1960126562-131] [InputFormatter.hpp:349] [indexTrailingSpanningTupleProxy] last offset: 262143, first offset: 31[m
[36m[04:16:28.469546] [D] [SingleNodeWorker] [WorkerThread-8] [Task:1960126562-131] [InputFormatter.hpp:349] [indexTrailingSpanningTupleProxy] last offset: 262143, first offset: 235[m
[36m[04:16:29.387406] [D] [SingleNodeWorker] [WorkerThread-10] [Task:1960126562] [SourceThread.cpp:232] [tryStop] SourceThread 2: attempting to stop source[m
[36m[04:16:29.387462] [D] [SingleNodeWorker] [WorkerThread-10] [Task:1960126562] [SourceThread.cpp:250] [tryStop] SourceThread 2: stopped[m
[32m[04:16:29.413167] [I] [SingleNodeWorker] [WorkerThread-11] [Task:1960126562-132] [VoidSink.cpp:42] [stop] Void Sink completed.[m
[36m[04:16:29.413296] [D] [SingleNodeWorker] [WorkerThread-11] [] [SourceThread.cpp:228] [tryStop] SourceThread 2: thread is not running[m
[32m[04:16:29.413406] [I] [SingleNodeWorker] [WorkerThread-7] [] [SequenceShredder.cpp:55] [~SequenceShredder] Successfully validated SequenceShredder[m
[36m[04:16:32.864189] [D] [Not A Worker] [unnamed] [queryId:171434333] [BufferManager.cpp:110] [initialize] NES memory allocation requires 1 out of 540577120256 (so 1.8498748143954595e-10%) available bytes[m
[36m[04:16:32.864268] [D] [Not A Worker] [unnamed] [queryId:171434333] [BufferManager.cpp:160] [initialize] BufferManager configuration bufferSize=1 numOfBuffers=1[m
[36m[04:16:32.864463] [D] [Not A Worker] [unnamed] [queryId:171434333] [PipeliningPhase.cpp:404] [apply] Constructed pipeline plan with 1 root pipelines.
PipelinedQueryPlan for Query: 171434333
Number of root pipelines: 1
------------------
Root Pipeline 0:
  Pipeline(ID(133), Provider(COMPILER))
  Operator chain:
    PhysicalOperator(NES::SourcePhysicalOperator)
  Successor Pipeline:
    Pipeline(ID(134), Provider(None))
      Operator chain:
        PhysicalOperator(NES::ScanPhysicalOperator)
          PhysicalOperator(NES::SelectionPhysicalOperator)
            PhysicalOperator(NES::MapPhysicalOperator)
              PhysicalOperator(NES::EmitPhysicalOperator)
      Successor Pipeline:
        Pipeline(ID(135), Provider(None))
          Operator chain:
            PhysicalOperator(NES::SinkPhysicalOperator)

[m
[36m[04:16:32.868135] [D] [Not A Worker] [unnamed] [] [SinkProvider.cpp:30] [lower] The sinkDescriptor is: SinkDescriptor: (name: variant("CITY_SINK"), type: Void, Config: )[m
[36m[04:16:32.868867] [D] [SingleNodeWorker] [WorkerThread-9] [Task:171434333-135] [VoidSink.cpp:37] [start] Setting up void sink: VoidSink[m
[36m[04:16:32.943758] [D] [SingleNodeWorker] [WorkerThread-9] [] [SourceThread.cpp:186] [start] Starting source with originId: 2[m
[36m[04:16:32.945321] [D] [SingleNodeWorker] [WorkerThread-9] [Task:171434333-134] [BufferManager.cpp:65] [~BufferManager] Calling BufferManager::destroy()[m
[36m[04:16:32.945346] [D] [SingleNodeWorker] [WorkerThread-9] [Task:171434333-134] [BufferManager.cpp:93] [~BufferManager] Shutting down Buffer Manager completed[m
[36m[04:16:34.423659] [D] [SingleNodeWorker] [WorkerThread-13] [Task:171434333] [SourceThread.cpp:232] [tryStop] SourceThread 2: attempting to stop source[m
[36m[04:16:34.423723] [D] [SingleNodeWorker] [WorkerThread-13] [Task:171434333] [SourceThread.cpp:250] [tryStop] SourceThread 2: stopped[m
[32m[04:16:34.449789] [I] [SingleNodeWorker] [WorkerThread-10] [Task:171434333-135] [VoidSink.cpp:42] [stop] Void Sink completed.[m
[36m[04:16:34.449920] [D] [SingleNodeWorker] [WorkerThread-10] [] [SourceThread.cpp:228] [tryStop] SourceThread 2: thread is not running[m
[32m[04:16:34.449994] [I] [SingleNodeWorker] [WorkerThread-15] [] [SequenceShredder.cpp:55] [~SequenceShredder] Successfully validated SequenceShredder[m
[36m[04:16:37.833674] [D] [Not A Worker] [unnamed] [queryId:2014750240] [BufferManager.cpp:110] [initialize] NES memory allocation requires 1 out of 540577120256 (so 1.8498748143954595e-10%) available bytes[m
[36m[04:16:37.833734] [D] [Not A Worker] [unnamed] [queryId:2014750240] [BufferManager.cpp:160] [initialize] BufferManager configuration bufferSize=1 numOfBuffers=1[m
[36m[04:16:37.833932] [D] [Not A Worker] [unnamed] [queryId:2014750240] [PipeliningPhase.cpp:404] [apply] Constructed pipeline plan with 1 root pipelines.
PipelinedQueryPlan for Query: 2014750240
Number of root pipelines: 1
------------------
Root Pipeline 0:
  Pipeline(ID(136), Provider(COMPILER))
  Operator chain:
    PhysicalOperator(NES::SourcePhysicalOperator)
  Successor Pipeline:
    Pipeline(ID(137), Provider(None))
      Operator chain:
        PhysicalOperator(NES::ScanPhysicalOperator)
          PhysicalOperator(NES::SelectionPhysicalOperator)
            PhysicalOperator(NES::MapPhysicalOperator)
              PhysicalOperator(NES::EmitPhysicalOperator)
      Successor Pipeline:
        Pipeline(ID(138), Provider(None))
          Operator chain:
            PhysicalOperator(NES::SinkPhysicalOperator)

[m
[36m[04:16:37.836910] [D] [Not A Worker] [unnamed] [] [SinkProvider.cpp:30] [lower] The sinkDescriptor is: SinkDescriptor: (name: variant("CITY_SINK"), type: Void, Config: )[m
[36m[04:16:37.837436] [D] [SingleNodeWorker] [WorkerThread-8] [Task:2014750240-138] [VoidSink.cpp:37] [start] Setting up void sink: VoidSink[m
[36m[04:16:37.913502] [D] [SingleNodeWorker] [WorkerThread-8] [] [SourceThread.cpp:186] [start] Starting source with originId: 2[m
[36m[04:16:37.915050] [D] [SingleNodeWorker] [WorkerThread-8] [Task:2014750240-137] [BufferManager.cpp:65] [~BufferManager] Calling BufferManager::destroy()[m
[36m[04:16:37.915077] [D] [SingleNodeWorker] [WorkerThread-8] [Task:2014750240-137] [BufferManager.cpp:93] [~BufferManager] Shutting down Buffer Manager completed[m
[36m[04:16:39.405321] [D] [SingleNodeWorker] [WorkerThread-8] [Task:2014750240] [SourceThread.cpp:232] [tryStop] SourceThread 2: attempting to stop source[m
[36m[04:16:39.405366] [D] [SingleNodeWorker] [WorkerThread-8] [Task:2014750240] [SourceThread.cpp:250] [tryStop] SourceThread 2: stopped[m
[32m[04:16:39.431318] [I] [SingleNodeWorker] [WorkerThread-2] [] [SequenceShredder.cpp:55] [~SequenceShredder] Successfully validated SequenceShredder[m
[32m[04:16:39.432117] [I] [SingleNodeWorker] [WorkerThread-9] [Task:2014750240-138] [VoidSink.cpp:42] [stop] Void Sink completed.[m
[36m[04:16:39.432256] [D] [SingleNodeWorker] [WorkerThread-9] [] [SourceThread.cpp:228] [tryStop] SourceThread 2: thread is not running[m
[36m[04:16:42.817069] [D] [Not A Worker] [unnamed] [queryId:1127860413] [BufferManager.cpp:110] [initialize] NES memory allocation requires 1 out of 540577120256 (so 1.8498748143954595e-10%) available bytes[m
[36m[04:16:42.817127] [D] [Not A Worker] [unnamed] [queryId:1127860413] [BufferManager.cpp:160] [initialize] BufferManager configuration bufferSize=1 numOfBuffers=1[m
[36m[04:16:42.817366] [D] [Not A Worker] [unnamed] [queryId:1127860413] [PipeliningPhase.cpp:404] [apply] Constructed pipeline plan with 1 root pipelines.
PipelinedQueryPlan for Query: 1127860413
Number of root pipelines: 1
------------------
Root Pipeline 0:
  Pipeline(ID(139), Provider(COMPILER))
  Operator chain:
    PhysicalOperator(NES::SourcePhysicalOperator)
  Successor Pipeline:
    Pipeline(ID(140), Provider(None))
      Operator chain:
        PhysicalOperator(NES::ScanPhysicalOperator)
          PhysicalOperator(NES::SelectionPhysicalOperator)
            PhysicalOperator(NES::MapPhysicalOperator)
              PhysicalOperator(NES::EmitPhysicalOperator)
      Successor Pipeline:
        Pipeline(ID(141), Provider(None))
          Operator chain:
            PhysicalOperator(NES::SinkPhysicalOperator)

[m
[36m[04:16:42.821682] [D] [Not A Worker] [unnamed] [] [SinkProvider.cpp:30] [lower] The sinkDescriptor is: SinkDescriptor: (name: variant("CITY_SINK"), type: Void, Config: )[m
[36m[04:16:42.822658] [D] [SingleNodeWorker] [WorkerThread-5] [Task:1127860413-141] [VoidSink.cpp:37] [start] Setting up void sink: VoidSink[m
[36m[04:16:42.898120] [D] [SingleNodeWorker] [WorkerThread-5] [] [SourceThread.cpp:186] [start] Starting source with originId: 2[m
[36m[04:16:42.899762] [D] [SingleNodeWorker] [WorkerThread-5] [Task:1127860413-140] [BufferManager.cpp:65] [~BufferManager] Calling BufferManager::destroy()[m
[36m[04:16:42.899792] [D] [SingleNodeWorker] [WorkerThread-5] [Task:1127860413-140] [BufferManager.cpp:93] [~BufferManager] Shutting down Buffer Manager completed[m
[36m[04:16:44.383713] [D] [SingleNodeWorker] [WorkerThread-13] [Task:1127860413] [SourceThread.cpp:232] [tryStop] SourceThread 2: attempting to stop source[m
[36m[04:16:44.383766] [D] [SingleNodeWorker] [WorkerThread-13] [Task:1127860413] [SourceThread.cpp:250] [tryStop] SourceThread 2: stopped[m
[32m[04:16:44.410296] [I] [SingleNodeWorker] [WorkerThread-12] [] [SequenceShredder.cpp:55] [~SequenceShredder] Successfully validated SequenceShredder[m
[32m[04:16:44.410472] [I] [SingleNodeWorker] [WorkerThread-14] [Task:1127860413-141] [VoidSink.cpp:42] [stop] Void Sink completed.[m
[36m[04:16:44.410612] [D] [SingleNodeWorker] [WorkerThread-14] [] [SourceThread.cpp:228] [tryStop] SourceThread 2: thread is not running[m
[36m[04:16:47.670950] [D] [Not A Worker] [unnamed] [queryId:1938117806] [BufferManager.cpp:110] [initialize] NES memory allocation requires 1 out of 540577120256 (so 1.8498748143954595e-10%) available bytes[m
[36m[04:16:47.671015] [D] [Not A Worker] [unnamed] [queryId:1938117806] [BufferManager.cpp:160] [initialize] BufferManager configuration bufferSize=1 numOfBuffers=1[m
[36m[04:16:47.671184] [D] [Not A Worker] [unnamed] [queryId:1938117806] [PipeliningPhase.cpp:404] [apply] Constructed pipeline plan with 1 root pipelines.
PipelinedQueryPlan for Query: 1938117806
Number of root pipelines: 1
------------------
Root Pipeline 0:
  Pipeline(ID(142), Provider(COMPILER))
  Operator chain:
    PhysicalOperator(NES::SourcePhysicalOperator)
  Successor Pipeline:
    Pipeline(ID(143), Provider(None))
      Operator chain:
        PhysicalOperator(NES::ScanPhysicalOperator)
          PhysicalOperator(NES::SelectionPhysicalOperator)
            PhysicalOperator(NES::MapPhysicalOperator)
              PhysicalOperator(NES::EmitPhysicalOperator)
      Successor Pipeline:
        Pipeline(ID(144), Provider(None))
          Operator chain:
            PhysicalOperator(NES::SinkPhysicalOperator)

[m
[36m[04:16:47.675031] [D] [Not A Worker] [unnamed] [] [SinkProvider.cpp:30] [lower] The sinkDescriptor is: SinkDescriptor: (name: variant("CITY_SINK"), type: Void, Config: )[m
[36m[04:16:47.676040] [D] [SingleNodeWorker] [WorkerThread-3] [Task:1938117806-144] [VoidSink.cpp:37] [start] Setting up void sink: VoidSink[m
[36m[04:16:47.749935] [D] [SingleNodeWorker] [WorkerThread-3] [] [SourceThread.cpp:186] [start] Starting source with originId: 2[m
[36m[04:16:47.752100] [D] [SingleNodeWorker] [WorkerThread-3] [Task:1938117806-143] [BufferManager.cpp:65] [~BufferManager] Calling BufferManager::destroy()[m
[36m[04:16:47.752126] [D] [SingleNodeWorker] [WorkerThread-3] [Task:1938117806-143] [BufferManager.cpp:93] [~BufferManager] Shutting down Buffer Manager completed[m
[36m[04:16:49.228125] [D] [SingleNodeWorker] [WorkerThread-9] [Task:1938117806] [SourceThread.cpp:232] [tryStop] SourceThread 2: attempting to stop source[m
[36m[04:16:49.228175] [D] [SingleNodeWorker] [WorkerThread-9] [Task:1938117806] [SourceThread.cpp:250] [tryStop] SourceThread 2: stopped[m
[32m[04:16:49.254222] [I] [SingleNodeWorker] [WorkerThread-5] [] [SequenceShredder.cpp:55] [~SequenceShredder] Successfully validated SequenceShredder[m
[32m[04:16:49.254308] [I] [SingleNodeWorker] [WorkerThread-4] [Task:1938117806-144] [VoidSink.cpp:42] [stop] Void Sink completed.[m
[36m[04:16:49.254438] [D] [SingleNodeWorker] [WorkerThread-4] [] [SourceThread.cpp:228] [tryStop] SourceThread 2: thread is not running[m
[36m[04:16:52.561369] [D] [Not A Worker] [unnamed] [queryId:2068222356] [BufferManager.cpp:110] [initialize] NES memory allocation requires 1 out of 540577120256 (so 1.8498748143954595e-10%) available bytes[m
[36m[04:16:52.561432] [D] [Not A Worker] [unnamed] [queryId:2068222356] [BufferManager.cpp:160] [initialize] BufferManager configuration bufferSize=1 numOfBuffers=1[m
[36m[04:16:52.561615] [D] [Not A Worker] [unnamed] [queryId:2068222356] [PipeliningPhase.cpp:404] [apply] Constructed pipeline plan with 1 root pipelines.
PipelinedQueryPlan for Query: 2068222356
Number of root pipelines: 1
------------------
Root Pipeline 0:
  Pipeline(ID(145), Provider(COMPILER))
  Operator chain:
    PhysicalOperator(NES::SourcePhysicalOperator)
  Successor Pipeline:
    Pipeline(ID(146), Provider(None))
      Operator chain:
        PhysicalOperator(NES::ScanPhysicalOperator)
          PhysicalOperator(NES::SelectionPhysicalOperator)
            PhysicalOperator(NES::MapPhysicalOperator)
              PhysicalOperator(NES::EmitPhysicalOperator)
      Successor Pipeline:
        Pipeline(ID(147), Provider(None))
          Operator chain:
            PhysicalOperator(NES::SinkPhysicalOperator)

[m
[36m[04:16:52.565324] [D] [Not A Worker] [unnamed] [] [SinkProvider.cpp:30] [lower] The sinkDescriptor is: SinkDescriptor: (name: variant("CITY_SINK"), type: Void, Config: )[m
[36m[04:16:52.566142] [D] [SingleNodeWorker] [WorkerThread-13] [Task:2068222356-147] [VoidSink.cpp:37] [start] Setting up void sink: VoidSink[m
[36m[04:16:52.639227] [D] [SingleNodeWorker] [WorkerThread-13] [] [SourceThread.cpp:186] [start] Starting source with originId: 2[m
[36m[04:16:52.641029] [D] [SingleNodeWorker] [WorkerThread-9] [Task:2068222356-146] [BufferManager.cpp:65] [~BufferManager] Calling BufferManager::destroy()[m
[36m[04:16:52.641113] [D] [SingleNodeWorker] [WorkerThread-9] [Task:2068222356-146] [BufferManager.cpp:93] [~BufferManager] Shutting down Buffer Manager completed[m
[36m[04:16:54.115104] [D] [SingleNodeWorker] [WorkerThread-7] [Task:2068222356] [SourceThread.cpp:232] [tryStop] SourceThread 2: attempting to stop source[m
[36m[04:16:54.115161] [D] [SingleNodeWorker] [WorkerThread-7] [Task:2068222356] [SourceThread.cpp:250] [tryStop] SourceThread 2: stopped[m
[32m[04:16:54.140801] [I] [SingleNodeWorker] [WorkerThread-4] [Task:2068222356-147] [VoidSink.cpp:42] [stop] Void Sink completed.[m
[36m[04:16:54.140937] [D] [SingleNodeWorker] [WorkerThread-4] [] [SourceThread.cpp:228] [tryStop] SourceThread 2: thread is not running[m
[32m[04:16:54.141022] [I] [SingleNodeWorker] [WorkerThread-5] [] [SequenceShredder.cpp:55] [~SequenceShredder] Successfully validated SequenceShredder[m
[36m[04:16:57.550426] [D] [Not A Worker] [unnamed] [queryId:1561764774] [BufferManager.cpp:110] [initialize] NES memory allocation requires 1 out of 540577120256 (so 1.8498748143954595e-10%) available bytes[m
[36m[04:16:57.550487] [D] [Not A Worker] [unnamed] [queryId:1561764774] [BufferManager.cpp:160] [initialize] BufferManager configuration bufferSize=1 numOfBuffers=1[m
[36m[04:16:57.550708] [D] [Not A Worker] [unnamed] [queryId:1561764774] [PipeliningPhase.cpp:404] [apply] Constructed pipeline plan with 1 root pipelines.
PipelinedQueryPlan for Query: 1561764774
Number of root pipelines: 1
------------------
Root Pipeline 0:
  Pipeline(ID(148), Provider(COMPILER))
  Operator chain:
    PhysicalOperator(NES::SourcePhysicalOperator)
  Successor Pipeline:
    Pipeline(ID(149), Provider(None))
      Operator chain:
        PhysicalOperator(NES::ScanPhysicalOperator)
          PhysicalOperator(NES::SelectionPhysicalOperator)
            PhysicalOperator(NES::MapPhysicalOperator)
              PhysicalOperator(NES::EmitPhysicalOperator)
      Successor Pipeline:
        Pipeline(ID(150), Provider(None))
          Operator chain:
            PhysicalOperator(NES::SinkPhysicalOperator)

[m
[36m[04:16:57.554400] [D] [Not A Worker] [unnamed] [] [SinkProvider.cpp:30] [lower] The sinkDescriptor is: SinkDescriptor: (name: variant("CITY_SINK"), type: Void, Config: )[m
[36m[04:16:57.554909] [D] [SingleNodeWorker] [WorkerThread-7] [Task:1561764774-150] [VoidSink.cpp:37] [start] Setting up void sink: VoidSink[m
[36m[04:16:57.633320] [D] [SingleNodeWorker] [WorkerThread-8] [] [SourceThread.cpp:186] [start] Starting source with originId: 2[m
[36m[04:16:57.634883] [D] [SingleNodeWorker] [WorkerThread-8] [Task:1561764774-149] [BufferManager.cpp:65] [~BufferManager] Calling BufferManager::destroy()[m
[36m[04:16:57.634943] [D] [SingleNodeWorker] [WorkerThread-8] [Task:1561764774-149] [BufferManager.cpp:93] [~BufferManager] Shutting down Buffer Manager completed[m
[36m[04:16:59.121143] [D] [SingleNodeWorker] [WorkerThread-10] [Task:1561764774] [SourceThread.cpp:232] [tryStop] SourceThread 2: attempting to stop source[m
[36m[04:16:59.121200] [D] [SingleNodeWorker] [WorkerThread-10] [Task:1561764774] [SourceThread.cpp:250] [tryStop] SourceThread 2: stopped[m
[32m[04:16:59.147022] [I] [SingleNodeWorker] [WorkerThread-7] [Task:1561764774-150] [VoidSink.cpp:42] [stop] Void Sink completed.[m
[32m[04:16:59.147032] [I] [SingleNodeWorker] [WorkerThread-14] [] [SequenceShredder.cpp:55] [~SequenceShredder] Successfully validated SequenceShredder[m
[36m[04:16:59.147158] [D] [SingleNodeWorker] [WorkerThread-7] [] [SourceThread.cpp:228] [tryStop] SourceThread 2: thread is not running[m
[36m[04:17:02.440622] [D] [Not A Worker] [unnamed] [queryId:1699014131] [BufferManager.cpp:110] [initialize] NES memory allocation requires 1 out of 540577120256 (so 1.8498748143954595e-10%) available bytes[m
[36m[04:17:02.440684] [D] [Not A Worker] [unnamed] [queryId:1699014131] [BufferManager.cpp:160] [initialize] BufferManager configuration bufferSize=1 numOfBuffers=1[m
[36m[04:17:02.440866] [D] [Not A Worker] [unnamed] [queryId:1699014131] [PipeliningPhase.cpp:404] [apply] Constructed pipeline plan with 1 root pipelines.
PipelinedQueryPlan for Query: 1699014131
Number of root pipelines: 1
------------------
Root Pipeline 0:
  Pipeline(ID(151), Provider(COMPILER))
  Operator chain:
    PhysicalOperator(NES::SourcePhysicalOperator)
  Successor Pipeline:
    Pipeline(ID(152), Provider(None))
      Operator chain:
        PhysicalOperator(NES::ScanPhysicalOperator)
          PhysicalOperator(NES::SelectionPhysicalOperator)
            PhysicalOperator(NES::MapPhysicalOperator)
              PhysicalOperator(NES::EmitPhysicalOperator)
      Successor Pipeline:
        Pipeline(ID(153), Provider(None))
          Operator chain:
            PhysicalOperator(NES::SinkPhysicalOperator)

[m
[36m[04:17:02.444534] [D] [Not A Worker] [unnamed] [] [SinkProvider.cpp:30] [lower] The sinkDescriptor is: SinkDescriptor: (name: variant("EXTRA_SINK"), type: Void, Config: )[m
[36m[04:17:02.445122] [D] [SingleNodeWorker] [WorkerThread-15] [Task:1699014131-153] [VoidSink.cpp:37] [start] Setting up void sink: VoidSink[m
[36m[04:17:02.520269] [D] [SingleNodeWorker] [WorkerThread-7] [] [SourceThread.cpp:186] [start] Starting source with originId: 2[m
[36m[04:17:02.521825] [D] [SingleNodeWorker] [WorkerThread-7] [Task:1699014131-152] [BufferManager.cpp:65] [~BufferManager] Calling BufferManager::destroy()[m
[36m[04:17:02.521853] [D] [SingleNodeWorker] [WorkerThread-7] [Task:1699014131-152] [BufferManager.cpp:93] [~BufferManager] Shutting down Buffer Manager completed[m
[36m[04:17:03.981713] [D] [SingleNodeWorker] [WorkerThread-8] [Task:1699014131] [SourceThread.cpp:232] [tryStop] SourceThread 2: attempting to stop source[m
[36m[04:17:03.981753] [D] [SingleNodeWorker] [WorkerThread-8] [Task:1699014131] [SourceThread.cpp:250] [tryStop] SourceThread 2: stopped[m
[32m[04:17:04.007773] [I] [SingleNodeWorker] [WorkerThread-9] [Task:1699014131-153] [VoidSink.cpp:42] [stop] Void Sink completed.[m
[32m[04:17:04.007890] [I] [SingleNodeWorker] [WorkerThread-11] [] [SequenceShredder.cpp:55] [~SequenceShredder] Successfully validated SequenceShredder[m
[36m[04:17:04.007919] [D] [SingleNodeWorker] [WorkerThread-9] [] [SourceThread.cpp:228] [tryStop] SourceThread 2: thread is not running[m
[36m[04:17:07.402051] [D] [Not A Worker] [unnamed] [queryId:1360484008] [BufferManager.cpp:110] [initialize] NES memory allocation requires 1 out of 540577120256 (so 1.8498748143954595e-10%) available bytes[m
[36m[04:17:07.402130] [D] [Not A Worker] [unnamed] [queryId:1360484008] [BufferManager.cpp:160] [initialize] BufferManager configuration bufferSize=1 numOfBuffers=1[m
[36m[04:17:07.402308] [D] [Not A Worker] [unnamed] [queryId:1360484008] [PipeliningPhase.cpp:404] [apply] Constructed pipeline plan with 1 root pipelines.
PipelinedQueryPlan for Query: 1360484008
Number of root pipelines: 1
------------------
Root Pipeline 0:
  Pipeline(ID(154), Provider(COMPILER))
  Operator chain:
    PhysicalOperator(NES::SourcePhysicalOperator)
  Successor Pipeline:
    Pipeline(ID(155), Provider(None))
      Operator chain:
        PhysicalOperator(NES::ScanPhysicalOperator)
          PhysicalOperator(NES::SelectionPhysicalOperator)
            PhysicalOperator(NES::MapPhysicalOperator)
              PhysicalOperator(NES::EmitPhysicalOperator)
      Successor Pipeline:
        Pipeline(ID(156), Provider(None))
          Operator chain:
            PhysicalOperator(NES::SinkPhysicalOperator)

[m
[36m[04:17:07.406314] [D] [Not A Worker] [unnamed] [] [SinkProvider.cpp:30] [lower] The sinkDescriptor is: SinkDescriptor: (name: variant("EXTRA_SINK"), type: Void, Config: )[m
[36m[04:17:07.406793] [D] [SingleNodeWorker] [WorkerThread-8] [Task:1360484008-156] [VoidSink.cpp:37] [start] Setting up void sink: VoidSink[m
[36m[04:17:07.480958] [D] [SingleNodeWorker] [WorkerThread-8] [] [SourceThread.cpp:186] [start] Starting source with originId: 2[m
[36m[04:17:07.482724] [D] [SingleNodeWorker] [WorkerThread-9] [Task:1360484008-155] [BufferManager.cpp:65] [~BufferManager] Calling BufferManager::destroy()[m
[36m[04:17:07.482808] [D] [SingleNodeWorker] [WorkerThread-9] [Task:1360484008-155] [BufferManager.cpp:93] [~BufferManager] Shutting down Buffer Manager completed[m
[36m[04:17:08.912428] [D] [SingleNodeWorker] [WorkerThread-7] [Task:1360484008] [SourceThread.cpp:232] [tryStop] SourceThread 2: attempting to stop source[m
[36m[04:17:08.912484] [D] [SingleNodeWorker] [WorkerThread-7] [Task:1360484008] [SourceThread.cpp:250] [tryStop] SourceThread 2: stopped[m
[32m[04:17:08.938166] [I] [SingleNodeWorker] [WorkerThread-5] [Task:1360484008-156] [VoidSink.cpp:42] [stop] Void Sink completed.[m
[36m[04:17:08.938298] [D] [SingleNodeWorker] [WorkerThread-5] [] [SourceThread.cpp:228] [tryStop] SourceThread 2: thread is not running[m
[32m[04:17:08.938464] [I] [SingleNodeWorker] [WorkerThread-0] [] [SequenceShredder.cpp:55] [~SequenceShredder] Successfully validated SequenceShredder[m
[36m[04:17:12.305286] [D] [Not A Worker] [unnamed] [queryId:1645257380] [BufferManager.cpp:110] [initialize] NES memory allocation requires 1 out of 540577120256 (so 1.8498748143954595e-10%) available bytes[m
[36m[04:17:12.305350] [D] [Not A Worker] [unnamed] [queryId:1645257380] [BufferManager.cpp:160] [initialize] BufferManager configuration bufferSize=1 numOfBuffers=1[m
[36m[04:17:12.305535] [D] [Not A Worker] [unnamed] [queryId:1645257380] [PipeliningPhase.cpp:404] [apply] Constructed pipeline plan with 1 root pipelines.
PipelinedQueryPlan for Query: 1645257380
Number of root pipelines: 1
------------------
Root Pipeline 0:
  Pipeline(ID(157), Provider(COMPILER))
  Operator chain:
    PhysicalOperator(NES::SourcePhysicalOperator)
  Successor Pipeline:
    Pipeline(ID(158), Provider(None))
      Operator chain:
        PhysicalOperator(NES::ScanPhysicalOperator)
          PhysicalOperator(NES::SelectionPhysicalOperator)
            PhysicalOperator(NES::MapPhysicalOperator)
              PhysicalOperator(NES::EmitPhysicalOperator)
      Successor Pipeline:
        Pipeline(ID(159), Provider(None))
          Operator chain:
            PhysicalOperator(NES::SinkPhysicalOperator)

[m
[36m[04:17:12.309229] [D] [Not A Worker] [unnamed] [] [SinkProvider.cpp:30] [lower] The sinkDescriptor is: SinkDescriptor: (name: variant("EXTRA_SINK"), type: Void, Config: )[m
[36m[04:17:12.309970] [D] [SingleNodeWorker] [WorkerThread-15] [Task:1645257380-159] [VoidSink.cpp:37] [start] Setting up void sink: VoidSink[m
[36m[04:17:12.384880] [D] [SingleNodeWorker] [WorkerThread-6] [] [SourceThread.cpp:186] [start] Starting source with originId: 2[m
[36m[04:17:12.386420] [D] [SingleNodeWorker] [WorkerThread-6] [Task:1645257380-158] [BufferManager.cpp:65] [~BufferManager] Calling BufferManager::destroy()[m
[36m[04:17:12.386446] [D] [SingleNodeWorker] [WorkerThread-6] [Task:1645257380-158] [BufferManager.cpp:93] [~BufferManager] Shutting down Buffer Manager completed[m
[36m[04:17:13.836902] [D] [SingleNodeWorker] [WorkerThread-11] [Task:1645257380] [SourceThread.cpp:232] [tryStop] SourceThread 2: attempting to stop source[m
[36m[04:17:13.836956] [D] [SingleNodeWorker] [WorkerThread-11] [Task:1645257380] [SourceThread.cpp:250] [tryStop] SourceThread 2: stopped[m
[32m[04:17:13.862477] [I] [SingleNodeWorker] [WorkerThread-11] [Task:1645257380-159] [VoidSink.cpp:42] [stop] Void Sink completed.[m
[36m[04:17:13.862609] [D] [SingleNodeWorker] [WorkerThread-11] [] [SourceThread.cpp:228] [tryStop] SourceThread 2: thread is not running[m
[32m[04:17:13.862768] [I] [SingleNodeWorker] [WorkerThread-6] [] [SequenceShredder.cpp:55] [~SequenceShredder] Successfully validated SequenceShredder[m
[36m[04:17:17.286478] [D] [Not A Worker] [unnamed] [queryId:332477676] [BufferManager.cpp:110] [initialize] NES memory allocation requires 1 out of 540577120256 (so 1.8498748143954595e-10%) available bytes[m
[36m[04:17:17.286558] [D] [Not A Worker] [unnamed] [queryId:332477676] [BufferManager.cpp:160] [initialize] BufferManager configuration bufferSize=1 numOfBuffers=1[m
[36m[04:17:17.286733] [D] [Not A Worker] [unnamed] [queryId:332477676] [PipeliningPhase.cpp:404] [apply] Constructed pipeline plan with 1 root pipelines.
PipelinedQueryPlan for Query: 332477676
Number of root pipelines: 1
------------------
Root Pipeline 0:
  Pipeline(ID(160), Provider(COMPILER))
  Operator chain:
    PhysicalOperator(NES::SourcePhysicalOperator)
  Successor Pipeline:
    Pipeline(ID(161), Provider(None))
      Operator chain:
        PhysicalOperator(NES::ScanPhysicalOperator)
          PhysicalOperator(NES::SelectionPhysicalOperator)
            PhysicalOperator(NES::MapPhysicalOperator)
              PhysicalOperator(NES::EmitPhysicalOperator)
      Successor Pipeline:
        Pipeline(ID(162), Provider(None))
          Operator chain:
            PhysicalOperator(NES::SinkPhysicalOperator)

[m
[36m[04:17:17.290321] [D] [Not A Worker] [unnamed] [] [SinkProvider.cpp:30] [lower] The sinkDescriptor is: SinkDescriptor: (name: variant("EXTRA_SINK"), type: Void, Config: )[m
[36m[04:17:17.294534] [D] [SingleNodeWorker] [WorkerThread-1] [Task:332477676-162] [VoidSink.cpp:37] [start] Setting up void sink: VoidSink[m
[36m[04:17:17.368651] [D] [SingleNodeWorker] [WorkerThread-1] [] [SourceThread.cpp:186] [start] Starting source with originId: 2[m
[36m[04:17:17.370417] [D] [SingleNodeWorker] [WorkerThread-5] [Task:332477676-161] [BufferManager.cpp:65] [~BufferManager] Calling BufferManager::destroy()[m
[36m[04:17:17.370502] [D] [SingleNodeWorker] [WorkerThread-5] [Task:332477676-161] [BufferManager.cpp:93] [~BufferManager] Shutting down Buffer Manager completed[m
[36m[04:17:18.810382] [D] [SingleNodeWorker] [WorkerThread-11] [Task:332477676] [SourceThread.cpp:232] [tryStop] SourceThread 2: attempting to stop source[m
[36m[04:17:18.810440] [D] [SingleNodeWorker] [WorkerThread-11] [Task:332477676] [SourceThread.cpp:250] [tryStop] SourceThread 2: stopped[m
[32m[04:17:18.836421] [I] [SingleNodeWorker] [WorkerThread-1] [] [SequenceShredder.cpp:55] [~SequenceShredder] Successfully validated SequenceShredder[m
[32m[04:17:18.836637] [I] [SingleNodeWorker] [WorkerThread-2] [Task:332477676-162] [VoidSink.cpp:42] [stop] Void Sink completed.[m
[36m[04:17:18.836765] [D] [SingleNodeWorker] [WorkerThread-2] [] [SourceThread.cpp:228] [tryStop] SourceThread 2: thread is not running[m
[36m[04:17:22.297349] [D] [Not A Worker] [unnamed] [queryId:1804108261] [BufferManager.cpp:110] [initialize] NES memory allocation requires 1 out of 540577120256 (so 1.8498748143954595e-10%) available bytes[m
[36m[04:17:22.297410] [D] [Not A Worker] [unnamed] [queryId:1804108261] [BufferManager.cpp:160] [initialize] BufferManager configuration bufferSize=1 numOfBuffers=1[m
[36m[04:17:22.297591] [D] [Not A Worker] [unnamed] [queryId:1804108261] [PipeliningPhase.cpp:404] [apply] Constructed pipeline plan with 1 root pipelines.
PipelinedQueryPlan for Query: 1804108261
Number of root pipelines: 1
------------------
Root Pipeline 0:
  Pipeline(ID(163), Provider(COMPILER))
  Operator chain:
    PhysicalOperator(NES::SourcePhysicalOperator)
  Successor Pipeline:
    Pipeline(ID(164), Provider(None))
      Operator chain:
        PhysicalOperator(NES::ScanPhysicalOperator)
          PhysicalOperator(NES::SelectionPhysicalOperator)
            PhysicalOperator(NES::MapPhysicalOperator)
              PhysicalOperator(NES::EmitPhysicalOperator)
      Successor Pipeline:
        Pipeline(ID(165), Provider(None))
          Operator chain:
            PhysicalOperator(NES::SinkPhysicalOperator)

[m
[36m[04:17:22.301575] [D] [Not A Worker] [unnamed] [] [SinkProvider.cpp:30] [lower] The sinkDescriptor is: SinkDescriptor: (name: variant("EXTRA_SINK"), type: Void, Config: )[m
[36m[04:17:22.302997] [D] [SingleNodeWorker] [WorkerThread-11] [Task:1804108261-165] [VoidSink.cpp:37] [start] Setting up void sink: VoidSink[m
[36m[04:17:22.378426] [D] [SingleNodeWorker] [WorkerThread-11] [] [SourceThread.cpp:186] [start] Starting source with originId: 2[m
[36m[04:17:22.380361] [D] [SingleNodeWorker] [WorkerThread-5] [Task:1804108261-164] [BufferManager.cpp:65] [~BufferManager] Calling BufferManager::destroy()[m
[36m[04:17:22.380453] [D] [SingleNodeWorker] [WorkerThread-5] [Task:1804108261-164] [BufferManager.cpp:93] [~BufferManager] Shutting down Buffer Manager completed[m
[36m[04:17:23.410352] [D] [SingleNodeWorker] [WorkerThread-8] [Task:1804108261-164] [InputFormatter.hpp:349] [indexTrailingSpanningTupleProxy] last offset: 262143, first offset: 214[m
[36m[04:17:23.823731] [D] [SingleNodeWorker] [WorkerThread-15] [Task:1804108261] [SourceThread.cpp:232] [tryStop] SourceThread 2: attempting to stop source[m
[36m[04:17:23.823781] [D] [SingleNodeWorker] [WorkerThread-15] [Task:1804108261] [SourceThread.cpp:250] [tryStop] SourceThread 2: stopped[m
[32m[04:17:23.849865] [I] [SingleNodeWorker] [WorkerThread-13] [] [SequenceShredder.cpp:55] [~SequenceShredder] Successfully validated SequenceShredder[m
[32m[04:17:23.850017] [I] [SingleNodeWorker] [WorkerThread-10] [Task:1804108261-165] [VoidSink.cpp:42] [stop] Void Sink completed.[m
[36m[04:17:23.850154] [D] [SingleNodeWorker] [WorkerThread-10] [] [SourceThread.cpp:228] [tryStop] SourceThread 2: thread is not running[m
[36m[04:17:27.359683] [D] [Not A Worker] [unnamed] [queryId:777961792] [BufferManager.cpp:110] [initialize] NES memory allocation requires 1 out of 540577120256 (so 1.8498748143954595e-10%) available bytes[m
[36m[04:17:27.359758] [D] [Not A Worker] [unnamed] [queryId:777961792] [BufferManager.cpp:160] [initialize] BufferManager configuration bufferSize=1 numOfBuffers=1[m
[36m[04:17:27.359924] [D] [Not A Worker] [unnamed] [queryId:777961792] [PipeliningPhase.cpp:404] [apply] Constructed pipeline plan with 1 root pipelines.
PipelinedQueryPlan for Query: 777961792
Number of root pipelines: 1
------------------
Root Pipeline 0:
  Pipeline(ID(166), Provider(COMPILER))
  Operator chain:
    PhysicalOperator(NES::SourcePhysicalOperator)
  Successor Pipeline:
    Pipeline(ID(167), Provider(None))
      Operator chain:
        PhysicalOperator(NES::ScanPhysicalOperator)
          PhysicalOperator(NES::SelectionPhysicalOperator)
            PhysicalOperator(NES::MapPhysicalOperator)
              PhysicalOperator(NES::EmitPhysicalOperator)
      Successor Pipeline:
        Pipeline(ID(168), Provider(None))
          Operator chain:
            PhysicalOperator(NES::SinkPhysicalOperator)

[m
[36m[04:17:27.363836] [D] [Not A Worker] [unnamed] [] [SinkProvider.cpp:30] [lower] The sinkDescriptor is: SinkDescriptor: (name: variant("EXTRA_SINK"), type: Void, Config: )[m
[36m[04:17:27.367412] [D] [SingleNodeWorker] [WorkerThread-0] [Task:777961792-168] [VoidSink.cpp:37] [start] Setting up void sink: VoidSink[m
[36m[04:17:27.441252] [D] [SingleNodeWorker] [WorkerThread-0] [] [SourceThread.cpp:186] [start] Starting source with originId: 2[m
[36m[04:17:27.442806] [D] [SingleNodeWorker] [WorkerThread-0] [Task:777961792-167] [BufferManager.cpp:65] [~BufferManager] Calling BufferManager::destroy()[m
[36m[04:17:27.442830] [D] [SingleNodeWorker] [WorkerThread-0] [Task:777961792-167] [BufferManager.cpp:93] [~BufferManager] Shutting down Buffer Manager completed[m
[36m[04:17:28.874764] [D] [SingleNodeWorker] [WorkerThread-6] [Task:777961792] [SourceThread.cpp:232] [tryStop] SourceThread 2: attempting to stop source[m
[36m[04:17:28.874821] [D] [SingleNodeWorker] [WorkerThread-6] [Task:777961792] [SourceThread.cpp:250] [tryStop] SourceThread 2: stopped[m
[32m[04:17:28.900451] [I] [SingleNodeWorker] [WorkerThread-4] [Task:777961792-168] [VoidSink.cpp:42] [stop] Void Sink completed.[m
[36m[04:17:28.900591] [D] [SingleNodeWorker] [WorkerThread-4] [] [SourceThread.cpp:228] [tryStop] SourceThread 2: thread is not running[m
[32m[04:17:28.900659] [I] [SingleNodeWorker] [WorkerThread-11] [] [SequenceShredder.cpp:55] [~SequenceShredder] Successfully validated SequenceShredder[m
[36m[04:17:32.359832] [D] [Not A Worker] [unnamed] [queryId:387526169] [BufferManager.cpp:110] [initialize] NES memory allocation requires 1 out of 540577120256 (so 1.8498748143954595e-10%) available bytes[m
[36m[04:17:32.359910] [D] [Not A Worker] [unnamed] [queryId:387526169] [BufferManager.cpp:160] [initialize] BufferManager configuration bufferSize=1 numOfBuffers=1[m
[36m[04:17:32.360079] [D] [Not A Worker] [unnamed] [queryId:387526169] [PipeliningPhase.cpp:404] [apply] Constructed pipeline plan with 1 root pipelines.
PipelinedQueryPlan for Query: 387526169
Number of root pipelines: 1
------------------
Root Pipeline 0:
  Pipeline(ID(169), Provider(COMPILER))
  Operator chain:
    PhysicalOperator(NES::SourcePhysicalOperator)
  Successor Pipeline:
    Pipeline(ID(170), Provider(None))
      Operator chain:
        PhysicalOperator(NES::ScanPhysicalOperator)
          PhysicalOperator(NES::SelectionPhysicalOperator)
            PhysicalOperator(NES::MapPhysicalOperator)
              PhysicalOperator(NES::EmitPhysicalOperator)
      Successor Pipeline:
        Pipeline(ID(171), Provider(None))
          Operator chain:
            PhysicalOperator(NES::SinkPhysicalOperator)

[m
[36m[04:17:32.363700] [D] [Not A Worker] [unnamed] [] [SinkProvider.cpp:30] [lower] The sinkDescriptor is: SinkDescriptor: (name: variant("EXTRA_SINK"), type: Void, Config: )[m
[36m[04:17:32.365235] [D] [SingleNodeWorker] [WorkerThread-15] [Task:387526169-171] [VoidSink.cpp:37] [start] Setting up void sink: VoidSink[m
[36m[04:17:32.439753] [D] [SingleNodeWorker] [WorkerThread-15] [] [SourceThread.cpp:186] [start] Starting source with originId: 2[m
[36m[04:17:32.441267] [D] [SingleNodeWorker] [WorkerThread-15] [Task:387526169-170] [BufferManager.cpp:65] [~BufferManager] Calling BufferManager::destroy()[m
[36m[04:17:32.441290] [D] [SingleNodeWorker] [WorkerThread-15] [Task:387526169-170] [BufferManager.cpp:93] [~BufferManager] Shutting down Buffer Manager completed[m
[36m[04:17:32.772647] [D] [SingleNodeWorker] [WorkerThread-1] [Task:387526169-170] [InputFormatter.hpp:349] [indexTrailingSpanningTupleProxy] last offset: 262143, first offset: 206[m
[36m[04:17:33.867056] [D] [SingleNodeWorker] [WorkerThread-1] [Task:387526169] [SourceThread.cpp:232] [tryStop] SourceThread 2: attempting to stop source[m
[36m[04:17:33.867093] [D] [SingleNodeWorker] [WorkerThread-1] [Task:387526169] [SourceThread.cpp:250] [tryStop] SourceThread 2: stopped[m
[32m[04:17:33.893435] [I] [SingleNodeWorker] [WorkerThread-13] [Task:387526169-171] [VoidSink.cpp:42] [stop] Void Sink completed.[m
[36m[04:17:33.893577] [D] [SingleNodeWorker] [WorkerThread-13] [] [SourceThread.cpp:228] [tryStop] SourceThread 2: thread is not running[m
[32m[04:17:33.893734] [I] [SingleNodeWorker] [WorkerThread-11] [] [SequenceShredder.cpp:55] [~SequenceShredder] Successfully validated SequenceShredder[m
[36m[04:17:37.395364] [D] [Not A Worker] [unnamed] [queryId:653874951] [BufferManager.cpp:110] [initialize] NES memory allocation requires 1 out of 540577120256 (so 1.8498748143954595e-10%) available bytes[m
[36m[04:17:37.395430] [D] [Not A Worker] [unnamed] [queryId:653874951] [BufferManager.cpp:160] [initialize] BufferManager configuration bufferSize=1 numOfBuffers=1[m
[36m[04:17:37.395616] [D] [Not A Worker] [unnamed] [queryId:653874951] [PipeliningPhase.cpp:404] [apply] Constructed pipeline plan with 1 root pipelines.
PipelinedQueryPlan for Query: 653874951
Number of root pipelines: 1
------------------
Root Pipeline 0:
  Pipeline(ID(172), Provider(COMPILER))
  Operator chain:
    PhysicalOperator(NES::SourcePhysicalOperator)
  Successor Pipeline:
    Pipeline(ID(173), Provider(None))
      Operator chain:
        PhysicalOperator(NES::ScanPhysicalOperator)
          PhysicalOperator(NES::SelectionPhysicalOperator)
            PhysicalOperator(NES::MapPhysicalOperator)
              PhysicalOperator(NES::EmitPhysicalOperator)
      Successor Pipeline:
        Pipeline(ID(174), Provider(None))
          Operator chain:
            PhysicalOperator(NES::SinkPhysicalOperator)

[m
[36m[04:17:37.399439] [D] [Not A Worker] [unnamed] [] [SinkProvider.cpp:30] [lower] The sinkDescriptor is: SinkDescriptor: (name: variant("EXTRA_SINK"), type: Void, Config: )[m
[36m[04:17:37.401663] [D] [SingleNodeWorker] [WorkerThread-3] [Task:653874951-174] [VoidSink.cpp:37] [start] Setting up void sink: VoidSink[m
[36m[04:17:37.475466] [D] [SingleNodeWorker] [WorkerThread-3] [] [SourceThread.cpp:186] [start] Starting source with originId: 2[m
[36m[04:17:37.476973] [D] [SingleNodeWorker] [WorkerThread-3] [Task:653874951-173] [BufferManager.cpp:65] [~BufferManager] Calling BufferManager::destroy()[m
[36m[04:17:37.476996] [D] [SingleNodeWorker] [WorkerThread-3] [Task:653874951-173] [BufferManager.cpp:93] [~BufferManager] Shutting down Buffer Manager completed[m
[36m[04:17:38.899338] [D] [SingleNodeWorker] [WorkerThread-15] [Task:653874951] [SourceThread.cpp:232] [tryStop] SourceThread 2: attempting to stop source[m
[36m[04:17:38.899394] [D] [SingleNodeWorker] [WorkerThread-15] [Task:653874951] [SourceThread.cpp:250] [tryStop] SourceThread 2: stopped[m
[32m[04:17:38.925408] [I] [SingleNodeWorker] [WorkerThread-14] [] [SequenceShredder.cpp:55] [~SequenceShredder] Successfully validated SequenceShredder[m
[32m[04:17:38.925514] [I] [SingleNodeWorker] [WorkerThread-4] [Task:653874951-174] [VoidSink.cpp:42] [stop] Void Sink completed.[m
[36m[04:17:38.925642] [D] [SingleNodeWorker] [WorkerThread-4] [] [SourceThread.cpp:228] [tryStop] SourceThread 2: thread is not running[m
[36m[04:17:42.373392] [D] [Not A Worker] [unnamed] [queryId:1873922263] [BufferManager.cpp:110] [initialize] NES memory allocation requires 1 out of 540577120256 (so 1.8498748143954595e-10%) available bytes[m
[36m[04:17:42.373473] [D] [Not A Worker] [unnamed] [queryId:1873922263] [BufferManager.cpp:160] [initialize] BufferManager configuration bufferSize=1 numOfBuffers=1[m
[36m[04:17:42.373641] [D] [Not A Worker] [unnamed] [queryId:1873922263] [PipeliningPhase.cpp:404] [apply] Constructed pipeline plan with 1 root pipelines.
PipelinedQueryPlan for Query: 1873922263
Number of root pipelines: 1
------------------
Root Pipeline 0:
  Pipeline(ID(175), Provider(COMPILER))
  Operator chain:
    PhysicalOperator(NES::SourcePhysicalOperator)
  Successor Pipeline:
    Pipeline(ID(176), Provider(None))
      Operator chain:
        PhysicalOperator(NES::ScanPhysicalOperator)
          PhysicalOperator(NES::SelectionPhysicalOperator)
            PhysicalOperator(NES::MapPhysicalOperator)
              PhysicalOperator(NES::EmitPhysicalOperator)
      Successor Pipeline:
        Pipeline(ID(177), Provider(None))
          Operator chain:
            PhysicalOperator(NES::SinkPhysicalOperator)

[m
[36m[04:17:42.377360] [D] [Not A Worker] [unnamed] [] [SinkProvider.cpp:30] [lower] The sinkDescriptor is: SinkDescriptor: (name: variant("EXTRA_SINK"), type: Void, Config: )[m
[36m[04:17:42.379331] [D] [SingleNodeWorker] [WorkerThread-15] [Task:1873922263-177] [VoidSink.cpp:37] [start] Setting up void sink: VoidSink[m
[36m[04:17:42.452425] [D] [SingleNodeWorker] [WorkerThread-15] [] [SourceThread.cpp:186] [start] Starting source with originId: 2[m
[36m[04:17:42.454418] [D] [SingleNodeWorker] [WorkerThread-3] [Task:1873922263-176] [BufferManager.cpp:65] [~BufferManager] Calling BufferManager::destroy()[m
[36m[04:17:42.454498] [D] [SingleNodeWorker] [WorkerThread-3] [Task:1873922263-176] [BufferManager.cpp:93] [~BufferManager] Shutting down Buffer Manager completed[m
[36m[04:17:42.540631] [D] [SingleNodeWorker] [WorkerThread-3] [Task:1873922263-176] [InputFormatter.hpp:349] [indexTrailingSpanningTupleProxy] last offset: 262143, first offset: 151[m
[36m[04:17:43.874587] [D] [SingleNodeWorker] [WorkerThread-4] [Task:1873922263] [SourceThread.cpp:232] [tryStop] SourceThread 2: attempting to stop source[m
[36m[04:17:43.874628] [D] [SingleNodeWorker] [WorkerThread-4] [Task:1873922263] [SourceThread.cpp:250] [tryStop] SourceThread 2: stopped[m
[32m[04:17:43.900531] [I] [SingleNodeWorker] [WorkerThread-14] [Task:1873922263-177] [VoidSink.cpp:42] [stop] Void Sink completed.[m
[36m[04:17:43.900651] [D] [SingleNodeWorker] [WorkerThread-14] [] [SourceThread.cpp:228] [tryStop] SourceThread 2: thread is not running[m
[32m[04:17:43.900687] [I] [SingleNodeWorker] [WorkerThread-3] [] [SequenceShredder.cpp:55] [~SequenceShredder] Successfully validated SequenceShredder[m
[36m[04:17:47.307363] [D] [Not A Worker] [unnamed] [queryId:1547682521] [BufferManager.cpp:110] [initialize] NES memory allocation requires 1 out of 540577120256 (so 1.8498748143954595e-10%) available bytes[m
[36m[04:17:47.307425] [D] [Not A Worker] [unnamed] [queryId:1547682521] [BufferManager.cpp:160] [initialize] BufferManager configuration bufferSize=1 numOfBuffers=1[m
[36m[04:17:47.307618] [D] [Not A Worker] [unnamed] [queryId:1547682521] [PipeliningPhase.cpp:404] [apply] Constructed pipeline plan with 1 root pipelines.
PipelinedQueryPlan for Query: 1547682521
Number of root pipelines: 1
------------------
Root Pipeline 0:
  Pipeline(ID(178), Provider(COMPILER))
  Operator chain:
    PhysicalOperator(NES::SourcePhysicalOperator)
  Successor Pipeline:
    Pipeline(ID(179), Provider(None))
      Operator chain:
        PhysicalOperator(NES::ScanPhysicalOperator)
          PhysicalOperator(NES::SelectionPhysicalOperator)
            PhysicalOperator(NES::MapPhysicalOperator)
              PhysicalOperator(NES::EmitPhysicalOperator)
      Successor Pipeline:
        Pipeline(ID(180), Provider(None))
          Operator chain:
            PhysicalOperator(NES::SinkPhysicalOperator)

[m
[36m[04:17:47.311069] [D] [Not A Worker] [unnamed] [] [SinkProvider.cpp:30] [lower] The sinkDescriptor is: SinkDescriptor: (name: variant("EXTRA_SINK"), type: Void, Config: )[m
[36m[04:17:47.311614] [D] [SingleNodeWorker] [WorkerThread-2] [Task:1547682521-180] [VoidSink.cpp:37] [start] Setting up void sink: VoidSink[m
[36m[04:17:47.385325] [D] [SingleNodeWorker] [WorkerThread-3] [] [SourceThread.cpp:186] [start] Starting source with originId: 2[m
[36m[04:17:47.386852] [D] [SingleNodeWorker] [WorkerThread-3] [Task:1547682521-179] [BufferManager.cpp:65] [~BufferManager] Calling BufferManager::destroy()[m
[36m[04:17:47.386877] [D] [SingleNodeWorker] [WorkerThread-3] [Task:1547682521-179] [BufferManager.cpp:93] [~BufferManager] Shutting down Buffer Manager completed[m
[36m[04:17:48.817103] [D] [SingleNodeWorker] [WorkerThread-13] [Task:1547682521] [SourceThread.cpp:232] [tryStop] SourceThread 2: attempting to stop source[m
[36m[04:17:48.817143] [D] [SingleNodeWorker] [WorkerThread-13] [Task:1547682521] [SourceThread.cpp:250] [tryStop] SourceThread 2: stopped[m
[32m[04:17:48.843731] [I] [SingleNodeWorker] [WorkerThread-11] [Task:1547682521-180] [VoidSink.cpp:42] [stop] Void Sink completed.[m
[36m[04:17:48.843873] [D] [SingleNodeWorker] [WorkerThread-11] [] [SourceThread.cpp:228] [tryStop] SourceThread 2: thread is not running[m
[32m[04:17:48.844041] [I] [SingleNodeWorker] [WorkerThread-14] [] [SequenceShredder.cpp:55] [~SequenceShredder] Successfully validated SequenceShredder[m
[36m[04:17:52.261050] [D] [Not A Worker] [unnamed] [queryId:2978124] [BufferManager.cpp:110] [initialize] NES memory allocation requires 1 out of 540577120256 (so 1.8498748143954595e-10%) available bytes[m
[36m[04:17:52.261132] [D] [Not A Worker] [unnamed] [queryId:2978124] [BufferManager.cpp:160] [initialize] BufferManager configuration bufferSize=1 numOfBuffers=1[m
[36m[04:17:52.261303] [D] [Not A Worker] [unnamed] [queryId:2978124] [PipeliningPhase.cpp:404] [apply] Constructed pipeline plan with 1 root pipelines.
PipelinedQueryPlan for Query: 2978124
Number of root pipelines: 1
------------------
Root Pipeline 0:
  Pipeline(ID(181), Provider(COMPILER))
  Operator chain:
    PhysicalOperator(NES::SourcePhysicalOperator)
  Successor Pipeline:
    Pipeline(ID(182), Provider(None))
      Operator chain:
        PhysicalOperator(NES::ScanPhysicalOperator)
          PhysicalOperator(NES::SelectionPhysicalOperator)
            PhysicalOperator(NES::MapPhysicalOperator)
              PhysicalOperator(NES::EmitPhysicalOperator)
      Successor Pipeline:
        Pipeline(ID(183), Provider(None))
          Operator chain:
            PhysicalOperator(NES::SinkPhysicalOperator)

[m
[36m[04:17:52.266041] [D] [Not A Worker] [unnamed] [] [SinkProvider.cpp:30] [lower] The sinkDescriptor is: SinkDescriptor: (name: variant("NAME_SINK"), type: Void, Config: )[m
[36m[04:17:52.266607] [D] [SingleNodeWorker] [WorkerThread-11] [Task:2978124-183] [VoidSink.cpp:37] [start] Setting up void sink: VoidSink[m
[36m[04:17:52.339642] [D] [SingleNodeWorker] [WorkerThread-10] [] [SourceThread.cpp:186] [start] Starting source with originId: 2[m
[36m[04:17:52.341193] [D] [SingleNodeWorker] [WorkerThread-8] [Task:2978124-182] [BufferManager.cpp:65] [~BufferManager] Calling BufferManager::destroy()[m
[36m[04:17:52.341244] [D] [SingleNodeWorker] [WorkerThread-8] [Task:2978124-182] [BufferManager.cpp:93] [~BufferManager] Shutting down Buffer Manager completed[m
[36m[04:17:53.766029] [D] [SingleNodeWorker] [WorkerThread-5] [Task:2978124] [SourceThread.cpp:232] [tryStop] SourceThread 2: attempting to stop source[m
[36m[04:17:53.766087] [D] [SingleNodeWorker] [WorkerThread-5] [Task:2978124] [SourceThread.cpp:250] [tryStop] SourceThread 2: stopped[m
[32m[04:17:53.791974] [I] [SingleNodeWorker] [WorkerThread-9] [] [SequenceShredder.cpp:55] [~SequenceShredder] Successfully validated SequenceShredder[m
[32m[04:17:53.791982] [I] [SingleNodeWorker] [WorkerThread-14] [Task:2978124-183] [VoidSink.cpp:42] [stop] Void Sink completed.[m
[36m[04:17:53.792200] [D] [SingleNodeWorker] [WorkerThread-14] [] [SourceThread.cpp:228] [tryStop] SourceThread 2: thread is not running[m
[36m[04:17:57.181892] [D] [Not A Worker] [unnamed] [queryId:1649596791] [BufferManager.cpp:110] [initialize] NES memory allocation requires 1 out of 540577120256 (so 1.8498748143954595e-10%) available bytes[m
[36m[04:17:57.181957] [D] [Not A Worker] [unnamed] [queryId:1649596791] [BufferManager.cpp:160] [initialize] BufferManager configuration bufferSize=1 numOfBuffers=1[m
[36m[04:17:57.182141] [D] [Not A Worker] [unnamed] [queryId:1649596791] [PipeliningPhase.cpp:404] [apply] Constructed pipeline plan with 1 root pipelines.
PipelinedQueryPlan for Query: 1649596791
Number of root pipelines: 1
------------------
Root Pipeline 0:
  Pipeline(ID(184), Provider(COMPILER))
  Operator chain:
    PhysicalOperator(NES::SourcePhysicalOperator)
  Successor Pipeline:
    Pipeline(ID(185), Provider(None))
      Operator chain:
        PhysicalOperator(NES::ScanPhysicalOperator)
          PhysicalOperator(NES::SelectionPhysicalOperator)
            PhysicalOperator(NES::MapPhysicalOperator)
              PhysicalOperator(NES::EmitPhysicalOperator)
      Successor Pipeline:
        Pipeline(ID(186), Provider(None))
          Operator chain:
            PhysicalOperator(NES::SinkPhysicalOperator)

[m
[36m[04:17:57.185559] [D] [Not A Worker] [unnamed] [] [SinkProvider.cpp:30] [lower] The sinkDescriptor is: SinkDescriptor: (name: variant("NAME_SINK"), type: Void, Config: )[m
[36m[04:17:57.186646] [D] [SingleNodeWorker] [WorkerThread-9] [Task:1649596791-186] [VoidSink.cpp:37] [start] Setting up void sink: VoidSink[m
[36m[04:17:57.263658] [D] [SingleNodeWorker] [WorkerThread-9] [] [SourceThread.cpp:186] [start] Starting source with originId: 2[m
[36m[04:17:57.265200] [D] [SingleNodeWorker] [WorkerThread-9] [Task:1649596791-185] [BufferManager.cpp:65] [~BufferManager] Calling BufferManager::destroy()[m
[36m[04:17:57.265228] [D] [SingleNodeWorker] [WorkerThread-9] [Task:1649596791-185] [BufferManager.cpp:93] [~BufferManager] Shutting down Buffer Manager completed[m
[36m[04:17:58.704824] [D] [SingleNodeWorker] [WorkerThread-13] [Task:1649596791] [SourceThread.cpp:232] [tryStop] SourceThread 2: attempting to stop source[m
[36m[04:17:58.704865] [D] [SingleNodeWorker] [WorkerThread-13] [Task:1649596791] [SourceThread.cpp:250] [tryStop] SourceThread 2: stopped[m
[32m[04:17:58.730788] [I] [SingleNodeWorker] [WorkerThread-3] [Task:1649596791-186] [VoidSink.cpp:42] [stop] Void Sink completed.[m
[36m[04:17:58.730985] [D] [SingleNodeWorker] [WorkerThread-3] [] [SourceThread.cpp:228] [tryStop] SourceThread 2: thread is not running[m
[32m[04:17:58.731043] [I] [SingleNodeWorker] [WorkerThread-12] [] [SequenceShredder.cpp:55] [~SequenceShredder] Successfully validated SequenceShredder[m
[36m[04:18:02.108578] [D] [Not A Worker] [unnamed] [queryId:1756174292] [BufferManager.cpp:110] [initialize] NES memory allocation requires 1 out of 540577120256 (so 1.8498748143954595e-10%) available bytes[m
[36m[04:18:02.108652] [D] [Not A Worker] [unnamed] [queryId:1756174292] [BufferManager.cpp:160] [initialize] BufferManager configuration bufferSize=1 numOfBuffers=1[m
[36m[04:18:02.108854] [D] [Not A Worker] [unnamed] [queryId:1756174292] [PipeliningPhase.cpp:404] [apply] Constructed pipeline plan with 1 root pipelines.
PipelinedQueryPlan for Query: 1756174292
Number of root pipelines: 1
------------------
Root Pipeline 0:
  Pipeline(ID(187), Provider(COMPILER))
  Operator chain:
    PhysicalOperator(NES::SourcePhysicalOperator)
  Successor Pipeline:
    Pipeline(ID(188), Provider(None))
      Operator chain:
        PhysicalOperator(NES::ScanPhysicalOperator)
          PhysicalOperator(NES::SelectionPhysicalOperator)
            PhysicalOperator(NES::MapPhysicalOperator)
              PhysicalOperator(NES::EmitPhysicalOperator)
      Successor Pipeline:
        Pipeline(ID(189), Provider(None))
          Operator chain:
            PhysicalOperator(NES::SinkPhysicalOperator)

[m
[36m[04:18:02.112892] [D] [Not A Worker] [unnamed] [] [SinkProvider.cpp:30] [lower] The sinkDescriptor is: SinkDescriptor: (name: variant("NAME_SINK"), type: Void, Config: )[m
[36m[04:18:02.114056] [D] [SingleNodeWorker] [WorkerThread-14] [Task:1756174292-189] [VoidSink.cpp:37] [start] Setting up void sink: VoidSink[m
[36m[04:18:02.190560] [D] [SingleNodeWorker] [WorkerThread-14] [] [SourceThread.cpp:186] [start] Starting source with originId: 2[m
[36m[04:18:02.192143] [D] [SingleNodeWorker] [WorkerThread-14] [Task:1756174292-188] [BufferManager.cpp:65] [~BufferManager] Calling BufferManager::destroy()[m
[36m[04:18:02.192181] [D] [SingleNodeWorker] [WorkerThread-14] [Task:1756174292-188] [BufferManager.cpp:93] [~BufferManager] Shutting down Buffer Manager completed[m
[36m[04:18:03.214752] [D] [SingleNodeWorker] [WorkerThread-3] [Task:1756174292-188] [InputFormatter.hpp:349] [indexTrailingSpanningTupleProxy] last offset: 262143, first offset: 214[m
[36m[04:18:03.624301] [D] [SingleNodeWorker] [WorkerThread-6] [Task:1756174292] [SourceThread.cpp:232] [tryStop] SourceThread 2: attempting to stop source[m
[36m[04:18:03.624351] [D] [SingleNodeWorker] [WorkerThread-6] [Task:1756174292] [SourceThread.cpp:250] [tryStop] SourceThread 2: stopped[m
[32m[04:18:03.650361] [I] [SingleNodeWorker] [WorkerThread-2] [Task:1756174292-189] [VoidSink.cpp:42] [stop] Void Sink completed.[m
[36m[04:18:03.650494] [D] [SingleNodeWorker] [WorkerThread-2] [] [SourceThread.cpp:228] [tryStop] SourceThread 2: thread is not running[m
[32m[04:18:03.650585] [I] [SingleNodeWorker] [WorkerThread-9] [] [SequenceShredder.cpp:55] [~SequenceShredder] Successfully validated SequenceShredder[m
[36m[04:18:07.081858] [D] [Not A Worker] [unnamed] [queryId:744514615] [BufferManager.cpp:110] [initialize] NES memory allocation requires 1 out of 540577120256 (so 1.8498748143954595e-10%) available bytes[m
[36m[04:18:07.081922] [D] [Not A Worker] [unnamed] [queryId:744514615] [BufferManager.cpp:160] [initialize] BufferManager configuration bufferSize=1 numOfBuffers=1[m
[36m[04:18:07.082105] [D] [Not A Worker] [unnamed] [queryId:744514615] [PipeliningPhase.cpp:404] [apply] Constructed pipeline plan with 1 root pipelines.
PipelinedQueryPlan for Query: 744514615
Number of root pipelines: 1
------------------
Root Pipeline 0:
  Pipeline(ID(190), Provider(COMPILER))
  Operator chain:
    PhysicalOperator(NES::SourcePhysicalOperator)
  Successor Pipeline:
    Pipeline(ID(191), Provider(None))
      Operator chain:
        PhysicalOperator(NES::ScanPhysicalOperator)
          PhysicalOperator(NES::SelectionPhysicalOperator)
            PhysicalOperator(NES::MapPhysicalOperator)
              PhysicalOperator(NES::EmitPhysicalOperator)
      Successor Pipeline:
        Pipeline(ID(192), Provider(None))
          Operator chain:
            PhysicalOperator(NES::SinkPhysicalOperator)

[m
[36m[04:18:07.085557] [D] [Not A Worker] [unnamed] [] [SinkProvider.cpp:30] [lower] The sinkDescriptor is: SinkDescriptor: (name: variant("NAME_SINK"), type: Void, Config: )[m
[36m[04:18:07.087091] [D] [SingleNodeWorker] [WorkerThread-13] [Task:744514615-192] [VoidSink.cpp:37] [start] Setting up void sink: VoidSink[m
[36m[04:18:07.163266] [D] [SingleNodeWorker] [WorkerThread-0] [] [SourceThread.cpp:186] [start] Starting source with originId: 2[m
[36m[04:18:07.164822] [D] [SingleNodeWorker] [WorkerThread-0] [Task:744514615-191] [BufferManager.cpp:65] [~BufferManager] Calling BufferManager::destroy()[m
[36m[04:18:07.164848] [D] [SingleNodeWorker] [WorkerThread-0] [Task:744514615-191] [BufferManager.cpp:93] [~BufferManager] Shutting down Buffer Manager completed[m
[36m[04:18:08.601559] [D] [SingleNodeWorker] [WorkerThread-13] [Task:744514615] [SourceThread.cpp:232] [tryStop] SourceThread 2: attempting to stop source[m
[36m[04:18:08.601603] [D] [SingleNodeWorker] [WorkerThread-13] [Task:744514615] [SourceThread.cpp:250] [tryStop] SourceThread 2: stopped[m
[32m[04:18:08.628451] [I] [SingleNodeWorker] [WorkerThread-6] [] [SequenceShredder.cpp:55] [~SequenceShredder] Successfully validated SequenceShredder[m
[32m[04:18:08.628457] [I] [SingleNodeWorker] [WorkerThread-14] [Task:744514615-192] [VoidSink.cpp:42] [stop] Void Sink completed.[m
[36m[04:18:08.628644] [D] [SingleNodeWorker] [WorkerThread-14] [] [SourceThread.cpp:228] [tryStop] SourceThread 2: thread is not running[m
[36m[04:18:12.023013] [D] [Not A Worker] [unnamed] [queryId:1109490542] [BufferManager.cpp:110] [initialize] NES memory allocation requires 1 out of 540577120256 (so 1.8498748143954595e-10%) available bytes[m
[36m[04:18:12.023074] [D] [Not A Worker] [unnamed] [queryId:1109490542] [BufferManager.cpp:160] [initialize] BufferManager configuration bufferSize=1 numOfBuffers=1[m
[36m[04:18:12.023241] [D] [Not A Worker] [unnamed] [queryId:1109490542] [PipeliningPhase.cpp:404] [apply] Constructed pipeline plan with 1 root pipelines.
PipelinedQueryPlan for Query: 1109490542
Number of root pipelines: 1
------------------
Root Pipeline 0:
  Pipeline(ID(193), Provider(COMPILER))
  Operator chain:
    PhysicalOperator(NES::SourcePhysicalOperator)
  Successor Pipeline:
    Pipeline(ID(194), Provider(None))
      Operator chain:
        PhysicalOperator(NES::ScanPhysicalOperator)
          PhysicalOperator(NES::SelectionPhysicalOperator)
            PhysicalOperator(NES::MapPhysicalOperator)
              PhysicalOperator(NES::EmitPhysicalOperator)
      Successor Pipeline:
        Pipeline(ID(195), Provider(None))
          Operator chain:
            PhysicalOperator(NES::SinkPhysicalOperator)

[m
[36m[04:18:12.026475] [D] [Not A Worker] [unnamed] [] [SinkProvider.cpp:30] [lower] The sinkDescriptor is: SinkDescriptor: (name: variant("NAME_SINK"), type: Void, Config: )[m
[36m[04:18:12.026847] [D] [SingleNodeWorker] [WorkerThread-4] [Task:1109490542-195] [VoidSink.cpp:37] [start] Setting up void sink: VoidSink[m
[36m[04:18:12.102484] [D] [SingleNodeWorker] [WorkerThread-10] [] [SourceThread.cpp:186] [start] Starting source with originId: 2[m
[36m[04:18:12.104613] [D] [SingleNodeWorker] [WorkerThread-10] [Task:1109490542-194] [BufferManager.cpp:65] [~BufferManager] Calling BufferManager::destroy()[m
[36m[04:18:12.104639] [D] [SingleNodeWorker] [WorkerThread-10] [Task:1109490542-194] [BufferManager.cpp:93] [~BufferManager] Shutting down Buffer Manager completed[m
[36m[04:18:13.536252] [D] [SingleNodeWorker] [WorkerThread-9] [Task:1109490542] [SourceThread.cpp:232] [tryStop] SourceThread 2: attempting to stop source[m
[36m[04:18:13.536306] [D] [SingleNodeWorker] [WorkerThread-9] [Task:1109490542] [SourceThread.cpp:250] [tryStop] SourceThread 2: stopped[m
[32m[04:18:13.562392] [I] [SingleNodeWorker] [WorkerThread-12] [Task:1109490542-195] [VoidSink.cpp:42] [stop] Void Sink completed.[m
[36m[04:18:13.562527] [D] [SingleNodeWorker] [WorkerThread-12] [] [SourceThread.cpp:228] [tryStop] SourceThread 2: thread is not running[m
[32m[04:18:13.562621] [I] [SingleNodeWorker] [WorkerThread-3] [] [SequenceShredder.cpp:55] [~SequenceShredder] Successfully validated SequenceShredder[m
[36m[04:18:16.927432] [D] [Not A Worker] [unnamed] [queryId:977582542] [BufferManager.cpp:110] [initialize] NES memory allocation requires 1 out of 540577120256 (so 1.8498748143954595e-10%) available bytes[m
[36m[04:18:16.927514] [D] [Not A Worker] [unnamed] [queryId:977582542] [BufferManager.cpp:160] [initialize] BufferManager configuration bufferSize=1 numOfBuffers=1[m
[36m[04:18:16.927686] [D] [Not A Worker] [unnamed] [queryId:977582542] [PipeliningPhase.cpp:404] [apply] Constructed pipeline plan with 1 root pipelines.
PipelinedQueryPlan for Query: 977582542
Number of root pipelines: 1
------------------
Root Pipeline 0:
  Pipeline(ID(196), Provider(COMPILER))
  Operator chain:
    PhysicalOperator(NES::SourcePhysicalOperator)
  Successor Pipeline:
    Pipeline(ID(197), Provider(None))
      Operator chain:
        PhysicalOperator(NES::ScanPhysicalOperator)
          PhysicalOperator(NES::SelectionPhysicalOperator)
            PhysicalOperator(NES::MapPhysicalOperator)
              PhysicalOperator(NES::EmitPhysicalOperator)
      Successor Pipeline:
        Pipeline(ID(198), Provider(None))
          Operator chain:
            PhysicalOperator(NES::SinkPhysicalOperator)

[m
[36m[04:18:16.931593] [D] [Not A Worker] [unnamed] [] [SinkProvider.cpp:30] [lower] The sinkDescriptor is: SinkDescriptor: (name: variant("NAME_SINK"), type: Void, Config: )[m
[36m[04:18:16.933637] [D] [SingleNodeWorker] [WorkerThread-6] [Task:977582542-198] [VoidSink.cpp:37] [start] Setting up void sink: VoidSink[m
[36m[04:18:17.007748] [D] [SingleNodeWorker] [WorkerThread-6] [] [SourceThread.cpp:186] [start] Starting source with originId: 2[m
[36m[04:18:17.009417] [D] [SingleNodeWorker] [WorkerThread-12] [Task:977582542-197] [BufferManager.cpp:65] [~BufferManager] Calling BufferManager::destroy()[m
[36m[04:18:17.009497] [D] [SingleNodeWorker] [WorkerThread-12] [Task:977582542-197] [BufferManager.cpp:93] [~BufferManager] Shutting down Buffer Manager completed[m
[36m[04:18:18.436755] [D] [SingleNodeWorker] [WorkerThread-12] [Task:977582542] [SourceThread.cpp:232] [tryStop] SourceThread 2: attempting to stop source[m
[36m[04:18:18.436811] [D] [SingleNodeWorker] [WorkerThread-12] [Task:977582542] [SourceThread.cpp:250] [tryStop] SourceThread 2: stopped[m
[32m[04:18:18.462773] [I] [SingleNodeWorker] [WorkerThread-10] [] [SequenceShredder.cpp:55] [~SequenceShredder] Successfully validated SequenceShredder[m
[32m[04:18:18.463365] [I] [SingleNodeWorker] [WorkerThread-11] [Task:977582542-198] [VoidSink.cpp:42] [stop] Void Sink completed.[m
[36m[04:18:18.463499] [D] [SingleNodeWorker] [WorkerThread-11] [] [SourceThread.cpp:228] [tryStop] SourceThread 2: thread is not running[m
[36m[04:18:21.895594] [D] [Not A Worker] [unnamed] [queryId:261397956] [BufferManager.cpp:110] [initialize] NES memory allocation requires 1 out of 540577120256 (so 1.8498748143954595e-10%) available bytes[m
[36m[04:18:21.895658] [D] [Not A Worker] [unnamed] [queryId:261397956] [BufferManager.cpp:160] [initialize] BufferManager configuration bufferSize=1 numOfBuffers=1[m
[36m[04:18:21.895840] [D] [Not A Worker] [unnamed] [queryId:261397956] [PipeliningPhase.cpp:404] [apply] Constructed pipeline plan with 1 root pipelines.
PipelinedQueryPlan for Query: 261397956
Number of root pipelines: 1
------------------
Root Pipeline 0:
  Pipeline(ID(199), Provider(COMPILER))
  Operator chain:
    PhysicalOperator(NES::SourcePhysicalOperator)
  Successor Pipeline:
    Pipeline(ID(200), Provider(None))
      Operator chain:
        PhysicalOperator(NES::ScanPhysicalOperator)
          PhysicalOperator(NES::SelectionPhysicalOperator)
            PhysicalOperator(NES::MapPhysicalOperator)
              PhysicalOperator(NES::EmitPhysicalOperator)
      Successor Pipeline:
        Pipeline(ID(201), Provider(None))
          Operator chain:
            PhysicalOperator(NES::SinkPhysicalOperator)

[m
[36m[04:18:21.898930] [D] [Not A Worker] [unnamed] [] [SinkProvider.cpp:30] [lower] The sinkDescriptor is: SinkDescriptor: (name: variant("NAME_SINK"), type: Void, Config: )[m
[36m[04:18:21.899531] [D] [SingleNodeWorker] [WorkerThread-3] [Task:261397956-201] [VoidSink.cpp:37] [start] Setting up void sink: VoidSink[m
[36m[04:18:21.977249] [D] [SingleNodeWorker] [WorkerThread-3] [] [SourceThread.cpp:186] [start] Starting source with originId: 2[m
[36m[04:18:21.978791] [D] [SingleNodeWorker] [WorkerThread-3] [Task:261397956-200] [BufferManager.cpp:65] [~BufferManager] Calling BufferManager::destroy()[m
[36m[04:18:21.978818] [D] [SingleNodeWorker] [WorkerThread-3] [Task:261397956-200] [BufferManager.cpp:93] [~BufferManager] Shutting down Buffer Manager completed[m
[36m[04:18:22.804079] [D] [SingleNodeWorker] [WorkerThread-7] [Task:261397956-200] [InputFormatter.hpp:349] [indexTrailingSpanningTupleProxy] last offset: 262143, first offset: 29[m
[36m[04:18:23.423530] [D] [SingleNodeWorker] [WorkerThread-0] [Task:261397956] [SourceThread.cpp:232] [tryStop] SourceThread 2: attempting to stop source[m
[36m[04:18:23.423584] [D] [SingleNodeWorker] [WorkerThread-0] [Task:261397956] [SourceThread.cpp:250] [tryStop] SourceThread 2: stopped[m
[32m[04:18:23.449477] [I] [SingleNodeWorker] [WorkerThread-1] [] [SequenceShredder.cpp:55] [~SequenceShredder] Successfully validated SequenceShredder[m
[32m[04:18:23.449646] [I] [SingleNodeWorker] [WorkerThread-10] [Task:261397956-201] [VoidSink.cpp:42] [stop] Void Sink completed.[m
[36m[04:18:23.449779] [D] [SingleNodeWorker] [WorkerThread-10] [] [SourceThread.cpp:228] [tryStop] SourceThread 2: thread is not running[m
[36m[04:18:26.835890] [D] [Not A Worker] [unnamed] [queryId:558951836] [BufferManager.cpp:110] [initialize] NES memory allocation requires 1 out of 540577120256 (so 1.8498748143954595e-10%) available bytes[m
[36m[04:18:26.835963] [D] [Not A Worker] [unnamed] [queryId:558951836] [BufferManager.cpp:160] [initialize] BufferManager configuration bufferSize=1 numOfBuffers=1[m
[36m[04:18:26.836153] [D] [Not A Worker] [unnamed] [queryId:558951836] [PipeliningPhase.cpp:404] [apply] Constructed pipeline plan with 1 root pipelines.
PipelinedQueryPlan for Query: 558951836
Number of root pipelines: 1
------------------
Root Pipeline 0:
  Pipeline(ID(202), Provider(COMPILER))
  Operator chain:
    PhysicalOperator(NES::SourcePhysicalOperator)
  Successor Pipeline:
    Pipeline(ID(203), Provider(None))
      Operator chain:
        PhysicalOperator(NES::ScanPhysicalOperator)
          PhysicalOperator(NES::SelectionPhysicalOperator)
            PhysicalOperator(NES::MapPhysicalOperator)
              PhysicalOperator(NES::EmitPhysicalOperator)
      Successor Pipeline:
        Pipeline(ID(204), Provider(None))
          Operator chain:
            PhysicalOperator(NES::SinkPhysicalOperator)

[m
[36m[04:18:26.839484] [D] [Not A Worker] [unnamed] [] [SinkProvider.cpp:30] [lower] The sinkDescriptor is: SinkDescriptor: (name: variant("NAME_SINK"), type: Void, Config: )[m
[36m[04:18:26.839849] [D] [SingleNodeWorker] [WorkerThread-15] [Task:558951836-204] [VoidSink.cpp:37] [start] Setting up void sink: VoidSink[m
[36m[04:18:26.916791] [D] [SingleNodeWorker] [WorkerThread-15] [] [SourceThread.cpp:186] [start] Starting source with originId: 2[m
[36m[04:18:26.918347] [D] [SingleNodeWorker] [WorkerThread-15] [Task:558951836-203] [BufferManager.cpp:65] [~BufferManager] Calling BufferManager::destroy()[m
[36m[04:18:26.918373] [D] [SingleNodeWorker] [WorkerThread-15] [Task:558951836-203] [BufferManager.cpp:93] [~BufferManager] Shutting down Buffer Manager completed[m
[36m[04:18:28.344066] [D] [SingleNodeWorker] [WorkerThread-4] [Task:558951836] [SourceThread.cpp:232] [tryStop] SourceThread 2: attempting to stop source[m
[36m[04:18:28.344110] [D] [SingleNodeWorker] [WorkerThread-4] [Task:558951836] [SourceThread.cpp:250] [tryStop] SourceThread 2: stopped[m
[32m[04:18:28.369723] [I] [SingleNodeWorker] [WorkerThread-13] [Task:558951836-204] [VoidSink.cpp:42] [stop] Void Sink completed.[m
[36m[04:18:28.369879] [D] [SingleNodeWorker] [WorkerThread-13] [] [SourceThread.cpp:228] [tryStop] SourceThread 2: thread is not running[m
[32m[04:18:28.369951] [I] [SingleNodeWorker] [WorkerThread-1] [] [SequenceShredder.cpp:55] [~SequenceShredder] Successfully validated SequenceShredder[m
[36m[04:18:31.762465] [D] [Not A Worker] [unnamed] [queryId:1677815910] [BufferManager.cpp:110] [initialize] NES memory allocation requires 1 out of 540577120256 (so 1.8498748143954595e-10%) available bytes[m
[36m[04:18:31.762527] [D] [Not A Worker] [unnamed] [queryId:1677815910] [BufferManager.cpp:160] [initialize] BufferManager configuration bufferSize=1 numOfBuffers=1[m
[36m[04:18:31.762692] [D] [Not A Worker] [unnamed] [queryId:1677815910] [PipeliningPhase.cpp:404] [apply] Constructed pipeline plan with 1 root pipelines.
PipelinedQueryPlan for Query: 1677815910
Number of root pipelines: 1
------------------
Root Pipeline 0:
  Pipeline(ID(205), Provider(COMPILER))
  Operator chain:
    PhysicalOperator(NES::SourcePhysicalOperator)
  Successor Pipeline:
    Pipeline(ID(206), Provider(None))
      Operator chain:
        PhysicalOperator(NES::ScanPhysicalOperator)
          PhysicalOperator(NES::SelectionPhysicalOperator)
            PhysicalOperator(NES::MapPhysicalOperator)
              PhysicalOperator(NES::EmitPhysicalOperator)
      Successor Pipeline:
        Pipeline(ID(207), Provider(None))
          Operator chain:
            PhysicalOperator(NES::SinkPhysicalOperator)

[m
[36m[04:18:31.766198] [D] [Not A Worker] [unnamed] [] [SinkProvider.cpp:30] [lower] The sinkDescriptor is: SinkDescriptor: (name: variant("NAME_SINK"), type: Void, Config: )[m
[36m[04:18:31.766840] [D] [SingleNodeWorker] [WorkerThread-2] [Task:1677815910-207] [VoidSink.cpp:37] [start] Setting up void sink: VoidSink[m
[36m[04:18:31.841303] [D] [SingleNodeWorker] [WorkerThread-14] [] [SourceThread.cpp:186] [start] Starting source with originId: 2[m
[36m[04:18:31.842861] [D] [SingleNodeWorker] [WorkerThread-14] [Task:1677815910-206] [BufferManager.cpp:65] [~BufferManager] Calling BufferManager::destroy()[m
[36m[04:18:31.842887] [D] [SingleNodeWorker] [WorkerThread-14] [Task:1677815910-206] [BufferManager.cpp:93] [~BufferManager] Shutting down Buffer Manager completed[m
[36m[04:18:33.278510] [D] [SingleNodeWorker] [WorkerThread-7] [Task:1677815910] [SourceThread.cpp:232] [tryStop] SourceThread 2: attempting to stop source[m
[36m[04:18:33.278564] [D] [SingleNodeWorker] [WorkerThread-7] [Task:1677815910] [SourceThread.cpp:250] [tryStop] SourceThread 2: stopped[m
[32m[04:18:33.304634] [I] [SingleNodeWorker] [WorkerThread-11] [] [SequenceShredder.cpp:55] [~SequenceShredder] Successfully validated SequenceShredder[m
[32m[04:18:33.304786] [I] [SingleNodeWorker] [WorkerThread-4] [Task:1677815910-207] [VoidSink.cpp:42] [stop] Void Sink completed.[m
[36m[04:18:33.304925] [D] [SingleNodeWorker] [WorkerThread-4] [] [SourceThread.cpp:228] [tryStop] SourceThread 2: thread is not running[m
[36m[04:18:36.732114] [D] [Not A Worker] [unnamed] [queryId:1993758891] [BufferManager.cpp:110] [initialize] NES memory allocation requires 1 out of 540577120256 (so 1.8498748143954595e-10%) available bytes[m
[36m[04:18:36.732209] [D] [Not A Worker] [unnamed] [queryId:1993758891] [BufferManager.cpp:160] [initialize] BufferManager configuration bufferSize=1 numOfBuffers=1[m
[36m[04:18:36.732410] [D] [Not A Worker] [unnamed] [queryId:1993758891] [PipeliningPhase.cpp:404] [apply] Constructed pipeline plan with 1 root pipelines.
PipelinedQueryPlan for Query: 1993758891
Number of root pipelines: 1
------------------
Root Pipeline 0:
  Pipeline(ID(208), Provider(COMPILER))
  Operator chain:
    PhysicalOperator(NES::SourcePhysicalOperator)
  Successor Pipeline:
    Pipeline(ID(209), Provider(None))
      Operator chain:
        PhysicalOperator(NES::ScanPhysicalOperator)
          PhysicalOperator(NES::SelectionPhysicalOperator)
            PhysicalOperator(NES::MapPhysicalOperator)
              PhysicalOperator(NES::EmitPhysicalOperator)
      Successor Pipeline:
        Pipeline(ID(210), Provider(None))
          Operator chain:
            PhysicalOperator(NES::SinkPhysicalOperator)

[m
[36m[04:18:36.736012] [D] [Not A Worker] [unnamed] [] [SinkProvider.cpp:30] [lower] The sinkDescriptor is: SinkDescriptor: (name: variant("NAME_SINK"), type: Void, Config: )[m
[36m[04:18:36.736663] [D] [SingleNodeWorker] [WorkerThread-11] [Task:1993758891-210] [VoidSink.cpp:37] [start] Setting up void sink: VoidSink[m
[36m[04:18:36.814874] [D] [SingleNodeWorker] [WorkerThread-3] [] [SourceThread.cpp:186] [start] Starting source with originId: 2[m
[36m[04:18:36.816419] [D] [SingleNodeWorker] [WorkerThread-3] [Task:1993758891-209] [BufferManager.cpp:65] [~BufferManager] Calling BufferManager::destroy()[m
[36m[04:18:36.816445] [D] [SingleNodeWorker] [WorkerThread-3] [Task:1993758891-209] [BufferManager.cpp:93] [~BufferManager] Shutting down Buffer Manager completed[m
[36m[04:18:38.254761] [D] [SingleNodeWorker] [WorkerThread-8] [Task:1993758891] [SourceThread.cpp:232] [tryStop] SourceThread 2: attempting to stop source[m
[36m[04:18:38.254807] [D] [SingleNodeWorker] [WorkerThread-8] [Task:1993758891] [SourceThread.cpp:250] [tryStop] SourceThread 2: stopped[m
[32m[04:18:38.280573] [I] [SingleNodeWorker] [WorkerThread-12] [Task:1993758891-210] [VoidSink.cpp:42] [stop] Void Sink completed.[m
[36m[04:18:38.280734] [D] [SingleNodeWorker] [WorkerThread-12] [] [SourceThread.cpp:228] [tryStop] SourceThread 2: thread is not running[m
[32m[04:18:38.280853] [I] [SingleNodeWorker] [WorkerThread-15] [] [SequenceShredder.cpp:55] [~SequenceShredder] Successfully validated SequenceShredder[m
[36m[04:18:41.637846] [D] [Not A Worker] [unnamed] [queryId:1285298430] [BufferManager.cpp:110] [initialize] NES memory allocation requires 1 out of 540577120256 (so 1.8498748143954595e-10%) available bytes[m
[36m[04:18:41.637921] [D] [Not A Worker] [unnamed] [queryId:1285298430] [BufferManager.cpp:160] [initialize] BufferManager configuration bufferSize=1 numOfBuffers=1[m
[36m[04:18:41.638110] [D] [Not A Worker] [unnamed] [queryId:1285298430] [PipeliningPhase.cpp:404] [apply] Constructed pipeline plan with 1 root pipelines.
PipelinedQueryPlan for Query: 1285298430
Number of root pipelines: 1
------------------
Root Pipeline 0:
  Pipeline(ID(211), Provider(COMPILER))
  Operator chain:
    PhysicalOperator(NES::SourcePhysicalOperator)
  Successor Pipeline:
    Pipeline(ID(212), Provider(None))
      Operator chain:
        PhysicalOperator(NES::ScanPhysicalOperator)
          PhysicalOperator(NES::SelectionPhysicalOperator)
            PhysicalOperator(NES::MapPhysicalOperator)
              PhysicalOperator(NES::EmitPhysicalOperator)
      Successor Pipeline:
        Pipeline(ID(213), Provider(None))
          Operator chain:
            PhysicalOperator(NES::SinkPhysicalOperator)

[m
[36m[04:18:41.641474] [D] [Not A Worker] [unnamed] [] [SinkProvider.cpp:30] [lower] The sinkDescriptor is: SinkDescriptor: (name: variant("EXTRA_SINK"), type: Void, Config: )[m
[36m[04:18:41.643596] [D] [SingleNodeWorker] [WorkerThread-9] [Task:1285298430-213] [VoidSink.cpp:37] [start] Setting up void sink: VoidSink[m
[36m[04:18:41.719097] [D] [SingleNodeWorker] [WorkerThread-9] [] [SourceThread.cpp:186] [start] Starting source with originId: 2[m
[36m[04:18:41.720631] [D] [SingleNodeWorker] [WorkerThread-9] [Task:1285298430-212] [BufferManager.cpp:65] [~BufferManager] Calling BufferManager::destroy()[m
[36m[04:18:41.720655] [D] [SingleNodeWorker] [WorkerThread-9] [Task:1285298430-212] [BufferManager.cpp:93] [~BufferManager] Shutting down Buffer Manager completed[m
[36m[04:18:43.150574] [D] [SingleNodeWorker] [WorkerThread-13] [Task:1285298430] [SourceThread.cpp:232] [tryStop] SourceThread 2: attempting to stop source[m
[36m[04:18:43.150631] [D] [SingleNodeWorker] [WorkerThread-13] [Task:1285298430] [SourceThread.cpp:250] [tryStop] SourceThread 2: stopped[m
[32m[04:18:43.176834] [I] [SingleNodeWorker] [WorkerThread-7] [Task:1285298430-213] [VoidSink.cpp:42] [stop] Void Sink completed.[m
[36m[04:18:43.176971] [D] [SingleNodeWorker] [WorkerThread-7] [] [SourceThread.cpp:228] [tryStop] SourceThread 2: thread is not running[m
[32m[04:18:43.177163] [I] [SingleNodeWorker] [WorkerThread-11] [] [SequenceShredder.cpp:55] [~SequenceShredder] Successfully validated SequenceShredder[m
[36m[04:18:46.459364] [D] [Not A Worker] [unnamed] [queryId:1995437143] [BufferManager.cpp:110] [initialize] NES memory allocation requires 1 out of 540577120256 (so 1.8498748143954595e-10%) available bytes[m
[36m[04:18:46.459425] [D] [Not A Worker] [unnamed] [queryId:1995437143] [BufferManager.cpp:160] [initialize] BufferManager configuration bufferSize=1 numOfBuffers=1[m
[36m[04:18:46.459602] [D] [Not A Worker] [unnamed] [queryId:1995437143] [PipeliningPhase.cpp:404] [apply] Constructed pipeline plan with 1 root pipelines.
PipelinedQueryPlan for Query: 1995437143
Number of root pipelines: 1
------------------
Root Pipeline 0:
  Pipeline(ID(214), Provider(COMPILER))
  Operator chain:
    PhysicalOperator(NES::SourcePhysicalOperator)
  Successor Pipeline:
    Pipeline(ID(215), Provider(None))
      Operator chain:
        PhysicalOperator(NES::ScanPhysicalOperator)
          PhysicalOperator(NES::SelectionPhysicalOperator)
            PhysicalOperator(NES::MapPhysicalOperator)
              PhysicalOperator(NES::EmitPhysicalOperator)
      Successor Pipeline:
        Pipeline(ID(216), Provider(None))
          Operator chain:
            PhysicalOperator(NES::SinkPhysicalOperator)

[m
[36m[04:18:46.463223] [D] [Not A Worker] [unnamed] [] [SinkProvider.cpp:30] [lower] The sinkDescriptor is: SinkDescriptor: (name: variant("EXTRA_SINK"), type: Void, Config: )[m
[36m[04:18:46.463689] [D] [SingleNodeWorker] [WorkerThread-15] [Task:1995437143-216] [VoidSink.cpp:37] [start] Setting up void sink: VoidSink[m
[36m[04:18:46.537636] [D] [SingleNodeWorker] [WorkerThread-1] [] [SourceThread.cpp:186] [start] Starting source with originId: 2[m
[36m[04:18:46.539160] [D] [SingleNodeWorker] [WorkerThread-1] [Task:1995437143-215] [BufferManager.cpp:65] [~BufferManager] Calling BufferManager::destroy()[m
[36m[04:18:46.539187] [D] [SingleNodeWorker] [WorkerThread-1] [Task:1995437143-215] [BufferManager.cpp:93] [~BufferManager] Shutting down Buffer Manager completed[m
[36m[04:18:47.995984] [D] [SingleNodeWorker] [WorkerThread-3] [Task:1995437143] [SourceThread.cpp:232] [tryStop] SourceThread 2: attempting to stop source[m
[36m[04:18:47.996047] [D] [SingleNodeWorker] [WorkerThread-3] [Task:1995437143] [SourceThread.cpp:250] [tryStop] SourceThread 2: stopped[m
[32m[04:18:48.022263] [I] [SingleNodeWorker] [WorkerThread-11] [Task:1995437143-216] [VoidSink.cpp:42] [stop] Void Sink completed.[m
[36m[04:18:48.022415] [D] [SingleNodeWorker] [WorkerThread-11] [] [SourceThread.cpp:228] [tryStop] SourceThread 2: thread is not running[m
[32m[04:18:48.022576] [I] [SingleNodeWorker] [WorkerThread-12] [] [SequenceShredder.cpp:55] [~SequenceShredder] Successfully validated SequenceShredder[m
[36m[04:18:51.330184] [D] [Not A Worker] [unnamed] [queryId:1768887220] [BufferManager.cpp:110] [initialize] NES memory allocation requires 1 out of 540577120256 (so 1.8498748143954595e-10%) available bytes[m
[36m[04:18:51.330247] [D] [Not A Worker] [unnamed] [queryId:1768887220] [BufferManager.cpp:160] [initialize] BufferManager configuration bufferSize=1 numOfBuffers=1[m
[36m[04:18:51.330443] [D] [Not A Worker] [unnamed] [queryId:1768887220] [PipeliningPhase.cpp:404] [apply] Constructed pipeline plan with 1 root pipelines.
PipelinedQueryPlan for Query: 1768887220
Number of root pipelines: 1
------------------
Root Pipeline 0:
  Pipeline(ID(217), Provider(COMPILER))
  Operator chain:
    PhysicalOperator(NES::SourcePhysicalOperator)
  Successor Pipeline:
    Pipeline(ID(218), Provider(None))
      Operator chain:
        PhysicalOperator(NES::ScanPhysicalOperator)
          PhysicalOperator(NES::SelectionPhysicalOperator)
            PhysicalOperator(NES::MapPhysicalOperator)
              PhysicalOperator(NES::EmitPhysicalOperator)
      Successor Pipeline:
        Pipeline(ID(219), Provider(None))
          Operator chain:
            PhysicalOperator(NES::SinkPhysicalOperator)

[m
[36m[04:18:51.334268] [D] [Not A Worker] [unnamed] [] [SinkProvider.cpp:30] [lower] The sinkDescriptor is: SinkDescriptor: (name: variant("EXTRA_SINK"), type: Void, Config: )[m
[36m[04:18:51.336060] [D] [SingleNodeWorker] [WorkerThread-13] [Task:1768887220-219] [VoidSink.cpp:37] [start] Setting up void sink: VoidSink[m
[36m[04:18:51.409711] [D] [SingleNodeWorker] [WorkerThread-13] [] [SourceThread.cpp:186] [start] Starting source with originId: 2[m
[36m[04:18:51.411411] [D] [SingleNodeWorker] [WorkerThread-14] [Task:1768887220-218] [BufferManager.cpp:65] [~BufferManager] Calling BufferManager::destroy()[m
[36m[04:18:51.411504] [D] [SingleNodeWorker] [WorkerThread-14] [Task:1768887220-218] [BufferManager.cpp:93] [~BufferManager] Shutting down Buffer Manager completed[m
[36m[04:18:51.775133] [D] [SingleNodeWorker] [WorkerThread-15] [Task:1768887220-218] [InputFormatter.hpp:349] [indexTrailingSpanningTupleProxy] last offset: 262143, first offset: 206[m
[36m[04:18:52.880850] [D] [SingleNodeWorker] [WorkerThread-1] [Task:1768887220] [SourceThread.cpp:232] [tryStop] SourceThread 2: attempting to stop source[m
[36m[04:18:52.880907] [D] [SingleNodeWorker] [WorkerThread-1] [Task:1768887220] [SourceThread.cpp:250] [tryStop] SourceThread 2: stopped[m
[32m[04:18:52.906775] [I] [SingleNodeWorker] [WorkerThread-10] [] [SequenceShredder.cpp:55] [~SequenceShredder] Successfully validated SequenceShredder[m
[32m[04:18:52.907156] [I] [SingleNodeWorker] [WorkerThread-11] [Task:1768887220-219] [VoidSink.cpp:42] [stop] Void Sink completed.[m
[36m[04:18:52.907291] [D] [SingleNodeWorker] [WorkerThread-11] [] [SourceThread.cpp:228] [tryStop] SourceThread 2: thread is not running[m
[36m[04:18:56.169873] [D] [Not A Worker] [unnamed] [queryId:1763802796] [BufferManager.cpp:110] [initialize] NES memory allocation requires 1 out of 540577120256 (so 1.8498748143954595e-10%) available bytes[m
[36m[04:18:56.169930] [D] [Not A Worker] [unnamed] [queryId:1763802796] [BufferManager.cpp:160] [initialize] BufferManager configuration bufferSize=1 numOfBuffers=1[m
[36m[04:18:56.170109] [D] [Not A Worker] [unnamed] [queryId:1763802796] [PipeliningPhase.cpp:404] [apply] Constructed pipeline plan with 1 root pipelines.
PipelinedQueryPlan for Query: 1763802796
Number of root pipelines: 1
------------------
Root Pipeline 0:
  Pipeline(ID(220), Provider(COMPILER))
  Operator chain:
    PhysicalOperator(NES::SourcePhysicalOperator)
  Successor Pipeline:
    Pipeline(ID(221), Provider(None))
      Operator chain:
        PhysicalOperator(NES::ScanPhysicalOperator)
          PhysicalOperator(NES::SelectionPhysicalOperator)
            PhysicalOperator(NES::MapPhysicalOperator)
              PhysicalOperator(NES::EmitPhysicalOperator)
      Successor Pipeline:
        Pipeline(ID(222), Provider(None))
          Operator chain:
            PhysicalOperator(NES::SinkPhysicalOperator)

[m
[36m[04:18:56.173728] [D] [Not A Worker] [unnamed] [] [SinkProvider.cpp:30] [lower] The sinkDescriptor is: SinkDescriptor: (name: variant("EXTRA_SINK"), type: Void, Config: )[m
[36m[04:18:56.174407] [D] [SingleNodeWorker] [WorkerThread-5] [Task:1763802796-222] [VoidSink.cpp:37] [start] Setting up void sink: VoidSink[m
[36m[04:18:56.248492] [D] [SingleNodeWorker] [WorkerThread-5] [] [SourceThread.cpp:186] [start] Starting source with originId: 2[m
[36m[04:18:56.250001] [D] [SingleNodeWorker] [WorkerThread-5] [Task:1763802796-221] [BufferManager.cpp:65] [~BufferManager] Calling BufferManager::destroy()[m
[36m[04:18:56.250025] [D] [SingleNodeWorker] [WorkerThread-5] [Task:1763802796-221] [BufferManager.cpp:93] [~BufferManager] Shutting down Buffer Manager completed[m
[36m[04:18:57.679983] [D] [SingleNodeWorker] [WorkerThread-15] [Task:1763802796] [SourceThread.cpp:232] [tryStop] SourceThread 2: attempting to stop source[m
[36m[04:18:57.680039] [D] [SingleNodeWorker] [WorkerThread-15] [Task:1763802796] [SourceThread.cpp:250] [tryStop] SourceThread 2: stopped[m
[32m[04:18:57.706756] [I] [SingleNodeWorker] [WorkerThread-3] [] [SequenceShredder.cpp:55] [~SequenceShredder] Successfully validated SequenceShredder[m
[32m[04:18:57.706835] [I] [SingleNodeWorker] [WorkerThread-0] [Task:1763802796-222] [VoidSink.cpp:42] [stop] Void Sink completed.[m
[36m[04:18:57.706982] [D] [SingleNodeWorker] [WorkerThread-0] [] [SourceThread.cpp:228] [tryStop] SourceThread 2: thread is not running[m
[36m[04:19:01.114722] [D] [Not A Worker] [unnamed] [queryId:53984470] [BufferManager.cpp:110] [initialize] NES memory allocation requires 1 out of 540577120256 (so 1.8498748143954595e-10%) available bytes[m
[36m[04:19:01.114804] [D] [Not A Worker] [unnamed] [queryId:53984470] [BufferManager.cpp:160] [initialize] BufferManager configuration bufferSize=1 numOfBuffers=1[m
[36m[04:19:01.115000] [D] [Not A Worker] [unnamed] [queryId:53984470] [PipeliningPhase.cpp:404] [apply] Constructed pipeline plan with 1 root pipelines.
PipelinedQueryPlan for Query: 53984470
Number of root pipelines: 1
------------------
Root Pipeline 0:
  Pipeline(ID(223), Provider(COMPILER))
  Operator chain:
    PhysicalOperator(NES::SourcePhysicalOperator)
  Successor Pipeline:
    Pipeline(ID(224), Provider(None))
      Operator chain:
        PhysicalOperator(NES::ScanPhysicalOperator)
          PhysicalOperator(NES::SelectionPhysicalOperator)
            PhysicalOperator(NES::MapPhysicalOperator)
              PhysicalOperator(NES::EmitPhysicalOperator)
      Successor Pipeline:
        Pipeline(ID(225), Provider(None))
          Operator chain:
            PhysicalOperator(NES::SinkPhysicalOperator)

[m
[36m[04:19:01.118567] [D] [Not A Worker] [unnamed] [] [SinkProvider.cpp:30] [lower] The sinkDescriptor is: SinkDescriptor: (name: variant("EXTRA_SINK"), type: Void, Config: )[m
[36m[04:19:01.119147] [D] [SingleNodeWorker] [WorkerThread-1] [Task:53984470-225] [VoidSink.cpp:37] [start] Setting up void sink: VoidSink[m
[36m[04:19:01.194887] [D] [SingleNodeWorker] [WorkerThread-1] [] [SourceThread.cpp:186] [start] Starting source with originId: 2[m
[36m[04:19:01.196456] [D] [SingleNodeWorker] [WorkerThread-1] [Task:53984470-224] [BufferManager.cpp:65] [~BufferManager] Calling BufferManager::destroy()[m
[36m[04:19:01.196482] [D] [SingleNodeWorker] [WorkerThread-1] [Task:53984470-224] [BufferManager.cpp:93] [~BufferManager] Shutting down Buffer Manager completed[m
[36m[04:19:02.629650] [D] [SingleNodeWorker] [WorkerThread-10] [Task:53984470] [SourceThread.cpp:232] [tryStop] SourceThread 2: attempting to stop source[m
[36m[04:19:02.629703] [D] [SingleNodeWorker] [WorkerThread-10] [Task:53984470] [SourceThread.cpp:250] [tryStop] SourceThread 2: stopped[m
[32m[04:19:02.655474] [I] [SingleNodeWorker] [WorkerThread-1] [Task:53984470-225] [VoidSink.cpp:42] [stop] Void Sink completed.[m
[32m[04:19:02.655594] [I] [SingleNodeWorker] [WorkerThread-14] [] [SequenceShredder.cpp:55] [~SequenceShredder] Successfully validated SequenceShredder[m
[36m[04:19:02.655603] [D] [SingleNodeWorker] [WorkerThread-1] [] [SourceThread.cpp:228] [tryStop] SourceThread 2: thread is not running[m
[36m[04:19:06.016685] [D] [Not A Worker] [unnamed] [queryId:532843376] [BufferManager.cpp:110] [initialize] NES memory allocation requires 1 out of 540577120256 (so 1.8498748143954595e-10%) available bytes[m
[36m[04:19:06.016749] [D] [Not A Worker] [unnamed] [queryId:532843376] [BufferManager.cpp:160] [initialize] BufferManager configuration bufferSize=1 numOfBuffers=1[m
[36m[04:19:06.016939] [D] [Not A Worker] [unnamed] [queryId:532843376] [PipeliningPhase.cpp:404] [apply] Constructed pipeline plan with 1 root pipelines.
PipelinedQueryPlan for Query: 532843376
Number of root pipelines: 1
------------------
Root Pipeline 0:
  Pipeline(ID(226), Provider(COMPILER))
  Operator chain:
    PhysicalOperator(NES::SourcePhysicalOperator)
  Successor Pipeline:
    Pipeline(ID(227), Provider(None))
      Operator chain:
        PhysicalOperator(NES::ScanPhysicalOperator)
          PhysicalOperator(NES::SelectionPhysicalOperator)
            PhysicalOperator(NES::MapPhysicalOperator)
              PhysicalOperator(NES::EmitPhysicalOperator)
      Successor Pipeline:
        Pipeline(ID(228), Provider(None))
          Operator chain:
            PhysicalOperator(NES::SinkPhysicalOperator)

[m
[36m[04:19:06.021053] [D] [Not A Worker] [unnamed] [] [SinkProvider.cpp:30] [lower] The sinkDescriptor is: SinkDescriptor: (name: variant("EXTRA_SINK"), type: Void, Config: )[m
[36m[04:19:06.024574] [D] [SingleNodeWorker] [WorkerThread-3] [Task:532843376-228] [VoidSink.cpp:37] [start] Setting up void sink: VoidSink[m
[36m[04:19:06.101272] [D] [SingleNodeWorker] [WorkerThread-8] [] [SourceThread.cpp:186] [start] Starting source with originId: 2[m
[36m[04:19:06.102814] [D] [SingleNodeWorker] [WorkerThread-8] [Task:532843376-227] [BufferManager.cpp:65] [~BufferManager] Calling BufferManager::destroy()[m
[36m[04:19:06.102840] [D] [SingleNodeWorker] [WorkerThread-8] [Task:532843376-227] [BufferManager.cpp:93] [~BufferManager] Shutting down Buffer Manager completed[m
[36m[04:19:07.523179] [D] [SingleNodeWorker] [WorkerThread-7] [Task:532843376] [SourceThread.cpp:232] [tryStop] SourceThread 2: attempting to stop source[m
[36m[04:19:07.523223] [D] [SingleNodeWorker] [WorkerThread-7] [Task:532843376] [SourceThread.cpp:250] [tryStop] SourceThread 2: stopped[m
[32m[04:19:07.548891] [I] [SingleNodeWorker] [WorkerThread-14] [Task:532843376-228] [VoidSink.cpp:42] [stop] Void Sink completed.[m
[36m[04:19:07.549017] [D] [SingleNodeWorker] [WorkerThread-14] [] [SourceThread.cpp:228] [tryStop] SourceThread 2: thread is not running[m
[32m[04:19:07.549107] [I] [SingleNodeWorker] [WorkerThread-4] [] [SequenceShredder.cpp:55] [~SequenceShredder] Successfully validated SequenceShredder[m
[36m[04:19:10.839142] [D] [Not A Worker] [unnamed] [queryId:1278492404] [BufferManager.cpp:110] [initialize] NES memory allocation requires 1 out of 540577120256 (so 1.8498748143954595e-10%) available bytes[m
[36m[04:19:10.839208] [D] [Not A Worker] [unnamed] [queryId:1278492404] [BufferManager.cpp:160] [initialize] BufferManager configuration bufferSize=1 numOfBuffers=1[m
[36m[04:19:10.839388] [D] [Not A Worker] [unnamed] [queryId:1278492404] [PipeliningPhase.cpp:404] [apply] Constructed pipeline plan with 1 root pipelines.
PipelinedQueryPlan for Query: 1278492404
Number of root pipelines: 1
------------------
Root Pipeline 0:
  Pipeline(ID(229), Provider(COMPILER))
  Operator chain:
    PhysicalOperator(NES::SourcePhysicalOperator)
  Successor Pipeline:
    Pipeline(ID(230), Provider(None))
      Operator chain:
        PhysicalOperator(NES::ScanPhysicalOperator)
          PhysicalOperator(NES::SelectionPhysicalOperator)
            PhysicalOperator(NES::MapPhysicalOperator)
              PhysicalOperator(NES::EmitPhysicalOperator)
      Successor Pipeline:
        Pipeline(ID(231), Provider(None))
          Operator chain:
            PhysicalOperator(NES::SinkPhysicalOperator)

[m
[36m[04:19:10.843149] [D] [Not A Worker] [unnamed] [] [SinkProvider.cpp:30] [lower] The sinkDescriptor is: SinkDescriptor: (name: variant("EXTRA_SINK"), type: Void, Config: )[m
[36m[04:19:10.843688] [D] [SingleNodeWorker] [WorkerThread-9] [Task:1278492404-231] [VoidSink.cpp:37] [start] Setting up void sink: VoidSink[m
[36m[04:19:10.919217] [D] [SingleNodeWorker] [WorkerThread-9] [] [SourceThread.cpp:186] [start] Starting source with originId: 2[m
[36m[04:19:10.920726] [D] [SingleNodeWorker] [WorkerThread-9] [Task:1278492404-230] [BufferManager.cpp:65] [~BufferManager] Calling BufferManager::destroy()[m
[36m[04:19:10.920750] [D] [SingleNodeWorker] [WorkerThread-9] [Task:1278492404-230] [BufferManager.cpp:93] [~BufferManager] Shutting down Buffer Manager completed[m
[36m[04:19:12.344736] [D] [SingleNodeWorker] [WorkerThread-6] [Task:1278492404] [SourceThread.cpp:232] [tryStop] SourceThread 2: attempting to stop source[m
[36m[04:19:12.344790] [D] [SingleNodeWorker] [WorkerThread-6] [Task:1278492404] [SourceThread.cpp:250] [tryStop] SourceThread 2: stopped[m
[32m[04:19:12.370689] [I] [SingleNodeWorker] [WorkerThread-0] [Task:1278492404-231] [VoidSink.cpp:42] [stop] Void Sink completed.[m
[32m[04:19:12.370735] [I] [SingleNodeWorker] [WorkerThread-15] [] [SequenceShredder.cpp:55] [~SequenceShredder] Successfully validated SequenceShredder[m
[36m[04:19:12.370819] [D] [SingleNodeWorker] [WorkerThread-0] [] [SourceThread.cpp:228] [tryStop] SourceThread 2: thread is not running[m
[36m[04:19:15.742506] [D] [Not A Worker] [unnamed] [queryId:1878326725] [BufferManager.cpp:110] [initialize] NES memory allocation requires 1 out of 540577120256 (so 1.8498748143954595e-10%) available bytes[m
[36m[04:19:15.742574] [D] [Not A Worker] [unnamed] [queryId:1878326725] [BufferManager.cpp:160] [initialize] BufferManager configuration bufferSize=1 numOfBuffers=1[m
[36m[04:19:15.742760] [D] [Not A Worker] [unnamed] [queryId:1878326725] [PipeliningPhase.cpp:404] [apply] Constructed pipeline plan with 1 root pipelines.
PipelinedQueryPlan for Query: 1878326725
Number of root pipelines: 1
------------------
Root Pipeline 0:
  Pipeline(ID(232), Provider(COMPILER))
  Operator chain:
    PhysicalOperator(NES::SourcePhysicalOperator)
  Successor Pipeline:
    Pipeline(ID(233), Provider(None))
      Operator chain:
        PhysicalOperator(NES::ScanPhysicalOperator)
          PhysicalOperator(NES::SelectionPhysicalOperator)
            PhysicalOperator(NES::MapPhysicalOperator)
              PhysicalOperator(NES::EmitPhysicalOperator)
      Successor Pipeline:
        Pipeline(ID(234), Provider(None))
          Operator chain:
            PhysicalOperator(NES::SinkPhysicalOperator)

[m
[36m[04:19:15.746765] [D] [Not A Worker] [unnamed] [] [SinkProvider.cpp:30] [lower] The sinkDescriptor is: SinkDescriptor: (name: variant("EXTRA_SINK"), type: Void, Config: )[m
[36m[04:19:15.747482] [D] [SingleNodeWorker] [WorkerThread-7] [Task:1878326725-234] [VoidSink.cpp:37] [start] Setting up void sink: VoidSink[m
[36m[04:19:15.823687] [D] [SingleNodeWorker] [WorkerThread-7] [] [SourceThread.cpp:186] [start] Starting source with originId: 2[m
[36m[04:19:15.825228] [D] [SingleNodeWorker] [WorkerThread-7] [Task:1878326725-233] [BufferManager.cpp:65] [~BufferManager] Calling BufferManager::destroy()[m
[36m[04:19:15.825269] [D] [SingleNodeWorker] [WorkerThread-7] [Task:1878326725-233] [BufferManager.cpp:93] [~BufferManager] Shutting down Buffer Manager completed[m
[36m[04:19:17.258922] [D] [SingleNodeWorker] [WorkerThread-15] [Task:1878326725] [SourceThread.cpp:232] [tryStop] SourceThread 2: attempting to stop source[m
[36m[04:19:17.258983] [D] [SingleNodeWorker] [WorkerThread-15] [Task:1878326725] [SourceThread.cpp:250] [tryStop] SourceThread 2: stopped[m
[32m[04:19:17.284668] [I] [SingleNodeWorker] [WorkerThread-7] [Task:1878326725-234] [VoidSink.cpp:42] [stop] Void Sink completed.[m
[36m[04:19:17.284806] [D] [SingleNodeWorker] [WorkerThread-7] [] [SourceThread.cpp:228] [tryStop] SourceThread 2: thread is not running[m
[32m[04:19:17.284968] [I] [SingleNodeWorker] [WorkerThread-0] [] [SequenceShredder.cpp:55] [~SequenceShredder] Successfully validated SequenceShredder[m
[36m[04:19:20.704421] [D] [Not A Worker] [unnamed] [queryId:751299508] [BufferManager.cpp:110] [initialize] NES memory allocation requires 1 out of 540577120256 (so 1.8498748143954595e-10%) available bytes[m
[36m[04:19:20.704483] [D] [Not A Worker] [unnamed] [queryId:751299508] [BufferManager.cpp:160] [initialize] BufferManager configuration bufferSize=1 numOfBuffers=1[m
[36m[04:19:20.704658] [D] [Not A Worker] [unnamed] [queryId:751299508] [PipeliningPhase.cpp:404] [apply] Constructed pipeline plan with 1 root pipelines.
PipelinedQueryPlan for Query: 751299508
Number of root pipelines: 1
------------------
Root Pipeline 0:
  Pipeline(ID(235), Provider(COMPILER))
  Operator chain:
    PhysicalOperator(NES::SourcePhysicalOperator)
  Successor Pipeline:
    Pipeline(ID(236), Provider(None))
      Operator chain:
        PhysicalOperator(NES::ScanPhysicalOperator)
          PhysicalOperator(NES::SelectionPhysicalOperator)
            PhysicalOperator(NES::MapPhysicalOperator)
              PhysicalOperator(NES::EmitPhysicalOperator)
      Successor Pipeline:
        Pipeline(ID(237), Provider(None))
          Operator chain:
            PhysicalOperator(NES::SinkPhysicalOperator)

[m
[36m[04:19:20.708391] [D] [Not A Worker] [unnamed] [] [SinkProvider.cpp:30] [lower] The sinkDescriptor is: SinkDescriptor: (name: variant("EXTRA_SINK"), type: Void, Config: )[m
[36m[04:19:20.709259] [D] [SingleNodeWorker] [WorkerThread-10] [Task:751299508-237] [VoidSink.cpp:37] [start] Setting up void sink: VoidSink[m
[36m[04:19:20.781852] [D] [SingleNodeWorker] [WorkerThread-10] [] [SourceThread.cpp:186] [start] Starting source with originId: 2[m
[36m[04:19:20.783383] [D] [SingleNodeWorker] [WorkerThread-10] [Task:751299508-236] [BufferManager.cpp:65] [~BufferManager] Calling BufferManager::destroy()[m
[36m[04:19:20.783411] [D] [SingleNodeWorker] [WorkerThread-10] [Task:751299508-236] [BufferManager.cpp:93] [~BufferManager] Shutting down Buffer Manager completed[m
[36m[04:19:20.878702] [D] [SingleNodeWorker] [WorkerThread-5] [Task:751299508-236] [InputFormatter.hpp:349] [indexTrailingSpanningTupleProxy] last offset: 262143, first offset: 151[m
[36m[04:19:20.922031] [D] [SingleNodeWorker] [WorkerThread-11] [Task:751299508-236] [InputFormatter.hpp:349] [indexTrailingSpanningTupleProxy] last offset: 262143, first offset: 31[m
[36m[04:19:22.231967] [D] [SingleNodeWorker] [WorkerThread-14] [Task:751299508] [SourceThread.cpp:232] [tryStop] SourceThread 2: attempting to stop source[m
[36m[04:19:22.232010] [D] [SingleNodeWorker] [WorkerThread-14] [Task:751299508] [SourceThread.cpp:250] [tryStop] SourceThread 2: stopped[m
[32m[04:19:22.258667] [I] [SingleNodeWorker] [WorkerThread-10] [Task:751299508-237] [VoidSink.cpp:42] [stop] Void Sink completed.[m
[32m[04:19:22.258755] [I] [SingleNodeWorker] [WorkerThread-9] [] [SequenceShredder.cpp:55] [~SequenceShredder] Successfully validated SequenceShredder[m
[36m[04:19:22.258808] [D] [SingleNodeWorker] [WorkerThread-10] [] [SourceThread.cpp:228] [tryStop] SourceThread 2: thread is not running[m
[36m[04:19:25.816777] [D] [Not A Worker] [unnamed] [queryId:2011866831] [BufferManager.cpp:110] [initialize] NES memory allocation requires 1 out of 540577120256 (so 1.8498748143954595e-10%) available bytes[m
[36m[04:19:25.816858] [D] [Not A Worker] [unnamed] [queryId:2011866831] [BufferManager.cpp:160] [initialize] BufferManager configuration bufferSize=1 numOfBuffers=1[m
[36m[04:19:25.817029] [D] [Not A Worker] [unnamed] [queryId:2011866831] [PipeliningPhase.cpp:404] [apply] Constructed pipeline plan with 1 root pipelines.
PipelinedQueryPlan for Query: 2011866831
Number of root pipelines: 1
------------------
Root Pipeline 0:
  Pipeline(ID(238), Provider(COMPILER))
  Operator chain:
    PhysicalOperator(NES::SourcePhysicalOperator)
  Successor Pipeline:
    Pipeline(ID(239), Provider(None))
      Operator chain:
        PhysicalOperator(NES::ScanPhysicalOperator)
          PhysicalOperator(NES::SelectionPhysicalOperator)
            PhysicalOperator(NES::MapPhysicalOperator)
              PhysicalOperator(NES::EmitPhysicalOperator)
      Successor Pipeline:
        Pipeline(ID(240), Provider(None))
          Operator chain:
            PhysicalOperator(NES::SinkPhysicalOperator)

[m
[36m[04:19:25.820406] [D] [Not A Worker] [unnamed] [] [SinkProvider.cpp:30] [lower] The sinkDescriptor is: SinkDescriptor: (name: variant("EXTRA_SINK"), type: Void, Config: )[m
[36m[04:19:25.821215] [D] [SingleNodeWorker] [WorkerThread-6] [Task:2011866831-240] [VoidSink.cpp:37] [start] Setting up void sink: VoidSink[m
[36m[04:19:25.898485] [D] [SingleNodeWorker] [WorkerThread-6] [] [SourceThread.cpp:186] [start] Starting source with originId: 2[m
[36m[04:19:25.900585] [D] [SingleNodeWorker] [WorkerThread-4] [Task:2011866831-239] [BufferManager.cpp:65] [~BufferManager] Calling BufferManager::destroy()[m
[36m[04:19:25.900673] [D] [SingleNodeWorker] [WorkerThread-4] [Task:2011866831-239] [BufferManager.cpp:93] [~BufferManager] Shutting down Buffer Manager completed[m
[36m[04:19:27.336868] [D] [SingleNodeWorker] [WorkerThread-3] [Task:2011866831] [SourceThread.cpp:232] [tryStop] SourceThread 2: attempting to stop source[m
[36m[04:19:27.336923] [D] [SingleNodeWorker] [WorkerThread-3] [Task:2011866831] [SourceThread.cpp:250] [tryStop] SourceThread 2: stopped[m
[32m[04:19:27.362807] [I] [SingleNodeWorker] [WorkerThread-9] [Task:2011866831-240] [VoidSink.cpp:42] [stop] Void Sink completed.[m
[32m[04:19:27.362939] [I] [SingleNodeWorker] [WorkerThread-13] [] [SequenceShredder.cpp:55] [~SequenceShredder] Successfully validated SequenceShredder[m
[36m[04:19:27.362958] [D] [SingleNodeWorker] [WorkerThread-9] [] [SourceThread.cpp:228] [tryStop] SourceThread 2: thread is not running[m
