[32m[04:28:36.551590] [I] [Not A Worker] [unnamed] [] [SingleNodeWorker.cpp:63] [SingleNodeWorker] Starting SingleNodeWorker SingleNodeWorker with configuration:
worker.query_engine.number_of_worker_threads: 64
worker.query_engine.admission_queue_size: 1000 (default)
worker.default_query_execution.execution_mode: COMPILER (default)
worker.default_query_execution.page_size: 1024 (default)
worker.default_query_execution.number_of_partitions: 100 (default)
worker.default_query_execution.number_of_records_per_key: 10 (default)
worker.default_query_execution.max_number_of_buckets: 10000 (default)
worker.default_query_execution.operator_buffer_size: 262144
worker.default_query_optimization.join_strategy: OPTIMIZER_CHOOSES (default)
worker.number_of_buffers_in_global_buffer_manager: 32768 (default)
worker.default_max_inflight_buffers: 64 (default)
worker.dump_compilation_result: NONE (default)
worker.dump_graph: 0 (default)
grpc: [::]:8080 (default)
enable_event_trace: 0 (default)
[m
[36m[04:28:36.553601] [D] [Not A Worker] [unnamed] [] [BufferManager.cpp:110] [initialize] NES memory allocation requires 8589934592 out of 540577120256 (so 1.5890303659045137%) available bytes[m
[36m[04:28:36.645777] [D] [Not A Worker] [unnamed] [] [BufferManager.cpp:160] [initialize] BufferManager configuration bufferSize=262144 numOfBuffers=32768[m
[32m[04:28:36.663130] [I] [Not A Worker] [unnamed] [] [SingleNodeWorkerStarter.cpp:93] [main] Server listening on [::]:8080[m
[36m[04:28:39.074726] [D] [Not A Worker] [unnamed] [queryId:975792543] [BufferManager.cpp:110] [initialize] NES memory allocation requires 1 out of 540577120256 (so 1.8498748143954595e-10%) available bytes[m
[36m[04:28:39.074799] [D] [Not A Worker] [unnamed] [queryId:975792543] [BufferManager.cpp:160] [initialize] BufferManager configuration bufferSize=1 numOfBuffers=1[m
[36m[04:28:39.075032] [D] [Not A Worker] [unnamed] [queryId:975792543] [PipeliningPhase.cpp:404] [apply] Constructed pipeline plan with 1 root pipelines.
PipelinedQueryPlan for Query: 975792543
Number of root pipelines: 1
------------------
Root Pipeline 0:
  Pipeline(ID(1), Provider(COMPILER))
  Operator chain:
    PhysicalOperator(NES::SourcePhysicalOperator)
  Successor Pipeline:
    Pipeline(ID(2), Provider(None))
      Operator chain:
        PhysicalOperator(NES::ScanPhysicalOperator)
          PhysicalOperator(NES::SelectionPhysicalOperator)
            PhysicalOperator(NES::MapPhysicalOperator)
              PhysicalOperator(NES::EmitPhysicalOperator)
      Successor Pipeline:
        Pipeline(ID(3), Provider(None))
          Operator chain:
            PhysicalOperator(NES::SinkPhysicalOperator)

[m
[36m[04:28:39.078579] [D] [Not A Worker] [unnamed] [] [SinkProvider.cpp:30] [lower] The sinkDescriptor is: SinkDescriptor: (name: variant("NAME_SINK"), type: Void, Config: )[m
[36m[04:28:39.079303] [D] [SingleNodeWorker] [WorkerThread-12] [Task:975792543-3] [VoidSink.cpp:37] [start] Setting up void sink: VoidSink[m
[36m[04:28:39.157588] [D] [SingleNodeWorker] [WorkerThread-7] [] [SourceThread.cpp:186] [start] Starting source with originId: 2[m
[36m[04:28:39.159513] [D] [SingleNodeWorker] [WorkerThread-47] [Task:975792543-2] [BufferManager.cpp:65] [~BufferManager] Calling BufferManager::destroy()[m
[36m[04:28:39.159594] [D] [SingleNodeWorker] [WorkerThread-47] [Task:975792543-2] [BufferManager.cpp:93] [~BufferManager] Shutting down Buffer Manager completed[m
[36m[04:28:40.426325] [D] [SingleNodeWorker] [WorkerThread-54] [Task:975792543] [SourceThread.cpp:232] [tryStop] SourceThread 2: attempting to stop source[m
[36m[04:28:40.426386] [D] [SingleNodeWorker] [WorkerThread-54] [Task:975792543] [SourceThread.cpp:250] [tryStop] SourceThread 2: stopped[m
[32m[04:28:40.452217] [I] [SingleNodeWorker] [WorkerThread-55] [Task:975792543-3] [VoidSink.cpp:42] [stop] Void Sink completed.[m
[36m[04:28:40.452333] [D] [SingleNodeWorker] [WorkerThread-55] [] [SourceThread.cpp:228] [tryStop] SourceThread 2: thread is not running[m
[32m[04:28:40.452438] [I] [SingleNodeWorker] [WorkerThread-5] [] [SequenceShredder.cpp:55] [~SequenceShredder] Successfully validated SequenceShredder[m
[36m[04:28:44.269191] [D] [Not A Worker] [unnamed] [queryId:920739793] [BufferManager.cpp:110] [initialize] NES memory allocation requires 1 out of 540577120256 (so 1.8498748143954595e-10%) available bytes[m
[36m[04:28:44.269258] [D] [Not A Worker] [unnamed] [queryId:920739793] [BufferManager.cpp:160] [initialize] BufferManager configuration bufferSize=1 numOfBuffers=1[m
[36m[04:28:44.269460] [D] [Not A Worker] [unnamed] [queryId:920739793] [PipeliningPhase.cpp:404] [apply] Constructed pipeline plan with 1 root pipelines.
PipelinedQueryPlan for Query: 920739793
Number of root pipelines: 1
------------------
Root Pipeline 0:
  Pipeline(ID(4), Provider(COMPILER))
  Operator chain:
    PhysicalOperator(NES::SourcePhysicalOperator)
  Successor Pipeline:
    Pipeline(ID(5), Provider(None))
      Operator chain:
        PhysicalOperator(NES::ScanPhysicalOperator)
          PhysicalOperator(NES::SelectionPhysicalOperator)
            PhysicalOperator(NES::MapPhysicalOperator)
              PhysicalOperator(NES::EmitPhysicalOperator)
      Successor Pipeline:
        Pipeline(ID(6), Provider(None))
          Operator chain:
            PhysicalOperator(NES::SinkPhysicalOperator)

[m
[36m[04:28:44.273251] [D] [Not A Worker] [unnamed] [] [SinkProvider.cpp:30] [lower] The sinkDescriptor is: SinkDescriptor: (name: variant("NAME_SINK"), type: Void, Config: )[m
[36m[04:28:44.273767] [D] [SingleNodeWorker] [WorkerThread-30] [Task:920739793-6] [VoidSink.cpp:37] [start] Setting up void sink: VoidSink[m
[36m[04:28:44.350878] [D] [SingleNodeWorker] [WorkerThread-30] [] [SourceThread.cpp:186] [start] Starting source with originId: 2[m
[36m[04:28:44.352663] [D] [SingleNodeWorker] [WorkerThread-30] [Task:920739793-5] [BufferManager.cpp:65] [~BufferManager] Calling BufferManager::destroy()[m
[36m[04:28:44.352689] [D] [SingleNodeWorker] [WorkerThread-30] [Task:920739793-5] [BufferManager.cpp:93] [~BufferManager] Shutting down Buffer Manager completed[m
[36m[04:28:45.554324] [D] [SingleNodeWorker] [WorkerThread-46] [Task:920739793] [SourceThread.cpp:232] [tryStop] SourceThread 2: attempting to stop source[m
[36m[04:28:45.554371] [D] [SingleNodeWorker] [WorkerThread-46] [Task:920739793] [SourceThread.cpp:250] [tryStop] SourceThread 2: stopped[m
[32m[04:28:45.579821] [I] [SingleNodeWorker] [WorkerThread-1] [Task:920739793-6] [VoidSink.cpp:42] [stop] Void Sink completed.[m
[36m[04:28:45.579996] [D] [SingleNodeWorker] [WorkerThread-1] [] [SourceThread.cpp:228] [tryStop] SourceThread 2: thread is not running[m
[32m[04:28:45.580140] [I] [SingleNodeWorker] [WorkerThread-50] [] [SequenceShredder.cpp:55] [~SequenceShredder] Successfully validated SequenceShredder[m
[36m[04:28:49.274308] [D] [Not A Worker] [unnamed] [queryId:1501131739] [BufferManager.cpp:110] [initialize] NES memory allocation requires 1 out of 540577120256 (so 1.8498748143954595e-10%) available bytes[m
[36m[04:28:49.274363] [D] [Not A Worker] [unnamed] [queryId:1501131739] [BufferManager.cpp:160] [initialize] BufferManager configuration bufferSize=1 numOfBuffers=1[m
[36m[04:28:49.274547] [D] [Not A Worker] [unnamed] [queryId:1501131739] [PipeliningPhase.cpp:404] [apply] Constructed pipeline plan with 1 root pipelines.
PipelinedQueryPlan for Query: 1501131739
Number of root pipelines: 1
------------------
Root Pipeline 0:
  Pipeline(ID(7), Provider(COMPILER))
  Operator chain:
    PhysicalOperator(NES::SourcePhysicalOperator)
  Successor Pipeline:
    Pipeline(ID(8), Provider(None))
      Operator chain:
        PhysicalOperator(NES::ScanPhysicalOperator)
          PhysicalOperator(NES::SelectionPhysicalOperator)
            PhysicalOperator(NES::MapPhysicalOperator)
              PhysicalOperator(NES::EmitPhysicalOperator)
      Successor Pipeline:
        Pipeline(ID(9), Provider(None))
          Operator chain:
            PhysicalOperator(NES::SinkPhysicalOperator)

[m
[36m[04:28:49.278759] [D] [Not A Worker] [unnamed] [] [SinkProvider.cpp:30] [lower] The sinkDescriptor is: SinkDescriptor: (name: variant("NAME_SINK"), type: Void, Config: )[m
[36m[04:28:49.284317] [D] [SingleNodeWorker] [WorkerThread-30] [Task:1501131739-9] [VoidSink.cpp:37] [start] Setting up void sink: VoidSink[m
[36m[04:28:49.358532] [D] [SingleNodeWorker] [WorkerThread-27] [] [SourceThread.cpp:186] [start] Starting source with originId: 2[m
[36m[04:28:49.360354] [D] [SingleNodeWorker] [WorkerThread-43] [Task:1501131739-8] [BufferManager.cpp:65] [~BufferManager] Calling BufferManager::destroy()[m
[36m[04:28:49.360446] [D] [SingleNodeWorker] [WorkerThread-43] [Task:1501131739-8] [BufferManager.cpp:93] [~BufferManager] Shutting down Buffer Manager completed[m
[36m[04:28:50.416509] [D] [SingleNodeWorker] [WorkerThread-53] [Task:1501131739] [SourceThread.cpp:232] [tryStop] SourceThread 2: attempting to stop source[m
[36m[04:28:50.416559] [D] [SingleNodeWorker] [WorkerThread-53] [Task:1501131739] [SourceThread.cpp:250] [tryStop] SourceThread 2: stopped[m
[32m[04:28:50.442089] [I] [SingleNodeWorker] [WorkerThread-47] [Task:1501131739-9] [VoidSink.cpp:42] [stop] Void Sink completed.[m
[36m[04:28:50.442219] [D] [SingleNodeWorker] [WorkerThread-47] [] [SourceThread.cpp:228] [tryStop] SourceThread 2: thread is not running[m
[32m[04:28:50.442392] [I] [SingleNodeWorker] [WorkerThread-30] [] [SequenceShredder.cpp:55] [~SequenceShredder] Successfully validated SequenceShredder[m
[36m[04:28:54.208851] [D] [Not A Worker] [unnamed] [queryId:572286489] [BufferManager.cpp:110] [initialize] NES memory allocation requires 1 out of 540577120256 (so 1.8498748143954595e-10%) available bytes[m
[36m[04:28:54.208903] [D] [Not A Worker] [unnamed] [queryId:572286489] [BufferManager.cpp:160] [initialize] BufferManager configuration bufferSize=1 numOfBuffers=1[m
[36m[04:28:54.209083] [D] [Not A Worker] [unnamed] [queryId:572286489] [PipeliningPhase.cpp:404] [apply] Constructed pipeline plan with 1 root pipelines.
PipelinedQueryPlan for Query: 572286489
Number of root pipelines: 1
------------------
Root Pipeline 0:
  Pipeline(ID(10), Provider(COMPILER))
  Operator chain:
    PhysicalOperator(NES::SourcePhysicalOperator)
  Successor Pipeline:
    Pipeline(ID(11), Provider(None))
      Operator chain:
        PhysicalOperator(NES::ScanPhysicalOperator)
          PhysicalOperator(NES::SelectionPhysicalOperator)
            PhysicalOperator(NES::MapPhysicalOperator)
              PhysicalOperator(NES::EmitPhysicalOperator)
      Successor Pipeline:
        Pipeline(ID(12), Provider(None))
          Operator chain:
            PhysicalOperator(NES::SinkPhysicalOperator)

[m
[36m[04:28:54.212626] [D] [Not A Worker] [unnamed] [] [SinkProvider.cpp:30] [lower] The sinkDescriptor is: SinkDescriptor: (name: variant("NAME_SINK"), type: Void, Config: )[m
[36m[04:28:54.213065] [D] [SingleNodeWorker] [WorkerThread-39] [Task:572286489-12] [VoidSink.cpp:37] [start] Setting up void sink: VoidSink[m
[36m[04:28:54.289525] [D] [SingleNodeWorker] [WorkerThread-37] [] [SourceThread.cpp:186] [start] Starting source with originId: 2[m
[36m[04:28:54.291600] [D] [SingleNodeWorker] [WorkerThread-62] [Task:572286489-11] [BufferManager.cpp:65] [~BufferManager] Calling BufferManager::destroy()[m
[36m[04:28:54.291696] [D] [SingleNodeWorker] [WorkerThread-62] [Task:572286489-11] [BufferManager.cpp:93] [~BufferManager] Shutting down Buffer Manager completed[m
[36m[04:28:56.315302] [D] [SingleNodeWorker] [WorkerThread-53] [Task:572286489] [SourceThread.cpp:232] [tryStop] SourceThread 2: attempting to stop source[m
[36m[04:28:56.315351] [D] [SingleNodeWorker] [WorkerThread-53] [Task:572286489] [SourceThread.cpp:250] [tryStop] SourceThread 2: stopped[m
[32m[04:28:56.341353] [I] [SingleNodeWorker] [WorkerThread-55] [Task:572286489-12] [VoidSink.cpp:42] [stop] Void Sink completed.[m
[36m[04:28:56.341488] [D] [SingleNodeWorker] [WorkerThread-55] [] [SourceThread.cpp:228] [tryStop] SourceThread 2: thread is not running[m
[32m[04:28:56.341658] [I] [SingleNodeWorker] [WorkerThread-17] [] [SequenceShredder.cpp:55] [~SequenceShredder] Successfully validated SequenceShredder[m
[36m[04:28:59.226651] [D] [Not A Worker] [unnamed] [queryId:1145360102] [BufferManager.cpp:110] [initialize] NES memory allocation requires 1 out of 540577120256 (so 1.8498748143954595e-10%) available bytes[m
[36m[04:28:59.226700] [D] [Not A Worker] [unnamed] [queryId:1145360102] [BufferManager.cpp:160] [initialize] BufferManager configuration bufferSize=1 numOfBuffers=1[m
[36m[04:28:59.226867] [D] [Not A Worker] [unnamed] [queryId:1145360102] [PipeliningPhase.cpp:404] [apply] Constructed pipeline plan with 1 root pipelines.
PipelinedQueryPlan for Query: 1145360102
Number of root pipelines: 1
------------------
Root Pipeline 0:
  Pipeline(ID(13), Provider(COMPILER))
  Operator chain:
    PhysicalOperator(NES::SourcePhysicalOperator)
  Successor Pipeline:
    Pipeline(ID(14), Provider(None))
      Operator chain:
        PhysicalOperator(NES::ScanPhysicalOperator)
          PhysicalOperator(NES::SelectionPhysicalOperator)
            PhysicalOperator(NES::MapPhysicalOperator)
              PhysicalOperator(NES::EmitPhysicalOperator)
      Successor Pipeline:
        Pipeline(ID(15), Provider(None))
          Operator chain:
            PhysicalOperator(NES::SinkPhysicalOperator)

[m
[36m[04:28:59.230261] [D] [Not A Worker] [unnamed] [] [SinkProvider.cpp:30] [lower] The sinkDescriptor is: SinkDescriptor: (name: variant("NAME_SINK"), type: Void, Config: )[m
[36m[04:28:59.230607] [D] [SingleNodeWorker] [WorkerThread-10] [Task:1145360102-15] [VoidSink.cpp:37] [start] Setting up void sink: VoidSink[m
[36m[04:28:59.307385] [D] [SingleNodeWorker] [WorkerThread-57] [] [SourceThread.cpp:186] [start] Starting source with originId: 2[m
[36m[04:28:59.309258] [D] [SingleNodeWorker] [WorkerThread-36] [Task:1145360102-14] [BufferManager.cpp:65] [~BufferManager] Calling BufferManager::destroy()[m
[36m[04:28:59.309362] [D] [SingleNodeWorker] [WorkerThread-36] [Task:1145360102-14] [BufferManager.cpp:93] [~BufferManager] Shutting down Buffer Manager completed[m
[36m[04:29:01.088102] [D] [SingleNodeWorker] [WorkerThread-56] [Task:1145360102] [SourceThread.cpp:232] [tryStop] SourceThread 2: attempting to stop source[m
[36m[04:29:01.088159] [D] [SingleNodeWorker] [WorkerThread-56] [Task:1145360102] [SourceThread.cpp:250] [tryStop] SourceThread 2: stopped[m
[32m[04:29:01.113672] [I] [SingleNodeWorker] [WorkerThread-49] [Task:1145360102-15] [VoidSink.cpp:42] [stop] Void Sink completed.[m
[36m[04:29:01.113794] [D] [SingleNodeWorker] [WorkerThread-49] [] [SourceThread.cpp:228] [tryStop] SourceThread 2: thread is not running[m
[32m[04:29:01.113947] [I] [SingleNodeWorker] [WorkerThread-43] [] [SequenceShredder.cpp:55] [~SequenceShredder] Successfully validated SequenceShredder[m
[36m[04:29:04.289178] [D] [Not A Worker] [unnamed] [queryId:905984816] [BufferManager.cpp:110] [initialize] NES memory allocation requires 1 out of 540577120256 (so 1.8498748143954595e-10%) available bytes[m
[36m[04:29:04.289228] [D] [Not A Worker] [unnamed] [queryId:905984816] [BufferManager.cpp:160] [initialize] BufferManager configuration bufferSize=1 numOfBuffers=1[m
[36m[04:29:04.289398] [D] [Not A Worker] [unnamed] [queryId:905984816] [PipeliningPhase.cpp:404] [apply] Constructed pipeline plan with 1 root pipelines.
PipelinedQueryPlan for Query: 905984816
Number of root pipelines: 1
------------------
Root Pipeline 0:
  Pipeline(ID(16), Provider(COMPILER))
  Operator chain:
    PhysicalOperator(NES::SourcePhysicalOperator)
  Successor Pipeline:
    Pipeline(ID(17), Provider(None))
      Operator chain:
        PhysicalOperator(NES::ScanPhysicalOperator)
          PhysicalOperator(NES::SelectionPhysicalOperator)
            PhysicalOperator(NES::MapPhysicalOperator)
              PhysicalOperator(NES::EmitPhysicalOperator)
      Successor Pipeline:
        Pipeline(ID(18), Provider(None))
          Operator chain:
            PhysicalOperator(NES::SinkPhysicalOperator)

[m
[36m[04:29:04.293049] [D] [Not A Worker] [unnamed] [] [SinkProvider.cpp:30] [lower] The sinkDescriptor is: SinkDescriptor: (name: variant("NAME_SINK"), type: Void, Config: )[m
[36m[04:29:04.293422] [D] [SingleNodeWorker] [WorkerThread-6] [Task:905984816-18] [VoidSink.cpp:37] [start] Setting up void sink: VoidSink[m
[36m[04:29:04.371557] [D] [SingleNodeWorker] [WorkerThread-24] [] [SourceThread.cpp:186] [start] Starting source with originId: 2[m
[36m[04:29:04.373267] [D] [SingleNodeWorker] [WorkerThread-56] [Task:905984816-17] [BufferManager.cpp:65] [~BufferManager] Calling BufferManager::destroy()[m
[36m[04:29:04.373357] [D] [SingleNodeWorker] [WorkerThread-56] [Task:905984816-17] [BufferManager.cpp:93] [~BufferManager] Shutting down Buffer Manager completed[m
[36m[04:29:06.135561] [D] [SingleNodeWorker] [WorkerThread-34] [Task:905984816-17] [InputFormatter.hpp:349] [indexTrailingSpanningTupleProxy] last offset: 262143, first offset: 198[m
[36m[04:29:06.143786] [D] [SingleNodeWorker] [WorkerThread-1] [Task:905984816] [SourceThread.cpp:232] [tryStop] SourceThread 2: attempting to stop source[m
[36m[04:29:06.143873] [D] [SingleNodeWorker] [WorkerThread-1] [Task:905984816] [SourceThread.cpp:250] [tryStop] SourceThread 2: stopped[m
[32m[04:29:06.169522] [I] [SingleNodeWorker] [WorkerThread-7] [Task:905984816-18] [VoidSink.cpp:42] [stop] Void Sink completed.[m
[36m[04:29:06.169679] [D] [SingleNodeWorker] [WorkerThread-7] [] [SourceThread.cpp:228] [tryStop] SourceThread 2: thread is not running[m
[32m[04:29:06.169798] [I] [SingleNodeWorker] [WorkerThread-49] [] [SequenceShredder.cpp:55] [~SequenceShredder] Successfully validated SequenceShredder[m
[36m[04:29:09.423243] [D] [Not A Worker] [unnamed] [queryId:135439294] [BufferManager.cpp:110] [initialize] NES memory allocation requires 1 out of 540577120256 (so 1.8498748143954595e-10%) available bytes[m
[36m[04:29:09.423295] [D] [Not A Worker] [unnamed] [queryId:135439294] [BufferManager.cpp:160] [initialize] BufferManager configuration bufferSize=1 numOfBuffers=1[m
[36m[04:29:09.423504] [D] [Not A Worker] [unnamed] [queryId:135439294] [PipeliningPhase.cpp:404] [apply] Constructed pipeline plan with 1 root pipelines.
PipelinedQueryPlan for Query: 135439294
Number of root pipelines: 1
------------------
Root Pipeline 0:
  Pipeline(ID(19), Provider(COMPILER))
  Operator chain:
    PhysicalOperator(NES::SourcePhysicalOperator)
  Successor Pipeline:
    Pipeline(ID(20), Provider(None))
      Operator chain:
        PhysicalOperator(NES::ScanPhysicalOperator)
          PhysicalOperator(NES::SelectionPhysicalOperator)
            PhysicalOperator(NES::MapPhysicalOperator)
              PhysicalOperator(NES::EmitPhysicalOperator)
      Successor Pipeline:
        Pipeline(ID(21), Provider(None))
          Operator chain:
            PhysicalOperator(NES::SinkPhysicalOperator)

[m
[36m[04:29:09.427070] [D] [Not A Worker] [unnamed] [] [SinkProvider.cpp:30] [lower] The sinkDescriptor is: SinkDescriptor: (name: variant("NAME_SINK"), type: Void, Config: )[m
[36m[04:29:09.427587] [D] [SingleNodeWorker] [WorkerThread-14] [Task:135439294-21] [VoidSink.cpp:37] [start] Setting up void sink: VoidSink[m
[36m[04:29:09.505152] [D] [SingleNodeWorker] [WorkerThread-14] [] [SourceThread.cpp:186] [start] Starting source with originId: 2[m
[36m[04:29:09.507149] [D] [SingleNodeWorker] [WorkerThread-16] [Task:135439294-20] [BufferManager.cpp:65] [~BufferManager] Calling BufferManager::destroy()[m
[36m[04:29:09.507230] [D] [SingleNodeWorker] [WorkerThread-16] [Task:135439294-20] [BufferManager.cpp:93] [~BufferManager] Shutting down Buffer Manager completed[m
[36m[04:29:11.291986] [D] [SingleNodeWorker] [WorkerThread-36] [Task:135439294] [SourceThread.cpp:232] [tryStop] SourceThread 2: attempting to stop source[m
[36m[04:29:11.292046] [D] [SingleNodeWorker] [WorkerThread-36] [Task:135439294] [SourceThread.cpp:250] [tryStop] SourceThread 2: stopped[m
[32m[04:29:11.317952] [I] [SingleNodeWorker] [WorkerThread-34] [] [SequenceShredder.cpp:55] [~SequenceShredder] Successfully validated SequenceShredder[m
[32m[04:29:11.318155] [I] [SingleNodeWorker] [WorkerThread-15] [Task:135439294-21] [VoidSink.cpp:42] [stop] Void Sink completed.[m
[36m[04:29:11.318293] [D] [SingleNodeWorker] [WorkerThread-15] [] [SourceThread.cpp:228] [tryStop] SourceThread 2: thread is not running[m
[36m[04:29:14.342800] [D] [Not A Worker] [unnamed] [queryId:1734469962] [BufferManager.cpp:110] [initialize] NES memory allocation requires 1 out of 540577120256 (so 1.8498748143954595e-10%) available bytes[m
[36m[04:29:14.342851] [D] [Not A Worker] [unnamed] [queryId:1734469962] [BufferManager.cpp:160] [initialize] BufferManager configuration bufferSize=1 numOfBuffers=1[m
[36m[04:29:14.343059] [D] [Not A Worker] [unnamed] [queryId:1734469962] [PipeliningPhase.cpp:404] [apply] Constructed pipeline plan with 1 root pipelines.
PipelinedQueryPlan for Query: 1734469962
Number of root pipelines: 1
------------------
Root Pipeline 0:
  Pipeline(ID(22), Provider(COMPILER))
  Operator chain:
    PhysicalOperator(NES::SourcePhysicalOperator)
  Successor Pipeline:
    Pipeline(ID(23), Provider(None))
      Operator chain:
        PhysicalOperator(NES::ScanPhysicalOperator)
          PhysicalOperator(NES::SelectionPhysicalOperator)
            PhysicalOperator(NES::MapPhysicalOperator)
              PhysicalOperator(NES::EmitPhysicalOperator)
      Successor Pipeline:
        Pipeline(ID(24), Provider(None))
          Operator chain:
            PhysicalOperator(NES::SinkPhysicalOperator)

[m
[36m[04:29:14.346376] [D] [Not A Worker] [unnamed] [] [SinkProvider.cpp:30] [lower] The sinkDescriptor is: SinkDescriptor: (name: variant("NAME_SINK"), type: Void, Config: )[m
[36m[04:29:14.346803] [D] [SingleNodeWorker] [WorkerThread-56] [Task:1734469962-24] [VoidSink.cpp:37] [start] Setting up void sink: VoidSink[m
[36m[04:29:14.424682] [D] [SingleNodeWorker] [WorkerThread-56] [] [SourceThread.cpp:186] [start] Starting source with originId: 2[m
[36m[04:29:14.426178] [D] [SingleNodeWorker] [WorkerThread-9] [Task:1734469962-23] [BufferManager.cpp:65] [~BufferManager] Calling BufferManager::destroy()[m
[36m[04:29:14.426208] [D] [SingleNodeWorker] [WorkerThread-9] [Task:1734469962-23] [BufferManager.cpp:93] [~BufferManager] Shutting down Buffer Manager completed[m
[36m[04:29:15.846402] [D] [SingleNodeWorker] [WorkerThread-19] [Task:1734469962] [SourceThread.cpp:232] [tryStop] SourceThread 2: attempting to stop source[m
[36m[04:29:15.846453] [D] [SingleNodeWorker] [WorkerThread-19] [Task:1734469962] [SourceThread.cpp:250] [tryStop] SourceThread 2: stopped[m
[32m[04:29:15.872001] [I] [SingleNodeWorker] [WorkerThread-15] [Task:1734469962-24] [VoidSink.cpp:42] [stop] Void Sink completed.[m
[36m[04:29:15.872138] [D] [SingleNodeWorker] [WorkerThread-15] [] [SourceThread.cpp:228] [tryStop] SourceThread 2: thread is not running[m
[32m[04:29:15.872264] [I] [SingleNodeWorker] [WorkerThread-46] [] [SequenceShredder.cpp:55] [~SequenceShredder] Successfully validated SequenceShredder[m
[36m[04:29:19.306382] [D] [Not A Worker] [unnamed] [queryId:1528143715] [BufferManager.cpp:110] [initialize] NES memory allocation requires 1 out of 540577120256 (so 1.8498748143954595e-10%) available bytes[m
[36m[04:29:19.306432] [D] [Not A Worker] [unnamed] [queryId:1528143715] [BufferManager.cpp:160] [initialize] BufferManager configuration bufferSize=1 numOfBuffers=1[m
[36m[04:29:19.306604] [D] [Not A Worker] [unnamed] [queryId:1528143715] [PipeliningPhase.cpp:404] [apply] Constructed pipeline plan with 1 root pipelines.
PipelinedQueryPlan for Query: 1528143715
Number of root pipelines: 1
------------------
Root Pipeline 0:
  Pipeline(ID(25), Provider(COMPILER))
  Operator chain:
    PhysicalOperator(NES::SourcePhysicalOperator)
  Successor Pipeline:
    Pipeline(ID(26), Provider(None))
      Operator chain:
        PhysicalOperator(NES::ScanPhysicalOperator)
          PhysicalOperator(NES::SelectionPhysicalOperator)
            PhysicalOperator(NES::MapPhysicalOperator)
              PhysicalOperator(NES::EmitPhysicalOperator)
      Successor Pipeline:
        Pipeline(ID(27), Provider(None))
          Operator chain:
            PhysicalOperator(NES::SinkPhysicalOperator)

[m
[36m[04:29:19.309764] [D] [Not A Worker] [unnamed] [] [SinkProvider.cpp:30] [lower] The sinkDescriptor is: SinkDescriptor: (name: variant("NAME_SINK"), type: Void, Config: )[m
[36m[04:29:19.310133] [D] [SingleNodeWorker] [WorkerThread-21] [Task:1528143715-27] [VoidSink.cpp:37] [start] Setting up void sink: VoidSink[m
[36m[04:29:19.388293] [D] [SingleNodeWorker] [WorkerThread-43] [] [SourceThread.cpp:186] [start] Starting source with originId: 2[m
[36m[04:29:19.389855] [D] [SingleNodeWorker] [WorkerThread-43] [Task:1528143715-26] [BufferManager.cpp:65] [~BufferManager] Calling BufferManager::destroy()[m
[36m[04:29:19.389882] [D] [SingleNodeWorker] [WorkerThread-43] [Task:1528143715-26] [BufferManager.cpp:93] [~BufferManager] Shutting down Buffer Manager completed[m
[36m[04:29:20.755788] [D] [SingleNodeWorker] [WorkerThread-53] [Task:1528143715-26] [InputFormatter.hpp:349] [indexTrailingSpanningTupleProxy] last offset: 262143, first offset: 214[m
[36m[04:29:21.340405] [D] [SingleNodeWorker] [WorkerThread-45] [Task:1528143715] [SourceThread.cpp:232] [tryStop] SourceThread 2: attempting to stop source[m
[36m[04:29:21.340499] [D] [SingleNodeWorker] [WorkerThread-45] [Task:1528143715] [SourceThread.cpp:250] [tryStop] SourceThread 2: stopped[m
[32m[04:29:21.366412] [I] [SingleNodeWorker] [WorkerThread-43] [Task:1528143715-27] [VoidSink.cpp:42] [stop] Void Sink completed.[m
[36m[04:29:21.366544] [D] [SingleNodeWorker] [WorkerThread-43] [] [SourceThread.cpp:228] [tryStop] SourceThread 2: thread is not running[m
[32m[04:29:21.366577] [I] [SingleNodeWorker] [WorkerThread-44] [] [SequenceShredder.cpp:55] [~SequenceShredder] Successfully validated SequenceShredder[m
[36m[04:29:24.234086] [D] [Not A Worker] [unnamed] [queryId:193791405] [BufferManager.cpp:110] [initialize] NES memory allocation requires 1 out of 540577120256 (so 1.8498748143954595e-10%) available bytes[m
[36m[04:29:24.234135] [D] [Not A Worker] [unnamed] [queryId:193791405] [BufferManager.cpp:160] [initialize] BufferManager configuration bufferSize=1 numOfBuffers=1[m
[36m[04:29:24.234307] [D] [Not A Worker] [unnamed] [queryId:193791405] [PipeliningPhase.cpp:404] [apply] Constructed pipeline plan with 1 root pipelines.
PipelinedQueryPlan for Query: 193791405
Number of root pipelines: 1
------------------
Root Pipeline 0:
  Pipeline(ID(28), Provider(COMPILER))
  Operator chain:
    PhysicalOperator(NES::SourcePhysicalOperator)
  Successor Pipeline:
    Pipeline(ID(29), Provider(None))
      Operator chain:
        PhysicalOperator(NES::ScanPhysicalOperator)
          PhysicalOperator(NES::SelectionPhysicalOperator)
            PhysicalOperator(NES::MapPhysicalOperator)
              PhysicalOperator(NES::EmitPhysicalOperator)
      Successor Pipeline:
        Pipeline(ID(30), Provider(None))
          Operator chain:
            PhysicalOperator(NES::SinkPhysicalOperator)

[m
[36m[04:29:24.238331] [D] [Not A Worker] [unnamed] [] [SinkProvider.cpp:30] [lower] The sinkDescriptor is: SinkDescriptor: (name: variant("NAME_SINK"), type: Void, Config: )[m
[36m[04:29:24.238782] [D] [SingleNodeWorker] [WorkerThread-33] [Task:193791405-30] [VoidSink.cpp:37] [start] Setting up void sink: VoidSink[m
[36m[04:29:24.318709] [D] [SingleNodeWorker] [WorkerThread-33] [] [SourceThread.cpp:186] [start] Starting source with originId: 2[m
[36m[04:29:24.320884] [D] [SingleNodeWorker] [WorkerThread-5] [Task:193791405-29] [BufferManager.cpp:65] [~BufferManager] Calling BufferManager::destroy()[m
[36m[04:29:24.320995] [D] [SingleNodeWorker] [WorkerThread-5] [Task:193791405-29] [BufferManager.cpp:93] [~BufferManager] Shutting down Buffer Manager completed[m
[36m[04:29:26.035311] [D] [SingleNodeWorker] [WorkerThread-30] [Task:193791405] [SourceThread.cpp:232] [tryStop] SourceThread 2: attempting to stop source[m
[36m[04:29:26.035369] [D] [SingleNodeWorker] [WorkerThread-30] [Task:193791405] [SourceThread.cpp:250] [tryStop] SourceThread 2: stopped[m
[32m[04:29:26.062078] [I] [SingleNodeWorker] [WorkerThread-17] [Task:193791405-30] [VoidSink.cpp:42] [stop] Void Sink completed.[m
[36m[04:29:26.062202] [D] [SingleNodeWorker] [WorkerThread-17] [] [SourceThread.cpp:228] [tryStop] SourceThread 2: thread is not running[m
[32m[04:29:26.062310] [I] [SingleNodeWorker] [WorkerThread-4] [] [SequenceShredder.cpp:55] [~SequenceShredder] Successfully validated SequenceShredder[m
[36m[04:29:29.335247] [D] [Not A Worker] [unnamed] [queryId:1160895494] [BufferManager.cpp:110] [initialize] NES memory allocation requires 1 out of 540577120256 (so 1.8498748143954595e-10%) available bytes[m
[36m[04:29:29.335297] [D] [Not A Worker] [unnamed] [queryId:1160895494] [BufferManager.cpp:160] [initialize] BufferManager configuration bufferSize=1 numOfBuffers=1[m
[36m[04:29:29.335462] [D] [Not A Worker] [unnamed] [queryId:1160895494] [PipeliningPhase.cpp:404] [apply] Constructed pipeline plan with 1 root pipelines.
PipelinedQueryPlan for Query: 1160895494
Number of root pipelines: 1
------------------
Root Pipeline 0:
  Pipeline(ID(31), Provider(COMPILER))
  Operator chain:
    PhysicalOperator(NES::SourcePhysicalOperator)
  Successor Pipeline:
    Pipeline(ID(32), Provider(None))
      Operator chain:
        PhysicalOperator(NES::ScanPhysicalOperator)
          PhysicalOperator(NES::SelectionPhysicalOperator)
            PhysicalOperator(NES::EmitPhysicalOperator)
      Successor Pipeline:
        Pipeline(ID(33), Provider(None))
          Operator chain:
            PhysicalOperator(NES::SinkPhysicalOperator)

[m
[36m[04:29:29.338948] [D] [Not A Worker] [unnamed] [] [SinkProvider.cpp:30] [lower] The sinkDescriptor is: SinkDescriptor: (name: variant("PERSON_SINK"), type: Void, Config: )[m
[36m[04:29:29.339320] [D] [SingleNodeWorker] [WorkerThread-10] [Task:1160895494-33] [VoidSink.cpp:37] [start] Setting up void sink: VoidSink[m
[36m[04:29:29.433220] [D] [SingleNodeWorker] [WorkerThread-10] [] [SourceThread.cpp:186] [start] Starting source with originId: 2[m
[36m[04:29:29.435306] [D] [SingleNodeWorker] [WorkerThread-5] [Task:1160895494-32] [BufferManager.cpp:65] [~BufferManager] Calling BufferManager::destroy()[m
[36m[04:29:29.435377] [D] [SingleNodeWorker] [WorkerThread-5] [Task:1160895494-32] [BufferManager.cpp:93] [~BufferManager] Shutting down Buffer Manager completed[m
[36m[04:29:29.850080] [D] [SingleNodeWorker] [WorkerThread-4] [Task:1160895494-32] [InputFormatter.hpp:349] [indexTrailingSpanningTupleProxy] last offset: 262143, first offset: 206[m
[36m[04:29:29.962849] [D] [SingleNodeWorker] [WorkerThread-31] [Task:1160895494-32] [InputFormatter.hpp:349] [indexTrailingSpanningTupleProxy] last offset: 262143, first offset: 319[m
[36m[04:29:30.578500] [D] [SingleNodeWorker] [WorkerThread-59] [Task:1160895494-32] [InputFormatter.hpp:349] [indexTrailingSpanningTupleProxy] last offset: 262143, first offset: 149[m
[36m[04:29:31.219533] [D] [SingleNodeWorker] [WorkerThread-17] [Task:1160895494] [SourceThread.cpp:232] [tryStop] SourceThread 2: attempting to stop source[m
[36m[04:29:31.219614] [D] [SingleNodeWorker] [WorkerThread-17] [Task:1160895494] [SourceThread.cpp:250] [tryStop] SourceThread 2: stopped[m
[32m[04:29:31.245744] [I] [SingleNodeWorker] [WorkerThread-56] [Task:1160895494-33] [VoidSink.cpp:42] [stop] Void Sink completed.[m
[32m[04:29:31.245793] [I] [SingleNodeWorker] [WorkerThread-43] [] [SequenceShredder.cpp:55] [~SequenceShredder] Successfully validated SequenceShredder[m
[36m[04:29:31.245906] [D] [SingleNodeWorker] [WorkerThread-56] [] [SourceThread.cpp:228] [tryStop] SourceThread 2: thread is not running[m
[36m[04:29:34.278473] [D] [Not A Worker] [unnamed] [queryId:1491562499] [BufferManager.cpp:110] [initialize] NES memory allocation requires 1 out of 540577120256 (so 1.8498748143954595e-10%) available bytes[m
[36m[04:29:34.278524] [D] [Not A Worker] [unnamed] [queryId:1491562499] [BufferManager.cpp:160] [initialize] BufferManager configuration bufferSize=1 numOfBuffers=1[m
[36m[04:29:34.278713] [D] [Not A Worker] [unnamed] [queryId:1491562499] [PipeliningPhase.cpp:404] [apply] Constructed pipeline plan with 1 root pipelines.
PipelinedQueryPlan for Query: 1491562499
Number of root pipelines: 1
------------------
Root Pipeline 0:
  Pipeline(ID(34), Provider(COMPILER))
  Operator chain:
    PhysicalOperator(NES::SourcePhysicalOperator)
  Successor Pipeline:
    Pipeline(ID(35), Provider(None))
      Operator chain:
        PhysicalOperator(NES::ScanPhysicalOperator)
          PhysicalOperator(NES::SelectionPhysicalOperator)
            PhysicalOperator(NES::EmitPhysicalOperator)
      Successor Pipeline:
        Pipeline(ID(36), Provider(None))
          Operator chain:
            PhysicalOperator(NES::SinkPhysicalOperator)

[m
[36m[04:29:34.282444] [D] [Not A Worker] [unnamed] [] [SinkProvider.cpp:30] [lower] The sinkDescriptor is: SinkDescriptor: (name: variant("PERSON_SINK"), type: Void, Config: )[m
[36m[04:29:34.283189] [D] [SingleNodeWorker] [WorkerThread-2] [Task:1491562499-36] [VoidSink.cpp:37] [start] Setting up void sink: VoidSink[m
[36m[04:29:34.376149] [D] [SingleNodeWorker] [WorkerThread-2] [] [SourceThread.cpp:186] [start] Starting source with originId: 2[m
[36m[04:29:34.377770] [D] [SingleNodeWorker] [WorkerThread-2] [Task:1491562499-35] [BufferManager.cpp:65] [~BufferManager] Calling BufferManager::destroy()[m
[36m[04:29:34.377796] [D] [SingleNodeWorker] [WorkerThread-2] [Task:1491562499-35] [BufferManager.cpp:93] [~BufferManager] Shutting down Buffer Manager completed[m
[36m[04:29:34.701190] [D] [SingleNodeWorker] [WorkerThread-27] [Task:1491562499-35] [InputFormatter.hpp:349] [indexTrailingSpanningTupleProxy] last offset: 262143, first offset: 264[m
[36m[04:29:36.182602] [D] [SingleNodeWorker] [WorkerThread-41] [Task:1491562499] [SourceThread.cpp:232] [tryStop] SourceThread 2: attempting to stop source[m
[36m[04:29:36.182675] [D] [SingleNodeWorker] [WorkerThread-41] [Task:1491562499] [SourceThread.cpp:250] [tryStop] SourceThread 2: stopped[m
[32m[04:29:36.208553] [I] [SingleNodeWorker] [WorkerThread-1] [] [SequenceShredder.cpp:55] [~SequenceShredder] Successfully validated SequenceShredder[m
[32m[04:29:36.208948] [I] [SingleNodeWorker] [WorkerThread-31] [Task:1491562499-36] [VoidSink.cpp:42] [stop] Void Sink completed.[m
[36m[04:29:36.209073] [D] [SingleNodeWorker] [WorkerThread-31] [] [SourceThread.cpp:228] [tryStop] SourceThread 2: thread is not running[m
[36m[04:29:39.320282] [D] [Not A Worker] [unnamed] [queryId:1179848838] [BufferManager.cpp:110] [initialize] NES memory allocation requires 1 out of 540577120256 (so 1.8498748143954595e-10%) available bytes[m
[36m[04:29:39.320328] [D] [Not A Worker] [unnamed] [queryId:1179848838] [BufferManager.cpp:160] [initialize] BufferManager configuration bufferSize=1 numOfBuffers=1[m
[36m[04:29:39.320504] [D] [Not A Worker] [unnamed] [queryId:1179848838] [PipeliningPhase.cpp:404] [apply] Constructed pipeline plan with 1 root pipelines.
PipelinedQueryPlan for Query: 1179848838
Number of root pipelines: 1
------------------
Root Pipeline 0:
  Pipeline(ID(37), Provider(COMPILER))
  Operator chain:
    PhysicalOperator(NES::SourcePhysicalOperator)
  Successor Pipeline:
    Pipeline(ID(38), Provider(None))
      Operator chain:
        PhysicalOperator(NES::ScanPhysicalOperator)
          PhysicalOperator(NES::SelectionPhysicalOperator)
            PhysicalOperator(NES::EmitPhysicalOperator)
      Successor Pipeline:
        Pipeline(ID(39), Provider(None))
          Operator chain:
            PhysicalOperator(NES::SinkPhysicalOperator)

[m
[36m[04:29:39.324540] [D] [Not A Worker] [unnamed] [] [SinkProvider.cpp:30] [lower] The sinkDescriptor is: SinkDescriptor: (name: variant("PERSON_SINK"), type: Void, Config: )[m
[36m[04:29:39.325065] [D] [SingleNodeWorker] [WorkerThread-52] [Task:1179848838-39] [VoidSink.cpp:37] [start] Setting up void sink: VoidSink[m
[36m[04:29:39.422966] [D] [SingleNodeWorker] [WorkerThread-39] [] [SourceThread.cpp:186] [start] Starting source with originId: 2[m
[36m[04:29:39.424790] [D] [SingleNodeWorker] [WorkerThread-63] [Task:1179848838-38] [BufferManager.cpp:65] [~BufferManager] Calling BufferManager::destroy()[m
[36m[04:29:39.424893] [D] [SingleNodeWorker] [WorkerThread-63] [Task:1179848838-38] [BufferManager.cpp:93] [~BufferManager] Shutting down Buffer Manager completed[m
[36m[04:29:39.807986] [D] [SingleNodeWorker] [WorkerThread-19] [Task:1179848838-38] [InputFormatter.hpp:349] [indexTrailingSpanningTupleProxy] last offset: 262143, first offset: 206[m
[36m[04:29:39.919611] [D] [SingleNodeWorker] [WorkerThread-7] [Task:1179848838-38] [InputFormatter.hpp:349] [indexTrailingSpanningTupleProxy] last offset: 262143, first offset: 319[m
[36m[04:29:40.457092] [D] [SingleNodeWorker] [WorkerThread-59] [Task:1179848838-38] [InputFormatter.hpp:349] [indexTrailingSpanningTupleProxy] last offset: 262143, first offset: 149[m
[36m[04:29:40.901304] [D] [SingleNodeWorker] [WorkerThread-28] [Task:1179848838-38] [InputFormatter.hpp:349] [indexTrailingSpanningTupleProxy] last offset: 262143, first offset: 238[m
[36m[04:29:41.169719] [D] [SingleNodeWorker] [WorkerThread-4] [Task:1179848838] [SourceThread.cpp:232] [tryStop] SourceThread 2: attempting to stop source[m
[36m[04:29:41.169808] [D] [SingleNodeWorker] [WorkerThread-4] [Task:1179848838] [SourceThread.cpp:250] [tryStop] SourceThread 2: stopped[m
[32m[04:29:41.195508] [I] [SingleNodeWorker] [WorkerThread-40] [Task:1179848838-39] [VoidSink.cpp:42] [stop] Void Sink completed.[m
[32m[04:29:41.195606] [I] [SingleNodeWorker] [WorkerThread-56] [] [SequenceShredder.cpp:55] [~SequenceShredder] Successfully validated SequenceShredder[m
[36m[04:29:41.195640] [D] [SingleNodeWorker] [WorkerThread-40] [] [SourceThread.cpp:228] [tryStop] SourceThread 2: thread is not running[m
[36m[04:29:44.323318] [D] [Not A Worker] [unnamed] [queryId:753418552] [BufferManager.cpp:110] [initialize] NES memory allocation requires 1 out of 540577120256 (so 1.8498748143954595e-10%) available bytes[m
[36m[04:29:44.323373] [D] [Not A Worker] [unnamed] [queryId:753418552] [BufferManager.cpp:160] [initialize] BufferManager configuration bufferSize=1 numOfBuffers=1[m
[36m[04:29:44.323553] [D] [Not A Worker] [unnamed] [queryId:753418552] [PipeliningPhase.cpp:404] [apply] Constructed pipeline plan with 1 root pipelines.
PipelinedQueryPlan for Query: 753418552
Number of root pipelines: 1
------------------
Root Pipeline 0:
  Pipeline(ID(40), Provider(COMPILER))
  Operator chain:
    PhysicalOperator(NES::SourcePhysicalOperator)
  Successor Pipeline:
    Pipeline(ID(41), Provider(None))
      Operator chain:
        PhysicalOperator(NES::ScanPhysicalOperator)
          PhysicalOperator(NES::SelectionPhysicalOperator)
            PhysicalOperator(NES::EmitPhysicalOperator)
      Successor Pipeline:
        Pipeline(ID(42), Provider(None))
          Operator chain:
            PhysicalOperator(NES::SinkPhysicalOperator)

[m
[36m[04:29:44.327086] [D] [Not A Worker] [unnamed] [] [SinkProvider.cpp:30] [lower] The sinkDescriptor is: SinkDescriptor: (name: variant("PERSON_SINK"), type: Void, Config: )[m
[36m[04:29:44.327435] [D] [SingleNodeWorker] [WorkerThread-19] [Task:753418552-42] [VoidSink.cpp:37] [start] Setting up void sink: VoidSink[m
[36m[04:29:44.423657] [D] [SingleNodeWorker] [WorkerThread-52] [] [SourceThread.cpp:186] [start] Starting source with originId: 2[m
[36m[04:29:44.425661] [D] [SingleNodeWorker] [WorkerThread-47] [Task:753418552-41] [BufferManager.cpp:65] [~BufferManager] Calling BufferManager::destroy()[m
[36m[04:29:44.425781] [D] [SingleNodeWorker] [WorkerThread-47] [Task:753418552-41] [BufferManager.cpp:93] [~BufferManager] Shutting down Buffer Manager completed[m
[36m[04:29:45.959853] [D] [SingleNodeWorker] [WorkerThread-22] [Task:753418552] [SourceThread.cpp:232] [tryStop] SourceThread 2: attempting to stop source[m
[36m[04:29:45.959936] [D] [SingleNodeWorker] [WorkerThread-22] [Task:753418552] [SourceThread.cpp:250] [tryStop] SourceThread 2: stopped[m
[32m[04:29:45.985618] [I] [SingleNodeWorker] [WorkerThread-34] [Task:753418552-42] [VoidSink.cpp:42] [stop] Void Sink completed.[m
[36m[04:29:45.985764] [D] [SingleNodeWorker] [WorkerThread-34] [] [SourceThread.cpp:228] [tryStop] SourceThread 2: thread is not running[m
[32m[04:29:45.985828] [I] [SingleNodeWorker] [WorkerThread-17] [] [SequenceShredder.cpp:55] [~SequenceShredder] Successfully validated SequenceShredder[m
[36m[04:29:49.245985] [D] [Not A Worker] [unnamed] [queryId:381710062] [BufferManager.cpp:110] [initialize] NES memory allocation requires 1 out of 540577120256 (so 1.8498748143954595e-10%) available bytes[m
[36m[04:29:49.246033] [D] [Not A Worker] [unnamed] [queryId:381710062] [BufferManager.cpp:160] [initialize] BufferManager configuration bufferSize=1 numOfBuffers=1[m
[36m[04:29:49.246187] [D] [Not A Worker] [unnamed] [queryId:381710062] [PipeliningPhase.cpp:404] [apply] Constructed pipeline plan with 1 root pipelines.
PipelinedQueryPlan for Query: 381710062
Number of root pipelines: 1
------------------
Root Pipeline 0:
  Pipeline(ID(43), Provider(COMPILER))
  Operator chain:
    PhysicalOperator(NES::SourcePhysicalOperator)
  Successor Pipeline:
    Pipeline(ID(44), Provider(None))
      Operator chain:
        PhysicalOperator(NES::ScanPhysicalOperator)
          PhysicalOperator(NES::SelectionPhysicalOperator)
            PhysicalOperator(NES::EmitPhysicalOperator)
      Successor Pipeline:
        Pipeline(ID(45), Provider(None))
          Operator chain:
            PhysicalOperator(NES::SinkPhysicalOperator)

[m
[36m[04:29:49.249707] [D] [Not A Worker] [unnamed] [] [SinkProvider.cpp:30] [lower] The sinkDescriptor is: SinkDescriptor: (name: variant("PERSON_SINK"), type: Void, Config: )[m
[36m[04:29:49.250562] [D] [SingleNodeWorker] [WorkerThread-54] [Task:381710062-45] [VoidSink.cpp:37] [start] Setting up void sink: VoidSink[m
[36m[04:29:49.343470] [D] [SingleNodeWorker] [WorkerThread-54] [] [SourceThread.cpp:186] [start] Starting source with originId: 2[m
[36m[04:29:49.345967] [D] [SingleNodeWorker] [WorkerThread-3] [Task:381710062-44] [BufferManager.cpp:65] [~BufferManager] Calling BufferManager::destroy()[m
[36m[04:29:49.346051] [D] [SingleNodeWorker] [WorkerThread-3] [Task:381710062-44] [BufferManager.cpp:93] [~BufferManager] Shutting down Buffer Manager completed[m
[36m[04:29:50.784915] [D] [SingleNodeWorker] [WorkerThread-23] [Task:381710062] [SourceThread.cpp:232] [tryStop] SourceThread 2: attempting to stop source[m
[36m[04:29:50.784959] [D] [SingleNodeWorker] [WorkerThread-23] [Task:381710062] [SourceThread.cpp:250] [tryStop] SourceThread 2: stopped[m
[32m[04:29:50.810705] [I] [SingleNodeWorker] [WorkerThread-54] [Task:381710062-45] [VoidSink.cpp:42] [stop] Void Sink completed.[m
[36m[04:29:50.810837] [D] [SingleNodeWorker] [WorkerThread-54] [] [SourceThread.cpp:228] [tryStop] SourceThread 2: thread is not running[m
[32m[04:29:50.811017] [I] [SingleNodeWorker] [WorkerThread-59] [] [SequenceShredder.cpp:55] [~SequenceShredder] Successfully validated SequenceShredder[m
[36m[04:29:54.248580] [D] [Not A Worker] [unnamed] [queryId:890276090] [BufferManager.cpp:110] [initialize] NES memory allocation requires 1 out of 540577120256 (so 1.8498748143954595e-10%) available bytes[m
[36m[04:29:54.248626] [D] [Not A Worker] [unnamed] [queryId:890276090] [BufferManager.cpp:160] [initialize] BufferManager configuration bufferSize=1 numOfBuffers=1[m
[36m[04:29:54.248829] [D] [Not A Worker] [unnamed] [queryId:890276090] [PipeliningPhase.cpp:404] [apply] Constructed pipeline plan with 1 root pipelines.
PipelinedQueryPlan for Query: 890276090
Number of root pipelines: 1
------------------
Root Pipeline 0:
  Pipeline(ID(46), Provider(COMPILER))
  Operator chain:
    PhysicalOperator(NES::SourcePhysicalOperator)
  Successor Pipeline:
    Pipeline(ID(47), Provider(None))
      Operator chain:
        PhysicalOperator(NES::ScanPhysicalOperator)
          PhysicalOperator(NES::SelectionPhysicalOperator)
            PhysicalOperator(NES::EmitPhysicalOperator)
      Successor Pipeline:
        Pipeline(ID(48), Provider(None))
          Operator chain:
            PhysicalOperator(NES::SinkPhysicalOperator)

[m
[36m[04:29:54.251605] [D] [Not A Worker] [unnamed] [] [SinkProvider.cpp:30] [lower] The sinkDescriptor is: SinkDescriptor: (name: variant("PERSON_SINK"), type: Void, Config: )[m
[36m[04:29:54.252178] [D] [SingleNodeWorker] [WorkerThread-44] [Task:890276090-48] [VoidSink.cpp:37] [start] Setting up void sink: VoidSink[m
[36m[04:29:54.345913] [D] [SingleNodeWorker] [WorkerThread-1] [] [SourceThread.cpp:186] [start] Starting source with originId: 2[m
[36m[04:29:54.348061] [D] [SingleNodeWorker] [WorkerThread-13] [Task:890276090-47] [BufferManager.cpp:65] [~BufferManager] Calling BufferManager::destroy()[m
[36m[04:29:54.348148] [D] [SingleNodeWorker] [WorkerThread-13] [Task:890276090-47] [BufferManager.cpp:93] [~BufferManager] Shutting down Buffer Manager completed[m
[36m[04:29:55.742166] [D] [SingleNodeWorker] [WorkerThread-31] [Task:890276090] [SourceThread.cpp:232] [tryStop] SourceThread 2: attempting to stop source[m
[36m[04:29:55.742228] [D] [SingleNodeWorker] [WorkerThread-31] [Task:890276090] [SourceThread.cpp:250] [tryStop] SourceThread 2: stopped[m
[32m[04:29:55.768123] [I] [SingleNodeWorker] [WorkerThread-11] [Task:890276090-48] [VoidSink.cpp:42] [stop] Void Sink completed.[m
[36m[04:29:55.768252] [D] [SingleNodeWorker] [WorkerThread-11] [] [SourceThread.cpp:228] [tryStop] SourceThread 2: thread is not running[m
[32m[04:29:55.768341] [I] [SingleNodeWorker] [WorkerThread-63] [] [SequenceShredder.cpp:55] [~SequenceShredder] Successfully validated SequenceShredder[m
[36m[04:29:59.168842] [D] [Not A Worker] [unnamed] [queryId:1496302453] [BufferManager.cpp:110] [initialize] NES memory allocation requires 1 out of 540577120256 (so 1.8498748143954595e-10%) available bytes[m
[36m[04:29:59.168892] [D] [Not A Worker] [unnamed] [queryId:1496302453] [BufferManager.cpp:160] [initialize] BufferManager configuration bufferSize=1 numOfBuffers=1[m
[36m[04:29:59.169052] [D] [Not A Worker] [unnamed] [queryId:1496302453] [PipeliningPhase.cpp:404] [apply] Constructed pipeline plan with 1 root pipelines.
PipelinedQueryPlan for Query: 1496302453
Number of root pipelines: 1
------------------
Root Pipeline 0:
  Pipeline(ID(49), Provider(COMPILER))
  Operator chain:
    PhysicalOperator(NES::SourcePhysicalOperator)
  Successor Pipeline:
    Pipeline(ID(50), Provider(None))
      Operator chain:
        PhysicalOperator(NES::ScanPhysicalOperator)
          PhysicalOperator(NES::SelectionPhysicalOperator)
            PhysicalOperator(NES::EmitPhysicalOperator)
      Successor Pipeline:
        Pipeline(ID(51), Provider(None))
          Operator chain:
            PhysicalOperator(NES::SinkPhysicalOperator)

[m
[36m[04:29:59.172784] [D] [Not A Worker] [unnamed] [] [SinkProvider.cpp:30] [lower] The sinkDescriptor is: SinkDescriptor: (name: variant("PERSON_SINK"), type: Void, Config: )[m
[36m[04:29:59.173252] [D] [SingleNodeWorker] [WorkerThread-62] [Task:1496302453-51] [VoidSink.cpp:37] [start] Setting up void sink: VoidSink[m
[36m[04:29:59.265327] [D] [SingleNodeWorker] [WorkerThread-43] [] [SourceThread.cpp:186] [start] Starting source with originId: 2[m
[36m[04:29:59.266398] [D] [SingleNodeWorker] [WorkerThread-43] [Task:1496302453-50] [BufferManager.cpp:65] [~BufferManager] Calling BufferManager::destroy()[m
[36m[04:29:59.266424] [D] [SingleNodeWorker] [WorkerThread-43] [Task:1496302453-50] [BufferManager.cpp:93] [~BufferManager] Shutting down Buffer Manager completed[m
[36m[04:30:00.598423] [D] [SingleNodeWorker] [WorkerThread-54] [Task:1496302453] [SourceThread.cpp:232] [tryStop] SourceThread 2: attempting to stop source[m
[36m[04:30:00.598479] [D] [SingleNodeWorker] [WorkerThread-54] [Task:1496302453] [SourceThread.cpp:250] [tryStop] SourceThread 2: stopped[m
[32m[04:30:00.624381] [I] [SingleNodeWorker] [WorkerThread-14] [Task:1496302453-51] [VoidSink.cpp:42] [stop] Void Sink completed.[m
[36m[04:30:00.624516] [D] [SingleNodeWorker] [WorkerThread-14] [] [SourceThread.cpp:228] [tryStop] SourceThread 2: thread is not running[m
[32m[04:30:00.624700] [I] [SingleNodeWorker] [WorkerThread-57] [] [SequenceShredder.cpp:55] [~SequenceShredder] Successfully validated SequenceShredder[m
[36m[04:30:04.152491] [D] [Not A Worker] [unnamed] [queryId:459079856] [BufferManager.cpp:110] [initialize] NES memory allocation requires 1 out of 540577120256 (so 1.8498748143954595e-10%) available bytes[m
[36m[04:30:04.152541] [D] [Not A Worker] [unnamed] [queryId:459079856] [BufferManager.cpp:160] [initialize] BufferManager configuration bufferSize=1 numOfBuffers=1[m
[36m[04:30:04.152694] [D] [Not A Worker] [unnamed] [queryId:459079856] [PipeliningPhase.cpp:404] [apply] Constructed pipeline plan with 1 root pipelines.
PipelinedQueryPlan for Query: 459079856
Number of root pipelines: 1
------------------
Root Pipeline 0:
  Pipeline(ID(52), Provider(COMPILER))
  Operator chain:
    PhysicalOperator(NES::SourcePhysicalOperator)
  Successor Pipeline:
    Pipeline(ID(53), Provider(None))
      Operator chain:
        PhysicalOperator(NES::ScanPhysicalOperator)
          PhysicalOperator(NES::SelectionPhysicalOperator)
            PhysicalOperator(NES::EmitPhysicalOperator)
      Successor Pipeline:
        Pipeline(ID(54), Provider(None))
          Operator chain:
            PhysicalOperator(NES::SinkPhysicalOperator)

[m
[36m[04:30:04.156396] [D] [Not A Worker] [unnamed] [] [SinkProvider.cpp:30] [lower] The sinkDescriptor is: SinkDescriptor: (name: variant("PERSON_SINK"), type: Void, Config: )[m
[36m[04:30:04.156814] [D] [SingleNodeWorker] [WorkerThread-37] [Task:459079856-54] [VoidSink.cpp:37] [start] Setting up void sink: VoidSink[m
[36m[04:30:04.248476] [D] [SingleNodeWorker] [WorkerThread-53] [] [SourceThread.cpp:186] [start] Starting source with originId: 2[m
[36m[04:30:04.250261] [D] [SingleNodeWorker] [WorkerThread-62] [Task:459079856-53] [BufferManager.cpp:65] [~BufferManager] Calling BufferManager::destroy()[m
[36m[04:30:04.250339] [D] [SingleNodeWorker] [WorkerThread-62] [Task:459079856-53] [BufferManager.cpp:93] [~BufferManager] Shutting down Buffer Manager completed[m
[36m[04:30:05.656799] [D] [SingleNodeWorker] [WorkerThread-42] [Task:459079856] [SourceThread.cpp:232] [tryStop] SourceThread 2: attempting to stop source[m
[36m[04:30:05.656846] [D] [SingleNodeWorker] [WorkerThread-42] [Task:459079856] [SourceThread.cpp:250] [tryStop] SourceThread 2: stopped[m
[32m[04:30:05.682686] [I] [SingleNodeWorker] [WorkerThread-32] [Task:459079856-54] [VoidSink.cpp:42] [stop] Void Sink completed.[m
[36m[04:30:05.682823] [D] [SingleNodeWorker] [WorkerThread-32] [] [SourceThread.cpp:228] [tryStop] SourceThread 2: thread is not running[m
[32m[04:30:05.682863] [I] [SingleNodeWorker] [WorkerThread-39] [] [SequenceShredder.cpp:55] [~SequenceShredder] Successfully validated SequenceShredder[m
[36m[04:30:08.964568] [D] [Not A Worker] [unnamed] [queryId:491892395] [BufferManager.cpp:110] [initialize] NES memory allocation requires 1 out of 540577120256 (so 1.8498748143954595e-10%) available bytes[m
[36m[04:30:08.964616] [D] [Not A Worker] [unnamed] [queryId:491892395] [BufferManager.cpp:160] [initialize] BufferManager configuration bufferSize=1 numOfBuffers=1[m
[36m[04:30:08.964780] [D] [Not A Worker] [unnamed] [queryId:491892395] [PipeliningPhase.cpp:404] [apply] Constructed pipeline plan with 1 root pipelines.
PipelinedQueryPlan for Query: 491892395
Number of root pipelines: 1
------------------
Root Pipeline 0:
  Pipeline(ID(55), Provider(COMPILER))
  Operator chain:
    PhysicalOperator(NES::SourcePhysicalOperator)
  Successor Pipeline:
    Pipeline(ID(56), Provider(None))
      Operator chain:
        PhysicalOperator(NES::ScanPhysicalOperator)
          PhysicalOperator(NES::SelectionPhysicalOperator)
            PhysicalOperator(NES::EmitPhysicalOperator)
      Successor Pipeline:
        Pipeline(ID(57), Provider(None))
          Operator chain:
            PhysicalOperator(NES::SinkPhysicalOperator)

[m
[36m[04:30:08.968366] [D] [Not A Worker] [unnamed] [] [SinkProvider.cpp:30] [lower] The sinkDescriptor is: SinkDescriptor: (name: variant("PERSON_SINK"), type: Void, Config: )[m
[36m[04:30:08.968923] [D] [SingleNodeWorker] [WorkerThread-51] [Task:491892395-57] [VoidSink.cpp:37] [start] Setting up void sink: VoidSink[m
[36m[04:30:09.060737] [D] [SingleNodeWorker] [WorkerThread-51] [] [SourceThread.cpp:186] [start] Starting source with originId: 2[m
[36m[04:30:09.062705] [D] [SingleNodeWorker] [WorkerThread-44] [Task:491892395-56] [BufferManager.cpp:65] [~BufferManager] Calling BufferManager::destroy()[m
[36m[04:30:09.062799] [D] [SingleNodeWorker] [WorkerThread-44] [Task:491892395-56] [BufferManager.cpp:93] [~BufferManager] Shutting down Buffer Manager completed[m
[36m[04:30:10.371079] [D] [SingleNodeWorker] [WorkerThread-53] [Task:491892395] [SourceThread.cpp:232] [tryStop] SourceThread 2: attempting to stop source[m
[36m[04:30:10.371150] [D] [SingleNodeWorker] [WorkerThread-53] [Task:491892395] [SourceThread.cpp:250] [tryStop] SourceThread 2: stopped[m
[32m[04:30:10.396930] [I] [SingleNodeWorker] [WorkerThread-63] [Task:491892395-57] [VoidSink.cpp:42] [stop] Void Sink completed.[m
[36m[04:30:10.397062] [D] [SingleNodeWorker] [WorkerThread-63] [] [SourceThread.cpp:228] [tryStop] SourceThread 2: thread is not running[m
[32m[04:30:10.397244] [I] [SingleNodeWorker] [WorkerThread-23] [] [SequenceShredder.cpp:55] [~SequenceShredder] Successfully validated SequenceShredder[m
[36m[04:30:14.082072] [D] [Not A Worker] [unnamed] [queryId:2004658049] [BufferManager.cpp:110] [initialize] NES memory allocation requires 1 out of 540577120256 (so 1.8498748143954595e-10%) available bytes[m
[36m[04:30:14.082121] [D] [Not A Worker] [unnamed] [queryId:2004658049] [BufferManager.cpp:160] [initialize] BufferManager configuration bufferSize=1 numOfBuffers=1[m
[36m[04:30:14.082285] [D] [Not A Worker] [unnamed] [queryId:2004658049] [PipeliningPhase.cpp:404] [apply] Constructed pipeline plan with 1 root pipelines.
PipelinedQueryPlan for Query: 2004658049
Number of root pipelines: 1
------------------
Root Pipeline 0:
  Pipeline(ID(58), Provider(COMPILER))
  Operator chain:
    PhysicalOperator(NES::SourcePhysicalOperator)
  Successor Pipeline:
    Pipeline(ID(59), Provider(None))
      Operator chain:
        PhysicalOperator(NES::ScanPhysicalOperator)
          PhysicalOperator(NES::SelectionPhysicalOperator)
            PhysicalOperator(NES::EmitPhysicalOperator)
      Successor Pipeline:
        Pipeline(ID(60), Provider(None))
          Operator chain:
            PhysicalOperator(NES::SinkPhysicalOperator)

[m
[36m[04:30:14.085059] [D] [Not A Worker] [unnamed] [] [SinkProvider.cpp:30] [lower] The sinkDescriptor is: SinkDescriptor: (name: variant("PERSON_SINK"), type: Void, Config: )[m
[36m[04:30:14.085874] [D] [SingleNodeWorker] [WorkerThread-46] [Task:2004658049-60] [VoidSink.cpp:37] [start] Setting up void sink: VoidSink[m
[36m[04:30:14.176664] [D] [SingleNodeWorker] [WorkerThread-46] [] [SourceThread.cpp:186] [start] Starting source with originId: 2[m
[36m[04:30:14.178382] [D] [SingleNodeWorker] [WorkerThread-60] [Task:2004658049-59] [BufferManager.cpp:65] [~BufferManager] Calling BufferManager::destroy()[m
[36m[04:30:14.178477] [D] [SingleNodeWorker] [WorkerThread-60] [Task:2004658049-59] [BufferManager.cpp:93] [~BufferManager] Shutting down Buffer Manager completed[m
[36m[04:30:14.618251] [D] [SingleNodeWorker] [WorkerThread-42] [Task:2004658049-59] [InputFormatter.hpp:349] [indexTrailingSpanningTupleProxy] last offset: 262143, first offset: 319[m
[36m[04:30:15.006464] [D] [SingleNodeWorker] [WorkerThread-28] [Task:2004658049-59] [InputFormatter.hpp:349] [indexTrailingSpanningTupleProxy] last offset: 262143, first offset: 327[m
[36m[04:30:15.666284] [D] [SingleNodeWorker] [WorkerThread-2] [Task:2004658049] [SourceThread.cpp:232] [tryStop] SourceThread 2: attempting to stop source[m
[36m[04:30:15.666326] [D] [SingleNodeWorker] [WorkerThread-2] [Task:2004658049] [SourceThread.cpp:250] [tryStop] SourceThread 2: stopped[m
[32m[04:30:15.691904] [I] [SingleNodeWorker] [WorkerThread-24] [Task:2004658049-60] [VoidSink.cpp:42] [stop] Void Sink completed.[m
[36m[04:30:15.692021] [D] [SingleNodeWorker] [WorkerThread-24] [] [SourceThread.cpp:228] [tryStop] SourceThread 2: thread is not running[m
[32m[04:30:15.692206] [I] [SingleNodeWorker] [WorkerThread-5] [] [SequenceShredder.cpp:55] [~SequenceShredder] Successfully validated SequenceShredder[m
[36m[04:30:19.160946] [D] [Not A Worker] [unnamed] [queryId:646197845] [BufferManager.cpp:110] [initialize] NES memory allocation requires 1 out of 540577120256 (so 1.8498748143954595e-10%) available bytes[m
[36m[04:30:19.160990] [D] [Not A Worker] [unnamed] [queryId:646197845] [BufferManager.cpp:160] [initialize] BufferManager configuration bufferSize=1 numOfBuffers=1[m
[36m[04:30:19.161171] [D] [Not A Worker] [unnamed] [queryId:646197845] [PipeliningPhase.cpp:404] [apply] Constructed pipeline plan with 1 root pipelines.
PipelinedQueryPlan for Query: 646197845
Number of root pipelines: 1
------------------
Root Pipeline 0:
  Pipeline(ID(61), Provider(COMPILER))
  Operator chain:
    PhysicalOperator(NES::SourcePhysicalOperator)
  Successor Pipeline:
    Pipeline(ID(62), Provider(None))
      Operator chain:
        PhysicalOperator(NES::ScanPhysicalOperator)
          PhysicalOperator(NES::SelectionPhysicalOperator)
            PhysicalOperator(NES::MapPhysicalOperator)
              PhysicalOperator(NES::EmitPhysicalOperator)
      Successor Pipeline:
        Pipeline(ID(63), Provider(None))
          Operator chain:
            PhysicalOperator(NES::SinkPhysicalOperator)

[m
[36m[04:30:19.164905] [D] [Not A Worker] [unnamed] [] [SinkProvider.cpp:30] [lower] The sinkDescriptor is: SinkDescriptor: (name: variant("PERSON_ID_SINK"), type: Void, Config: )[m
[36m[04:30:19.166411] [D] [SingleNodeWorker] [WorkerThread-59] [Task:646197845-63] [VoidSink.cpp:37] [start] Setting up void sink: VoidSink[m
[36m[04:30:19.243238] [D] [SingleNodeWorker] [WorkerThread-59] [] [SourceThread.cpp:186] [start] Starting source with originId: 2[m
[36m[04:30:19.245013] [D] [SingleNodeWorker] [WorkerThread-13] [Task:646197845-62] [BufferManager.cpp:65] [~BufferManager] Calling BufferManager::destroy()[m
[36m[04:30:19.245096] [D] [SingleNodeWorker] [WorkerThread-13] [Task:646197845-62] [BufferManager.cpp:93] [~BufferManager] Shutting down Buffer Manager completed[m
[36m[04:30:20.262423] [D] [SingleNodeWorker] [WorkerThread-11] [Task:646197845] [SourceThread.cpp:232] [tryStop] SourceThread 2: attempting to stop source[m
[36m[04:30:20.262493] [D] [SingleNodeWorker] [WorkerThread-11] [Task:646197845] [SourceThread.cpp:250] [tryStop] SourceThread 2: stopped[m
[32m[04:30:20.287784] [I] [SingleNodeWorker] [WorkerThread-24] [Task:646197845-63] [VoidSink.cpp:42] [stop] Void Sink completed.[m
[32m[04:30:20.287916] [I] [SingleNodeWorker] [WorkerThread-1] [] [SequenceShredder.cpp:55] [~SequenceShredder] Successfully validated SequenceShredder[m
[36m[04:30:20.287920] [D] [SingleNodeWorker] [WorkerThread-24] [] [SourceThread.cpp:228] [tryStop] SourceThread 2: thread is not running[m
[36m[04:30:24.106808] [D] [Not A Worker] [unnamed] [queryId:1112604081] [BufferManager.cpp:110] [initialize] NES memory allocation requires 1 out of 540577120256 (so 1.8498748143954595e-10%) available bytes[m
[36m[04:30:24.106855] [D] [Not A Worker] [unnamed] [queryId:1112604081] [BufferManager.cpp:160] [initialize] BufferManager configuration bufferSize=1 numOfBuffers=1[m
[36m[04:30:24.107046] [D] [Not A Worker] [unnamed] [queryId:1112604081] [PipeliningPhase.cpp:404] [apply] Constructed pipeline plan with 1 root pipelines.
PipelinedQueryPlan for Query: 1112604081
Number of root pipelines: 1
------------------
Root Pipeline 0:
  Pipeline(ID(64), Provider(COMPILER))
  Operator chain:
    PhysicalOperator(NES::SourcePhysicalOperator)
  Successor Pipeline:
    Pipeline(ID(65), Provider(None))
      Operator chain:
        PhysicalOperator(NES::ScanPhysicalOperator)
          PhysicalOperator(NES::SelectionPhysicalOperator)
            PhysicalOperator(NES::MapPhysicalOperator)
              PhysicalOperator(NES::EmitPhysicalOperator)
      Successor Pipeline:
        Pipeline(ID(66), Provider(None))
          Operator chain:
            PhysicalOperator(NES::SinkPhysicalOperator)

[m
[36m[04:30:24.110885] [D] [Not A Worker] [unnamed] [] [SinkProvider.cpp:30] [lower] The sinkDescriptor is: SinkDescriptor: (name: variant("PERSON_ID_SINK"), type: Void, Config: )[m
[36m[04:30:24.111734] [D] [SingleNodeWorker] [WorkerThread-12] [Task:1112604081-66] [VoidSink.cpp:37] [start] Setting up void sink: VoidSink[m
[36m[04:30:24.189698] [D] [SingleNodeWorker] [WorkerThread-12] [] [SourceThread.cpp:186] [start] Starting source with originId: 2[m
[36m[04:30:24.191458] [D] [SingleNodeWorker] [WorkerThread-52] [Task:1112604081-65] [BufferManager.cpp:65] [~BufferManager] Calling BufferManager::destroy()[m
[36m[04:30:24.191544] [D] [SingleNodeWorker] [WorkerThread-52] [Task:1112604081-65] [BufferManager.cpp:93] [~BufferManager] Shutting down Buffer Manager completed[m
[36m[04:30:25.267873] [D] [SingleNodeWorker] [WorkerThread-7] [Task:1112604081] [SourceThread.cpp:232] [tryStop] SourceThread 2: attempting to stop source[m
[36m[04:30:25.267921] [D] [SingleNodeWorker] [WorkerThread-7] [Task:1112604081] [SourceThread.cpp:250] [tryStop] SourceThread 2: stopped[m
[32m[04:30:25.293676] [I] [SingleNodeWorker] [WorkerThread-10] [Task:1112604081-66] [VoidSink.cpp:42] [stop] Void Sink completed.[m
[32m[04:30:25.293743] [I] [SingleNodeWorker] [WorkerThread-38] [] [SequenceShredder.cpp:55] [~SequenceShredder] Successfully validated SequenceShredder[m
[36m[04:30:25.293818] [D] [SingleNodeWorker] [WorkerThread-10] [] [SourceThread.cpp:228] [tryStop] SourceThread 2: thread is not running[m
[36m[04:30:28.925898] [D] [Not A Worker] [unnamed] [queryId:1984977635] [BufferManager.cpp:110] [initialize] NES memory allocation requires 1 out of 540577120256 (so 1.8498748143954595e-10%) available bytes[m
[36m[04:30:28.925942] [D] [Not A Worker] [unnamed] [queryId:1984977635] [BufferManager.cpp:160] [initialize] BufferManager configuration bufferSize=1 numOfBuffers=1[m
[36m[04:30:28.926107] [D] [Not A Worker] [unnamed] [queryId:1984977635] [PipeliningPhase.cpp:404] [apply] Constructed pipeline plan with 1 root pipelines.
PipelinedQueryPlan for Query: 1984977635
Number of root pipelines: 1
------------------
Root Pipeline 0:
  Pipeline(ID(67), Provider(COMPILER))
  Operator chain:
    PhysicalOperator(NES::SourcePhysicalOperator)
  Successor Pipeline:
    Pipeline(ID(68), Provider(None))
      Operator chain:
        PhysicalOperator(NES::ScanPhysicalOperator)
          PhysicalOperator(NES::SelectionPhysicalOperator)
            PhysicalOperator(NES::MapPhysicalOperator)
              PhysicalOperator(NES::EmitPhysicalOperator)
      Successor Pipeline:
        Pipeline(ID(69), Provider(None))
          Operator chain:
            PhysicalOperator(NES::SinkPhysicalOperator)

[m
[36m[04:30:28.929627] [D] [Not A Worker] [unnamed] [] [SinkProvider.cpp:30] [lower] The sinkDescriptor is: SinkDescriptor: (name: variant("PERSON_ID_SINK"), type: Void, Config: )[m
[36m[04:30:28.930030] [D] [SingleNodeWorker] [WorkerThread-61] [Task:1984977635-69] [VoidSink.cpp:37] [start] Setting up void sink: VoidSink[m
[36m[04:30:29.009658] [D] [SingleNodeWorker] [WorkerThread-59] [] [SourceThread.cpp:186] [start] Starting source with originId: 2[m
[36m[04:30:29.011511] [D] [SingleNodeWorker] [WorkerThread-0] [Task:1984977635-68] [BufferManager.cpp:65] [~BufferManager] Calling BufferManager::destroy()[m
[36m[04:30:29.011599] [D] [SingleNodeWorker] [WorkerThread-0] [Task:1984977635-68] [BufferManager.cpp:93] [~BufferManager] Shutting down Buffer Manager completed[m
[36m[04:30:29.655385] [D] [SingleNodeWorker] [WorkerThread-22] [Task:1984977635-68] [InputFormatter.hpp:349] [indexTrailingSpanningTupleProxy] last offset: 262143, first offset: 327[m
[36m[04:30:29.713050] [D] [SingleNodeWorker] [WorkerThread-7] [Task:1984977635-68] [InputFormatter.hpp:349] [indexTrailingSpanningTupleProxy] last offset: 262143, first offset: 149[m
[36m[04:30:30.100117] [D] [SingleNodeWorker] [WorkerThread-54] [Task:1984977635] [SourceThread.cpp:232] [tryStop] SourceThread 2: attempting to stop source[m
[36m[04:30:30.100164] [D] [SingleNodeWorker] [WorkerThread-54] [Task:1984977635] [SourceThread.cpp:250] [tryStop] SourceThread 2: stopped[m
[32m[04:30:30.125846] [I] [SingleNodeWorker] [WorkerThread-24] [Task:1984977635-69] [VoidSink.cpp:42] [stop] Void Sink completed.[m
[36m[04:30:30.125962] [D] [SingleNodeWorker] [WorkerThread-24] [] [SourceThread.cpp:228] [tryStop] SourceThread 2: thread is not running[m
[32m[04:30:30.126143] [I] [SingleNodeWorker] [WorkerThread-62] [] [SequenceShredder.cpp:55] [~SequenceShredder] Successfully validated SequenceShredder[m
[36m[04:30:33.748537] [D] [Not A Worker] [unnamed] [queryId:1955115999] [BufferManager.cpp:110] [initialize] NES memory allocation requires 1 out of 540577120256 (so 1.8498748143954595e-10%) available bytes[m
[36m[04:30:33.748596] [D] [Not A Worker] [unnamed] [queryId:1955115999] [BufferManager.cpp:160] [initialize] BufferManager configuration bufferSize=1 numOfBuffers=1[m
[36m[04:30:33.748780] [D] [Not A Worker] [unnamed] [queryId:1955115999] [PipeliningPhase.cpp:404] [apply] Constructed pipeline plan with 1 root pipelines.
PipelinedQueryPlan for Query: 1955115999
Number of root pipelines: 1
------------------
Root Pipeline 0:
  Pipeline(ID(70), Provider(COMPILER))
  Operator chain:
    PhysicalOperator(NES::SourcePhysicalOperator)
  Successor Pipeline:
    Pipeline(ID(71), Provider(None))
      Operator chain:
        PhysicalOperator(NES::ScanPhysicalOperator)
          PhysicalOperator(NES::SelectionPhysicalOperator)
            PhysicalOperator(NES::MapPhysicalOperator)
              PhysicalOperator(NES::EmitPhysicalOperator)
      Successor Pipeline:
        Pipeline(ID(72), Provider(None))
          Operator chain:
            PhysicalOperator(NES::SinkPhysicalOperator)

[m
[36m[04:30:33.751934] [D] [Not A Worker] [unnamed] [] [SinkProvider.cpp:30] [lower] The sinkDescriptor is: SinkDescriptor: (name: variant("PERSON_ID_SINK"), type: Void, Config: )[m
[36m[04:30:33.752438] [D] [SingleNodeWorker] [WorkerThread-20] [Task:1955115999-72] [VoidSink.cpp:37] [start] Setting up void sink: VoidSink[m
[36m[04:30:33.830150] [D] [SingleNodeWorker] [WorkerThread-41] [] [SourceThread.cpp:186] [start] Starting source with originId: 2[m
[36m[04:30:33.831763] [D] [SingleNodeWorker] [WorkerThread-41] [Task:1955115999-71] [BufferManager.cpp:65] [~BufferManager] Calling BufferManager::destroy()[m
[36m[04:30:33.831792] [D] [SingleNodeWorker] [WorkerThread-41] [Task:1955115999-71] [BufferManager.cpp:93] [~BufferManager] Shutting down Buffer Manager completed[m
[36m[04:30:34.403678] [D] [SingleNodeWorker] [WorkerThread-36] [Task:1955115999-71] [InputFormatter.hpp:349] [indexTrailingSpanningTupleProxy] last offset: 262143, first offset: 297[m
[36m[04:30:34.832164] [D] [SingleNodeWorker] [WorkerThread-26] [Task:1955115999] [SourceThread.cpp:232] [tryStop] SourceThread 2: attempting to stop source[m
[36m[04:30:34.832224] [D] [SingleNodeWorker] [WorkerThread-26] [Task:1955115999] [SourceThread.cpp:250] [tryStop] SourceThread 2: stopped[m
[32m[04:30:34.858309] [I] [SingleNodeWorker] [WorkerThread-20] [Task:1955115999-72] [VoidSink.cpp:42] [stop] Void Sink completed.[m
[32m[04:30:34.858365] [I] [SingleNodeWorker] [WorkerThread-50] [] [SequenceShredder.cpp:55] [~SequenceShredder] Successfully validated SequenceShredder[m
[36m[04:30:34.858513] [D] [SingleNodeWorker] [WorkerThread-20] [] [SourceThread.cpp:228] [tryStop] SourceThread 2: thread is not running[m
[36m[04:30:38.668283] [D] [Not A Worker] [unnamed] [queryId:57447714] [BufferManager.cpp:110] [initialize] NES memory allocation requires 1 out of 540577120256 (so 1.8498748143954595e-10%) available bytes[m
[36m[04:30:38.668339] [D] [Not A Worker] [unnamed] [queryId:57447714] [BufferManager.cpp:160] [initialize] BufferManager configuration bufferSize=1 numOfBuffers=1[m
[36m[04:30:38.668515] [D] [Not A Worker] [unnamed] [queryId:57447714] [PipeliningPhase.cpp:404] [apply] Constructed pipeline plan with 1 root pipelines.
PipelinedQueryPlan for Query: 57447714
Number of root pipelines: 1
------------------
Root Pipeline 0:
  Pipeline(ID(73), Provider(COMPILER))
  Operator chain:
    PhysicalOperator(NES::SourcePhysicalOperator)
  Successor Pipeline:
    Pipeline(ID(74), Provider(None))
      Operator chain:
        PhysicalOperator(NES::ScanPhysicalOperator)
          PhysicalOperator(NES::SelectionPhysicalOperator)
            PhysicalOperator(NES::MapPhysicalOperator)
              PhysicalOperator(NES::EmitPhysicalOperator)
      Successor Pipeline:
        Pipeline(ID(75), Provider(None))
          Operator chain:
            PhysicalOperator(NES::SinkPhysicalOperator)

[m
[36m[04:30:38.671837] [D] [Not A Worker] [unnamed] [] [SinkProvider.cpp:30] [lower] The sinkDescriptor is: SinkDescriptor: (name: variant("PERSON_ID_SINK"), type: Void, Config: )[m
[36m[04:30:38.672556] [D] [SingleNodeWorker] [WorkerThread-37] [Task:57447714-75] [VoidSink.cpp:37] [start] Setting up void sink: VoidSink[m
[36m[04:30:38.747583] [D] [SingleNodeWorker] [WorkerThread-45] [] [SourceThread.cpp:186] [start] Starting source with originId: 2[m
[36m[04:30:38.749394] [D] [SingleNodeWorker] [WorkerThread-62] [Task:57447714-74] [BufferManager.cpp:65] [~BufferManager] Calling BufferManager::destroy()[m
[36m[04:30:38.749483] [D] [SingleNodeWorker] [WorkerThread-62] [Task:57447714-74] [BufferManager.cpp:93] [~BufferManager] Shutting down Buffer Manager completed[m
[36m[04:30:39.821998] [D] [SingleNodeWorker] [WorkerThread-36] [Task:57447714] [SourceThread.cpp:232] [tryStop] SourceThread 2: attempting to stop source[m
[36m[04:30:39.822065] [D] [SingleNodeWorker] [WorkerThread-36] [Task:57447714] [SourceThread.cpp:250] [tryStop] SourceThread 2: stopped[m
[32m[04:30:39.847532] [I] [SingleNodeWorker] [WorkerThread-43] [] [SequenceShredder.cpp:55] [~SequenceShredder] Successfully validated SequenceShredder[m
[32m[04:30:39.847562] [I] [SingleNodeWorker] [WorkerThread-1] [Task:57447714-75] [VoidSink.cpp:42] [stop] Void Sink completed.[m
[36m[04:30:39.847677] [D] [SingleNodeWorker] [WorkerThread-1] [] [SourceThread.cpp:228] [tryStop] SourceThread 2: thread is not running[m
[36m[04:30:43.586999] [D] [Not A Worker] [unnamed] [queryId:1361732291] [BufferManager.cpp:110] [initialize] NES memory allocation requires 1 out of 540577120256 (so 1.8498748143954595e-10%) available bytes[m
[36m[04:30:43.587044] [D] [Not A Worker] [unnamed] [queryId:1361732291] [BufferManager.cpp:160] [initialize] BufferManager configuration bufferSize=1 numOfBuffers=1[m
[36m[04:30:43.587214] [D] [Not A Worker] [unnamed] [queryId:1361732291] [PipeliningPhase.cpp:404] [apply] Constructed pipeline plan with 1 root pipelines.
PipelinedQueryPlan for Query: 1361732291
Number of root pipelines: 1
------------------
Root Pipeline 0:
  Pipeline(ID(76), Provider(COMPILER))
  Operator chain:
    PhysicalOperator(NES::SourcePhysicalOperator)
  Successor Pipeline:
    Pipeline(ID(77), Provider(None))
      Operator chain:
        PhysicalOperator(NES::ScanPhysicalOperator)
          PhysicalOperator(NES::SelectionPhysicalOperator)
            PhysicalOperator(NES::MapPhysicalOperator)
              PhysicalOperator(NES::EmitPhysicalOperator)
      Successor Pipeline:
        Pipeline(ID(78), Provider(None))
          Operator chain:
            PhysicalOperator(NES::SinkPhysicalOperator)

[m
[36m[04:30:43.590540] [D] [Not A Worker] [unnamed] [] [SinkProvider.cpp:30] [lower] The sinkDescriptor is: SinkDescriptor: (name: variant("PERSON_ID_SINK"), type: Void, Config: )[m
[36m[04:30:43.591153] [D] [SingleNodeWorker] [WorkerThread-58] [Task:1361732291-78] [VoidSink.cpp:37] [start] Setting up void sink: VoidSink[m
[36m[04:30:43.667582] [D] [SingleNodeWorker] [WorkerThread-41] [] [SourceThread.cpp:186] [start] Starting source with originId: 2[m
[36m[04:30:43.669393] [D] [SingleNodeWorker] [WorkerThread-16] [Task:1361732291-77] [BufferManager.cpp:65] [~BufferManager] Calling BufferManager::destroy()[m
[36m[04:30:43.669473] [D] [SingleNodeWorker] [WorkerThread-16] [Task:1361732291-77] [BufferManager.cpp:93] [~BufferManager] Shutting down Buffer Manager completed[m
[36m[04:30:44.692227] [D] [SingleNodeWorker] [WorkerThread-29] [Task:1361732291] [SourceThread.cpp:232] [tryStop] SourceThread 2: attempting to stop source[m
[36m[04:30:44.692286] [D] [SingleNodeWorker] [WorkerThread-29] [Task:1361732291] [SourceThread.cpp:250] [tryStop] SourceThread 2: stopped[m
[32m[04:30:44.717781] [I] [SingleNodeWorker] [WorkerThread-48] [Task:1361732291-78] [VoidSink.cpp:42] [stop] Void Sink completed.[m
[36m[04:30:44.717915] [D] [SingleNodeWorker] [WorkerThread-48] [] [SourceThread.cpp:228] [tryStop] SourceThread 2: thread is not running[m
[32m[04:30:44.718092] [I] [SingleNodeWorker] [WorkerThread-0] [] [SequenceShredder.cpp:55] [~SequenceShredder] Successfully validated SequenceShredder[m
[36m[04:30:48.476893] [D] [Not A Worker] [unnamed] [queryId:463145425] [BufferManager.cpp:110] [initialize] NES memory allocation requires 1 out of 540577120256 (so 1.8498748143954595e-10%) available bytes[m
[36m[04:30:48.476944] [D] [Not A Worker] [unnamed] [queryId:463145425] [BufferManager.cpp:160] [initialize] BufferManager configuration bufferSize=1 numOfBuffers=1[m
[36m[04:30:48.477120] [D] [Not A Worker] [unnamed] [queryId:463145425] [PipeliningPhase.cpp:404] [apply] Constructed pipeline plan with 1 root pipelines.
PipelinedQueryPlan for Query: 463145425
Number of root pipelines: 1
------------------
Root Pipeline 0:
  Pipeline(ID(79), Provider(COMPILER))
  Operator chain:
    PhysicalOperator(NES::SourcePhysicalOperator)
  Successor Pipeline:
    Pipeline(ID(80), Provider(None))
      Operator chain:
        PhysicalOperator(NES::ScanPhysicalOperator)
          PhysicalOperator(NES::SelectionPhysicalOperator)
            PhysicalOperator(NES::MapPhysicalOperator)
              PhysicalOperator(NES::EmitPhysicalOperator)
      Successor Pipeline:
        Pipeline(ID(81), Provider(None))
          Operator chain:
            PhysicalOperator(NES::SinkPhysicalOperator)

[m
[36m[04:30:48.480653] [D] [Not A Worker] [unnamed] [] [SinkProvider.cpp:30] [lower] The sinkDescriptor is: SinkDescriptor: (name: variant("PERSON_ID_SINK"), type: Void, Config: )[m
[36m[04:30:48.481220] [D] [SingleNodeWorker] [WorkerThread-22] [Task:463145425-81] [VoidSink.cpp:37] [start] Setting up void sink: VoidSink[m
[36m[04:30:48.559636] [D] [SingleNodeWorker] [WorkerThread-61] [] [SourceThread.cpp:186] [start] Starting source with originId: 2[m
[36m[04:30:48.561042] [D] [SingleNodeWorker] [WorkerThread-52] [Task:463145425-80] [BufferManager.cpp:65] [~BufferManager] Calling BufferManager::destroy()[m
[36m[04:30:48.561067] [D] [SingleNodeWorker] [WorkerThread-52] [Task:463145425-80] [BufferManager.cpp:93] [~BufferManager] Shutting down Buffer Manager completed[m
[36m[04:30:49.455505] [D] [SingleNodeWorker] [WorkerThread-14] [Task:463145425] [SourceThread.cpp:232] [tryStop] SourceThread 2: attempting to stop source[m
[36m[04:30:49.455565] [D] [SingleNodeWorker] [WorkerThread-14] [Task:463145425] [SourceThread.cpp:250] [tryStop] SourceThread 2: stopped[m
[32m[04:30:49.481252] [I] [SingleNodeWorker] [WorkerThread-21] [Task:463145425-81] [VoidSink.cpp:42] [stop] Void Sink completed.[m
[36m[04:30:49.481391] [D] [SingleNodeWorker] [WorkerThread-21] [] [SourceThread.cpp:228] [tryStop] SourceThread 2: thread is not running[m
[32m[04:30:49.481534] [I] [SingleNodeWorker] [WorkerThread-20] [] [SequenceShredder.cpp:55] [~SequenceShredder] Successfully validated SequenceShredder[m
[36m[04:30:53.350019] [D] [Not A Worker] [unnamed] [queryId:606246680] [BufferManager.cpp:110] [initialize] NES memory allocation requires 1 out of 540577120256 (so 1.8498748143954595e-10%) available bytes[m
[36m[04:30:53.350067] [D] [Not A Worker] [unnamed] [queryId:606246680] [BufferManager.cpp:160] [initialize] BufferManager configuration bufferSize=1 numOfBuffers=1[m
[36m[04:30:53.350239] [D] [Not A Worker] [unnamed] [queryId:606246680] [PipeliningPhase.cpp:404] [apply] Constructed pipeline plan with 1 root pipelines.
PipelinedQueryPlan for Query: 606246680
Number of root pipelines: 1
------------------
Root Pipeline 0:
  Pipeline(ID(82), Provider(COMPILER))
  Operator chain:
    PhysicalOperator(NES::SourcePhysicalOperator)
  Successor Pipeline:
    Pipeline(ID(83), Provider(None))
      Operator chain:
        PhysicalOperator(NES::ScanPhysicalOperator)
          PhysicalOperator(NES::SelectionPhysicalOperator)
            PhysicalOperator(NES::MapPhysicalOperator)
              PhysicalOperator(NES::EmitPhysicalOperator)
      Successor Pipeline:
        Pipeline(ID(84), Provider(None))
          Operator chain:
            PhysicalOperator(NES::SinkPhysicalOperator)

[m
[36m[04:30:53.353958] [D] [Not A Worker] [unnamed] [] [SinkProvider.cpp:30] [lower] The sinkDescriptor is: SinkDescriptor: (name: variant("PERSON_ID_SINK"), type: Void, Config: )[m
[36m[04:30:53.354626] [D] [SingleNodeWorker] [WorkerThread-46] [Task:606246680-84] [VoidSink.cpp:37] [start] Setting up void sink: VoidSink[m
[36m[04:30:53.432974] [D] [SingleNodeWorker] [WorkerThread-52] [] [SourceThread.cpp:186] [start] Starting source with originId: 2[m
[36m[04:30:53.434737] [D] [SingleNodeWorker] [WorkerThread-1] [Task:606246680-83] [BufferManager.cpp:65] [~BufferManager] Calling BufferManager::destroy()[m
[36m[04:30:53.434820] [D] [SingleNodeWorker] [WorkerThread-1] [Task:606246680-83] [BufferManager.cpp:93] [~BufferManager] Shutting down Buffer Manager completed[m
[36m[04:30:53.800936] [D] [SingleNodeWorker] [WorkerThread-34] [Task:606246680-83] [InputFormatter.hpp:349] [indexTrailingSpanningTupleProxy] last offset: 262143, first offset: 152[m
[36m[04:30:54.434364] [D] [SingleNodeWorker] [WorkerThread-3] [Task:606246680] [SourceThread.cpp:232] [tryStop] SourceThread 2: attempting to stop source[m
[36m[04:30:54.434432] [D] [SingleNodeWorker] [WorkerThread-3] [Task:606246680] [SourceThread.cpp:250] [tryStop] SourceThread 2: stopped[m
[32m[04:30:54.460578] [I] [SingleNodeWorker] [WorkerThread-39] [Task:606246680-84] [VoidSink.cpp:42] [stop] Void Sink completed.[m
[36m[04:30:54.460734] [D] [SingleNodeWorker] [WorkerThread-39] [] [SourceThread.cpp:228] [tryStop] SourceThread 2: thread is not running[m
[32m[04:30:54.460905] [I] [SingleNodeWorker] [WorkerThread-33] [] [SequenceShredder.cpp:55] [~SequenceShredder] Successfully validated SequenceShredder[m
[36m[04:30:58.319558] [D] [Not A Worker] [unnamed] [queryId:1206409439] [BufferManager.cpp:110] [initialize] NES memory allocation requires 1 out of 540577120256 (so 1.8498748143954595e-10%) available bytes[m
[36m[04:30:58.319608] [D] [Not A Worker] [unnamed] [queryId:1206409439] [BufferManager.cpp:160] [initialize] BufferManager configuration bufferSize=1 numOfBuffers=1[m
[36m[04:30:58.319784] [D] [Not A Worker] [unnamed] [queryId:1206409439] [PipeliningPhase.cpp:404] [apply] Constructed pipeline plan with 1 root pipelines.
PipelinedQueryPlan for Query: 1206409439
Number of root pipelines: 1
------------------
Root Pipeline 0:
  Pipeline(ID(85), Provider(COMPILER))
  Operator chain:
    PhysicalOperator(NES::SourcePhysicalOperator)
  Successor Pipeline:
    Pipeline(ID(86), Provider(None))
      Operator chain:
        PhysicalOperator(NES::ScanPhysicalOperator)
          PhysicalOperator(NES::SelectionPhysicalOperator)
            PhysicalOperator(NES::MapPhysicalOperator)
              PhysicalOperator(NES::EmitPhysicalOperator)
      Successor Pipeline:
        Pipeline(ID(87), Provider(None))
          Operator chain:
            PhysicalOperator(NES::SinkPhysicalOperator)

[m
[36m[04:30:58.331288] [D] [Not A Worker] [unnamed] [] [SinkProvider.cpp:30] [lower] The sinkDescriptor is: SinkDescriptor: (name: variant("PERSON_ID_SINK"), type: Void, Config: )[m
[36m[04:30:58.331848] [D] [SingleNodeWorker] [WorkerThread-23] [Task:1206409439-87] [VoidSink.cpp:37] [start] Setting up void sink: VoidSink[m
[36m[04:30:58.407223] [D] [SingleNodeWorker] [WorkerThread-50] [] [SourceThread.cpp:186] [start] Starting source with originId: 2[m
[36m[04:30:58.409232] [D] [SingleNodeWorker] [WorkerThread-13] [Task:1206409439-86] [BufferManager.cpp:65] [~BufferManager] Calling BufferManager::destroy()[m
[36m[04:30:58.409327] [D] [SingleNodeWorker] [WorkerThread-13] [Task:1206409439-86] [BufferManager.cpp:93] [~BufferManager] Shutting down Buffer Manager completed[m
[36m[04:30:59.428358] [D] [SingleNodeWorker] [WorkerThread-35] [Task:1206409439] [SourceThread.cpp:232] [tryStop] SourceThread 2: attempting to stop source[m
[36m[04:30:59.428406] [D] [SingleNodeWorker] [WorkerThread-35] [Task:1206409439] [SourceThread.cpp:250] [tryStop] SourceThread 2: stopped[m
[32m[04:30:59.453935] [I] [SingleNodeWorker] [WorkerThread-60] [Task:1206409439-87] [VoidSink.cpp:42] [stop] Void Sink completed.[m
[36m[04:30:59.454076] [D] [SingleNodeWorker] [WorkerThread-60] [] [SourceThread.cpp:228] [tryStop] SourceThread 2: thread is not running[m
[32m[04:30:59.454213] [I] [SingleNodeWorker] [WorkerThread-33] [] [SequenceShredder.cpp:55] [~SequenceShredder] Successfully validated SequenceShredder[m
[36m[04:31:03.325898] [D] [Not A Worker] [unnamed] [queryId:468501081] [BufferManager.cpp:110] [initialize] NES memory allocation requires 1 out of 540577120256 (so 1.8498748143954595e-10%) available bytes[m
[36m[04:31:03.325961] [D] [Not A Worker] [unnamed] [queryId:468501081] [BufferManager.cpp:160] [initialize] BufferManager configuration bufferSize=1 numOfBuffers=1[m
[36m[04:31:03.326193] [D] [Not A Worker] [unnamed] [queryId:468501081] [PipeliningPhase.cpp:404] [apply] Constructed pipeline plan with 1 root pipelines.
PipelinedQueryPlan for Query: 468501081
Number of root pipelines: 1
------------------
Root Pipeline 0:
  Pipeline(ID(88), Provider(COMPILER))
  Operator chain:
    PhysicalOperator(NES::SourcePhysicalOperator)
  Successor Pipeline:
    Pipeline(ID(89), Provider(None))
      Operator chain:
        PhysicalOperator(NES::ScanPhysicalOperator)
          PhysicalOperator(NES::SelectionPhysicalOperator)
            PhysicalOperator(NES::MapPhysicalOperator)
              PhysicalOperator(NES::EmitPhysicalOperator)
      Successor Pipeline:
        Pipeline(ID(90), Provider(None))
          Operator chain:
            PhysicalOperator(NES::SinkPhysicalOperator)

[m
[36m[04:31:03.330010] [D] [Not A Worker] [unnamed] [] [SinkProvider.cpp:30] [lower] The sinkDescriptor is: SinkDescriptor: (name: variant("PERSON_ID_SINK"), type: Void, Config: )[m
[36m[04:31:03.330611] [D] [SingleNodeWorker] [WorkerThread-20] [Task:468501081-90] [VoidSink.cpp:37] [start] Setting up void sink: VoidSink[m
[36m[04:31:03.419807] [D] [SingleNodeWorker] [WorkerThread-20] [] [SourceThread.cpp:186] [start] Starting source with originId: 2[m
[36m[04:31:03.421711] [D] [SingleNodeWorker] [WorkerThread-43] [Task:468501081-89] [BufferManager.cpp:65] [~BufferManager] Calling BufferManager::destroy()[m
[36m[04:31:03.421804] [D] [SingleNodeWorker] [WorkerThread-43] [Task:468501081-89] [BufferManager.cpp:93] [~BufferManager] Shutting down Buffer Manager completed[m
[36m[04:31:04.351691] [D] [SingleNodeWorker] [WorkerThread-0] [Task:468501081] [SourceThread.cpp:232] [tryStop] SourceThread 2: attempting to stop source[m
[36m[04:31:04.351767] [D] [SingleNodeWorker] [WorkerThread-0] [Task:468501081] [SourceThread.cpp:250] [tryStop] SourceThread 2: stopped[m
[32m[04:31:04.377351] [I] [SingleNodeWorker] [WorkerThread-17] [Task:468501081-90] [VoidSink.cpp:42] [stop] Void Sink completed.[m
[36m[04:31:04.377474] [D] [SingleNodeWorker] [WorkerThread-17] [] [SourceThread.cpp:228] [tryStop] SourceThread 2: thread is not running[m
[32m[04:31:04.377613] [I] [SingleNodeWorker] [WorkerThread-33] [] [SequenceShredder.cpp:55] [~SequenceShredder] Successfully validated SequenceShredder[m
[36m[04:31:08.153765] [D] [Not A Worker] [unnamed] [queryId:1408017097] [BufferManager.cpp:110] [initialize] NES memory allocation requires 1 out of 540577120256 (so 1.8498748143954595e-10%) available bytes[m
[36m[04:31:08.153819] [D] [Not A Worker] [unnamed] [queryId:1408017097] [BufferManager.cpp:160] [initialize] BufferManager configuration bufferSize=1 numOfBuffers=1[m
[36m[04:31:08.154003] [D] [Not A Worker] [unnamed] [queryId:1408017097] [PipeliningPhase.cpp:404] [apply] Constructed pipeline plan with 1 root pipelines.
PipelinedQueryPlan for Query: 1408017097
Number of root pipelines: 1
------------------
Root Pipeline 0:
  Pipeline(ID(91), Provider(COMPILER))
  Operator chain:
    PhysicalOperator(NES::SourcePhysicalOperator)
  Successor Pipeline:
    Pipeline(ID(92), Provider(None))
      Operator chain:
        PhysicalOperator(NES::ScanPhysicalOperator)
          PhysicalOperator(NES::SelectionPhysicalOperator)
            PhysicalOperator(NES::MapPhysicalOperator)
              PhysicalOperator(NES::EmitPhysicalOperator)
      Successor Pipeline:
        Pipeline(ID(93), Provider(None))
          Operator chain:
            PhysicalOperator(NES::SinkPhysicalOperator)

[m
[36m[04:31:08.157443] [D] [Not A Worker] [unnamed] [] [SinkProvider.cpp:30] [lower] The sinkDescriptor is: SinkDescriptor: (name: variant("BID_AUCTION_ID_SINK"), type: Void, Config: )[m
[36m[04:31:08.157737] [D] [SingleNodeWorker] [WorkerThread-56] [Task:1408017097-93] [VoidSink.cpp:37] [start] Setting up void sink: VoidSink[m
[36m[04:31:08.219454] [D] [SingleNodeWorker] [WorkerThread-16] [] [SourceThread.cpp:186] [start] Starting source with originId: 2[m
[36m[04:31:08.221848] [D] [SingleNodeWorker] [WorkerThread-7] [Task:1408017097-92] [BufferManager.cpp:65] [~BufferManager] Calling BufferManager::destroy()[m
[36m[04:31:08.221947] [D] [SingleNodeWorker] [WorkerThread-7] [Task:1408017097-92] [BufferManager.cpp:93] [~BufferManager] Shutting down Buffer Manager completed[m
[36m[04:31:08.903829] [D] [SingleNodeWorker] [WorkerThread-38] [Task:1408017097-92] [InputFormatter.hpp:349] [indexTrailingSpanningTupleProxy] last offset: 262143, first offset: 24[m
[36m[04:31:12.216513] [D] [SingleNodeWorker] [WorkerThread-52] [Task:1408017097-92] [InputFormatter.hpp:349] [indexTrailingSpanningTupleProxy] last offset: 262143, first offset: 52[m
[36m[04:31:12.586709] [D] [SingleNodeWorker] [WorkerThread-63] [Task:1408017097-92] [InputFormatter.hpp:349] [indexTrailingSpanningTupleProxy] last offset: 262143, first offset: 78[m
[36m[04:31:12.962497] [D] [SingleNodeWorker] [WorkerThread-7] [Task:1408017097-92] [InputFormatter.hpp:349] [indexTrailingSpanningTupleProxy] last offset: 262143, first offset: 45[m
[36m[04:31:13.683455] [D] [SingleNodeWorker] [WorkerThread-63] [Task:1408017097-92] [InputFormatter.hpp:349] [indexTrailingSpanningTupleProxy] last offset: 262143, first offset: 7[m
[36m[04:31:14.205986] [D] [SingleNodeWorker] [WorkerThread-42] [Task:1408017097-92] [InputFormatter.hpp:349] [indexTrailingSpanningTupleProxy] last offset: 262143, first offset: 48[m
[36m[04:31:14.230496] [D] [SingleNodeWorker] [WorkerThread-45] [Task:1408017097-92] [InputFormatter.hpp:349] [indexTrailingSpanningTupleProxy] last offset: 262143, first offset: 45[m
[36m[04:31:14.536643] [D] [SingleNodeWorker] [WorkerThread-57] [Task:1408017097-92] [InputFormatter.hpp:349] [indexTrailingSpanningTupleProxy] last offset: 262143, first offset: 48[m
[36m[04:31:14.602522] [D] [SingleNodeWorker] [WorkerThread-54] [Task:1408017097-92] [InputFormatter.hpp:349] [indexTrailingSpanningTupleProxy] last offset: 262143, first offset: 46[m
[36m[04:31:16.481715] [D] [SingleNodeWorker] [WorkerThread-7] [Task:1408017097-92] [InputFormatter.hpp:349] [indexTrailingSpanningTupleProxy] last offset: 262143, first offset: 44[m
[36m[04:31:18.790040] [D] [SingleNodeWorker] [WorkerThread-7] [Task:1408017097-92] [InputFormatter.hpp:349] [indexTrailingSpanningTupleProxy] last offset: 262143, first offset: 23[m
[36m[04:31:20.381775] [D] [SingleNodeWorker] [WorkerThread-19] [Task:1408017097-92] [InputFormatter.hpp:349] [indexTrailingSpanningTupleProxy] last offset: 262143, first offset: 82[m
[36m[04:31:22.190673] [D] [SingleNodeWorker] [WorkerThread-13] [Task:1408017097] [SourceThread.cpp:232] [tryStop] SourceThread 2: attempting to stop source[m
[36m[04:31:22.190731] [D] [SingleNodeWorker] [WorkerThread-13] [Task:1408017097] [SourceThread.cpp:250] [tryStop] SourceThread 2: stopped[m
[32m[04:31:22.216547] [I] [SingleNodeWorker] [WorkerThread-3] [Task:1408017097-93] [VoidSink.cpp:42] [stop] Void Sink completed.[m
[32m[04:31:22.216613] [I] [SingleNodeWorker] [WorkerThread-56] [] [SequenceShredder.cpp:55] [~SequenceShredder] Successfully validated SequenceShredder[m
[36m[04:31:22.216667] [D] [SingleNodeWorker] [WorkerThread-3] [] [SourceThread.cpp:228] [tryStop] SourceThread 2: thread is not running[m
[36m[04:31:25.102079] [D] [Not A Worker] [unnamed] [queryId:575358382] [BufferManager.cpp:110] [initialize] NES memory allocation requires 1 out of 540577120256 (so 1.8498748143954595e-10%) available bytes[m
[36m[04:31:25.102129] [D] [Not A Worker] [unnamed] [queryId:575358382] [BufferManager.cpp:160] [initialize] BufferManager configuration bufferSize=1 numOfBuffers=1[m
[36m[04:31:25.102315] [D] [Not A Worker] [unnamed] [queryId:575358382] [PipeliningPhase.cpp:404] [apply] Constructed pipeline plan with 1 root pipelines.
PipelinedQueryPlan for Query: 575358382
Number of root pipelines: 1
------------------
Root Pipeline 0:
  Pipeline(ID(94), Provider(COMPILER))
  Operator chain:
    PhysicalOperator(NES::SourcePhysicalOperator)
  Successor Pipeline:
    Pipeline(ID(95), Provider(None))
      Operator chain:
        PhysicalOperator(NES::ScanPhysicalOperator)
          PhysicalOperator(NES::SelectionPhysicalOperator)
            PhysicalOperator(NES::MapPhysicalOperator)
              PhysicalOperator(NES::EmitPhysicalOperator)
      Successor Pipeline:
        Pipeline(ID(96), Provider(None))
          Operator chain:
            PhysicalOperator(NES::SinkPhysicalOperator)

[m
[36m[04:31:25.105316] [D] [Not A Worker] [unnamed] [] [SinkProvider.cpp:30] [lower] The sinkDescriptor is: SinkDescriptor: (name: variant("BID_AUCTION_ID_SINK"), type: Void, Config: )[m
[36m[04:31:25.105927] [D] [SingleNodeWorker] [WorkerThread-0] [Task:575358382-96] [VoidSink.cpp:37] [start] Setting up void sink: VoidSink[m
[36m[04:31:25.165550] [D] [SingleNodeWorker] [WorkerThread-28] [] [SourceThread.cpp:186] [start] Starting source with originId: 2[m
[36m[04:31:25.173844] [D] [SingleNodeWorker] [WorkerThread-40] [Task:575358382-95] [BufferManager.cpp:65] [~BufferManager] Calling BufferManager::destroy()[m
[36m[04:31:25.173934] [D] [SingleNodeWorker] [WorkerThread-40] [Task:575358382-95] [BufferManager.cpp:93] [~BufferManager] Shutting down Buffer Manager completed[m
[36m[04:31:25.757672] [D] [SingleNodeWorker] [WorkerThread-57] [Task:575358382-95] [InputFormatter.hpp:349] [indexTrailingSpanningTupleProxy] last offset: 262143, first offset: 30[m
[36m[04:31:26.200362] [D] [SingleNodeWorker] [WorkerThread-28] [Task:575358382-95] [InputFormatter.hpp:349] [indexTrailingSpanningTupleProxy] last offset: 262143, first offset: 13[m
[36m[04:31:26.715737] [D] [SingleNodeWorker] [WorkerThread-32] [Task:575358382-95] [InputFormatter.hpp:349] [indexTrailingSpanningTupleProxy] last offset: 262143, first offset: 73[m
[36m[04:31:29.063706] [D] [SingleNodeWorker] [WorkerThread-7] [Task:575358382-95] [InputFormatter.hpp:349] [indexTrailingSpanningTupleProxy] last offset: 262143, first offset: 64[m
[36m[04:31:32.892589] [D] [SingleNodeWorker] [WorkerThread-7] [Task:575358382-95] [InputFormatter.hpp:349] [indexTrailingSpanningTupleProxy] last offset: 262143, first offset: 63[m
[36m[04:31:34.057219] [D] [SingleNodeWorker] [WorkerThread-31] [Task:575358382-95] [InputFormatter.hpp:349] [indexTrailingSpanningTupleProxy] last offset: 262143, first offset: 34[m
[36m[04:31:35.961529] [D] [SingleNodeWorker] [WorkerThread-32] [Task:575358382-95] [InputFormatter.hpp:349] [indexTrailingSpanningTupleProxy] last offset: 262143, first offset: 26[m
[36m[04:31:36.630748] [D] [SingleNodeWorker] [WorkerThread-52] [Task:575358382-95] [InputFormatter.hpp:349] [indexTrailingSpanningTupleProxy] last offset: 262143, first offset: 69[m
[36m[04:31:36.851281] [D] [SingleNodeWorker] [WorkerThread-45] [Task:575358382-95] [InputFormatter.hpp:349] [indexTrailingSpanningTupleProxy] last offset: 262143, first offset: 75[m
[36m[04:31:37.771356] [D] [SingleNodeWorker] [WorkerThread-47] [Task:575358382-95] [InputFormatter.hpp:349] [indexTrailingSpanningTupleProxy] last offset: 262143, first offset: 3[m
[36m[04:31:39.005804] [D] [SingleNodeWorker] [WorkerThread-1] [Task:575358382] [SourceThread.cpp:232] [tryStop] SourceThread 2: attempting to stop source[m
[36m[04:31:39.005881] [D] [SingleNodeWorker] [WorkerThread-1] [Task:575358382] [SourceThread.cpp:250] [tryStop] SourceThread 2: stopped[m
[32m[04:31:39.031409] [I] [SingleNodeWorker] [WorkerThread-6] [Task:575358382-96] [VoidSink.cpp:42] [stop] Void Sink completed.[m
[36m[04:31:39.031549] [D] [SingleNodeWorker] [WorkerThread-6] [] [SourceThread.cpp:228] [tryStop] SourceThread 2: thread is not running[m
[32m[04:31:39.031726] [I] [SingleNodeWorker] [WorkerThread-36] [] [SequenceShredder.cpp:55] [~SequenceShredder] Successfully validated SequenceShredder[m
[36m[04:31:42.290524] [D] [Not A Worker] [unnamed] [queryId:1904484497] [BufferManager.cpp:110] [initialize] NES memory allocation requires 1 out of 540577120256 (so 1.8498748143954595e-10%) available bytes[m
[36m[04:31:42.290573] [D] [Not A Worker] [unnamed] [queryId:1904484497] [BufferManager.cpp:160] [initialize] BufferManager configuration bufferSize=1 numOfBuffers=1[m
[36m[04:31:42.290757] [D] [Not A Worker] [unnamed] [queryId:1904484497] [PipeliningPhase.cpp:404] [apply] Constructed pipeline plan with 1 root pipelines.
PipelinedQueryPlan for Query: 1904484497
Number of root pipelines: 1
------------------
Root Pipeline 0:
  Pipeline(ID(97), Provider(COMPILER))
  Operator chain:
    PhysicalOperator(NES::SourcePhysicalOperator)
  Successor Pipeline:
    Pipeline(ID(98), Provider(None))
      Operator chain:
        PhysicalOperator(NES::ScanPhysicalOperator)
          PhysicalOperator(NES::SelectionPhysicalOperator)
            PhysicalOperator(NES::MapPhysicalOperator)
              PhysicalOperator(NES::EmitPhysicalOperator)
      Successor Pipeline:
        Pipeline(ID(99), Provider(None))
          Operator chain:
            PhysicalOperator(NES::SinkPhysicalOperator)

[m
[36m[04:31:42.293700] [D] [Not A Worker] [unnamed] [] [SinkProvider.cpp:30] [lower] The sinkDescriptor is: SinkDescriptor: (name: variant("BID_AUCTION_ID_SINK"), type: Void, Config: )[m
[36m[04:31:42.294036] [D] [SingleNodeWorker] [WorkerThread-1] [Task:1904484497-99] [VoidSink.cpp:37] [start] Setting up void sink: VoidSink[m
[36m[04:31:42.353555] [D] [SingleNodeWorker] [WorkerThread-4] [] [SourceThread.cpp:186] [start] Starting source with originId: 2[m
[36m[04:31:42.362055] [D] [SingleNodeWorker] [WorkerThread-2] [Task:1904484497-98] [BufferManager.cpp:65] [~BufferManager] Calling BufferManager::destroy()[m
[36m[04:31:42.362141] [D] [SingleNodeWorker] [WorkerThread-2] [Task:1904484497-98] [BufferManager.cpp:93] [~BufferManager] Shutting down Buffer Manager completed[m
[36m[04:31:43.052742] [D] [SingleNodeWorker] [WorkerThread-32] [Task:1904484497-98] [InputFormatter.hpp:349] [indexTrailingSpanningTupleProxy] last offset: 262143, first offset: 74[m
[36m[04:31:43.450327] [D] [SingleNodeWorker] [WorkerThread-39] [Task:1904484497-98] [InputFormatter.hpp:349] [indexTrailingSpanningTupleProxy] last offset: 262143, first offset: 60[m
[36m[04:31:43.661360] [D] [SingleNodeWorker] [WorkerThread-22] [Task:1904484497-98] [InputFormatter.hpp:349] [indexTrailingSpanningTupleProxy] last offset: 262143, first offset: 65[m
[36m[04:31:43.689819] [D] [SingleNodeWorker] [WorkerThread-54] [Task:1904484497-98] [InputFormatter.hpp:349] [indexTrailingSpanningTupleProxy] last offset: 262143, first offset: 12[m
[36m[04:31:43.807033] [D] [SingleNodeWorker] [WorkerThread-54] [Task:1904484497-98] [InputFormatter.hpp:349] [indexTrailingSpanningTupleProxy] last offset: 262143, first offset: 73[m
[36m[04:31:44.121226] [D] [SingleNodeWorker] [WorkerThread-7] [Task:1904484497-98] [InputFormatter.hpp:349] [indexTrailingSpanningTupleProxy] last offset: 262143, first offset: 81[m
[36m[04:31:44.957658] [D] [SingleNodeWorker] [WorkerThread-30] [Task:1904484497-98] [InputFormatter.hpp:349] [indexTrailingSpanningTupleProxy] last offset: 262143, first offset: 41[m
[36m[04:31:45.521898] [D] [SingleNodeWorker] [WorkerThread-21] [Task:1904484497-98] [InputFormatter.hpp:349] [indexTrailingSpanningTupleProxy] last offset: 262143, first offset: 62[m
[36m[04:31:47.436893] [D] [SingleNodeWorker] [WorkerThread-39] [Task:1904484497-98] [InputFormatter.hpp:349] [indexTrailingSpanningTupleProxy] last offset: 262143, first offset: 8[m
[36m[04:31:49.126756] [D] [SingleNodeWorker] [WorkerThread-44] [Task:1904484497-98] [InputFormatter.hpp:349] [indexTrailingSpanningTupleProxy] last offset: 262143, first offset: 72[m
[36m[04:31:50.628589] [D] [SingleNodeWorker] [WorkerThread-5] [Task:1904484497-98] [InputFormatter.hpp:349] [indexTrailingSpanningTupleProxy] last offset: 262143, first offset: 21[m
[36m[04:31:51.992124] [D] [SingleNodeWorker] [WorkerThread-54] [Task:1904484497-98] [InputFormatter.hpp:349] [indexTrailingSpanningTupleProxy] last offset: 262143, first offset: 27[m
[36m[04:31:53.303507] [D] [SingleNodeWorker] [WorkerThread-55] [Task:1904484497-98] [InputFormatter.hpp:349] [indexTrailingSpanningTupleProxy] last offset: 262143, first offset: 12[m
[36m[04:31:54.317018] [D] [SingleNodeWorker] [WorkerThread-30] [Task:1904484497-98] [InputFormatter.hpp:349] [indexTrailingSpanningTupleProxy] last offset: 262143, first offset: 14[m
[36m[04:31:55.625539] [D] [SingleNodeWorker] [WorkerThread-7] [Task:1904484497-98] [InputFormatter.hpp:349] [indexTrailingSpanningTupleProxy] last offset: 262143, first offset: 36[m
[36m[04:31:56.338406] [D] [SingleNodeWorker] [WorkerThread-22] [Task:1904484497] [SourceThread.cpp:232] [tryStop] SourceThread 2: attempting to stop source[m
[36m[04:31:56.338482] [D] [SingleNodeWorker] [WorkerThread-22] [Task:1904484497] [SourceThread.cpp:250] [tryStop] SourceThread 2: stopped[m
[32m[04:31:56.363951] [I] [SingleNodeWorker] [WorkerThread-63] [Task:1904484497-99] [VoidSink.cpp:42] [stop] Void Sink completed.[m
[32m[04:31:56.364024] [I] [SingleNodeWorker] [WorkerThread-53] [] [SequenceShredder.cpp:55] [~SequenceShredder] Successfully validated SequenceShredder[m
[36m[04:31:56.364102] [D] [SingleNodeWorker] [WorkerThread-63] [] [SourceThread.cpp:228] [tryStop] SourceThread 2: thread is not running[m
[36m[04:31:59.865512] [D] [Not A Worker] [unnamed] [queryId:500313055] [BufferManager.cpp:110] [initialize] NES memory allocation requires 1 out of 540577120256 (so 1.8498748143954595e-10%) available bytes[m
[36m[04:31:59.865565] [D] [Not A Worker] [unnamed] [queryId:500313055] [BufferManager.cpp:160] [initialize] BufferManager configuration bufferSize=1 numOfBuffers=1[m
[36m[04:31:59.865782] [D] [Not A Worker] [unnamed] [queryId:500313055] [PipeliningPhase.cpp:404] [apply] Constructed pipeline plan with 1 root pipelines.
PipelinedQueryPlan for Query: 500313055
Number of root pipelines: 1
------------------
Root Pipeline 0:
  Pipeline(ID(100), Provider(COMPILER))
  Operator chain:
    PhysicalOperator(NES::SourcePhysicalOperator)
  Successor Pipeline:
    Pipeline(ID(101), Provider(None))
      Operator chain:
        PhysicalOperator(NES::ScanPhysicalOperator)
          PhysicalOperator(NES::SelectionPhysicalOperator)
            PhysicalOperator(NES::MapPhysicalOperator)
              PhysicalOperator(NES::EmitPhysicalOperator)
      Successor Pipeline:
        Pipeline(ID(102), Provider(None))
          Operator chain:
            PhysicalOperator(NES::SinkPhysicalOperator)

[m
[36m[04:31:59.868409] [D] [Not A Worker] [unnamed] [] [SinkProvider.cpp:30] [lower] The sinkDescriptor is: SinkDescriptor: (name: variant("BID_AUCTION_ID_SINK"), type: Void, Config: )[m
[36m[04:31:59.868983] [D] [SingleNodeWorker] [WorkerThread-56] [Task:500313055-102] [VoidSink.cpp:37] [start] Setting up void sink: VoidSink[m
[36m[04:31:59.930236] [D] [SingleNodeWorker] [WorkerThread-28] [] [SourceThread.cpp:186] [start] Starting source with originId: 2[m
[36m[04:31:59.939042] [D] [SingleNodeWorker] [WorkerThread-8] [Task:500313055-101] [BufferManager.cpp:65] [~BufferManager] Calling BufferManager::destroy()[m
[36m[04:31:59.939128] [D] [SingleNodeWorker] [WorkerThread-8] [Task:500313055-101] [BufferManager.cpp:93] [~BufferManager] Shutting down Buffer Manager completed[m
[36m[04:32:00.586719] [D] [SingleNodeWorker] [WorkerThread-22] [Task:500313055-101] [InputFormatter.hpp:349] [indexTrailingSpanningTupleProxy] last offset: 262143, first offset: 32[m
[36m[04:32:00.882065] [D] [SingleNodeWorker] [WorkerThread-60] [Task:500313055-101] [InputFormatter.hpp:349] [indexTrailingSpanningTupleProxy] last offset: 262143, first offset: 46[m
[36m[04:32:02.899939] [D] [SingleNodeWorker] [WorkerThread-46] [Task:500313055-101] [InputFormatter.hpp:349] [indexTrailingSpanningTupleProxy] last offset: 262143, first offset: 13[m
[36m[04:32:03.251605] [D] [SingleNodeWorker] [WorkerThread-27] [Task:500313055-101] [InputFormatter.hpp:349] [indexTrailingSpanningTupleProxy] last offset: 262143, first offset: 11[m
[36m[04:32:03.694341] [D] [SingleNodeWorker] [WorkerThread-44] [Task:500313055-101] [InputFormatter.hpp:349] [indexTrailingSpanningTupleProxy] last offset: 262143, first offset: 13[m
[36m[04:32:08.359930] [D] [SingleNodeWorker] [WorkerThread-7] [Task:500313055-101] [InputFormatter.hpp:349] [indexTrailingSpanningTupleProxy] last offset: 262143, first offset: 2[m
[36m[04:32:09.027989] [D] [SingleNodeWorker] [WorkerThread-49] [Task:500313055-101] [InputFormatter.hpp:349] [indexTrailingSpanningTupleProxy] last offset: 262143, first offset: 11[m
[36m[04:32:09.955754] [D] [SingleNodeWorker] [WorkerThread-60] [Task:500313055-101] [InputFormatter.hpp:349] [indexTrailingSpanningTupleProxy] last offset: 262143, first offset: 56[m
[36m[04:32:10.759665] [D] [SingleNodeWorker] [WorkerThread-54] [Task:500313055-101] [InputFormatter.hpp:349] [indexTrailingSpanningTupleProxy] last offset: 262143, first offset: 5[m
[36m[04:32:10.831821] [D] [SingleNodeWorker] [WorkerThread-8] [Task:500313055-101] [InputFormatter.hpp:349] [indexTrailingSpanningTupleProxy] last offset: 262143, first offset: 30[m
[36m[04:32:12.168311] [D] [SingleNodeWorker] [WorkerThread-27] [Task:500313055-101] [InputFormatter.hpp:349] [indexTrailingSpanningTupleProxy] last offset: 262143, first offset: 73[m
[36m[04:32:12.831075] [D] [SingleNodeWorker] [WorkerThread-27] [Task:500313055-101] [InputFormatter.hpp:349] [indexTrailingSpanningTupleProxy] last offset: 262143, first offset: 82[m
[36m[04:32:12.892830] [D] [SingleNodeWorker] [WorkerThread-15] [Task:500313055-101] [InputFormatter.hpp:349] [indexTrailingSpanningTupleProxy] last offset: 262143, first offset: 28[m
[36m[04:32:13.754903] [D] [SingleNodeWorker] [WorkerThread-41] [Task:500313055-101] [InputFormatter.hpp:349] [indexTrailingSpanningTupleProxy] last offset: 262143, first offset: 6[m
[36m[04:32:14.112087] [D] [SingleNodeWorker] [WorkerThread-23] [Task:500313055] [SourceThread.cpp:232] [tryStop] SourceThread 2: attempting to stop source[m
[36m[04:32:14.112140] [D] [SingleNodeWorker] [WorkerThread-23] [Task:500313055] [SourceThread.cpp:250] [tryStop] SourceThread 2: stopped[m
[32m[04:32:14.137696] [I] [SingleNodeWorker] [WorkerThread-40] [Task:500313055-102] [VoidSink.cpp:42] [stop] Void Sink completed.[m
[36m[04:32:14.137843] [D] [SingleNodeWorker] [WorkerThread-40] [] [SourceThread.cpp:228] [tryStop] SourceThread 2: thread is not running[m
[32m[04:32:14.137866] [I] [SingleNodeWorker] [WorkerThread-26] [] [SequenceShredder.cpp:55] [~SequenceShredder] Successfully validated SequenceShredder[m
[36m[04:32:17.269679] [D] [Not A Worker] [unnamed] [queryId:1918281252] [BufferManager.cpp:110] [initialize] NES memory allocation requires 1 out of 540577120256 (so 1.8498748143954595e-10%) available bytes[m
[36m[04:32:17.269730] [D] [Not A Worker] [unnamed] [queryId:1918281252] [BufferManager.cpp:160] [initialize] BufferManager configuration bufferSize=1 numOfBuffers=1[m
[36m[04:32:17.269893] [D] [Not A Worker] [unnamed] [queryId:1918281252] [PipeliningPhase.cpp:404] [apply] Constructed pipeline plan with 1 root pipelines.
PipelinedQueryPlan for Query: 1918281252
Number of root pipelines: 1
------------------
Root Pipeline 0:
  Pipeline(ID(103), Provider(COMPILER))
  Operator chain:
    PhysicalOperator(NES::SourcePhysicalOperator)
  Successor Pipeline:
    Pipeline(ID(104), Provider(None))
      Operator chain:
        PhysicalOperator(NES::ScanPhysicalOperator)
          PhysicalOperator(NES::SelectionPhysicalOperator)
            PhysicalOperator(NES::MapPhysicalOperator)
              PhysicalOperator(NES::EmitPhysicalOperator)
      Successor Pipeline:
        Pipeline(ID(105), Provider(None))
          Operator chain:
            PhysicalOperator(NES::SinkPhysicalOperator)

[m
[36m[04:32:17.273655] [D] [Not A Worker] [unnamed] [] [SinkProvider.cpp:30] [lower] The sinkDescriptor is: SinkDescriptor: (name: variant("BID_AUCTION_ID_SINK"), type: Void, Config: )[m
[36m[04:32:17.274134] [D] [SingleNodeWorker] [WorkerThread-33] [Task:1918281252-105] [VoidSink.cpp:37] [start] Setting up void sink: VoidSink[m
[36m[04:32:17.334965] [D] [SingleNodeWorker] [WorkerThread-39] [] [SourceThread.cpp:186] [start] Starting source with originId: 2[m
[36m[04:32:17.342996] [D] [SingleNodeWorker] [WorkerThread-54] [Task:1918281252-104] [BufferManager.cpp:65] [~BufferManager] Calling BufferManager::destroy()[m
[36m[04:32:17.343108] [D] [SingleNodeWorker] [WorkerThread-54] [Task:1918281252-104] [BufferManager.cpp:93] [~BufferManager] Shutting down Buffer Manager completed[m
[36m[04:32:17.377293] [D] [SingleNodeWorker] [WorkerThread-11] [Task:1918281252-104] [InputFormatter.hpp:349] [indexTrailingSpanningTupleProxy] last offset: 262143, first offset: 12[m
[36m[04:32:18.404701] [D] [SingleNodeWorker] [WorkerThread-55] [Task:1918281252-104] [InputFormatter.hpp:349] [indexTrailingSpanningTupleProxy] last offset: 262143, first offset: 68[m
[36m[04:32:20.878767] [D] [SingleNodeWorker] [WorkerThread-7] [Task:1918281252-104] [InputFormatter.hpp:349] [indexTrailingSpanningTupleProxy] last offset: 262143, first offset: 77[m
[36m[04:32:21.241861] [D] [SingleNodeWorker] [WorkerThread-45] [Task:1918281252-104] [InputFormatter.hpp:349] [indexTrailingSpanningTupleProxy] last offset: 262143, first offset: 36[m
[36m[04:32:25.965313] [D] [SingleNodeWorker] [WorkerThread-11] [Task:1918281252-104] [InputFormatter.hpp:349] [indexTrailingSpanningTupleProxy] last offset: 262143, first offset: 2[m
[36m[04:32:27.207598] [D] [SingleNodeWorker] [WorkerThread-52] [Task:1918281252-104] [InputFormatter.hpp:349] [indexTrailingSpanningTupleProxy] last offset: 262143, first offset: 69[m
[36m[04:32:27.741396] [D] [SingleNodeWorker] [WorkerThread-0] [Task:1918281252-104] [InputFormatter.hpp:349] [indexTrailingSpanningTupleProxy] last offset: 262143, first offset: 12[m
[36m[04:32:30.111384] [D] [SingleNodeWorker] [WorkerThread-40] [Task:1918281252-104] [InputFormatter.hpp:349] [indexTrailingSpanningTupleProxy] last offset: 262143, first offset: 75[m
[36m[04:32:30.421877] [D] [SingleNodeWorker] [WorkerThread-7] [Task:1918281252-104] [InputFormatter.hpp:349] [indexTrailingSpanningTupleProxy] last offset: 262143, first offset: 52[m
[36m[04:32:31.275713] [D] [SingleNodeWorker] [WorkerThread-9] [Task:1918281252] [SourceThread.cpp:232] [tryStop] SourceThread 2: attempting to stop source[m
[36m[04:32:31.275766] [D] [SingleNodeWorker] [WorkerThread-9] [Task:1918281252] [SourceThread.cpp:250] [tryStop] SourceThread 2: stopped[m
[32m[04:32:31.301653] [I] [SingleNodeWorker] [WorkerThread-12] [Task:1918281252-105] [VoidSink.cpp:42] [stop] Void Sink completed.[m
[36m[04:32:31.301798] [D] [SingleNodeWorker] [WorkerThread-12] [] [SourceThread.cpp:228] [tryStop] SourceThread 2: thread is not running[m
[32m[04:32:31.301908] [I] [SingleNodeWorker] [WorkerThread-30] [] [SequenceShredder.cpp:55] [~SequenceShredder] Successfully validated SequenceShredder[m
[36m[04:32:34.521880] [D] [Not A Worker] [unnamed] [queryId:2069780743] [BufferManager.cpp:110] [initialize] NES memory allocation requires 1 out of 540577120256 (so 1.8498748143954595e-10%) available bytes[m
[36m[04:32:34.521938] [D] [Not A Worker] [unnamed] [queryId:2069780743] [BufferManager.cpp:160] [initialize] BufferManager configuration bufferSize=1 numOfBuffers=1[m
[36m[04:32:34.522111] [D] [Not A Worker] [unnamed] [queryId:2069780743] [PipeliningPhase.cpp:404] [apply] Constructed pipeline plan with 1 root pipelines.
PipelinedQueryPlan for Query: 2069780743
Number of root pipelines: 1
------------------
Root Pipeline 0:
  Pipeline(ID(106), Provider(COMPILER))
  Operator chain:
    PhysicalOperator(NES::SourcePhysicalOperator)
  Successor Pipeline:
    Pipeline(ID(107), Provider(None))
      Operator chain:
        PhysicalOperator(NES::ScanPhysicalOperator)
          PhysicalOperator(NES::SelectionPhysicalOperator)
            PhysicalOperator(NES::MapPhysicalOperator)
              PhysicalOperator(NES::EmitPhysicalOperator)
      Successor Pipeline:
        Pipeline(ID(108), Provider(None))
          Operator chain:
            PhysicalOperator(NES::SinkPhysicalOperator)

[m
[36m[04:32:34.525166] [D] [Not A Worker] [unnamed] [] [SinkProvider.cpp:30] [lower] The sinkDescriptor is: SinkDescriptor: (name: variant("BID_AUCTION_ID_SINK"), type: Void, Config: )[m
[36m[04:32:34.525990] [D] [SingleNodeWorker] [WorkerThread-63] [Task:2069780743-108] [VoidSink.cpp:37] [start] Setting up void sink: VoidSink[m
[36m[04:32:34.585943] [D] [SingleNodeWorker] [WorkerThread-63] [] [SourceThread.cpp:186] [start] Starting source with originId: 2[m
[36m[04:32:34.593914] [D] [SingleNodeWorker] [WorkerThread-17] [Task:2069780743-107] [BufferManager.cpp:65] [~BufferManager] Calling BufferManager::destroy()[m
[36m[04:32:34.593992] [D] [SingleNodeWorker] [WorkerThread-17] [Task:2069780743-107] [BufferManager.cpp:93] [~BufferManager] Shutting down Buffer Manager completed[m
[36m[04:32:34.972705] [D] [SingleNodeWorker] [WorkerThread-62] [Task:2069780743-107] [InputFormatter.hpp:349] [indexTrailingSpanningTupleProxy] last offset: 262143, first offset: 21[m
[36m[04:32:38.041330] [D] [SingleNodeWorker] [WorkerThread-18] [Task:2069780743-107] [InputFormatter.hpp:349] [indexTrailingSpanningTupleProxy] last offset: 262143, first offset: 17[m
[36m[04:32:40.300705] [D] [SingleNodeWorker] [WorkerThread-38] [Task:2069780743-107] [InputFormatter.hpp:349] [indexTrailingSpanningTupleProxy] last offset: 262143, first offset: 73[m
[36m[04:32:42.599736] [D] [SingleNodeWorker] [WorkerThread-34] [Task:2069780743-107] [InputFormatter.hpp:349] [indexTrailingSpanningTupleProxy] last offset: 262143, first offset: 61[m
[36m[04:32:43.600604] [D] [SingleNodeWorker] [WorkerThread-50] [Task:2069780743-107] [InputFormatter.hpp:349] [indexTrailingSpanningTupleProxy] last offset: 262143, first offset: 58[m
[36m[04:32:44.196955] [D] [SingleNodeWorker] [WorkerThread-26] [Task:2069780743-107] [InputFormatter.hpp:349] [indexTrailingSpanningTupleProxy] last offset: 262143, first offset: 42[m
[36m[04:32:46.768331] [D] [SingleNodeWorker] [WorkerThread-57] [Task:2069780743-107] [InputFormatter.hpp:349] [indexTrailingSpanningTupleProxy] last offset: 262143, first offset: 15[m
[36m[04:32:48.475227] [D] [SingleNodeWorker] [WorkerThread-60] [Task:2069780743] [SourceThread.cpp:232] [tryStop] SourceThread 2: attempting to stop source[m
[36m[04:32:48.475309] [D] [SingleNodeWorker] [WorkerThread-60] [Task:2069780743] [SourceThread.cpp:250] [tryStop] SourceThread 2: stopped[m
[32m[04:32:48.500838] [I] [SingleNodeWorker] [WorkerThread-11] [Task:2069780743-108] [VoidSink.cpp:42] [stop] Void Sink completed.[m
[36m[04:32:48.500976] [D] [SingleNodeWorker] [WorkerThread-11] [] [SourceThread.cpp:228] [tryStop] SourceThread 2: thread is not running[m
[32m[04:32:48.501115] [I] [SingleNodeWorker] [WorkerThread-27] [] [SequenceShredder.cpp:55] [~SequenceShredder] Successfully validated SequenceShredder[m
[36m[04:32:51.821462] [D] [Not A Worker] [unnamed] [queryId:1847211118] [BufferManager.cpp:110] [initialize] NES memory allocation requires 1 out of 540577120256 (so 1.8498748143954595e-10%) available bytes[m
[36m[04:32:51.821511] [D] [Not A Worker] [unnamed] [queryId:1847211118] [BufferManager.cpp:160] [initialize] BufferManager configuration bufferSize=1 numOfBuffers=1[m
[36m[04:32:51.821694] [D] [Not A Worker] [unnamed] [queryId:1847211118] [PipeliningPhase.cpp:404] [apply] Constructed pipeline plan with 1 root pipelines.
PipelinedQueryPlan for Query: 1847211118
Number of root pipelines: 1
------------------
Root Pipeline 0:
  Pipeline(ID(109), Provider(COMPILER))
  Operator chain:
    PhysicalOperator(NES::SourcePhysicalOperator)
  Successor Pipeline:
    Pipeline(ID(110), Provider(None))
      Operator chain:
        PhysicalOperator(NES::ScanPhysicalOperator)
          PhysicalOperator(NES::SelectionPhysicalOperator)
            PhysicalOperator(NES::MapPhysicalOperator)
              PhysicalOperator(NES::EmitPhysicalOperator)
      Successor Pipeline:
        Pipeline(ID(111), Provider(None))
          Operator chain:
            PhysicalOperator(NES::SinkPhysicalOperator)

[m
[36m[04:32:51.824848] [D] [Not A Worker] [unnamed] [] [SinkProvider.cpp:30] [lower] The sinkDescriptor is: SinkDescriptor: (name: variant("BID_AUCTION_ID_SINK"), type: Void, Config: )[m
[36m[04:32:51.825452] [D] [SingleNodeWorker] [WorkerThread-27] [Task:1847211118-111] [VoidSink.cpp:37] [start] Setting up void sink: VoidSink[m
[36m[04:32:51.887045] [D] [SingleNodeWorker] [WorkerThread-17] [] [SourceThread.cpp:186] [start] Starting source with originId: 2[m
[36m[04:32:51.891523] [D] [SingleNodeWorker] [WorkerThread-29] [Task:1847211118-110] [BufferManager.cpp:65] [~BufferManager] Calling BufferManager::destroy()[m
[36m[04:32:51.891612] [D] [SingleNodeWorker] [WorkerThread-29] [Task:1847211118-110] [BufferManager.cpp:93] [~BufferManager] Shutting down Buffer Manager completed[m
[36m[04:32:51.921990] [D] [SingleNodeWorker] [WorkerThread-25] [Task:1847211118-110] [InputFormatter.hpp:349] [indexTrailingSpanningTupleProxy] last offset: 262143, first offset: 12[m
[36m[04:32:52.917441] [D] [SingleNodeWorker] [WorkerThread-53] [Task:1847211118-110] [InputFormatter.hpp:349] [indexTrailingSpanningTupleProxy] last offset: 262143, first offset: 52[m
[36m[04:32:54.483446] [D] [SingleNodeWorker] [WorkerThread-3] [Task:1847211118-110] [InputFormatter.hpp:349] [indexTrailingSpanningTupleProxy] last offset: 262143, first offset: 41[m
[36m[04:32:55.370607] [D] [SingleNodeWorker] [WorkerThread-7] [Task:1847211118-110] [InputFormatter.hpp:349] [indexTrailingSpanningTupleProxy] last offset: 262143, first offset: 56[m
[36m[04:32:56.526075] [D] [SingleNodeWorker] [WorkerThread-4] [Task:1847211118-110] [InputFormatter.hpp:349] [indexTrailingSpanningTupleProxy] last offset: 262143, first offset: 82[m
[36m[04:32:56.917485] [D] [SingleNodeWorker] [WorkerThread-6] [Task:1847211118-110] [InputFormatter.hpp:349] [indexTrailingSpanningTupleProxy] last offset: 262143, first offset: 27[m
[36m[04:32:58.389980] [D] [SingleNodeWorker] [WorkerThread-7] [Task:1847211118-110] [InputFormatter.hpp:349] [indexTrailingSpanningTupleProxy] last offset: 262143, first offset: 13[m
[36m[04:32:58.635608] [D] [SingleNodeWorker] [WorkerThread-45] [Task:1847211118-110] [InputFormatter.hpp:349] [indexTrailingSpanningTupleProxy] last offset: 262143, first offset: 66[m
[36m[04:32:59.984267] [D] [SingleNodeWorker] [WorkerThread-21] [Task:1847211118-110] [InputFormatter.hpp:349] [indexTrailingSpanningTupleProxy] last offset: 262143, first offset: 14[m
[36m[04:33:01.328282] [D] [SingleNodeWorker] [WorkerThread-7] [Task:1847211118-110] [InputFormatter.hpp:349] [indexTrailingSpanningTupleProxy] last offset: 262143, first offset: 14[m
[36m[04:33:01.479917] [D] [SingleNodeWorker] [WorkerThread-19] [Task:1847211118-110] [InputFormatter.hpp:349] [indexTrailingSpanningTupleProxy] last offset: 262143, first offset: 66[m
[36m[04:33:03.761394] [D] [SingleNodeWorker] [WorkerThread-7] [Task:1847211118-110] [InputFormatter.hpp:349] [indexTrailingSpanningTupleProxy] last offset: 262143, first offset: 57[m
[36m[04:33:05.389656] [D] [SingleNodeWorker] [WorkerThread-12] [Task:1847211118-110] [InputFormatter.hpp:349] [indexTrailingSpanningTupleProxy] last offset: 262143, first offset: 66[m
[36m[04:33:05.779629] [D] [SingleNodeWorker] [WorkerThread-60] [Task:1847211118] [SourceThread.cpp:232] [tryStop] SourceThread 2: attempting to stop source[m
[36m[04:33:05.779700] [D] [SingleNodeWorker] [WorkerThread-60] [Task:1847211118] [SourceThread.cpp:250] [tryStop] SourceThread 2: stopped[m
[32m[04:33:05.805144] [I] [SingleNodeWorker] [WorkerThread-43] [] [SequenceShredder.cpp:55] [~SequenceShredder] Successfully validated SequenceShredder[m
[32m[04:33:05.805185] [I] [SingleNodeWorker] [WorkerThread-19] [Task:1847211118-111] [VoidSink.cpp:42] [stop] Void Sink completed.[m
[36m[04:33:05.805255] [D] [SingleNodeWorker] [WorkerThread-19] [] [SourceThread.cpp:228] [tryStop] SourceThread 2: thread is not running[m
[36m[04:33:09.544868] [D] [Not A Worker] [unnamed] [queryId:1570462495] [BufferManager.cpp:110] [initialize] NES memory allocation requires 1 out of 540577120256 (so 1.8498748143954595e-10%) available bytes[m
[36m[04:33:09.544913] [D] [Not A Worker] [unnamed] [queryId:1570462495] [BufferManager.cpp:160] [initialize] BufferManager configuration bufferSize=1 numOfBuffers=1[m
[36m[04:33:09.545086] [D] [Not A Worker] [unnamed] [queryId:1570462495] [PipeliningPhase.cpp:404] [apply] Constructed pipeline plan with 1 root pipelines.
PipelinedQueryPlan for Query: 1570462495
Number of root pipelines: 1
------------------
Root Pipeline 0:
  Pipeline(ID(112), Provider(COMPILER))
  Operator chain:
    PhysicalOperator(NES::SourcePhysicalOperator)
  Successor Pipeline:
    Pipeline(ID(113), Provider(None))
      Operator chain:
        PhysicalOperator(NES::ScanPhysicalOperator)
          PhysicalOperator(NES::SelectionPhysicalOperator)
            PhysicalOperator(NES::MapPhysicalOperator)
              PhysicalOperator(NES::EmitPhysicalOperator)
      Successor Pipeline:
        Pipeline(ID(114), Provider(None))
          Operator chain:
            PhysicalOperator(NES::SinkPhysicalOperator)

[m
[36m[04:33:09.548387] [D] [Not A Worker] [unnamed] [] [SinkProvider.cpp:30] [lower] The sinkDescriptor is: SinkDescriptor: (name: variant("BID_AUCTION_ID_SINK"), type: Void, Config: )[m
[36m[04:33:09.548870] [D] [SingleNodeWorker] [WorkerThread-20] [Task:1570462495-114] [VoidSink.cpp:37] [start] Setting up void sink: VoidSink[m
[36m[04:33:09.611223] [D] [SingleNodeWorker] [WorkerThread-7] [] [SourceThread.cpp:186] [start] Starting source with originId: 2[m
[36m[04:33:09.618692] [D] [SingleNodeWorker] [WorkerThread-54] [Task:1570462495-113] [BufferManager.cpp:65] [~BufferManager] Calling BufferManager::destroy()[m
[36m[04:33:09.618781] [D] [SingleNodeWorker] [WorkerThread-54] [Task:1570462495-113] [BufferManager.cpp:93] [~BufferManager] Shutting down Buffer Manager completed[m
[36m[04:33:10.662510] [D] [SingleNodeWorker] [WorkerThread-23] [Task:1570462495-113] [InputFormatter.hpp:349] [indexTrailingSpanningTupleProxy] last offset: 262143, first offset: 68[m
[36m[04:33:17.068922] [D] [SingleNodeWorker] [WorkerThread-45] [Task:1570462495-113] [InputFormatter.hpp:349] [indexTrailingSpanningTupleProxy] last offset: 262143, first offset: 6[m
[36m[04:33:17.474200] [D] [SingleNodeWorker] [WorkerThread-43] [Task:1570462495-113] [InputFormatter.hpp:349] [indexTrailingSpanningTupleProxy] last offset: 262143, first offset: 6[m
[36m[04:33:17.519353] [D] [SingleNodeWorker] [WorkerThread-39] [Task:1570462495-113] [InputFormatter.hpp:349] [indexTrailingSpanningTupleProxy] last offset: 262143, first offset: 64[m
[36m[04:33:20.339079] [D] [SingleNodeWorker] [WorkerThread-32] [Task:1570462495-113] [InputFormatter.hpp:349] [indexTrailingSpanningTupleProxy] last offset: 262143, first offset: 65[m
[36m[04:33:20.341398] [D] [SingleNodeWorker] [WorkerThread-16] [Task:1570462495-113] [InputFormatter.hpp:349] [indexTrailingSpanningTupleProxy] last offset: 262143, first offset: 21[m
[36m[04:33:23.439566] [D] [SingleNodeWorker] [WorkerThread-46] [Task:1570462495] [SourceThread.cpp:232] [tryStop] SourceThread 2: attempting to stop source[m
[36m[04:33:23.439632] [D] [SingleNodeWorker] [WorkerThread-46] [Task:1570462495] [SourceThread.cpp:250] [tryStop] SourceThread 2: stopped[m
[32m[04:33:23.465024] [I] [SingleNodeWorker] [WorkerThread-44] [Task:1570462495-114] [VoidSink.cpp:42] [stop] Void Sink completed.[m
[36m[04:33:23.465140] [D] [SingleNodeWorker] [WorkerThread-44] [] [SourceThread.cpp:228] [tryStop] SourceThread 2: thread is not running[m
[32m[04:33:23.465218] [I] [SingleNodeWorker] [WorkerThread-61] [] [SequenceShredder.cpp:55] [~SequenceShredder] Successfully validated SequenceShredder[m
[36m[04:33:27.380602] [D] [Not A Worker] [unnamed] [queryId:186044963] [BufferManager.cpp:110] [initialize] NES memory allocation requires 1 out of 540577120256 (so 1.8498748143954595e-10%) available bytes[m
[36m[04:33:27.380650] [D] [Not A Worker] [unnamed] [queryId:186044963] [BufferManager.cpp:160] [initialize] BufferManager configuration bufferSize=1 numOfBuffers=1[m
[36m[04:33:27.380810] [D] [Not A Worker] [unnamed] [queryId:186044963] [PipeliningPhase.cpp:404] [apply] Constructed pipeline plan with 1 root pipelines.
PipelinedQueryPlan for Query: 186044963
Number of root pipelines: 1
------------------
Root Pipeline 0:
  Pipeline(ID(115), Provider(COMPILER))
  Operator chain:
    PhysicalOperator(NES::SourcePhysicalOperator)
  Successor Pipeline:
    Pipeline(ID(116), Provider(None))
      Operator chain:
        PhysicalOperator(NES::ScanPhysicalOperator)
          PhysicalOperator(NES::SelectionPhysicalOperator)
            PhysicalOperator(NES::MapPhysicalOperator)
              PhysicalOperator(NES::EmitPhysicalOperator)
      Successor Pipeline:
        Pipeline(ID(117), Provider(None))
          Operator chain:
            PhysicalOperator(NES::SinkPhysicalOperator)

[m
[36m[04:33:27.384646] [D] [Not A Worker] [unnamed] [] [SinkProvider.cpp:30] [lower] The sinkDescriptor is: SinkDescriptor: (name: variant("BID_AUCTION_ID_SINK"), type: Void, Config: )[m
[36m[04:33:27.385057] [D] [SingleNodeWorker] [WorkerThread-19] [Task:186044963-117] [VoidSink.cpp:37] [start] Setting up void sink: VoidSink[m
[36m[04:33:27.445340] [D] [SingleNodeWorker] [WorkerThread-50] [] [SourceThread.cpp:186] [start] Starting source with originId: 2[m
[36m[04:33:27.453326] [D] [SingleNodeWorker] [WorkerThread-56] [Task:186044963-116] [BufferManager.cpp:65] [~BufferManager] Calling BufferManager::destroy()[m
[36m[04:33:27.453410] [D] [SingleNodeWorker] [WorkerThread-56] [Task:186044963-116] [BufferManager.cpp:93] [~BufferManager] Shutting down Buffer Manager completed[m
[36m[04:33:27.485221] [D] [SingleNodeWorker] [WorkerThread-41] [Task:186044963-116] [InputFormatter.hpp:349] [indexTrailingSpanningTupleProxy] last offset: 262143, first offset: 12[m
[36m[04:33:28.532339] [D] [SingleNodeWorker] [WorkerThread-61] [Task:186044963-116] [InputFormatter.hpp:349] [indexTrailingSpanningTupleProxy] last offset: 262143, first offset: 60[m
[36m[04:33:28.959647] [D] [SingleNodeWorker] [WorkerThread-62] [Task:186044963-116] [InputFormatter.hpp:349] [indexTrailingSpanningTupleProxy] last offset: 262143, first offset: 37[m
[36m[04:33:29.019795] [D] [SingleNodeWorker] [WorkerThread-14] [Task:186044963-116] [InputFormatter.hpp:349] [indexTrailingSpanningTupleProxy] last offset: 262143, first offset: 14[m
[36m[04:33:29.023439] [D] [SingleNodeWorker] [WorkerThread-45] [Task:186044963-116] [InputFormatter.hpp:349] [indexTrailingSpanningTupleProxy] last offset: 262143, first offset: 55[m
[36m[04:33:29.749237] [D] [SingleNodeWorker] [WorkerThread-58] [Task:186044963-116] [InputFormatter.hpp:349] [indexTrailingSpanningTupleProxy] last offset: 262143, first offset: 32[m
[36m[04:33:29.873932] [D] [SingleNodeWorker] [WorkerThread-30] [Task:186044963-116] [InputFormatter.hpp:349] [indexTrailingSpanningTupleProxy] last offset: 262143, first offset: 13[m
[36m[04:33:30.909011] [D] [SingleNodeWorker] [WorkerThread-7] [Task:186044963-116] [InputFormatter.hpp:349] [indexTrailingSpanningTupleProxy] last offset: 262143, first offset: 16[m
[36m[04:33:31.328628] [D] [SingleNodeWorker] [WorkerThread-7] [Task:186044963-116] [InputFormatter.hpp:349] [indexTrailingSpanningTupleProxy] last offset: 262143, first offset: 84[m
[36m[04:33:31.433160] [D] [SingleNodeWorker] [WorkerThread-57] [Task:186044963-116] [InputFormatter.hpp:349] [indexTrailingSpanningTupleProxy] last offset: 262143, first offset: 73[m
[36m[04:33:33.518346] [D] [SingleNodeWorker] [WorkerThread-32] [Task:186044963-116] [InputFormatter.hpp:349] [indexTrailingSpanningTupleProxy] last offset: 262143, first offset: 34[m
[36m[04:33:33.582072] [D] [SingleNodeWorker] [WorkerThread-5] [Task:186044963-116] [InputFormatter.hpp:349] [indexTrailingSpanningTupleProxy] last offset: 262143, first offset: 20[m
[36m[04:33:33.941118] [D] [SingleNodeWorker] [WorkerThread-56] [Task:186044963-116] [InputFormatter.hpp:349] [indexTrailingSpanningTupleProxy] last offset: 262143, first offset: 7[m
[36m[04:33:34.402628] [D] [SingleNodeWorker] [WorkerThread-7] [Task:186044963-116] [InputFormatter.hpp:349] [indexTrailingSpanningTupleProxy] last offset: 262143, first offset: 44[m
[36m[04:33:34.870824] [D] [SingleNodeWorker] [WorkerThread-40] [Task:186044963-116] [InputFormatter.hpp:349] [indexTrailingSpanningTupleProxy] last offset: 262143, first offset: 28[m
[36m[04:33:37.583970] [D] [SingleNodeWorker] [WorkerThread-48] [Task:186044963-116] [InputFormatter.hpp:349] [indexTrailingSpanningTupleProxy] last offset: 262143, first offset: 73[m
[36m[04:33:37.834855] [D] [SingleNodeWorker] [WorkerThread-56] [Task:186044963-116] [InputFormatter.hpp:349] [indexTrailingSpanningTupleProxy] last offset: 262143, first offset: 12[m
[36m[04:33:38.337176] [D] [SingleNodeWorker] [WorkerThread-59] [Task:186044963-116] [InputFormatter.hpp:349] [indexTrailingSpanningTupleProxy] last offset: 262143, first offset: 15[m
[36m[04:33:41.405543] [D] [SingleNodeWorker] [WorkerThread-5] [Task:186044963] [SourceThread.cpp:232] [tryStop] SourceThread 2: attempting to stop source[m
[36m[04:33:41.405848] [D] [SingleNodeWorker] [WorkerThread-5] [Task:186044963] [SourceThread.cpp:250] [tryStop] SourceThread 2: stopped[m
[32m[04:33:41.431399] [I] [SingleNodeWorker] [WorkerThread-32] [Task:186044963-117] [VoidSink.cpp:42] [stop] Void Sink completed.[m
[36m[04:33:41.431554] [D] [SingleNodeWorker] [WorkerThread-32] [] [SourceThread.cpp:228] [tryStop] SourceThread 2: thread is not running[m
[32m[04:33:41.431702] [I] [SingleNodeWorker] [WorkerThread-48] [] [SequenceShredder.cpp:55] [~SequenceShredder] Successfully validated SequenceShredder[m
[36m[04:33:44.756069] [D] [Not A Worker] [unnamed] [queryId:1349928461] [BufferManager.cpp:110] [initialize] NES memory allocation requires 1 out of 540577120256 (so 1.8498748143954595e-10%) available bytes[m
[36m[04:33:44.756162] [D] [Not A Worker] [unnamed] [queryId:1349928461] [BufferManager.cpp:160] [initialize] BufferManager configuration bufferSize=1 numOfBuffers=1[m
[36m[04:33:44.756390] [D] [Not A Worker] [unnamed] [queryId:1349928461] [PipeliningPhase.cpp:404] [apply] Constructed pipeline plan with 1 root pipelines.
PipelinedQueryPlan for Query: 1349928461
Number of root pipelines: 1
------------------
Root Pipeline 0:
  Pipeline(ID(118), Provider(COMPILER))
  Operator chain:
    PhysicalOperator(NES::SourcePhysicalOperator)
  Successor Pipeline:
    Pipeline(ID(119), Provider(None))
      Operator chain:
        PhysicalOperator(NES::ScanPhysicalOperator)
          PhysicalOperator(NES::SelectionPhysicalOperator)
            PhysicalOperator(NES::MapPhysicalOperator)
              PhysicalOperator(NES::EmitPhysicalOperator)
      Successor Pipeline:
        Pipeline(ID(120), Provider(None))
          Operator chain:
            PhysicalOperator(NES::SinkPhysicalOperator)

[m
[36m[04:33:44.759920] [D] [Not A Worker] [unnamed] [] [SinkProvider.cpp:30] [lower] The sinkDescriptor is: SinkDescriptor: (name: variant("BID_AUCTION_ID_SINK"), type: Void, Config: )[m
[36m[04:33:44.760380] [D] [SingleNodeWorker] [WorkerThread-35] [Task:1349928461-120] [VoidSink.cpp:37] [start] Setting up void sink: VoidSink[m
[36m[04:33:44.818970] [D] [SingleNodeWorker] [WorkerThread-32] [] [SourceThread.cpp:186] [start] Starting source with originId: 2[m
[36m[04:33:44.826882] [D] [SingleNodeWorker] [WorkerThread-23] [Task:1349928461-119] [BufferManager.cpp:65] [~BufferManager] Calling BufferManager::destroy()[m
[36m[04:33:44.827021] [D] [SingleNodeWorker] [WorkerThread-23] [Task:1349928461-119] [BufferManager.cpp:93] [~BufferManager] Shutting down Buffer Manager completed[m
[36m[04:33:45.143033] [D] [SingleNodeWorker] [WorkerThread-36] [Task:1349928461-119] [InputFormatter.hpp:349] [indexTrailingSpanningTupleProxy] last offset: 262143, first offset: 38[m
[36m[04:33:48.519550] [D] [SingleNodeWorker] [WorkerThread-41] [Task:1349928461-119] [InputFormatter.hpp:349] [indexTrailingSpanningTupleProxy] last offset: 262143, first offset: 49[m
[36m[04:33:48.943618] [D] [SingleNodeWorker] [WorkerThread-39] [Task:1349928461-119] [InputFormatter.hpp:349] [indexTrailingSpanningTupleProxy] last offset: 262143, first offset: 1[m
[36m[04:33:51.559289] [D] [SingleNodeWorker] [WorkerThread-45] [Task:1349928461-119] [InputFormatter.hpp:349] [indexTrailingSpanningTupleProxy] last offset: 262143, first offset: 76[m
[36m[04:33:53.747004] [D] [SingleNodeWorker] [WorkerThread-63] [Task:1349928461-119] [InputFormatter.hpp:349] [indexTrailingSpanningTupleProxy] last offset: 262143, first offset: 0[m
[36m[04:33:54.909925] [D] [SingleNodeWorker] [WorkerThread-22] [Task:1349928461-119] [InputFormatter.hpp:349] [indexTrailingSpanningTupleProxy] last offset: 262143, first offset: 15[m
[36m[04:33:56.350389] [D] [SingleNodeWorker] [WorkerThread-1] [Task:1349928461-119] [InputFormatter.hpp:349] [indexTrailingSpanningTupleProxy] last offset: 262143, first offset: 59[m
[36m[04:33:58.887972] [D] [SingleNodeWorker] [WorkerThread-15] [Task:1349928461] [SourceThread.cpp:232] [tryStop] SourceThread 2: attempting to stop source[m
[36m[04:33:58.888356] [D] [SingleNodeWorker] [WorkerThread-15] [Task:1349928461] [SourceThread.cpp:250] [tryStop] SourceThread 2: stopped[m
[32m[04:33:58.913949] [I] [SingleNodeWorker] [WorkerThread-12] [Task:1349928461-120] [VoidSink.cpp:42] [stop] Void Sink completed.[m
[36m[04:33:58.914088] [D] [SingleNodeWorker] [WorkerThread-12] [] [SourceThread.cpp:228] [tryStop] SourceThread 2: thread is not running[m
[32m[04:33:58.914248] [I] [SingleNodeWorker] [WorkerThread-36] [] [SequenceShredder.cpp:55] [~SequenceShredder] Successfully validated SequenceShredder[m
[36m[04:34:02.371280] [D] [Not A Worker] [unnamed] [queryId:1394233004] [BufferManager.cpp:110] [initialize] NES memory allocation requires 1 out of 540577120256 (so 1.8498748143954595e-10%) available bytes[m
[36m[04:34:02.371325] [D] [Not A Worker] [unnamed] [queryId:1394233004] [BufferManager.cpp:160] [initialize] BufferManager configuration bufferSize=1 numOfBuffers=1[m
[36m[04:34:02.371486] [D] [Not A Worker] [unnamed] [queryId:1394233004] [PipeliningPhase.cpp:404] [apply] Constructed pipeline plan with 1 root pipelines.
PipelinedQueryPlan for Query: 1394233004
Number of root pipelines: 1
------------------
Root Pipeline 0:
  Pipeline(ID(121), Provider(COMPILER))
  Operator chain:
    PhysicalOperator(NES::SourcePhysicalOperator)
  Successor Pipeline:
    Pipeline(ID(122), Provider(None))
      Operator chain:
        PhysicalOperator(NES::ScanPhysicalOperator)
          PhysicalOperator(NES::SelectionPhysicalOperator)
            PhysicalOperator(NES::MapPhysicalOperator)
              PhysicalOperator(NES::EmitPhysicalOperator)
      Successor Pipeline:
        Pipeline(ID(123), Provider(None))
          Operator chain:
            PhysicalOperator(NES::SinkPhysicalOperator)

[m
[36m[04:34:02.374695] [D] [Not A Worker] [unnamed] [] [SinkProvider.cpp:30] [lower] The sinkDescriptor is: SinkDescriptor: (name: variant("CITY_SINK"), type: Void, Config: )[m
[36m[04:34:02.375225] [D] [SingleNodeWorker] [WorkerThread-42] [Task:1394233004-123] [VoidSink.cpp:37] [start] Setting up void sink: VoidSink[m
[36m[04:34:02.453145] [D] [SingleNodeWorker] [WorkerThread-42] [] [SourceThread.cpp:186] [start] Starting source with originId: 2[m
[36m[04:34:02.461358] [D] [SingleNodeWorker] [WorkerThread-32] [Task:1394233004-122] [BufferManager.cpp:65] [~BufferManager] Calling BufferManager::destroy()[m
[36m[04:34:02.461392] [D] [SingleNodeWorker] [WorkerThread-32] [Task:1394233004-122] [BufferManager.cpp:93] [~BufferManager] Shutting down Buffer Manager completed[m
[36m[04:34:03.215581] [D] [SingleNodeWorker] [WorkerThread-27] [Task:1394233004] [SourceThread.cpp:232] [tryStop] SourceThread 2: attempting to stop source[m
[36m[04:34:03.215643] [D] [SingleNodeWorker] [WorkerThread-27] [Task:1394233004] [SourceThread.cpp:250] [tryStop] SourceThread 2: stopped[m
[32m[04:34:03.241209] [I] [SingleNodeWorker] [WorkerThread-37] [Task:1394233004-123] [VoidSink.cpp:42] [stop] Void Sink completed.[m
[36m[04:34:03.241345] [D] [SingleNodeWorker] [WorkerThread-37] [] [SourceThread.cpp:228] [tryStop] SourceThread 2: thread is not running[m
[32m[04:34:03.241716] [I] [SingleNodeWorker] [WorkerThread-38] [] [SequenceShredder.cpp:55] [~SequenceShredder] Successfully validated SequenceShredder[m
[36m[04:34:07.195756] [D] [Not A Worker] [unnamed] [queryId:310697310] [BufferManager.cpp:110] [initialize] NES memory allocation requires 1 out of 540577120256 (so 1.8498748143954595e-10%) available bytes[m
[36m[04:34:07.195806] [D] [Not A Worker] [unnamed] [queryId:310697310] [BufferManager.cpp:160] [initialize] BufferManager configuration bufferSize=1 numOfBuffers=1[m
[36m[04:34:07.195984] [D] [Not A Worker] [unnamed] [queryId:310697310] [PipeliningPhase.cpp:404] [apply] Constructed pipeline plan with 1 root pipelines.
PipelinedQueryPlan for Query: 310697310
Number of root pipelines: 1
------------------
Root Pipeline 0:
  Pipeline(ID(124), Provider(COMPILER))
  Operator chain:
    PhysicalOperator(NES::SourcePhysicalOperator)
  Successor Pipeline:
    Pipeline(ID(125), Provider(None))
      Operator chain:
        PhysicalOperator(NES::ScanPhysicalOperator)
          PhysicalOperator(NES::SelectionPhysicalOperator)
            PhysicalOperator(NES::MapPhysicalOperator)
              PhysicalOperator(NES::EmitPhysicalOperator)
      Successor Pipeline:
        Pipeline(ID(126), Provider(None))
          Operator chain:
            PhysicalOperator(NES::SinkPhysicalOperator)

[m
[36m[04:34:07.199936] [D] [Not A Worker] [unnamed] [] [SinkProvider.cpp:30] [lower] The sinkDescriptor is: SinkDescriptor: (name: variant("CITY_SINK"), type: Void, Config: )[m
[36m[04:34:07.200442] [D] [SingleNodeWorker] [WorkerThread-33] [Task:310697310-126] [VoidSink.cpp:37] [start] Setting up void sink: VoidSink[m
[36m[04:34:07.276785] [D] [SingleNodeWorker] [WorkerThread-33] [] [SourceThread.cpp:186] [start] Starting source with originId: 2[m
[36m[04:34:07.278305] [D] [SingleNodeWorker] [WorkerThread-33] [Task:310697310-125] [BufferManager.cpp:65] [~BufferManager] Calling BufferManager::destroy()[m
[36m[04:34:07.278331] [D] [SingleNodeWorker] [WorkerThread-33] [Task:310697310-125] [BufferManager.cpp:93] [~BufferManager] Shutting down Buffer Manager completed[m
[36m[04:34:08.021835] [D] [SingleNodeWorker] [WorkerThread-27] [Task:310697310] [SourceThread.cpp:232] [tryStop] SourceThread 2: attempting to stop source[m
[36m[04:34:08.021901] [D] [SingleNodeWorker] [WorkerThread-27] [Task:310697310] [SourceThread.cpp:250] [tryStop] SourceThread 2: stopped[m
[32m[04:34:08.047253] [I] [SingleNodeWorker] [WorkerThread-9] [Task:310697310-126] [VoidSink.cpp:42] [stop] Void Sink completed.[m
[36m[04:34:08.047338] [D] [SingleNodeWorker] [WorkerThread-9] [] [SourceThread.cpp:228] [tryStop] SourceThread 2: thread is not running[m
[32m[04:34:08.047397] [I] [SingleNodeWorker] [WorkerThread-13] [] [SequenceShredder.cpp:55] [~SequenceShredder] Successfully validated SequenceShredder[m
[36m[04:34:12.085470] [D] [Not A Worker] [unnamed] [queryId:1762756264] [BufferManager.cpp:110] [initialize] NES memory allocation requires 1 out of 540577120256 (so 1.8498748143954595e-10%) available bytes[m
[36m[04:34:12.085522] [D] [Not A Worker] [unnamed] [queryId:1762756264] [BufferManager.cpp:160] [initialize] BufferManager configuration bufferSize=1 numOfBuffers=1[m
[36m[04:34:12.085708] [D] [Not A Worker] [unnamed] [queryId:1762756264] [PipeliningPhase.cpp:404] [apply] Constructed pipeline plan with 1 root pipelines.
PipelinedQueryPlan for Query: 1762756264
Number of root pipelines: 1
------------------
Root Pipeline 0:
  Pipeline(ID(127), Provider(COMPILER))
  Operator chain:
    PhysicalOperator(NES::SourcePhysicalOperator)
  Successor Pipeline:
    Pipeline(ID(128), Provider(None))
      Operator chain:
        PhysicalOperator(NES::ScanPhysicalOperator)
          PhysicalOperator(NES::SelectionPhysicalOperator)
            PhysicalOperator(NES::MapPhysicalOperator)
              PhysicalOperator(NES::EmitPhysicalOperator)
      Successor Pipeline:
        Pipeline(ID(129), Provider(None))
          Operator chain:
            PhysicalOperator(NES::SinkPhysicalOperator)

[m
[36m[04:34:12.088558] [D] [Not A Worker] [unnamed] [] [SinkProvider.cpp:30] [lower] The sinkDescriptor is: SinkDescriptor: (name: variant("CITY_SINK"), type: Void, Config: )[m
[36m[04:34:12.088972] [D] [SingleNodeWorker] [WorkerThread-47] [Task:1762756264-129] [VoidSink.cpp:37] [start] Setting up void sink: VoidSink[m
[36m[04:34:12.165296] [D] [SingleNodeWorker] [WorkerThread-62] [] [SourceThread.cpp:186] [start] Starting source with originId: 2[m
[36m[04:34:12.166845] [D] [SingleNodeWorker] [WorkerThread-62] [Task:1762756264-128] [BufferManager.cpp:65] [~BufferManager] Calling BufferManager::destroy()[m
[36m[04:34:12.166868] [D] [SingleNodeWorker] [WorkerThread-62] [Task:1762756264-128] [BufferManager.cpp:93] [~BufferManager] Shutting down Buffer Manager completed[m
[36m[04:34:12.962511] [D] [SingleNodeWorker] [WorkerThread-42] [Task:1762756264] [SourceThread.cpp:232] [tryStop] SourceThread 2: attempting to stop source[m
[36m[04:34:12.962580] [D] [SingleNodeWorker] [WorkerThread-42] [Task:1762756264] [SourceThread.cpp:250] [tryStop] SourceThread 2: stopped[m
[32m[04:34:12.988113] [I] [SingleNodeWorker] [WorkerThread-35] [Task:1762756264-129] [VoidSink.cpp:42] [stop] Void Sink completed.[m
[36m[04:34:12.988243] [D] [SingleNodeWorker] [WorkerThread-35] [] [SourceThread.cpp:228] [tryStop] SourceThread 2: thread is not running[m
[32m[04:34:12.988454] [I] [SingleNodeWorker] [WorkerThread-15] [] [SequenceShredder.cpp:55] [~SequenceShredder] Successfully validated SequenceShredder[m
[36m[04:34:16.934582] [D] [Not A Worker] [unnamed] [queryId:629793083] [BufferManager.cpp:110] [initialize] NES memory allocation requires 1 out of 540577120256 (so 1.8498748143954595e-10%) available bytes[m
[36m[04:34:16.934627] [D] [Not A Worker] [unnamed] [queryId:629793083] [BufferManager.cpp:160] [initialize] BufferManager configuration bufferSize=1 numOfBuffers=1[m
[36m[04:34:16.934794] [D] [Not A Worker] [unnamed] [queryId:629793083] [PipeliningPhase.cpp:404] [apply] Constructed pipeline plan with 1 root pipelines.
PipelinedQueryPlan for Query: 629793083
Number of root pipelines: 1
------------------
Root Pipeline 0:
  Pipeline(ID(130), Provider(COMPILER))
  Operator chain:
    PhysicalOperator(NES::SourcePhysicalOperator)
  Successor Pipeline:
    Pipeline(ID(131), Provider(None))
      Operator chain:
        PhysicalOperator(NES::ScanPhysicalOperator)
          PhysicalOperator(NES::SelectionPhysicalOperator)
            PhysicalOperator(NES::MapPhysicalOperator)
              PhysicalOperator(NES::EmitPhysicalOperator)
      Successor Pipeline:
        Pipeline(ID(132), Provider(None))
          Operator chain:
            PhysicalOperator(NES::SinkPhysicalOperator)

[m
[36m[04:34:16.938040] [D] [Not A Worker] [unnamed] [] [SinkProvider.cpp:30] [lower] The sinkDescriptor is: SinkDescriptor: (name: variant("CITY_SINK"), type: Void, Config: )[m
[36m[04:34:16.938537] [D] [SingleNodeWorker] [WorkerThread-1] [Task:629793083-132] [VoidSink.cpp:37] [start] Setting up void sink: VoidSink[m
[36m[04:34:17.014166] [D] [SingleNodeWorker] [WorkerThread-17] [] [SourceThread.cpp:186] [start] Starting source with originId: 2[m
[36m[04:34:17.016253] [D] [SingleNodeWorker] [WorkerThread-10] [Task:629793083-131] [BufferManager.cpp:65] [~BufferManager] Calling BufferManager::destroy()[m
[36m[04:34:17.016333] [D] [SingleNodeWorker] [WorkerThread-10] [Task:629793083-131] [BufferManager.cpp:93] [~BufferManager] Shutting down Buffer Manager completed[m
[36m[04:34:17.280789] [D] [SingleNodeWorker] [WorkerThread-7] [Task:629793083-131] [InputFormatter.hpp:349] [indexTrailingSpanningTupleProxy] last offset: 262143, first offset: 235[m
[36m[04:34:17.750122] [D] [SingleNodeWorker] [WorkerThread-34] [Task:629793083] [SourceThread.cpp:232] [tryStop] SourceThread 2: attempting to stop source[m
[36m[04:34:17.750179] [D] [SingleNodeWorker] [WorkerThread-34] [Task:629793083] [SourceThread.cpp:250] [tryStop] SourceThread 2: stopped[m
[32m[04:34:17.775950] [I] [SingleNodeWorker] [WorkerThread-48] [] [SequenceShredder.cpp:55] [~SequenceShredder] Successfully validated SequenceShredder[m
[32m[04:34:17.775988] [I] [SingleNodeWorker] [WorkerThread-21] [Task:629793083-132] [VoidSink.cpp:42] [stop] Void Sink completed.[m
[36m[04:34:17.776150] [D] [SingleNodeWorker] [WorkerThread-21] [] [SourceThread.cpp:228] [tryStop] SourceThread 2: thread is not running[m
[36m[04:34:21.715979] [D] [Not A Worker] [unnamed] [queryId:1795852934] [BufferManager.cpp:110] [initialize] NES memory allocation requires 1 out of 540577120256 (so 1.8498748143954595e-10%) available bytes[m
[36m[04:34:21.716026] [D] [Not A Worker] [unnamed] [queryId:1795852934] [BufferManager.cpp:160] [initialize] BufferManager configuration bufferSize=1 numOfBuffers=1[m
[36m[04:34:21.716192] [D] [Not A Worker] [unnamed] [queryId:1795852934] [PipeliningPhase.cpp:404] [apply] Constructed pipeline plan with 1 root pipelines.
PipelinedQueryPlan for Query: 1795852934
Number of root pipelines: 1
------------------
Root Pipeline 0:
  Pipeline(ID(133), Provider(COMPILER))
  Operator chain:
    PhysicalOperator(NES::SourcePhysicalOperator)
  Successor Pipeline:
    Pipeline(ID(134), Provider(None))
      Operator chain:
        PhysicalOperator(NES::ScanPhysicalOperator)
          PhysicalOperator(NES::SelectionPhysicalOperator)
            PhysicalOperator(NES::MapPhysicalOperator)
              PhysicalOperator(NES::EmitPhysicalOperator)
      Successor Pipeline:
        Pipeline(ID(135), Provider(None))
          Operator chain:
            PhysicalOperator(NES::SinkPhysicalOperator)

[m
[36m[04:34:21.719742] [D] [Not A Worker] [unnamed] [] [SinkProvider.cpp:30] [lower] The sinkDescriptor is: SinkDescriptor: (name: variant("CITY_SINK"), type: Void, Config: )[m
[36m[04:34:21.720102] [D] [SingleNodeWorker] [WorkerThread-24] [Task:1795852934-135] [VoidSink.cpp:37] [start] Setting up void sink: VoidSink[m
[36m[04:34:21.798352] [D] [SingleNodeWorker] [WorkerThread-16] [] [SourceThread.cpp:186] [start] Starting source with originId: 2[m
[36m[04:34:21.800385] [D] [SingleNodeWorker] [WorkerThread-30] [Task:1795852934-134] [BufferManager.cpp:65] [~BufferManager] Calling BufferManager::destroy()[m
[36m[04:34:21.800464] [D] [SingleNodeWorker] [WorkerThread-30] [Task:1795852934-134] [BufferManager.cpp:93] [~BufferManager] Shutting down Buffer Manager completed[m
[36m[04:34:22.583745] [D] [SingleNodeWorker] [WorkerThread-48] [Task:1795852934] [SourceThread.cpp:232] [tryStop] SourceThread 2: attempting to stop source[m
[36m[04:34:22.583801] [D] [SingleNodeWorker] [WorkerThread-48] [Task:1795852934] [SourceThread.cpp:250] [tryStop] SourceThread 2: stopped[m
[32m[04:34:22.609939] [I] [SingleNodeWorker] [WorkerThread-32] [] [SequenceShredder.cpp:55] [~SequenceShredder] Successfully validated SequenceShredder[m
[32m[04:34:22.609979] [I] [SingleNodeWorker] [WorkerThread-56] [Task:1795852934-135] [VoidSink.cpp:42] [stop] Void Sink completed.[m
[36m[04:34:22.610138] [D] [SingleNodeWorker] [WorkerThread-56] [] [SourceThread.cpp:228] [tryStop] SourceThread 2: thread is not running[m
[36m[04:34:26.541533] [D] [Not A Worker] [unnamed] [queryId:402588015] [BufferManager.cpp:110] [initialize] NES memory allocation requires 1 out of 540577120256 (so 1.8498748143954595e-10%) available bytes[m
[36m[04:34:26.541582] [D] [Not A Worker] [unnamed] [queryId:402588015] [BufferManager.cpp:160] [initialize] BufferManager configuration bufferSize=1 numOfBuffers=1[m
[36m[04:34:26.541767] [D] [Not A Worker] [unnamed] [queryId:402588015] [PipeliningPhase.cpp:404] [apply] Constructed pipeline plan with 1 root pipelines.
PipelinedQueryPlan for Query: 402588015
Number of root pipelines: 1
------------------
Root Pipeline 0:
  Pipeline(ID(136), Provider(COMPILER))
  Operator chain:
    PhysicalOperator(NES::SourcePhysicalOperator)
  Successor Pipeline:
    Pipeline(ID(137), Provider(None))
      Operator chain:
        PhysicalOperator(NES::ScanPhysicalOperator)
          PhysicalOperator(NES::SelectionPhysicalOperator)
            PhysicalOperator(NES::MapPhysicalOperator)
              PhysicalOperator(NES::EmitPhysicalOperator)
      Successor Pipeline:
        Pipeline(ID(138), Provider(None))
          Operator chain:
            PhysicalOperator(NES::SinkPhysicalOperator)

[m
[36m[04:34:26.545025] [D] [Not A Worker] [unnamed] [] [SinkProvider.cpp:30] [lower] The sinkDescriptor is: SinkDescriptor: (name: variant("CITY_SINK"), type: Void, Config: )[m
[36m[04:34:26.545509] [D] [SingleNodeWorker] [WorkerThread-57] [Task:402588015-138] [VoidSink.cpp:37] [start] Setting up void sink: VoidSink[m
[36m[04:34:26.620634] [D] [SingleNodeWorker] [WorkerThread-60] [] [SourceThread.cpp:186] [start] Starting source with originId: 2[m
[36m[04:34:26.622379] [D] [SingleNodeWorker] [WorkerThread-20] [Task:402588015-137] [BufferManager.cpp:65] [~BufferManager] Calling BufferManager::destroy()[m
[36m[04:34:26.622467] [D] [SingleNodeWorker] [WorkerThread-20] [Task:402588015-137] [BufferManager.cpp:93] [~BufferManager] Shutting down Buffer Manager completed[m
[36m[04:34:26.691521] [D] [SingleNodeWorker] [WorkerThread-53] [Task:402588015-137] [InputFormatter.hpp:349] [indexTrailingSpanningTupleProxy] last offset: 262143, first offset: 31[m
[36m[04:34:27.431571] [D] [SingleNodeWorker] [WorkerThread-50] [Task:402588015] [SourceThread.cpp:232] [tryStop] SourceThread 2: attempting to stop source[m
[36m[04:34:27.431622] [D] [SingleNodeWorker] [WorkerThread-50] [Task:402588015] [SourceThread.cpp:250] [tryStop] SourceThread 2: stopped[m
[32m[04:34:27.457395] [I] [SingleNodeWorker] [WorkerThread-20] [Task:402588015-138] [VoidSink.cpp:42] [stop] Void Sink completed.[m
[32m[04:34:27.457516] [I] [SingleNodeWorker] [WorkerThread-15] [] [SequenceShredder.cpp:55] [~SequenceShredder] Successfully validated SequenceShredder[m
[36m[04:34:27.457548] [D] [SingleNodeWorker] [WorkerThread-20] [] [SourceThread.cpp:228] [tryStop] SourceThread 2: thread is not running[m
[36m[04:34:31.341721] [D] [Not A Worker] [unnamed] [queryId:242515430] [BufferManager.cpp:110] [initialize] NES memory allocation requires 1 out of 540577120256 (so 1.8498748143954595e-10%) available bytes[m
[36m[04:34:31.341768] [D] [Not A Worker] [unnamed] [queryId:242515430] [BufferManager.cpp:160] [initialize] BufferManager configuration bufferSize=1 numOfBuffers=1[m
[36m[04:34:31.341936] [D] [Not A Worker] [unnamed] [queryId:242515430] [PipeliningPhase.cpp:404] [apply] Constructed pipeline plan with 1 root pipelines.
PipelinedQueryPlan for Query: 242515430
Number of root pipelines: 1
------------------
Root Pipeline 0:
  Pipeline(ID(139), Provider(COMPILER))
  Operator chain:
    PhysicalOperator(NES::SourcePhysicalOperator)
  Successor Pipeline:
    Pipeline(ID(140), Provider(None))
      Operator chain:
        PhysicalOperator(NES::ScanPhysicalOperator)
          PhysicalOperator(NES::SelectionPhysicalOperator)
            PhysicalOperator(NES::MapPhysicalOperator)
              PhysicalOperator(NES::EmitPhysicalOperator)
      Successor Pipeline:
        Pipeline(ID(141), Provider(None))
          Operator chain:
            PhysicalOperator(NES::SinkPhysicalOperator)

[m
[36m[04:34:31.345572] [D] [Not A Worker] [unnamed] [] [SinkProvider.cpp:30] [lower] The sinkDescriptor is: SinkDescriptor: (name: variant("CITY_SINK"), type: Void, Config: )[m
[36m[04:34:31.346036] [D] [SingleNodeWorker] [WorkerThread-9] [Task:242515430-141] [VoidSink.cpp:37] [start] Setting up void sink: VoidSink[m
[36m[04:34:31.420905] [D] [SingleNodeWorker] [WorkerThread-52] [] [SourceThread.cpp:186] [start] Starting source with originId: 2[m
[36m[04:34:31.422448] [D] [SingleNodeWorker] [WorkerThread-52] [Task:242515430-140] [BufferManager.cpp:65] [~BufferManager] Calling BufferManager::destroy()[m
[36m[04:34:31.422473] [D] [SingleNodeWorker] [WorkerThread-52] [Task:242515430-140] [BufferManager.cpp:93] [~BufferManager] Shutting down Buffer Manager completed[m
[36m[04:34:32.141849] [D] [SingleNodeWorker] [WorkerThread-61] [Task:242515430] [SourceThread.cpp:232] [tryStop] SourceThread 2: attempting to stop source[m
[36m[04:34:32.141906] [D] [SingleNodeWorker] [WorkerThread-61] [Task:242515430] [SourceThread.cpp:250] [tryStop] SourceThread 2: stopped[m
[32m[04:34:32.167660] [I] [SingleNodeWorker] [WorkerThread-31] [Task:242515430-141] [VoidSink.cpp:42] [stop] Void Sink completed.[m
[36m[04:34:32.167824] [D] [SingleNodeWorker] [WorkerThread-31] [] [SourceThread.cpp:228] [tryStop] SourceThread 2: thread is not running[m
[32m[04:34:32.168076] [I] [SingleNodeWorker] [WorkerThread-59] [] [SequenceShredder.cpp:55] [~SequenceShredder] Successfully validated SequenceShredder[m
[36m[04:34:36.124217] [D] [Not A Worker] [unnamed] [queryId:1965771770] [BufferManager.cpp:110] [initialize] NES memory allocation requires 1 out of 540577120256 (so 1.8498748143954595e-10%) available bytes[m
[36m[04:34:36.124266] [D] [Not A Worker] [unnamed] [queryId:1965771770] [BufferManager.cpp:160] [initialize] BufferManager configuration bufferSize=1 numOfBuffers=1[m
[36m[04:34:36.124444] [D] [Not A Worker] [unnamed] [queryId:1965771770] [PipeliningPhase.cpp:404] [apply] Constructed pipeline plan with 1 root pipelines.
PipelinedQueryPlan for Query: 1965771770
Number of root pipelines: 1
------------------
Root Pipeline 0:
  Pipeline(ID(142), Provider(COMPILER))
  Operator chain:
    PhysicalOperator(NES::SourcePhysicalOperator)
  Successor Pipeline:
    Pipeline(ID(143), Provider(None))
      Operator chain:
        PhysicalOperator(NES::ScanPhysicalOperator)
          PhysicalOperator(NES::SelectionPhysicalOperator)
            PhysicalOperator(NES::MapPhysicalOperator)
              PhysicalOperator(NES::EmitPhysicalOperator)
      Successor Pipeline:
        Pipeline(ID(144), Provider(None))
          Operator chain:
            PhysicalOperator(NES::SinkPhysicalOperator)

[m
[36m[04:34:36.128344] [D] [Not A Worker] [unnamed] [] [SinkProvider.cpp:30] [lower] The sinkDescriptor is: SinkDescriptor: (name: variant("CITY_SINK"), type: Void, Config: )[m
[36m[04:34:36.128766] [D] [SingleNodeWorker] [WorkerThread-27] [Task:1965771770-144] [VoidSink.cpp:37] [start] Setting up void sink: VoidSink[m
[36m[04:34:36.203049] [D] [SingleNodeWorker] [WorkerThread-28] [] [SourceThread.cpp:186] [start] Starting source with originId: 2[m
[36m[04:34:36.204880] [D] [SingleNodeWorker] [WorkerThread-54] [Task:1965771770-143] [BufferManager.cpp:65] [~BufferManager] Calling BufferManager::destroy()[m
[36m[04:34:36.204971] [D] [SingleNodeWorker] [WorkerThread-54] [Task:1965771770-143] [BufferManager.cpp:93] [~BufferManager] Shutting down Buffer Manager completed[m
[36m[04:34:36.950317] [D] [SingleNodeWorker] [WorkerThread-16] [Task:1965771770] [SourceThread.cpp:232] [tryStop] SourceThread 2: attempting to stop source[m
[36m[04:34:36.950392] [D] [SingleNodeWorker] [WorkerThread-16] [Task:1965771770] [SourceThread.cpp:250] [tryStop] SourceThread 2: stopped[m
[32m[04:34:36.975972] [I] [SingleNodeWorker] [WorkerThread-52] [Task:1965771770-144] [VoidSink.cpp:42] [stop] Void Sink completed.[m
[36m[04:34:36.976130] [D] [SingleNodeWorker] [WorkerThread-52] [] [SourceThread.cpp:228] [tryStop] SourceThread 2: thread is not running[m
[32m[04:34:36.976312] [I] [SingleNodeWorker] [WorkerThread-6] [] [SequenceShredder.cpp:55] [~SequenceShredder] Successfully validated SequenceShredder[m
[36m[04:34:40.916955] [D] [Not A Worker] [unnamed] [queryId:873245600] [BufferManager.cpp:110] [initialize] NES memory allocation requires 1 out of 540577120256 (so 1.8498748143954595e-10%) available bytes[m
[36m[04:34:40.917001] [D] [Not A Worker] [unnamed] [queryId:873245600] [BufferManager.cpp:160] [initialize] BufferManager configuration bufferSize=1 numOfBuffers=1[m
[36m[04:34:40.917194] [D] [Not A Worker] [unnamed] [queryId:873245600] [PipeliningPhase.cpp:404] [apply] Constructed pipeline plan with 1 root pipelines.
PipelinedQueryPlan for Query: 873245600
Number of root pipelines: 1
------------------
Root Pipeline 0:
  Pipeline(ID(145), Provider(COMPILER))
  Operator chain:
    PhysicalOperator(NES::SourcePhysicalOperator)
  Successor Pipeline:
    Pipeline(ID(146), Provider(None))
      Operator chain:
        PhysicalOperator(NES::ScanPhysicalOperator)
          PhysicalOperator(NES::SelectionPhysicalOperator)
            PhysicalOperator(NES::MapPhysicalOperator)
              PhysicalOperator(NES::EmitPhysicalOperator)
      Successor Pipeline:
        Pipeline(ID(147), Provider(None))
          Operator chain:
            PhysicalOperator(NES::SinkPhysicalOperator)

[m
[36m[04:34:40.920822] [D] [Not A Worker] [unnamed] [] [SinkProvider.cpp:30] [lower] The sinkDescriptor is: SinkDescriptor: (name: variant("CITY_SINK"), type: Void, Config: )[m
[36m[04:34:40.921253] [D] [SingleNodeWorker] [WorkerThread-41] [Task:873245600-147] [VoidSink.cpp:37] [start] Setting up void sink: VoidSink[m
[36m[04:34:40.997311] [D] [SingleNodeWorker] [WorkerThread-53] [] [SourceThread.cpp:186] [start] Starting source with originId: 2[m
[36m[04:34:40.999036] [D] [SingleNodeWorker] [WorkerThread-61] [Task:873245600-146] [BufferManager.cpp:65] [~BufferManager] Calling BufferManager::destroy()[m
[36m[04:34:40.999120] [D] [SingleNodeWorker] [WorkerThread-61] [Task:873245600-146] [BufferManager.cpp:93] [~BufferManager] Shutting down Buffer Manager completed[m
[36m[04:34:41.709713] [D] [SingleNodeWorker] [WorkerThread-63] [Task:873245600] [SourceThread.cpp:232] [tryStop] SourceThread 2: attempting to stop source[m
[36m[04:34:41.709774] [D] [SingleNodeWorker] [WorkerThread-63] [Task:873245600] [SourceThread.cpp:250] [tryStop] SourceThread 2: stopped[m
[32m[04:34:41.735340] [I] [SingleNodeWorker] [WorkerThread-26] [Task:873245600-147] [VoidSink.cpp:42] [stop] Void Sink completed.[m
[36m[04:34:41.735514] [D] [SingleNodeWorker] [WorkerThread-26] [] [SourceThread.cpp:228] [tryStop] SourceThread 2: thread is not running[m
[32m[04:34:41.735672] [I] [SingleNodeWorker] [WorkerThread-12] [] [SequenceShredder.cpp:55] [~SequenceShredder] Successfully validated SequenceShredder[m
[36m[04:34:45.734310] [D] [Not A Worker] [unnamed] [queryId:1352069363] [BufferManager.cpp:110] [initialize] NES memory allocation requires 1 out of 540577120256 (so 1.8498748143954595e-10%) available bytes[m
[36m[04:34:45.734360] [D] [Not A Worker] [unnamed] [queryId:1352069363] [BufferManager.cpp:160] [initialize] BufferManager configuration bufferSize=1 numOfBuffers=1[m
[36m[04:34:45.734532] [D] [Not A Worker] [unnamed] [queryId:1352069363] [PipeliningPhase.cpp:404] [apply] Constructed pipeline plan with 1 root pipelines.
PipelinedQueryPlan for Query: 1352069363
Number of root pipelines: 1
------------------
Root Pipeline 0:
  Pipeline(ID(148), Provider(COMPILER))
  Operator chain:
    PhysicalOperator(NES::SourcePhysicalOperator)
  Successor Pipeline:
    Pipeline(ID(149), Provider(None))
      Operator chain:
        PhysicalOperator(NES::ScanPhysicalOperator)
          PhysicalOperator(NES::SelectionPhysicalOperator)
            PhysicalOperator(NES::MapPhysicalOperator)
              PhysicalOperator(NES::EmitPhysicalOperator)
      Successor Pipeline:
        Pipeline(ID(150), Provider(None))
          Operator chain:
            PhysicalOperator(NES::SinkPhysicalOperator)

[m
[36m[04:34:45.738458] [D] [Not A Worker] [unnamed] [] [SinkProvider.cpp:30] [lower] The sinkDescriptor is: SinkDescriptor: (name: variant("CITY_SINK"), type: Void, Config: )[m
[36m[04:34:45.739013] [D] [SingleNodeWorker] [WorkerThread-11] [Task:1352069363-150] [VoidSink.cpp:37] [start] Setting up void sink: VoidSink[m
[36m[04:34:45.815957] [D] [SingleNodeWorker] [WorkerThread-27] [] [SourceThread.cpp:186] [start] Starting source with originId: 2[m
[36m[04:34:45.817971] [D] [SingleNodeWorker] [WorkerThread-16] [Task:1352069363-149] [BufferManager.cpp:65] [~BufferManager] Calling BufferManager::destroy()[m
[36m[04:34:45.818050] [D] [SingleNodeWorker] [WorkerThread-16] [Task:1352069363-149] [BufferManager.cpp:93] [~BufferManager] Shutting down Buffer Manager completed[m
[36m[04:34:46.526547] [D] [SingleNodeWorker] [WorkerThread-59] [Task:1352069363] [SourceThread.cpp:232] [tryStop] SourceThread 2: attempting to stop source[m
[36m[04:34:46.526618] [D] [SingleNodeWorker] [WorkerThread-59] [Task:1352069363] [SourceThread.cpp:250] [tryStop] SourceThread 2: stopped[m
[32m[04:34:46.552234] [I] [SingleNodeWorker] [WorkerThread-39] [Task:1352069363-150] [VoidSink.cpp:42] [stop] Void Sink completed.[m
[32m[04:34:46.552385] [I] [SingleNodeWorker] [WorkerThread-4] [] [SequenceShredder.cpp:55] [~SequenceShredder] Successfully validated SequenceShredder[m
[36m[04:34:46.552389] [D] [SingleNodeWorker] [WorkerThread-39] [] [SourceThread.cpp:228] [tryStop] SourceThread 2: thread is not running[m
[36m[04:34:50.459317] [D] [Not A Worker] [unnamed] [queryId:519108910] [BufferManager.cpp:110] [initialize] NES memory allocation requires 1 out of 540577120256 (so 1.8498748143954595e-10%) available bytes[m
[36m[04:34:50.459364] [D] [Not A Worker] [unnamed] [queryId:519108910] [BufferManager.cpp:160] [initialize] BufferManager configuration bufferSize=1 numOfBuffers=1[m
[36m[04:34:50.459534] [D] [Not A Worker] [unnamed] [queryId:519108910] [PipeliningPhase.cpp:404] [apply] Constructed pipeline plan with 1 root pipelines.
PipelinedQueryPlan for Query: 519108910
Number of root pipelines: 1
------------------
Root Pipeline 0:
  Pipeline(ID(151), Provider(COMPILER))
  Operator chain:
    PhysicalOperator(NES::SourcePhysicalOperator)
  Successor Pipeline:
    Pipeline(ID(152), Provider(None))
      Operator chain:
        PhysicalOperator(NES::ScanPhysicalOperator)
          PhysicalOperator(NES::SelectionPhysicalOperator)
            PhysicalOperator(NES::MapPhysicalOperator)
              PhysicalOperator(NES::EmitPhysicalOperator)
      Successor Pipeline:
        Pipeline(ID(153), Provider(None))
          Operator chain:
            PhysicalOperator(NES::SinkPhysicalOperator)

[m
[36m[04:34:50.463041] [D] [Not A Worker] [unnamed] [] [SinkProvider.cpp:30] [lower] The sinkDescriptor is: SinkDescriptor: (name: variant("EXTRA_SINK"), type: Void, Config: )[m
[36m[04:34:50.463509] [D] [SingleNodeWorker] [WorkerThread-33] [Task:519108910-153] [VoidSink.cpp:37] [start] Setting up void sink: VoidSink[m
[36m[04:34:50.539433] [D] [SingleNodeWorker] [WorkerThread-49] [] [SourceThread.cpp:186] [start] Starting source with originId: 2[m
[36m[04:34:50.541013] [D] [SingleNodeWorker] [WorkerThread-49] [Task:519108910-152] [BufferManager.cpp:65] [~BufferManager] Calling BufferManager::destroy()[m
[36m[04:34:50.541037] [D] [SingleNodeWorker] [WorkerThread-49] [Task:519108910-152] [BufferManager.cpp:93] [~BufferManager] Shutting down Buffer Manager completed[m
[36m[04:34:51.236051] [D] [SingleNodeWorker] [WorkerThread-30] [Task:519108910] [SourceThread.cpp:232] [tryStop] SourceThread 2: attempting to stop source[m
[36m[04:34:51.236100] [D] [SingleNodeWorker] [WorkerThread-30] [Task:519108910] [SourceThread.cpp:250] [tryStop] SourceThread 2: stopped[m
[32m[04:34:51.261511] [I] [SingleNodeWorker] [WorkerThread-19] [] [SequenceShredder.cpp:55] [~SequenceShredder] Successfully validated SequenceShredder[m
[32m[04:34:51.261549] [I] [SingleNodeWorker] [WorkerThread-13] [Task:519108910-153] [VoidSink.cpp:42] [stop] Void Sink completed.[m
[36m[04:34:51.261608] [D] [SingleNodeWorker] [WorkerThread-13] [] [SourceThread.cpp:228] [tryStop] SourceThread 2: thread is not running[m
[36m[04:34:55.239841] [D] [Not A Worker] [unnamed] [queryId:501610157] [BufferManager.cpp:110] [initialize] NES memory allocation requires 1 out of 540577120256 (so 1.8498748143954595e-10%) available bytes[m
[36m[04:34:55.239891] [D] [Not A Worker] [unnamed] [queryId:501610157] [BufferManager.cpp:160] [initialize] BufferManager configuration bufferSize=1 numOfBuffers=1[m
[36m[04:34:55.240062] [D] [Not A Worker] [unnamed] [queryId:501610157] [PipeliningPhase.cpp:404] [apply] Constructed pipeline plan with 1 root pipelines.
PipelinedQueryPlan for Query: 501610157
Number of root pipelines: 1
------------------
Root Pipeline 0:
  Pipeline(ID(154), Provider(COMPILER))
  Operator chain:
    PhysicalOperator(NES::SourcePhysicalOperator)
  Successor Pipeline:
    Pipeline(ID(155), Provider(None))
      Operator chain:
        PhysicalOperator(NES::ScanPhysicalOperator)
          PhysicalOperator(NES::SelectionPhysicalOperator)
            PhysicalOperator(NES::MapPhysicalOperator)
              PhysicalOperator(NES::EmitPhysicalOperator)
      Successor Pipeline:
        Pipeline(ID(156), Provider(None))
          Operator chain:
            PhysicalOperator(NES::SinkPhysicalOperator)

[m
[36m[04:34:55.243039] [D] [Not A Worker] [unnamed] [] [SinkProvider.cpp:30] [lower] The sinkDescriptor is: SinkDescriptor: (name: variant("EXTRA_SINK"), type: Void, Config: )[m
[36m[04:34:55.243650] [D] [SingleNodeWorker] [WorkerThread-30] [Task:501610157-156] [VoidSink.cpp:37] [start] Setting up void sink: VoidSink[m
[36m[04:34:55.322576] [D] [SingleNodeWorker] [WorkerThread-30] [] [SourceThread.cpp:186] [start] Starting source with originId: 2[m
[36m[04:34:55.324569] [D] [SingleNodeWorker] [WorkerThread-37] [Task:501610157-155] [BufferManager.cpp:65] [~BufferManager] Calling BufferManager::destroy()[m
[36m[04:34:55.324672] [D] [SingleNodeWorker] [WorkerThread-37] [Task:501610157-155] [BufferManager.cpp:93] [~BufferManager] Shutting down Buffer Manager completed[m
[36m[04:34:56.100633] [D] [SingleNodeWorker] [WorkerThread-20] [Task:501610157] [SourceThread.cpp:232] [tryStop] SourceThread 2: attempting to stop source[m
[36m[04:34:56.100691] [D] [SingleNodeWorker] [WorkerThread-20] [Task:501610157] [SourceThread.cpp:250] [tryStop] SourceThread 2: stopped[m
[32m[04:34:56.126248] [I] [SingleNodeWorker] [WorkerThread-42] [Task:501610157-156] [VoidSink.cpp:42] [stop] Void Sink completed.[m
[36m[04:34:56.126386] [D] [SingleNodeWorker] [WorkerThread-42] [] [SourceThread.cpp:228] [tryStop] SourceThread 2: thread is not running[m
[32m[04:34:56.126509] [I] [SingleNodeWorker] [WorkerThread-33] [] [SequenceShredder.cpp:55] [~SequenceShredder] Successfully validated SequenceShredder[m
[36m[04:35:00.081162] [D] [Not A Worker] [unnamed] [queryId:813897162] [BufferManager.cpp:110] [initialize] NES memory allocation requires 1 out of 540577120256 (so 1.8498748143954595e-10%) available bytes[m
[36m[04:35:00.081207] [D] [Not A Worker] [unnamed] [queryId:813897162] [BufferManager.cpp:160] [initialize] BufferManager configuration bufferSize=1 numOfBuffers=1[m
[36m[04:35:00.081382] [D] [Not A Worker] [unnamed] [queryId:813897162] [PipeliningPhase.cpp:404] [apply] Constructed pipeline plan with 1 root pipelines.
PipelinedQueryPlan for Query: 813897162
Number of root pipelines: 1
------------------
Root Pipeline 0:
  Pipeline(ID(157), Provider(COMPILER))
  Operator chain:
    PhysicalOperator(NES::SourcePhysicalOperator)
  Successor Pipeline:
    Pipeline(ID(158), Provider(None))
      Operator chain:
        PhysicalOperator(NES::ScanPhysicalOperator)
          PhysicalOperator(NES::SelectionPhysicalOperator)
            PhysicalOperator(NES::MapPhysicalOperator)
              PhysicalOperator(NES::EmitPhysicalOperator)
      Successor Pipeline:
        Pipeline(ID(159), Provider(None))
          Operator chain:
            PhysicalOperator(NES::SinkPhysicalOperator)

[m
[36m[04:35:00.084862] [D] [Not A Worker] [unnamed] [] [SinkProvider.cpp:30] [lower] The sinkDescriptor is: SinkDescriptor: (name: variant("EXTRA_SINK"), type: Void, Config: )[m
[36m[04:35:00.085553] [D] [SingleNodeWorker] [WorkerThread-54] [Task:813897162-159] [VoidSink.cpp:37] [start] Setting up void sink: VoidSink[m
[36m[04:35:00.162495] [D] [SingleNodeWorker] [WorkerThread-11] [] [SourceThread.cpp:186] [start] Starting source with originId: 2[m
[36m[04:35:00.163754] [D] [SingleNodeWorker] [WorkerThread-17] [Task:813897162-158] [BufferManager.cpp:65] [~BufferManager] Calling BufferManager::destroy()[m
[36m[04:35:00.163844] [D] [SingleNodeWorker] [WorkerThread-17] [Task:813897162-158] [BufferManager.cpp:93] [~BufferManager] Shutting down Buffer Manager completed[m
[36m[04:35:00.840267] [D] [SingleNodeWorker] [WorkerThread-41] [Task:813897162] [SourceThread.cpp:232] [tryStop] SourceThread 2: attempting to stop source[m
[36m[04:35:00.840322] [D] [SingleNodeWorker] [WorkerThread-41] [Task:813897162] [SourceThread.cpp:250] [tryStop] SourceThread 2: stopped[m
[32m[04:35:00.865947] [I] [SingleNodeWorker] [WorkerThread-27] [Task:813897162-159] [VoidSink.cpp:42] [stop] Void Sink completed.[m
[36m[04:35:00.866075] [D] [SingleNodeWorker] [WorkerThread-27] [] [SourceThread.cpp:228] [tryStop] SourceThread 2: thread is not running[m
[32m[04:35:00.866163] [I] [SingleNodeWorker] [WorkerThread-1] [] [SequenceShredder.cpp:55] [~SequenceShredder] Successfully validated SequenceShredder[m
[36m[04:35:04.939749] [D] [Not A Worker] [unnamed] [queryId:73605481] [BufferManager.cpp:110] [initialize] NES memory allocation requires 1 out of 540577120256 (so 1.8498748143954595e-10%) available bytes[m
[36m[04:35:04.939807] [D] [Not A Worker] [unnamed] [queryId:73605481] [BufferManager.cpp:160] [initialize] BufferManager configuration bufferSize=1 numOfBuffers=1[m
[36m[04:35:04.939993] [D] [Not A Worker] [unnamed] [queryId:73605481] [PipeliningPhase.cpp:404] [apply] Constructed pipeline plan with 1 root pipelines.
PipelinedQueryPlan for Query: 73605481
Number of root pipelines: 1
------------------
Root Pipeline 0:
  Pipeline(ID(160), Provider(COMPILER))
  Operator chain:
    PhysicalOperator(NES::SourcePhysicalOperator)
  Successor Pipeline:
    Pipeline(ID(161), Provider(None))
      Operator chain:
        PhysicalOperator(NES::ScanPhysicalOperator)
          PhysicalOperator(NES::SelectionPhysicalOperator)
            PhysicalOperator(NES::MapPhysicalOperator)
              PhysicalOperator(NES::EmitPhysicalOperator)
      Successor Pipeline:
        Pipeline(ID(162), Provider(None))
          Operator chain:
            PhysicalOperator(NES::SinkPhysicalOperator)

[m
[36m[04:35:04.943734] [D] [Not A Worker] [unnamed] [] [SinkProvider.cpp:30] [lower] The sinkDescriptor is: SinkDescriptor: (name: variant("EXTRA_SINK"), type: Void, Config: )[m
[36m[04:35:04.944186] [D] [SingleNodeWorker] [WorkerThread-35] [Task:73605481-162] [VoidSink.cpp:37] [start] Setting up void sink: VoidSink[m
[36m[04:35:05.019491] [D] [SingleNodeWorker] [WorkerThread-43] [] [SourceThread.cpp:186] [start] Starting source with originId: 2[m
[36m[04:35:05.021182] [D] [SingleNodeWorker] [WorkerThread-36] [Task:73605481-161] [BufferManager.cpp:65] [~BufferManager] Calling BufferManager::destroy()[m
[36m[04:35:05.021274] [D] [SingleNodeWorker] [WorkerThread-36] [Task:73605481-161] [BufferManager.cpp:93] [~BufferManager] Shutting down Buffer Manager completed[m
[36m[04:35:05.798849] [D] [SingleNodeWorker] [WorkerThread-34] [Task:73605481] [SourceThread.cpp:232] [tryStop] SourceThread 2: attempting to stop source[m
[36m[04:35:05.798921] [D] [SingleNodeWorker] [WorkerThread-34] [Task:73605481] [SourceThread.cpp:250] [tryStop] SourceThread 2: stopped[m
[32m[04:35:05.824607] [I] [SingleNodeWorker] [WorkerThread-2] [Task:73605481-162] [VoidSink.cpp:42] [stop] Void Sink completed.[m
[36m[04:35:05.824743] [D] [SingleNodeWorker] [WorkerThread-2] [] [SourceThread.cpp:228] [tryStop] SourceThread 2: thread is not running[m
[32m[04:35:05.824752] [I] [SingleNodeWorker] [WorkerThread-10] [] [SequenceShredder.cpp:55] [~SequenceShredder] Successfully validated SequenceShredder[m
[36m[04:35:09.711431] [D] [Not A Worker] [unnamed] [queryId:1458427654] [BufferManager.cpp:110] [initialize] NES memory allocation requires 1 out of 540577120256 (so 1.8498748143954595e-10%) available bytes[m
[36m[04:35:09.711498] [D] [Not A Worker] [unnamed] [queryId:1458427654] [BufferManager.cpp:160] [initialize] BufferManager configuration bufferSize=1 numOfBuffers=1[m
[36m[04:35:09.711716] [D] [Not A Worker] [unnamed] [queryId:1458427654] [PipeliningPhase.cpp:404] [apply] Constructed pipeline plan with 1 root pipelines.
PipelinedQueryPlan for Query: 1458427654
Number of root pipelines: 1
------------------
Root Pipeline 0:
  Pipeline(ID(163), Provider(COMPILER))
  Operator chain:
    PhysicalOperator(NES::SourcePhysicalOperator)
  Successor Pipeline:
    Pipeline(ID(164), Provider(None))
      Operator chain:
        PhysicalOperator(NES::ScanPhysicalOperator)
          PhysicalOperator(NES::SelectionPhysicalOperator)
            PhysicalOperator(NES::MapPhysicalOperator)
              PhysicalOperator(NES::EmitPhysicalOperator)
      Successor Pipeline:
        Pipeline(ID(165), Provider(None))
          Operator chain:
            PhysicalOperator(NES::SinkPhysicalOperator)

[m
[36m[04:35:09.715503] [D] [Not A Worker] [unnamed] [] [SinkProvider.cpp:30] [lower] The sinkDescriptor is: SinkDescriptor: (name: variant("EXTRA_SINK"), type: Void, Config: )[m
[36m[04:35:09.715855] [D] [SingleNodeWorker] [WorkerThread-31] [Task:1458427654-165] [VoidSink.cpp:37] [start] Setting up void sink: VoidSink[m
[36m[04:35:09.792362] [D] [SingleNodeWorker] [WorkerThread-43] [] [SourceThread.cpp:186] [start] Starting source with originId: 2[m
[36m[04:35:09.793885] [D] [SingleNodeWorker] [WorkerThread-43] [Task:1458427654-164] [BufferManager.cpp:65] [~BufferManager] Calling BufferManager::destroy()[m
[36m[04:35:09.793912] [D] [SingleNodeWorker] [WorkerThread-43] [Task:1458427654-164] [BufferManager.cpp:93] [~BufferManager] Shutting down Buffer Manager completed[m
[36m[04:35:10.485047] [D] [SingleNodeWorker] [WorkerThread-46] [Task:1458427654] [SourceThread.cpp:232] [tryStop] SourceThread 2: attempting to stop source[m
[36m[04:35:10.485117] [D] [SingleNodeWorker] [WorkerThread-46] [Task:1458427654] [SourceThread.cpp:250] [tryStop] SourceThread 2: stopped[m
[32m[04:35:10.510677] [I] [SingleNodeWorker] [WorkerThread-60] [Task:1458427654-165] [VoidSink.cpp:42] [stop] Void Sink completed.[m
[32m[04:35:10.510784] [I] [SingleNodeWorker] [WorkerThread-62] [] [SequenceShredder.cpp:55] [~SequenceShredder] Successfully validated SequenceShredder[m
[36m[04:35:10.510818] [D] [SingleNodeWorker] [WorkerThread-60] [] [SourceThread.cpp:228] [tryStop] SourceThread 2: thread is not running[m
[36m[04:35:14.640914] [D] [Not A Worker] [unnamed] [queryId:185792928] [BufferManager.cpp:110] [initialize] NES memory allocation requires 1 out of 540577120256 (so 1.8498748143954595e-10%) available bytes[m
[36m[04:35:14.640965] [D] [Not A Worker] [unnamed] [queryId:185792928] [BufferManager.cpp:160] [initialize] BufferManager configuration bufferSize=1 numOfBuffers=1[m
[36m[04:35:14.641131] [D] [Not A Worker] [unnamed] [queryId:185792928] [PipeliningPhase.cpp:404] [apply] Constructed pipeline plan with 1 root pipelines.
PipelinedQueryPlan for Query: 185792928
Number of root pipelines: 1
------------------
Root Pipeline 0:
  Pipeline(ID(166), Provider(COMPILER))
  Operator chain:
    PhysicalOperator(NES::SourcePhysicalOperator)
  Successor Pipeline:
    Pipeline(ID(167), Provider(None))
      Operator chain:
        PhysicalOperator(NES::ScanPhysicalOperator)
          PhysicalOperator(NES::SelectionPhysicalOperator)
            PhysicalOperator(NES::MapPhysicalOperator)
              PhysicalOperator(NES::EmitPhysicalOperator)
      Successor Pipeline:
        Pipeline(ID(168), Provider(None))
          Operator chain:
            PhysicalOperator(NES::SinkPhysicalOperator)

[m
[36m[04:35:14.644958] [D] [Not A Worker] [unnamed] [] [SinkProvider.cpp:30] [lower] The sinkDescriptor is: SinkDescriptor: (name: variant("EXTRA_SINK"), type: Void, Config: )[m
[36m[04:35:14.645368] [D] [SingleNodeWorker] [WorkerThread-42] [Task:185792928-168] [VoidSink.cpp:37] [start] Setting up void sink: VoidSink[m
[36m[04:35:14.711834] [D] [SingleNodeWorker] [WorkerThread-19] [] [SourceThread.cpp:186] [start] Starting source with originId: 2[m
[36m[04:35:14.713443] [D] [SingleNodeWorker] [WorkerThread-3] [Task:185792928-167] [BufferManager.cpp:65] [~BufferManager] Calling BufferManager::destroy()[m
[36m[04:35:14.713519] [D] [SingleNodeWorker] [WorkerThread-3] [Task:185792928-167] [BufferManager.cpp:93] [~BufferManager] Shutting down Buffer Manager completed[m
[36m[04:35:15.169604] [D] [SingleNodeWorker] [WorkerThread-13] [Task:185792928-167] [InputFormatter.hpp:349] [indexTrailingSpanningTupleProxy] last offset: 262143, first offset: 149[m
[36m[04:35:15.460832] [D] [SingleNodeWorker] [WorkerThread-37] [Task:185792928] [SourceThread.cpp:232] [tryStop] SourceThread 2: attempting to stop source[m
[36m[04:35:15.460889] [D] [SingleNodeWorker] [WorkerThread-37] [Task:185792928] [SourceThread.cpp:250] [tryStop] SourceThread 2: stopped[m
[32m[04:35:15.486599] [I] [SingleNodeWorker] [WorkerThread-15] [Task:185792928-168] [VoidSink.cpp:42] [stop] Void Sink completed.[m
[36m[04:35:15.486735] [D] [SingleNodeWorker] [WorkerThread-15] [] [SourceThread.cpp:228] [tryStop] SourceThread 2: thread is not running[m
[32m[04:35:15.486936] [I] [SingleNodeWorker] [WorkerThread-20] [] [SequenceShredder.cpp:55] [~SequenceShredder] Successfully validated SequenceShredder[m
[36m[04:35:19.608641] [D] [Not A Worker] [unnamed] [queryId:1625942271] [BufferManager.cpp:110] [initialize] NES memory allocation requires 1 out of 540577120256 (so 1.8498748143954595e-10%) available bytes[m
[36m[04:35:19.608693] [D] [Not A Worker] [unnamed] [queryId:1625942271] [BufferManager.cpp:160] [initialize] BufferManager configuration bufferSize=1 numOfBuffers=1[m
[36m[04:35:19.608912] [D] [Not A Worker] [unnamed] [queryId:1625942271] [PipeliningPhase.cpp:404] [apply] Constructed pipeline plan with 1 root pipelines.
PipelinedQueryPlan for Query: 1625942271
Number of root pipelines: 1
------------------
Root Pipeline 0:
  Pipeline(ID(169), Provider(COMPILER))
  Operator chain:
    PhysicalOperator(NES::SourcePhysicalOperator)
  Successor Pipeline:
    Pipeline(ID(170), Provider(None))
      Operator chain:
        PhysicalOperator(NES::ScanPhysicalOperator)
          PhysicalOperator(NES::SelectionPhysicalOperator)
            PhysicalOperator(NES::MapPhysicalOperator)
              PhysicalOperator(NES::EmitPhysicalOperator)
      Successor Pipeline:
        Pipeline(ID(171), Provider(None))
          Operator chain:
            PhysicalOperator(NES::SinkPhysicalOperator)

[m
[36m[04:35:19.613020] [D] [Not A Worker] [unnamed] [] [SinkProvider.cpp:30] [lower] The sinkDescriptor is: SinkDescriptor: (name: variant("EXTRA_SINK"), type: Void, Config: )[m
[36m[04:35:19.613729] [D] [SingleNodeWorker] [WorkerThread-55] [Task:1625942271-171] [VoidSink.cpp:37] [start] Setting up void sink: VoidSink[m
[36m[04:35:19.690982] [D] [SingleNodeWorker] [WorkerThread-0] [] [SourceThread.cpp:186] [start] Starting source with originId: 2[m
[36m[04:35:19.692830] [D] [SingleNodeWorker] [WorkerThread-14] [Task:1625942271-170] [BufferManager.cpp:65] [~BufferManager] Calling BufferManager::destroy()[m
[36m[04:35:19.692911] [D] [SingleNodeWorker] [WorkerThread-14] [Task:1625942271-170] [BufferManager.cpp:93] [~BufferManager] Shutting down Buffer Manager completed[m
[36m[04:35:20.388252] [D] [SingleNodeWorker] [WorkerThread-63] [Task:1625942271] [SourceThread.cpp:232] [tryStop] SourceThread 2: attempting to stop source[m
[36m[04:35:20.388306] [D] [SingleNodeWorker] [WorkerThread-63] [Task:1625942271] [SourceThread.cpp:250] [tryStop] SourceThread 2: stopped[m
[32m[04:35:20.413815] [I] [SingleNodeWorker] [WorkerThread-53] [Task:1625942271-171] [VoidSink.cpp:42] [stop] Void Sink completed.[m
[36m[04:35:20.413956] [D] [SingleNodeWorker] [WorkerThread-53] [] [SourceThread.cpp:228] [tryStop] SourceThread 2: thread is not running[m
[32m[04:35:20.414141] [I] [SingleNodeWorker] [WorkerThread-60] [] [SequenceShredder.cpp:55] [~SequenceShredder] Successfully validated SequenceShredder[m
[36m[04:35:24.424611] [D] [Not A Worker] [unnamed] [queryId:859077427] [BufferManager.cpp:110] [initialize] NES memory allocation requires 1 out of 540577120256 (so 1.8498748143954595e-10%) available bytes[m
[36m[04:35:24.424659] [D] [Not A Worker] [unnamed] [queryId:859077427] [BufferManager.cpp:160] [initialize] BufferManager configuration bufferSize=1 numOfBuffers=1[m
[36m[04:35:24.424823] [D] [Not A Worker] [unnamed] [queryId:859077427] [PipeliningPhase.cpp:404] [apply] Constructed pipeline plan with 1 root pipelines.
PipelinedQueryPlan for Query: 859077427
Number of root pipelines: 1
------------------
Root Pipeline 0:
  Pipeline(ID(172), Provider(COMPILER))
  Operator chain:
    PhysicalOperator(NES::SourcePhysicalOperator)
  Successor Pipeline:
    Pipeline(ID(173), Provider(None))
      Operator chain:
        PhysicalOperator(NES::ScanPhysicalOperator)
          PhysicalOperator(NES::SelectionPhysicalOperator)
            PhysicalOperator(NES::MapPhysicalOperator)
              PhysicalOperator(NES::EmitPhysicalOperator)
      Successor Pipeline:
        Pipeline(ID(174), Provider(None))
          Operator chain:
            PhysicalOperator(NES::SinkPhysicalOperator)

[m
[36m[04:35:24.428334] [D] [Not A Worker] [unnamed] [] [SinkProvider.cpp:30] [lower] The sinkDescriptor is: SinkDescriptor: (name: variant("EXTRA_SINK"), type: Void, Config: )[m
[36m[04:35:24.428599] [D] [SingleNodeWorker] [WorkerThread-21] [Task:859077427-174] [VoidSink.cpp:37] [start] Setting up void sink: VoidSink[m
[36m[04:35:24.500765] [D] [SingleNodeWorker] [WorkerThread-33] [] [SourceThread.cpp:186] [start] Starting source with originId: 2[m
[36m[04:35:24.502311] [D] [SingleNodeWorker] [WorkerThread-33] [Task:859077427-173] [BufferManager.cpp:65] [~BufferManager] Calling BufferManager::destroy()[m
[36m[04:35:24.502336] [D] [SingleNodeWorker] [WorkerThread-33] [Task:859077427-173] [BufferManager.cpp:93] [~BufferManager] Shutting down Buffer Manager completed[m
[36m[04:35:25.254726] [D] [SingleNodeWorker] [WorkerThread-59] [Task:859077427] [SourceThread.cpp:232] [tryStop] SourceThread 2: attempting to stop source[m
[36m[04:35:25.254784] [D] [SingleNodeWorker] [WorkerThread-59] [Task:859077427] [SourceThread.cpp:250] [tryStop] SourceThread 2: stopped[m
[32m[04:35:25.280318] [I] [SingleNodeWorker] [WorkerThread-29] [Task:859077427-174] [VoidSink.cpp:42] [stop] Void Sink completed.[m
[36m[04:35:25.280453] [D] [SingleNodeWorker] [WorkerThread-29] [] [SourceThread.cpp:228] [tryStop] SourceThread 2: thread is not running[m
[32m[04:35:25.280600] [I] [SingleNodeWorker] [WorkerThread-1] [] [SequenceShredder.cpp:55] [~SequenceShredder] Successfully validated SequenceShredder[m
[36m[04:35:29.312054] [D] [Not A Worker] [unnamed] [queryId:1375965393] [BufferManager.cpp:110] [initialize] NES memory allocation requires 1 out of 540577120256 (so 1.8498748143954595e-10%) available bytes[m
[36m[04:35:29.312104] [D] [Not A Worker] [unnamed] [queryId:1375965393] [BufferManager.cpp:160] [initialize] BufferManager configuration bufferSize=1 numOfBuffers=1[m
[36m[04:35:29.312296] [D] [Not A Worker] [unnamed] [queryId:1375965393] [PipeliningPhase.cpp:404] [apply] Constructed pipeline plan with 1 root pipelines.
PipelinedQueryPlan for Query: 1375965393
Number of root pipelines: 1
------------------
Root Pipeline 0:
  Pipeline(ID(175), Provider(COMPILER))
  Operator chain:
    PhysicalOperator(NES::SourcePhysicalOperator)
  Successor Pipeline:
    Pipeline(ID(176), Provider(None))
      Operator chain:
        PhysicalOperator(NES::ScanPhysicalOperator)
          PhysicalOperator(NES::SelectionPhysicalOperator)
            PhysicalOperator(NES::MapPhysicalOperator)
              PhysicalOperator(NES::EmitPhysicalOperator)
      Successor Pipeline:
        Pipeline(ID(177), Provider(None))
          Operator chain:
            PhysicalOperator(NES::SinkPhysicalOperator)

[m
[36m[04:35:29.315778] [D] [Not A Worker] [unnamed] [] [SinkProvider.cpp:30] [lower] The sinkDescriptor is: SinkDescriptor: (name: variant("EXTRA_SINK"), type: Void, Config: )[m
[36m[04:35:29.316199] [D] [SingleNodeWorker] [WorkerThread-20] [Task:1375965393-177] [VoidSink.cpp:37] [start] Setting up void sink: VoidSink[m
[36m[04:35:29.391735] [D] [SingleNodeWorker] [WorkerThread-7] [] [SourceThread.cpp:186] [start] Starting source with originId: 2[m
[36m[04:35:29.393801] [D] [SingleNodeWorker] [WorkerThread-17] [Task:1375965393-176] [BufferManager.cpp:65] [~BufferManager] Calling BufferManager::destroy()[m
[36m[04:35:29.393880] [D] [SingleNodeWorker] [WorkerThread-17] [Task:1375965393-176] [BufferManager.cpp:93] [~BufferManager] Shutting down Buffer Manager completed[m
[36m[04:35:30.187912] [D] [SingleNodeWorker] [WorkerThread-62] [Task:1375965393] [SourceThread.cpp:232] [tryStop] SourceThread 2: attempting to stop source[m
[36m[04:35:30.187974] [D] [SingleNodeWorker] [WorkerThread-62] [Task:1375965393] [SourceThread.cpp:250] [tryStop] SourceThread 2: stopped[m
[32m[04:35:30.213737] [I] [SingleNodeWorker] [WorkerThread-34] [Task:1375965393-177] [VoidSink.cpp:42] [stop] Void Sink completed.[m
[36m[04:35:30.213882] [D] [SingleNodeWorker] [WorkerThread-34] [] [SourceThread.cpp:228] [tryStop] SourceThread 2: thread is not running[m
[32m[04:35:30.214125] [I] [SingleNodeWorker] [WorkerThread-4] [] [SequenceShredder.cpp:55] [~SequenceShredder] Successfully validated SequenceShredder[m
[36m[04:35:34.199666] [D] [Not A Worker] [unnamed] [queryId:51817672] [BufferManager.cpp:110] [initialize] NES memory allocation requires 1 out of 540577120256 (so 1.8498748143954595e-10%) available bytes[m
[36m[04:35:34.199724] [D] [Not A Worker] [unnamed] [queryId:51817672] [BufferManager.cpp:160] [initialize] BufferManager configuration bufferSize=1 numOfBuffers=1[m
[36m[04:35:34.199912] [D] [Not A Worker] [unnamed] [queryId:51817672] [PipeliningPhase.cpp:404] [apply] Constructed pipeline plan with 1 root pipelines.
PipelinedQueryPlan for Query: 51817672
Number of root pipelines: 1
------------------
Root Pipeline 0:
  Pipeline(ID(178), Provider(COMPILER))
  Operator chain:
    PhysicalOperator(NES::SourcePhysicalOperator)
  Successor Pipeline:
    Pipeline(ID(179), Provider(None))
      Operator chain:
        PhysicalOperator(NES::ScanPhysicalOperator)
          PhysicalOperator(NES::SelectionPhysicalOperator)
            PhysicalOperator(NES::MapPhysicalOperator)
              PhysicalOperator(NES::EmitPhysicalOperator)
      Successor Pipeline:
        Pipeline(ID(180), Provider(None))
          Operator chain:
            PhysicalOperator(NES::SinkPhysicalOperator)

[m
[36m[04:35:34.202736] [D] [Not A Worker] [unnamed] [] [SinkProvider.cpp:30] [lower] The sinkDescriptor is: SinkDescriptor: (name: variant("EXTRA_SINK"), type: Void, Config: )[m
[36m[04:35:34.203135] [D] [SingleNodeWorker] [WorkerThread-49] [Task:51817672-180] [VoidSink.cpp:37] [start] Setting up void sink: VoidSink[m
[36m[04:35:34.281601] [D] [SingleNodeWorker] [WorkerThread-11] [] [SourceThread.cpp:186] [start] Starting source with originId: 2[m
[36m[04:35:34.283326] [D] [SingleNodeWorker] [WorkerThread-35] [Task:51817672-179] [BufferManager.cpp:65] [~BufferManager] Calling BufferManager::destroy()[m
[36m[04:35:34.283408] [D] [SingleNodeWorker] [WorkerThread-35] [Task:51817672-179] [BufferManager.cpp:93] [~BufferManager] Shutting down Buffer Manager completed[m
[36m[04:35:34.983806] [D] [SingleNodeWorker] [WorkerThread-26] [Task:51817672] [SourceThread.cpp:232] [tryStop] SourceThread 2: attempting to stop source[m
[36m[04:35:34.983870] [D] [SingleNodeWorker] [WorkerThread-26] [Task:51817672] [SourceThread.cpp:250] [tryStop] SourceThread 2: stopped[m
[32m[04:35:35.009544] [I] [SingleNodeWorker] [WorkerThread-43] [Task:51817672-180] [VoidSink.cpp:42] [stop] Void Sink completed.[m
[36m[04:35:35.009636] [D] [SingleNodeWorker] [WorkerThread-43] [] [SourceThread.cpp:228] [tryStop] SourceThread 2: thread is not running[m
[32m[04:35:35.009667] [I] [SingleNodeWorker] [WorkerThread-16] [] [SequenceShredder.cpp:55] [~SequenceShredder] Successfully validated SequenceShredder[m
[36m[04:35:39.195963] [D] [Not A Worker] [unnamed] [queryId:135383521] [BufferManager.cpp:110] [initialize] NES memory allocation requires 1 out of 540577120256 (so 1.8498748143954595e-10%) available bytes[m
[36m[04:35:39.196009] [D] [Not A Worker] [unnamed] [queryId:135383521] [BufferManager.cpp:160] [initialize] BufferManager configuration bufferSize=1 numOfBuffers=1[m
[36m[04:35:39.196172] [D] [Not A Worker] [unnamed] [queryId:135383521] [PipeliningPhase.cpp:404] [apply] Constructed pipeline plan with 1 root pipelines.
PipelinedQueryPlan for Query: 135383521
Number of root pipelines: 1
------------------
Root Pipeline 0:
  Pipeline(ID(181), Provider(COMPILER))
  Operator chain:
    PhysicalOperator(NES::SourcePhysicalOperator)
  Successor Pipeline:
    Pipeline(ID(182), Provider(None))
      Operator chain:
        PhysicalOperator(NES::ScanPhysicalOperator)
          PhysicalOperator(NES::SelectionPhysicalOperator)
            PhysicalOperator(NES::MapPhysicalOperator)
              PhysicalOperator(NES::EmitPhysicalOperator)
      Successor Pipeline:
        Pipeline(ID(183), Provider(None))
          Operator chain:
            PhysicalOperator(NES::SinkPhysicalOperator)

[m
[36m[04:35:39.200078] [D] [Not A Worker] [unnamed] [] [SinkProvider.cpp:30] [lower] The sinkDescriptor is: SinkDescriptor: (name: variant("NAME_SINK"), type: Void, Config: )[m
[36m[04:35:39.200606] [D] [SingleNodeWorker] [WorkerThread-0] [Task:135383521-183] [VoidSink.cpp:37] [start] Setting up void sink: VoidSink[m
[36m[04:35:39.281305] [D] [SingleNodeWorker] [WorkerThread-31] [] [SourceThread.cpp:186] [start] Starting source with originId: 2[m
[36m[04:35:39.282893] [D] [SingleNodeWorker] [WorkerThread-11] [Task:135383521-182] [BufferManager.cpp:65] [~BufferManager] Calling BufferManager::destroy()[m
[36m[04:35:39.282989] [D] [SingleNodeWorker] [WorkerThread-11] [Task:135383521-182] [BufferManager.cpp:93] [~BufferManager] Shutting down Buffer Manager completed[m
[36m[04:35:40.080672] [D] [SingleNodeWorker] [WorkerThread-47] [Task:135383521] [SourceThread.cpp:232] [tryStop] SourceThread 2: attempting to stop source[m
[36m[04:35:40.080724] [D] [SingleNodeWorker] [WorkerThread-47] [Task:135383521] [SourceThread.cpp:250] [tryStop] SourceThread 2: stopped[m
[32m[04:35:40.106210] [I] [SingleNodeWorker] [WorkerThread-27] [Task:135383521-183] [VoidSink.cpp:42] [stop] Void Sink completed.[m
[36m[04:35:40.106318] [D] [SingleNodeWorker] [WorkerThread-27] [] [SourceThread.cpp:228] [tryStop] SourceThread 2: thread is not running[m
[32m[04:35:40.106609] [I] [SingleNodeWorker] [WorkerThread-44] [] [SequenceShredder.cpp:55] [~SequenceShredder] Successfully validated SequenceShredder[m
[36m[04:35:43.998302] [D] [Not A Worker] [unnamed] [queryId:1419059348] [BufferManager.cpp:110] [initialize] NES memory allocation requires 1 out of 540577120256 (so 1.8498748143954595e-10%) available bytes[m
[36m[04:35:43.998346] [D] [Not A Worker] [unnamed] [queryId:1419059348] [BufferManager.cpp:160] [initialize] BufferManager configuration bufferSize=1 numOfBuffers=1[m
[36m[04:35:43.998508] [D] [Not A Worker] [unnamed] [queryId:1419059348] [PipeliningPhase.cpp:404] [apply] Constructed pipeline plan with 1 root pipelines.
PipelinedQueryPlan for Query: 1419059348
Number of root pipelines: 1
------------------
Root Pipeline 0:
  Pipeline(ID(184), Provider(COMPILER))
  Operator chain:
    PhysicalOperator(NES::SourcePhysicalOperator)
  Successor Pipeline:
    Pipeline(ID(185), Provider(None))
      Operator chain:
        PhysicalOperator(NES::ScanPhysicalOperator)
          PhysicalOperator(NES::SelectionPhysicalOperator)
            PhysicalOperator(NES::MapPhysicalOperator)
              PhysicalOperator(NES::EmitPhysicalOperator)
      Successor Pipeline:
        Pipeline(ID(186), Provider(None))
          Operator chain:
            PhysicalOperator(NES::SinkPhysicalOperator)

[m
[36m[04:35:44.001355] [D] [Not A Worker] [unnamed] [] [SinkProvider.cpp:30] [lower] The sinkDescriptor is: SinkDescriptor: (name: variant("NAME_SINK"), type: Void, Config: )[m
[36m[04:35:44.001740] [D] [SingleNodeWorker] [WorkerThread-58] [Task:1419059348-186] [VoidSink.cpp:37] [start] Setting up void sink: VoidSink[m
[36m[04:35:44.079272] [D] [SingleNodeWorker] [WorkerThread-5] [] [SourceThread.cpp:186] [start] Starting source with originId: 2[m
[36m[04:35:44.080913] [D] [SingleNodeWorker] [WorkerThread-9] [Task:1419059348-185] [BufferManager.cpp:65] [~BufferManager] Calling BufferManager::destroy()[m
[36m[04:35:44.080989] [D] [SingleNodeWorker] [WorkerThread-9] [Task:1419059348-185] [BufferManager.cpp:93] [~BufferManager] Shutting down Buffer Manager completed[m
[36m[04:35:44.800512] [D] [SingleNodeWorker] [WorkerThread-55] [Task:1419059348] [SourceThread.cpp:232] [tryStop] SourceThread 2: attempting to stop source[m
[36m[04:35:44.800577] [D] [SingleNodeWorker] [WorkerThread-55] [Task:1419059348] [SourceThread.cpp:250] [tryStop] SourceThread 2: stopped[m
[32m[04:35:44.826376] [I] [SingleNodeWorker] [WorkerThread-22] [Task:1419059348-186] [VoidSink.cpp:42] [stop] Void Sink completed.[m
[32m[04:35:44.826488] [I] [SingleNodeWorker] [WorkerThread-40] [] [SequenceShredder.cpp:55] [~SequenceShredder] Successfully validated SequenceShredder[m
[36m[04:35:44.826523] [D] [SingleNodeWorker] [WorkerThread-22] [] [SourceThread.cpp:228] [tryStop] SourceThread 2: thread is not running[m
[36m[04:35:48.901405] [D] [Not A Worker] [unnamed] [queryId:914888674] [BufferManager.cpp:110] [initialize] NES memory allocation requires 1 out of 540577120256 (so 1.8498748143954595e-10%) available bytes[m
[36m[04:35:48.901450] [D] [Not A Worker] [unnamed] [queryId:914888674] [BufferManager.cpp:160] [initialize] BufferManager configuration bufferSize=1 numOfBuffers=1[m
[36m[04:35:48.901626] [D] [Not A Worker] [unnamed] [queryId:914888674] [PipeliningPhase.cpp:404] [apply] Constructed pipeline plan with 1 root pipelines.
PipelinedQueryPlan for Query: 914888674
Number of root pipelines: 1
------------------
Root Pipeline 0:
  Pipeline(ID(187), Provider(COMPILER))
  Operator chain:
    PhysicalOperator(NES::SourcePhysicalOperator)
  Successor Pipeline:
    Pipeline(ID(188), Provider(None))
      Operator chain:
        PhysicalOperator(NES::ScanPhysicalOperator)
          PhysicalOperator(NES::SelectionPhysicalOperator)
            PhysicalOperator(NES::MapPhysicalOperator)
              PhysicalOperator(NES::EmitPhysicalOperator)
      Successor Pipeline:
        Pipeline(ID(189), Provider(None))
          Operator chain:
            PhysicalOperator(NES::SinkPhysicalOperator)

[m
[36m[04:35:48.905043] [D] [Not A Worker] [unnamed] [] [SinkProvider.cpp:30] [lower] The sinkDescriptor is: SinkDescriptor: (name: variant("NAME_SINK"), type: Void, Config: )[m
[36m[04:35:48.905470] [D] [SingleNodeWorker] [WorkerThread-28] [Task:914888674-189] [VoidSink.cpp:37] [start] Setting up void sink: VoidSink[m
[36m[04:35:48.983477] [D] [SingleNodeWorker] [WorkerThread-0] [] [SourceThread.cpp:186] [start] Starting source with originId: 2[m
[36m[04:35:48.984554] [D] [SingleNodeWorker] [WorkerThread-0] [Task:914888674-188] [BufferManager.cpp:65] [~BufferManager] Calling BufferManager::destroy()[m
[36m[04:35:48.984582] [D] [SingleNodeWorker] [WorkerThread-0] [Task:914888674-188] [BufferManager.cpp:93] [~BufferManager] Shutting down Buffer Manager completed[m
[36m[04:35:49.537207] [D] [SingleNodeWorker] [WorkerThread-49] [Task:914888674-188] [InputFormatter.hpp:349] [indexTrailingSpanningTupleProxy] last offset: 262143, first offset: 214[m
[36m[04:35:49.798486] [D] [SingleNodeWorker] [WorkerThread-2] [Task:914888674] [SourceThread.cpp:232] [tryStop] SourceThread 2: attempting to stop source[m
[36m[04:35:49.798532] [D] [SingleNodeWorker] [WorkerThread-2] [Task:914888674] [SourceThread.cpp:250] [tryStop] SourceThread 2: stopped[m
[32m[04:35:49.824437] [I] [SingleNodeWorker] [WorkerThread-40] [Task:914888674-189] [VoidSink.cpp:42] [stop] Void Sink completed.[m
[36m[04:35:49.824581] [D] [SingleNodeWorker] [WorkerThread-40] [] [SourceThread.cpp:228] [tryStop] SourceThread 2: thread is not running[m
[32m[04:35:49.824622] [I] [SingleNodeWorker] [WorkerThread-8] [] [SequenceShredder.cpp:55] [~SequenceShredder] Successfully validated SequenceShredder[m
[36m[04:35:53.706538] [D] [Not A Worker] [unnamed] [queryId:913274920] [BufferManager.cpp:110] [initialize] NES memory allocation requires 1 out of 540577120256 (so 1.8498748143954595e-10%) available bytes[m
[36m[04:35:53.706599] [D] [Not A Worker] [unnamed] [queryId:913274920] [BufferManager.cpp:160] [initialize] BufferManager configuration bufferSize=1 numOfBuffers=1[m
[36m[04:35:53.706805] [D] [Not A Worker] [unnamed] [queryId:913274920] [PipeliningPhase.cpp:404] [apply] Constructed pipeline plan with 1 root pipelines.
PipelinedQueryPlan for Query: 913274920
Number of root pipelines: 1
------------------
Root Pipeline 0:
  Pipeline(ID(190), Provider(COMPILER))
  Operator chain:
    PhysicalOperator(NES::SourcePhysicalOperator)
  Successor Pipeline:
    Pipeline(ID(191), Provider(None))
      Operator chain:
        PhysicalOperator(NES::ScanPhysicalOperator)
          PhysicalOperator(NES::SelectionPhysicalOperator)
            PhysicalOperator(NES::MapPhysicalOperator)
              PhysicalOperator(NES::EmitPhysicalOperator)
      Successor Pipeline:
        Pipeline(ID(192), Provider(None))
          Operator chain:
            PhysicalOperator(NES::SinkPhysicalOperator)

[m
[36m[04:35:53.710382] [D] [Not A Worker] [unnamed] [] [SinkProvider.cpp:30] [lower] The sinkDescriptor is: SinkDescriptor: (name: variant("NAME_SINK"), type: Void, Config: )[m
[36m[04:35:53.711188] [D] [SingleNodeWorker] [WorkerThread-36] [Task:913274920-192] [VoidSink.cpp:37] [start] Setting up void sink: VoidSink[m
[36m[04:35:53.786821] [D] [SingleNodeWorker] [WorkerThread-39] [] [SourceThread.cpp:186] [start] Starting source with originId: 2[m
[36m[04:35:53.788754] [D] [SingleNodeWorker] [WorkerThread-23] [Task:913274920-191] [BufferManager.cpp:65] [~BufferManager] Calling BufferManager::destroy()[m
[36m[04:35:53.788842] [D] [SingleNodeWorker] [WorkerThread-23] [Task:913274920-191] [BufferManager.cpp:93] [~BufferManager] Shutting down Buffer Manager completed[m
[36m[04:35:54.561307] [D] [SingleNodeWorker] [WorkerThread-20] [Task:913274920] [SourceThread.cpp:232] [tryStop] SourceThread 2: attempting to stop source[m
[36m[04:35:54.561360] [D] [SingleNodeWorker] [WorkerThread-20] [Task:913274920] [SourceThread.cpp:250] [tryStop] SourceThread 2: stopped[m
[32m[04:35:54.587004] [I] [SingleNodeWorker] [WorkerThread-16] [] [SequenceShredder.cpp:55] [~SequenceShredder] Successfully validated SequenceShredder[m
[32m[04:35:54.587013] [I] [SingleNodeWorker] [WorkerThread-10] [Task:913274920-192] [VoidSink.cpp:42] [stop] Void Sink completed.[m
[36m[04:35:54.587185] [D] [SingleNodeWorker] [WorkerThread-10] [] [SourceThread.cpp:228] [tryStop] SourceThread 2: thread is not running[m
[36m[04:35:58.705815] [D] [Not A Worker] [unnamed] [queryId:269637373] [BufferManager.cpp:110] [initialize] NES memory allocation requires 1 out of 540577120256 (so 1.8498748143954595e-10%) available bytes[m
[36m[04:35:58.705867] [D] [Not A Worker] [unnamed] [queryId:269637373] [BufferManager.cpp:160] [initialize] BufferManager configuration bufferSize=1 numOfBuffers=1[m
[36m[04:35:58.706032] [D] [Not A Worker] [unnamed] [queryId:269637373] [PipeliningPhase.cpp:404] [apply] Constructed pipeline plan with 1 root pipelines.
PipelinedQueryPlan for Query: 269637373
Number of root pipelines: 1
------------------
Root Pipeline 0:
  Pipeline(ID(193), Provider(COMPILER))
  Operator chain:
    PhysicalOperator(NES::SourcePhysicalOperator)
  Successor Pipeline:
    Pipeline(ID(194), Provider(None))
      Operator chain:
        PhysicalOperator(NES::ScanPhysicalOperator)
          PhysicalOperator(NES::SelectionPhysicalOperator)
            PhysicalOperator(NES::MapPhysicalOperator)
              PhysicalOperator(NES::EmitPhysicalOperator)
      Successor Pipeline:
        Pipeline(ID(195), Provider(None))
          Operator chain:
            PhysicalOperator(NES::SinkPhysicalOperator)

[m
[36m[04:35:58.709591] [D] [Not A Worker] [unnamed] [] [SinkProvider.cpp:30] [lower] The sinkDescriptor is: SinkDescriptor: (name: variant("NAME_SINK"), type: Void, Config: )[m
[36m[04:35:58.710004] [D] [SingleNodeWorker] [WorkerThread-26] [Task:269637373-195] [VoidSink.cpp:37] [start] Setting up void sink: VoidSink[m
[36m[04:35:58.786914] [D] [SingleNodeWorker] [WorkerThread-26] [] [SourceThread.cpp:186] [start] Starting source with originId: 2[m
[36m[04:35:58.788751] [D] [SingleNodeWorker] [WorkerThread-41] [Task:269637373-194] [BufferManager.cpp:65] [~BufferManager] Calling BufferManager::destroy()[m
[36m[04:35:58.788828] [D] [SingleNodeWorker] [WorkerThread-41] [Task:269637373-194] [BufferManager.cpp:93] [~BufferManager] Shutting down Buffer Manager completed[m
[36m[04:35:59.543057] [D] [SingleNodeWorker] [WorkerThread-46] [Task:269637373] [SourceThread.cpp:232] [tryStop] SourceThread 2: attempting to stop source[m
[36m[04:35:59.543124] [D] [SingleNodeWorker] [WorkerThread-46] [Task:269637373] [SourceThread.cpp:250] [tryStop] SourceThread 2: stopped[m
[32m[04:35:59.568581] [I] [SingleNodeWorker] [WorkerThread-61] [] [SequenceShredder.cpp:55] [~SequenceShredder] Successfully validated SequenceShredder[m
[32m[04:35:59.568598] [I] [SingleNodeWorker] [WorkerThread-58] [Task:269637373-195] [VoidSink.cpp:42] [stop] Void Sink completed.[m
[36m[04:35:59.568744] [D] [SingleNodeWorker] [WorkerThread-58] [] [SourceThread.cpp:228] [tryStop] SourceThread 2: thread is not running[m
[36m[04:36:03.496483] [D] [Not A Worker] [unnamed] [queryId:1021670178] [BufferManager.cpp:110] [initialize] NES memory allocation requires 1 out of 540577120256 (so 1.8498748143954595e-10%) available bytes[m
[36m[04:36:03.496529] [D] [Not A Worker] [unnamed] [queryId:1021670178] [BufferManager.cpp:160] [initialize] BufferManager configuration bufferSize=1 numOfBuffers=1[m
[36m[04:36:03.496689] [D] [Not A Worker] [unnamed] [queryId:1021670178] [PipeliningPhase.cpp:404] [apply] Constructed pipeline plan with 1 root pipelines.
PipelinedQueryPlan for Query: 1021670178
Number of root pipelines: 1
------------------
Root Pipeline 0:
  Pipeline(ID(196), Provider(COMPILER))
  Operator chain:
    PhysicalOperator(NES::SourcePhysicalOperator)
  Successor Pipeline:
    Pipeline(ID(197), Provider(None))
      Operator chain:
        PhysicalOperator(NES::ScanPhysicalOperator)
          PhysicalOperator(NES::SelectionPhysicalOperator)
            PhysicalOperator(NES::MapPhysicalOperator)
              PhysicalOperator(NES::EmitPhysicalOperator)
      Successor Pipeline:
        Pipeline(ID(198), Provider(None))
          Operator chain:
            PhysicalOperator(NES::SinkPhysicalOperator)

[m
[36m[04:36:03.500394] [D] [Not A Worker] [unnamed] [] [SinkProvider.cpp:30] [lower] The sinkDescriptor is: SinkDescriptor: (name: variant("NAME_SINK"), type: Void, Config: )[m
[36m[04:36:03.500936] [D] [SingleNodeWorker] [WorkerThread-55] [Task:1021670178-198] [VoidSink.cpp:37] [start] Setting up void sink: VoidSink[m
[36m[04:36:03.576781] [D] [SingleNodeWorker] [WorkerThread-0] [] [SourceThread.cpp:186] [start] Starting source with originId: 2[m
[36m[04:36:03.578321] [D] [SingleNodeWorker] [WorkerThread-0] [Task:1021670178-197] [BufferManager.cpp:65] [~BufferManager] Calling BufferManager::destroy()[m
[36m[04:36:03.578349] [D] [SingleNodeWorker] [WorkerThread-0] [Task:1021670178-197] [BufferManager.cpp:93] [~BufferManager] Shutting down Buffer Manager completed[m
[36m[04:36:04.380484] [D] [SingleNodeWorker] [WorkerThread-44] [Task:1021670178] [SourceThread.cpp:232] [tryStop] SourceThread 2: attempting to stop source[m
[36m[04:36:04.380548] [D] [SingleNodeWorker] [WorkerThread-44] [Task:1021670178] [SourceThread.cpp:250] [tryStop] SourceThread 2: stopped[m
[32m[04:36:04.406095] [I] [SingleNodeWorker] [WorkerThread-8] [Task:1021670178-198] [VoidSink.cpp:42] [stop] Void Sink completed.[m
[36m[04:36:04.406225] [D] [SingleNodeWorker] [WorkerThread-8] [] [SourceThread.cpp:228] [tryStop] SourceThread 2: thread is not running[m
[32m[04:36:04.406425] [I] [SingleNodeWorker] [WorkerThread-12] [] [SequenceShredder.cpp:55] [~SequenceShredder] Successfully validated SequenceShredder[m
[36m[04:36:08.363067] [D] [Not A Worker] [unnamed] [queryId:1794470732] [BufferManager.cpp:110] [initialize] NES memory allocation requires 1 out of 540577120256 (so 1.8498748143954595e-10%) available bytes[m
[36m[04:36:08.363137] [D] [Not A Worker] [unnamed] [queryId:1794470732] [BufferManager.cpp:160] [initialize] BufferManager configuration bufferSize=1 numOfBuffers=1[m
[36m[04:36:08.363327] [D] [Not A Worker] [unnamed] [queryId:1794470732] [PipeliningPhase.cpp:404] [apply] Constructed pipeline plan with 1 root pipelines.
PipelinedQueryPlan for Query: 1794470732
Number of root pipelines: 1
------------------
Root Pipeline 0:
  Pipeline(ID(199), Provider(COMPILER))
  Operator chain:
    PhysicalOperator(NES::SourcePhysicalOperator)
  Successor Pipeline:
    Pipeline(ID(200), Provider(None))
      Operator chain:
        PhysicalOperator(NES::ScanPhysicalOperator)
          PhysicalOperator(NES::SelectionPhysicalOperator)
            PhysicalOperator(NES::MapPhysicalOperator)
              PhysicalOperator(NES::EmitPhysicalOperator)
      Successor Pipeline:
        Pipeline(ID(201), Provider(None))
          Operator chain:
            PhysicalOperator(NES::SinkPhysicalOperator)

[m
[36m[04:36:08.367293] [D] [Not A Worker] [unnamed] [] [SinkProvider.cpp:30] [lower] The sinkDescriptor is: SinkDescriptor: (name: variant("NAME_SINK"), type: Void, Config: )[m
[36m[04:36:08.367913] [D] [SingleNodeWorker] [WorkerThread-59] [Task:1794470732-201] [VoidSink.cpp:37] [start] Setting up void sink: VoidSink[m
[36m[04:36:08.444303] [D] [SingleNodeWorker] [WorkerThread-57] [] [SourceThread.cpp:186] [start] Starting source with originId: 2[m
[36m[04:36:08.446051] [D] [SingleNodeWorker] [WorkerThread-56] [Task:1794470732-200] [BufferManager.cpp:65] [~BufferManager] Calling BufferManager::destroy()[m
[36m[04:36:08.446127] [D] [SingleNodeWorker] [WorkerThread-56] [Task:1794470732-200] [BufferManager.cpp:93] [~BufferManager] Shutting down Buffer Manager completed[m
[36m[04:36:09.160958] [D] [SingleNodeWorker] [WorkerThread-51] [Task:1794470732] [SourceThread.cpp:232] [tryStop] SourceThread 2: attempting to stop source[m
[36m[04:36:09.161013] [D] [SingleNodeWorker] [WorkerThread-51] [Task:1794470732] [SourceThread.cpp:250] [tryStop] SourceThread 2: stopped[m
[32m[04:36:09.186610] [I] [SingleNodeWorker] [WorkerThread-46] [Task:1794470732-201] [VoidSink.cpp:42] [stop] Void Sink completed.[m
[36m[04:36:09.186707] [D] [SingleNodeWorker] [WorkerThread-46] [] [SourceThread.cpp:228] [tryStop] SourceThread 2: thread is not running[m
[32m[04:36:09.186920] [I] [SingleNodeWorker] [WorkerThread-22] [] [SequenceShredder.cpp:55] [~SequenceShredder] Successfully validated SequenceShredder[m
[36m[04:36:13.172431] [D] [Not A Worker] [unnamed] [queryId:1088611245] [BufferManager.cpp:110] [initialize] NES memory allocation requires 1 out of 540577120256 (so 1.8498748143954595e-10%) available bytes[m
[36m[04:36:13.172481] [D] [Not A Worker] [unnamed] [queryId:1088611245] [BufferManager.cpp:160] [initialize] BufferManager configuration bufferSize=1 numOfBuffers=1[m
[36m[04:36:13.172645] [D] [Not A Worker] [unnamed] [queryId:1088611245] [PipeliningPhase.cpp:404] [apply] Constructed pipeline plan with 1 root pipelines.
PipelinedQueryPlan for Query: 1088611245
Number of root pipelines: 1
------------------
Root Pipeline 0:
  Pipeline(ID(202), Provider(COMPILER))
  Operator chain:
    PhysicalOperator(NES::SourcePhysicalOperator)
  Successor Pipeline:
    Pipeline(ID(203), Provider(None))
      Operator chain:
        PhysicalOperator(NES::ScanPhysicalOperator)
          PhysicalOperator(NES::SelectionPhysicalOperator)
            PhysicalOperator(NES::MapPhysicalOperator)
              PhysicalOperator(NES::EmitPhysicalOperator)
      Successor Pipeline:
        Pipeline(ID(204), Provider(None))
          Operator chain:
            PhysicalOperator(NES::SinkPhysicalOperator)

[m
[36m[04:36:13.176397] [D] [Not A Worker] [unnamed] [] [SinkProvider.cpp:30] [lower] The sinkDescriptor is: SinkDescriptor: (name: variant("NAME_SINK"), type: Void, Config: )[m
[36m[04:36:13.176782] [D] [SingleNodeWorker] [WorkerThread-41] [Task:1088611245-204] [VoidSink.cpp:37] [start] Setting up void sink: VoidSink[m
[36m[04:36:13.254146] [D] [SingleNodeWorker] [WorkerThread-22] [] [SourceThread.cpp:186] [start] Starting source with originId: 2[m
[36m[04:36:13.255660] [D] [SingleNodeWorker] [WorkerThread-22] [Task:1088611245-203] [BufferManager.cpp:65] [~BufferManager] Calling BufferManager::destroy()[m
[36m[04:36:13.255687] [D] [SingleNodeWorker] [WorkerThread-22] [Task:1088611245-203] [BufferManager.cpp:93] [~BufferManager] Shutting down Buffer Manager completed[m
[36m[04:36:14.092970] [D] [SingleNodeWorker] [WorkerThread-16] [Task:1088611245] [SourceThread.cpp:232] [tryStop] SourceThread 2: attempting to stop source[m
[36m[04:36:14.093039] [D] [SingleNodeWorker] [WorkerThread-16] [Task:1088611245] [SourceThread.cpp:250] [tryStop] SourceThread 2: stopped[m
[32m[04:36:14.118702] [I] [SingleNodeWorker] [WorkerThread-43] [Task:1088611245-204] [VoidSink.cpp:42] [stop] Void Sink completed.[m
[36m[04:36:14.118857] [D] [SingleNodeWorker] [WorkerThread-43] [] [SourceThread.cpp:228] [tryStop] SourceThread 2: thread is not running[m
[32m[04:36:14.118871] [I] [SingleNodeWorker] [WorkerThread-14] [] [SequenceShredder.cpp:55] [~SequenceShredder] Successfully validated SequenceShredder[m
[36m[04:36:18.066850] [D] [Not A Worker] [unnamed] [queryId:1870641213] [BufferManager.cpp:110] [initialize] NES memory allocation requires 1 out of 540577120256 (so 1.8498748143954595e-10%) available bytes[m
[36m[04:36:18.066907] [D] [Not A Worker] [unnamed] [queryId:1870641213] [BufferManager.cpp:160] [initialize] BufferManager configuration bufferSize=1 numOfBuffers=1[m
[36m[04:36:18.067099] [D] [Not A Worker] [unnamed] [queryId:1870641213] [PipeliningPhase.cpp:404] [apply] Constructed pipeline plan with 1 root pipelines.
PipelinedQueryPlan for Query: 1870641213
Number of root pipelines: 1
------------------
Root Pipeline 0:
  Pipeline(ID(205), Provider(COMPILER))
  Operator chain:
    PhysicalOperator(NES::SourcePhysicalOperator)
  Successor Pipeline:
    Pipeline(ID(206), Provider(None))
      Operator chain:
        PhysicalOperator(NES::ScanPhysicalOperator)
          PhysicalOperator(NES::SelectionPhysicalOperator)
            PhysicalOperator(NES::MapPhysicalOperator)
              PhysicalOperator(NES::EmitPhysicalOperator)
      Successor Pipeline:
        Pipeline(ID(207), Provider(None))
          Operator chain:
            PhysicalOperator(NES::SinkPhysicalOperator)

[m
[36m[04:36:18.070711] [D] [Not A Worker] [unnamed] [] [SinkProvider.cpp:30] [lower] The sinkDescriptor is: SinkDescriptor: (name: variant("NAME_SINK"), type: Void, Config: )[m
[36m[04:36:18.071151] [D] [SingleNodeWorker] [WorkerThread-8] [Task:1870641213-207] [VoidSink.cpp:37] [start] Setting up void sink: VoidSink[m
[36m[04:36:18.145944] [D] [SingleNodeWorker] [WorkerThread-0] [] [SourceThread.cpp:186] [start] Starting source with originId: 2[m
[36m[04:36:18.147484] [D] [SingleNodeWorker] [WorkerThread-0] [Task:1870641213-206] [BufferManager.cpp:65] [~BufferManager] Calling BufferManager::destroy()[m
[36m[04:36:18.147514] [D] [SingleNodeWorker] [WorkerThread-0] [Task:1870641213-206] [BufferManager.cpp:93] [~BufferManager] Shutting down Buffer Manager completed[m
[36m[04:36:18.909427] [D] [SingleNodeWorker] [WorkerThread-54] [Task:1870641213] [SourceThread.cpp:232] [tryStop] SourceThread 2: attempting to stop source[m
[36m[04:36:18.909480] [D] [SingleNodeWorker] [WorkerThread-54] [Task:1870641213] [SourceThread.cpp:250] [tryStop] SourceThread 2: stopped[m
[32m[04:36:18.934970] [I] [SingleNodeWorker] [WorkerThread-26] [Task:1870641213-207] [VoidSink.cpp:42] [stop] Void Sink completed.[m
[36m[04:36:18.935088] [D] [SingleNodeWorker] [WorkerThread-26] [] [SourceThread.cpp:228] [tryStop] SourceThread 2: thread is not running[m
[32m[04:36:18.935300] [I] [SingleNodeWorker] [WorkerThread-48] [] [SequenceShredder.cpp:55] [~SequenceShredder] Successfully validated SequenceShredder[m
[36m[04:36:22.947793] [D] [Not A Worker] [unnamed] [queryId:228428300] [BufferManager.cpp:110] [initialize] NES memory allocation requires 1 out of 540577120256 (so 1.8498748143954595e-10%) available bytes[m
[36m[04:36:22.947847] [D] [Not A Worker] [unnamed] [queryId:228428300] [BufferManager.cpp:160] [initialize] BufferManager configuration bufferSize=1 numOfBuffers=1[m
[36m[04:36:22.948023] [D] [Not A Worker] [unnamed] [queryId:228428300] [PipeliningPhase.cpp:404] [apply] Constructed pipeline plan with 1 root pipelines.
PipelinedQueryPlan for Query: 228428300
Number of root pipelines: 1
------------------
Root Pipeline 0:
  Pipeline(ID(208), Provider(COMPILER))
  Operator chain:
    PhysicalOperator(NES::SourcePhysicalOperator)
  Successor Pipeline:
    Pipeline(ID(209), Provider(None))
      Operator chain:
        PhysicalOperator(NES::ScanPhysicalOperator)
          PhysicalOperator(NES::SelectionPhysicalOperator)
            PhysicalOperator(NES::MapPhysicalOperator)
              PhysicalOperator(NES::EmitPhysicalOperator)
      Successor Pipeline:
        Pipeline(ID(210), Provider(None))
          Operator chain:
            PhysicalOperator(NES::SinkPhysicalOperator)

[m
[36m[04:36:22.951134] [D] [Not A Worker] [unnamed] [] [SinkProvider.cpp:30] [lower] The sinkDescriptor is: SinkDescriptor: (name: variant("NAME_SINK"), type: Void, Config: )[m
[36m[04:36:22.951566] [D] [SingleNodeWorker] [WorkerThread-44] [Task:228428300-210] [VoidSink.cpp:37] [start] Setting up void sink: VoidSink[m
[36m[04:36:23.027941] [D] [SingleNodeWorker] [WorkerThread-4] [] [SourceThread.cpp:186] [start] Starting source with originId: 2[m
[36m[04:36:23.029050] [D] [SingleNodeWorker] [WorkerThread-4] [Task:228428300-209] [BufferManager.cpp:65] [~BufferManager] Calling BufferManager::destroy()[m
[36m[04:36:23.029076] [D] [SingleNodeWorker] [WorkerThread-4] [Task:228428300-209] [BufferManager.cpp:93] [~BufferManager] Shutting down Buffer Manager completed[m
[36m[04:36:23.865433] [D] [SingleNodeWorker] [WorkerThread-4] [Task:228428300] [SourceThread.cpp:232] [tryStop] SourceThread 2: attempting to stop source[m
[36m[04:36:23.865485] [D] [SingleNodeWorker] [WorkerThread-4] [Task:228428300] [SourceThread.cpp:250] [tryStop] SourceThread 2: stopped[m
[32m[04:36:23.891229] [I] [SingleNodeWorker] [WorkerThread-54] [Task:228428300-210] [VoidSink.cpp:42] [stop] Void Sink completed.[m
[36m[04:36:23.891371] [D] [SingleNodeWorker] [WorkerThread-54] [] [SourceThread.cpp:228] [tryStop] SourceThread 2: thread is not running[m
[32m[04:36:23.891498] [I] [SingleNodeWorker] [WorkerThread-51] [] [SequenceShredder.cpp:55] [~SequenceShredder] Successfully validated SequenceShredder[m
[36m[04:36:27.796646] [D] [Not A Worker] [unnamed] [queryId:607883176] [BufferManager.cpp:110] [initialize] NES memory allocation requires 1 out of 540577120256 (so 1.8498748143954595e-10%) available bytes[m
[36m[04:36:27.796700] [D] [Not A Worker] [unnamed] [queryId:607883176] [BufferManager.cpp:160] [initialize] BufferManager configuration bufferSize=1 numOfBuffers=1[m
[36m[04:36:27.796885] [D] [Not A Worker] [unnamed] [queryId:607883176] [PipeliningPhase.cpp:404] [apply] Constructed pipeline plan with 1 root pipelines.
PipelinedQueryPlan for Query: 607883176
Number of root pipelines: 1
------------------
Root Pipeline 0:
  Pipeline(ID(211), Provider(COMPILER))
  Operator chain:
    PhysicalOperator(NES::SourcePhysicalOperator)
  Successor Pipeline:
    Pipeline(ID(212), Provider(None))
      Operator chain:
        PhysicalOperator(NES::ScanPhysicalOperator)
          PhysicalOperator(NES::SelectionPhysicalOperator)
            PhysicalOperator(NES::MapPhysicalOperator)
              PhysicalOperator(NES::EmitPhysicalOperator)
      Successor Pipeline:
        Pipeline(ID(213), Provider(None))
          Operator chain:
            PhysicalOperator(NES::SinkPhysicalOperator)

[m
[36m[04:36:27.800599] [D] [Not A Worker] [unnamed] [] [SinkProvider.cpp:30] [lower] The sinkDescriptor is: SinkDescriptor: (name: variant("EXTRA_SINK"), type: Void, Config: )[m
[36m[04:36:27.801191] [D] [SingleNodeWorker] [WorkerThread-33] [Task:607883176-213] [VoidSink.cpp:37] [start] Setting up void sink: VoidSink[m
[36m[04:36:27.877693] [D] [SingleNodeWorker] [WorkerThread-33] [] [SourceThread.cpp:186] [start] Starting source with originId: 2[m
[36m[04:36:27.879728] [D] [SingleNodeWorker] [WorkerThread-49] [Task:607883176-212] [BufferManager.cpp:65] [~BufferManager] Calling BufferManager::destroy()[m
[36m[04:36:27.879817] [D] [SingleNodeWorker] [WorkerThread-49] [Task:607883176-212] [BufferManager.cpp:93] [~BufferManager] Shutting down Buffer Manager completed[m
[36m[04:36:28.699454] [D] [SingleNodeWorker] [WorkerThread-2] [Task:607883176] [SourceThread.cpp:232] [tryStop] SourceThread 2: attempting to stop source[m
[36m[04:36:28.699511] [D] [SingleNodeWorker] [WorkerThread-2] [Task:607883176] [SourceThread.cpp:250] [tryStop] SourceThread 2: stopped[m
[32m[04:36:28.725071] [I] [SingleNodeWorker] [WorkerThread-50] [] [SequenceShredder.cpp:55] [~SequenceShredder] Successfully validated SequenceShredder[m
[32m[04:36:28.725086] [I] [SingleNodeWorker] [WorkerThread-62] [Task:607883176-213] [VoidSink.cpp:42] [stop] Void Sink completed.[m
[36m[04:36:28.725244] [D] [SingleNodeWorker] [WorkerThread-62] [] [SourceThread.cpp:228] [tryStop] SourceThread 2: thread is not running[m
[36m[04:36:32.650652] [D] [Not A Worker] [unnamed] [queryId:65447073] [BufferManager.cpp:110] [initialize] NES memory allocation requires 1 out of 540577120256 (so 1.8498748143954595e-10%) available bytes[m
[36m[04:36:32.650714] [D] [Not A Worker] [unnamed] [queryId:65447073] [BufferManager.cpp:160] [initialize] BufferManager configuration bufferSize=1 numOfBuffers=1[m
[36m[04:36:32.650909] [D] [Not A Worker] [unnamed] [queryId:65447073] [PipeliningPhase.cpp:404] [apply] Constructed pipeline plan with 1 root pipelines.
PipelinedQueryPlan for Query: 65447073
Number of root pipelines: 1
------------------
Root Pipeline 0:
  Pipeline(ID(214), Provider(COMPILER))
  Operator chain:
    PhysicalOperator(NES::SourcePhysicalOperator)
  Successor Pipeline:
    Pipeline(ID(215), Provider(None))
      Operator chain:
        PhysicalOperator(NES::ScanPhysicalOperator)
          PhysicalOperator(NES::SelectionPhysicalOperator)
            PhysicalOperator(NES::MapPhysicalOperator)
              PhysicalOperator(NES::EmitPhysicalOperator)
      Successor Pipeline:
        Pipeline(ID(216), Provider(None))
          Operator chain:
            PhysicalOperator(NES::SinkPhysicalOperator)

[m
[36m[04:36:32.655014] [D] [Not A Worker] [unnamed] [] [SinkProvider.cpp:30] [lower] The sinkDescriptor is: SinkDescriptor: (name: variant("EXTRA_SINK"), type: Void, Config: )[m
[36m[04:36:32.655394] [D] [SingleNodeWorker] [WorkerThread-47] [Task:65447073-216] [VoidSink.cpp:37] [start] Setting up void sink: VoidSink[m
[36m[04:36:32.732671] [D] [SingleNodeWorker] [WorkerThread-0] [] [SourceThread.cpp:186] [start] Starting source with originId: 2[m
[36m[04:36:32.734363] [D] [SingleNodeWorker] [WorkerThread-0] [Task:65447073-215] [BufferManager.cpp:65] [~BufferManager] Calling BufferManager::destroy()[m
[36m[04:36:32.734388] [D] [SingleNodeWorker] [WorkerThread-0] [Task:65447073-215] [BufferManager.cpp:93] [~BufferManager] Shutting down Buffer Manager completed[m
[36m[04:36:33.527861] [D] [SingleNodeWorker] [WorkerThread-7] [Task:65447073] [SourceThread.cpp:232] [tryStop] SourceThread 2: attempting to stop source[m
[36m[04:36:33.527906] [D] [SingleNodeWorker] [WorkerThread-7] [Task:65447073] [SourceThread.cpp:250] [tryStop] SourceThread 2: stopped[m
[32m[04:36:33.553485] [I] [SingleNodeWorker] [WorkerThread-38] [Task:65447073-216] [VoidSink.cpp:42] [stop] Void Sink completed.[m
[36m[04:36:33.553611] [D] [SingleNodeWorker] [WorkerThread-38] [] [SourceThread.cpp:228] [tryStop] SourceThread 2: thread is not running[m
[32m[04:36:33.553711] [I] [SingleNodeWorker] [WorkerThread-56] [] [SequenceShredder.cpp:55] [~SequenceShredder] Successfully validated SequenceShredder[m
[36m[04:36:37.466522] [D] [Not A Worker] [unnamed] [queryId:502713302] [BufferManager.cpp:110] [initialize] NES memory allocation requires 1 out of 540577120256 (so 1.8498748143954595e-10%) available bytes[m
[36m[04:36:37.466579] [D] [Not A Worker] [unnamed] [queryId:502713302] [BufferManager.cpp:160] [initialize] BufferManager configuration bufferSize=1 numOfBuffers=1[m
[36m[04:36:37.466762] [D] [Not A Worker] [unnamed] [queryId:502713302] [PipeliningPhase.cpp:404] [apply] Constructed pipeline plan with 1 root pipelines.
PipelinedQueryPlan for Query: 502713302
Number of root pipelines: 1
------------------
Root Pipeline 0:
  Pipeline(ID(217), Provider(COMPILER))
  Operator chain:
    PhysicalOperator(NES::SourcePhysicalOperator)
  Successor Pipeline:
    Pipeline(ID(218), Provider(None))
      Operator chain:
        PhysicalOperator(NES::ScanPhysicalOperator)
          PhysicalOperator(NES::SelectionPhysicalOperator)
            PhysicalOperator(NES::MapPhysicalOperator)
              PhysicalOperator(NES::EmitPhysicalOperator)
      Successor Pipeline:
        Pipeline(ID(219), Provider(None))
          Operator chain:
            PhysicalOperator(NES::SinkPhysicalOperator)

[m
[36m[04:36:37.470328] [D] [Not A Worker] [unnamed] [] [SinkProvider.cpp:30] [lower] The sinkDescriptor is: SinkDescriptor: (name: variant("EXTRA_SINK"), type: Void, Config: )[m
[36m[04:36:37.471004] [D] [SingleNodeWorker] [WorkerThread-11] [Task:502713302-219] [VoidSink.cpp:37] [start] Setting up void sink: VoidSink[m
[36m[04:36:37.546811] [D] [SingleNodeWorker] [WorkerThread-25] [] [SourceThread.cpp:186] [start] Starting source with originId: 2[m
[36m[04:36:37.548516] [D] [SingleNodeWorker] [WorkerThread-41] [Task:502713302-218] [BufferManager.cpp:65] [~BufferManager] Calling BufferManager::destroy()[m
[36m[04:36:37.548592] [D] [SingleNodeWorker] [WorkerThread-41] [Task:502713302-218] [BufferManager.cpp:93] [~BufferManager] Shutting down Buffer Manager completed[m
[36m[04:36:37.736270] [D] [SingleNodeWorker] [WorkerThread-61] [Task:502713302-218] [InputFormatter.hpp:349] [indexTrailingSpanningTupleProxy] last offset: 262143, first offset: 206[m
[36m[04:36:37.982566] [D] [SingleNodeWorker] [WorkerThread-11] [Task:502713302-218] [InputFormatter.hpp:349] [indexTrailingSpanningTupleProxy] last offset: 262143, first offset: 327[m
[36m[04:36:38.307446] [D] [SingleNodeWorker] [WorkerThread-27] [Task:502713302] [SourceThread.cpp:232] [tryStop] SourceThread 2: attempting to stop source[m
[36m[04:36:38.307521] [D] [SingleNodeWorker] [WorkerThread-27] [Task:502713302] [SourceThread.cpp:250] [tryStop] SourceThread 2: stopped[m
[32m[04:36:38.333106] [I] [SingleNodeWorker] [WorkerThread-24] [Task:502713302-219] [VoidSink.cpp:42] [stop] Void Sink completed.[m
[36m[04:36:38.333241] [D] [SingleNodeWorker] [WorkerThread-24] [] [SourceThread.cpp:228] [tryStop] SourceThread 2: thread is not running[m
[32m[04:36:38.333299] [I] [SingleNodeWorker] [WorkerThread-23] [] [SequenceShredder.cpp:55] [~SequenceShredder] Successfully validated SequenceShredder[m
[36m[04:36:42.166625] [D] [Not A Worker] [unnamed] [queryId:1151711112] [BufferManager.cpp:110] [initialize] NES memory allocation requires 1 out of 540577120256 (so 1.8498748143954595e-10%) available bytes[m
[36m[04:36:42.166703] [D] [Not A Worker] [unnamed] [queryId:1151711112] [BufferManager.cpp:160] [initialize] BufferManager configuration bufferSize=1 numOfBuffers=1[m
[36m[04:36:42.166888] [D] [Not A Worker] [unnamed] [queryId:1151711112] [PipeliningPhase.cpp:404] [apply] Constructed pipeline plan with 1 root pipelines.
PipelinedQueryPlan for Query: 1151711112
Number of root pipelines: 1
------------------
Root Pipeline 0:
  Pipeline(ID(220), Provider(COMPILER))
  Operator chain:
    PhysicalOperator(NES::SourcePhysicalOperator)
  Successor Pipeline:
    Pipeline(ID(221), Provider(None))
      Operator chain:
        PhysicalOperator(NES::ScanPhysicalOperator)
          PhysicalOperator(NES::SelectionPhysicalOperator)
            PhysicalOperator(NES::MapPhysicalOperator)
              PhysicalOperator(NES::EmitPhysicalOperator)
      Successor Pipeline:
        Pipeline(ID(222), Provider(None))
          Operator chain:
            PhysicalOperator(NES::SinkPhysicalOperator)

[m
[36m[04:36:42.170573] [D] [Not A Worker] [unnamed] [] [SinkProvider.cpp:30] [lower] The sinkDescriptor is: SinkDescriptor: (name: variant("EXTRA_SINK"), type: Void, Config: )[m
[36m[04:36:42.171084] [D] [SingleNodeWorker] [WorkerThread-20] [Task:1151711112-222] [VoidSink.cpp:37] [start] Setting up void sink: VoidSink[m
[36m[04:36:42.247101] [D] [SingleNodeWorker] [WorkerThread-20] [] [SourceThread.cpp:186] [start] Starting source with originId: 2[m
[36m[04:36:42.248755] [D] [SingleNodeWorker] [WorkerThread-27] [Task:1151711112-221] [BufferManager.cpp:65] [~BufferManager] Calling BufferManager::destroy()[m
[36m[04:36:42.248832] [D] [SingleNodeWorker] [WorkerThread-27] [Task:1151711112-221] [BufferManager.cpp:93] [~BufferManager] Shutting down Buffer Manager completed[m
[36m[04:36:42.565460] [D] [SingleNodeWorker] [WorkerThread-49] [Task:1151711112-221] [InputFormatter.hpp:349] [indexTrailingSpanningTupleProxy] last offset: 262143, first offset: 284[m
[36m[04:36:43.091349] [D] [SingleNodeWorker] [WorkerThread-11] [Task:1151711112] [SourceThread.cpp:232] [tryStop] SourceThread 2: attempting to stop source[m
[36m[04:36:43.091398] [D] [SingleNodeWorker] [WorkerThread-11] [Task:1151711112] [SourceThread.cpp:250] [tryStop] SourceThread 2: stopped[m
[32m[04:36:43.117281] [I] [SingleNodeWorker] [WorkerThread-49] [Task:1151711112-222] [VoidSink.cpp:42] [stop] Void Sink completed.[m
[36m[04:36:43.117425] [D] [SingleNodeWorker] [WorkerThread-49] [] [SourceThread.cpp:228] [tryStop] SourceThread 2: thread is not running[m
[32m[04:36:43.117473] [I] [SingleNodeWorker] [WorkerThread-23] [] [SequenceShredder.cpp:55] [~SequenceShredder] Successfully validated SequenceShredder[m
[36m[04:36:46.989447] [D] [Not A Worker] [unnamed] [queryId:1648769128] [BufferManager.cpp:110] [initialize] NES memory allocation requires 1 out of 540577120256 (so 1.8498748143954595e-10%) available bytes[m
[36m[04:36:46.989527] [D] [Not A Worker] [unnamed] [queryId:1648769128] [BufferManager.cpp:160] [initialize] BufferManager configuration bufferSize=1 numOfBuffers=1[m
[36m[04:36:46.989706] [D] [Not A Worker] [unnamed] [queryId:1648769128] [PipeliningPhase.cpp:404] [apply] Constructed pipeline plan with 1 root pipelines.
PipelinedQueryPlan for Query: 1648769128
Number of root pipelines: 1
------------------
Root Pipeline 0:
  Pipeline(ID(223), Provider(COMPILER))
  Operator chain:
    PhysicalOperator(NES::SourcePhysicalOperator)
  Successor Pipeline:
    Pipeline(ID(224), Provider(None))
      Operator chain:
        PhysicalOperator(NES::ScanPhysicalOperator)
          PhysicalOperator(NES::SelectionPhysicalOperator)
            PhysicalOperator(NES::MapPhysicalOperator)
              PhysicalOperator(NES::EmitPhysicalOperator)
      Successor Pipeline:
        Pipeline(ID(225), Provider(None))
          Operator chain:
            PhysicalOperator(NES::SinkPhysicalOperator)

[m
[36m[04:36:46.993136] [D] [Not A Worker] [unnamed] [] [SinkProvider.cpp:30] [lower] The sinkDescriptor is: SinkDescriptor: (name: variant("EXTRA_SINK"), type: Void, Config: )[m
[36m[04:36:46.993585] [D] [SingleNodeWorker] [WorkerThread-30] [Task:1648769128-225] [VoidSink.cpp:37] [start] Setting up void sink: VoidSink[m
[36m[04:36:47.069534] [D] [SingleNodeWorker] [WorkerThread-13] [] [SourceThread.cpp:186] [start] Starting source with originId: 2[m
[36m[04:36:47.071123] [D] [SingleNodeWorker] [WorkerThread-13] [Task:1648769128-224] [BufferManager.cpp:65] [~BufferManager] Calling BufferManager::destroy()[m
[36m[04:36:47.071149] [D] [SingleNodeWorker] [WorkerThread-13] [Task:1648769128-224] [BufferManager.cpp:93] [~BufferManager] Shutting down Buffer Manager completed[m
[36m[04:36:47.765938] [D] [SingleNodeWorker] [WorkerThread-32] [Task:1648769128] [SourceThread.cpp:232] [tryStop] SourceThread 2: attempting to stop source[m
[36m[04:36:47.765992] [D] [SingleNodeWorker] [WorkerThread-32] [Task:1648769128] [SourceThread.cpp:250] [tryStop] SourceThread 2: stopped[m
[32m[04:36:47.791469] [I] [SingleNodeWorker] [WorkerThread-13] [Task:1648769128-225] [VoidSink.cpp:42] [stop] Void Sink completed.[m
[36m[04:36:47.791603] [D] [SingleNodeWorker] [WorkerThread-13] [] [SourceThread.cpp:228] [tryStop] SourceThread 2: thread is not running[m
[32m[04:36:47.791749] [I] [SingleNodeWorker] [WorkerThread-58] [] [SequenceShredder.cpp:55] [~SequenceShredder] Successfully validated SequenceShredder[m
[36m[04:36:51.949261] [D] [Not A Worker] [unnamed] [queryId:1296845744] [BufferManager.cpp:110] [initialize] NES memory allocation requires 1 out of 540577120256 (so 1.8498748143954595e-10%) available bytes[m
[36m[04:36:51.949323] [D] [Not A Worker] [unnamed] [queryId:1296845744] [BufferManager.cpp:160] [initialize] BufferManager configuration bufferSize=1 numOfBuffers=1[m
[36m[04:36:51.949502] [D] [Not A Worker] [unnamed] [queryId:1296845744] [PipeliningPhase.cpp:404] [apply] Constructed pipeline plan with 1 root pipelines.
PipelinedQueryPlan for Query: 1296845744
Number of root pipelines: 1
------------------
Root Pipeline 0:
  Pipeline(ID(226), Provider(COMPILER))
  Operator chain:
    PhysicalOperator(NES::SourcePhysicalOperator)
  Successor Pipeline:
    Pipeline(ID(227), Provider(None))
      Operator chain:
        PhysicalOperator(NES::ScanPhysicalOperator)
          PhysicalOperator(NES::SelectionPhysicalOperator)
            PhysicalOperator(NES::MapPhysicalOperator)
              PhysicalOperator(NES::EmitPhysicalOperator)
      Successor Pipeline:
        Pipeline(ID(228), Provider(None))
          Operator chain:
            PhysicalOperator(NES::SinkPhysicalOperator)

[m
[36m[04:36:51.952940] [D] [Not A Worker] [unnamed] [] [SinkProvider.cpp:30] [lower] The sinkDescriptor is: SinkDescriptor: (name: variant("EXTRA_SINK"), type: Void, Config: )[m
[36m[04:36:51.953442] [D] [SingleNodeWorker] [WorkerThread-39] [Task:1296845744-228] [VoidSink.cpp:37] [start] Setting up void sink: VoidSink[m
[36m[04:36:52.030597] [D] [SingleNodeWorker] [WorkerThread-15] [] [SourceThread.cpp:186] [start] Starting source with originId: 2[m
[36m[04:36:52.032223] [D] [SingleNodeWorker] [WorkerThread-15] [Task:1296845744-227] [BufferManager.cpp:65] [~BufferManager] Calling BufferManager::destroy()[m
[36m[04:36:52.032250] [D] [SingleNodeWorker] [WorkerThread-15] [Task:1296845744-227] [BufferManager.cpp:93] [~BufferManager] Shutting down Buffer Manager completed[m
[36m[04:36:52.822917] [D] [SingleNodeWorker] [WorkerThread-36] [Task:1296845744] [SourceThread.cpp:232] [tryStop] SourceThread 2: attempting to stop source[m
[36m[04:36:52.822983] [D] [SingleNodeWorker] [WorkerThread-36] [Task:1296845744] [SourceThread.cpp:250] [tryStop] SourceThread 2: stopped[m
[32m[04:36:52.848527] [I] [SingleNodeWorker] [WorkerThread-35] [] [SequenceShredder.cpp:55] [~SequenceShredder] Successfully validated SequenceShredder[m
[32m[04:36:52.848606] [I] [SingleNodeWorker] [WorkerThread-23] [Task:1296845744-228] [VoidSink.cpp:42] [stop] Void Sink completed.[m
[36m[04:36:52.848721] [D] [SingleNodeWorker] [WorkerThread-23] [] [SourceThread.cpp:228] [tryStop] SourceThread 2: thread is not running[m
[36m[04:36:56.790288] [D] [Not A Worker] [unnamed] [queryId:666266715] [BufferManager.cpp:110] [initialize] NES memory allocation requires 1 out of 540577120256 (so 1.8498748143954595e-10%) available bytes[m
[36m[04:36:56.790349] [D] [Not A Worker] [unnamed] [queryId:666266715] [BufferManager.cpp:160] [initialize] BufferManager configuration bufferSize=1 numOfBuffers=1[m
[36m[04:36:56.790536] [D] [Not A Worker] [unnamed] [queryId:666266715] [PipeliningPhase.cpp:404] [apply] Constructed pipeline plan with 1 root pipelines.
PipelinedQueryPlan for Query: 666266715
Number of root pipelines: 1
------------------
Root Pipeline 0:
  Pipeline(ID(229), Provider(COMPILER))
  Operator chain:
    PhysicalOperator(NES::SourcePhysicalOperator)
  Successor Pipeline:
    Pipeline(ID(230), Provider(None))
      Operator chain:
        PhysicalOperator(NES::ScanPhysicalOperator)
          PhysicalOperator(NES::SelectionPhysicalOperator)
            PhysicalOperator(NES::MapPhysicalOperator)
              PhysicalOperator(NES::EmitPhysicalOperator)
      Successor Pipeline:
        Pipeline(ID(231), Provider(None))
          Operator chain:
            PhysicalOperator(NES::SinkPhysicalOperator)

[m
[36m[04:36:56.793873] [D] [Not A Worker] [unnamed] [] [SinkProvider.cpp:30] [lower] The sinkDescriptor is: SinkDescriptor: (name: variant("EXTRA_SINK"), type: Void, Config: )[m
[36m[04:36:56.794391] [D] [SingleNodeWorker] [WorkerThread-3] [Task:666266715-231] [VoidSink.cpp:37] [start] Setting up void sink: VoidSink[m
[36m[04:36:56.871181] [D] [SingleNodeWorker] [WorkerThread-55] [] [SourceThread.cpp:186] [start] Starting source with originId: 2[m
[36m[04:36:56.872388] [D] [SingleNodeWorker] [WorkerThread-55] [Task:666266715-230] [BufferManager.cpp:65] [~BufferManager] Calling BufferManager::destroy()[m
[36m[04:36:56.872419] [D] [SingleNodeWorker] [WorkerThread-55] [Task:666266715-230] [BufferManager.cpp:93] [~BufferManager] Shutting down Buffer Manager completed[m
[36m[04:36:57.647764] [D] [SingleNodeWorker] [WorkerThread-54] [Task:666266715] [SourceThread.cpp:232] [tryStop] SourceThread 2: attempting to stop source[m
[36m[04:36:57.647822] [D] [SingleNodeWorker] [WorkerThread-54] [Task:666266715] [SourceThread.cpp:250] [tryStop] SourceThread 2: stopped[m
[32m[04:36:57.673519] [I] [SingleNodeWorker] [WorkerThread-9] [Task:666266715-231] [VoidSink.cpp:42] [stop] Void Sink completed.[m
[36m[04:36:57.673660] [D] [SingleNodeWorker] [WorkerThread-9] [] [SourceThread.cpp:228] [tryStop] SourceThread 2: thread is not running[m
[32m[04:36:57.673700] [I] [SingleNodeWorker] [WorkerThread-7] [] [SequenceShredder.cpp:55] [~SequenceShredder] Successfully validated SequenceShredder[m
[36m[04:37:01.605523] [D] [Not A Worker] [unnamed] [queryId:1715402820] [BufferManager.cpp:110] [initialize] NES memory allocation requires 1 out of 540577120256 (so 1.8498748143954595e-10%) available bytes[m
[36m[04:37:01.605572] [D] [Not A Worker] [unnamed] [queryId:1715402820] [BufferManager.cpp:160] [initialize] BufferManager configuration bufferSize=1 numOfBuffers=1[m
[36m[04:37:01.605737] [D] [Not A Worker] [unnamed] [queryId:1715402820] [PipeliningPhase.cpp:404] [apply] Constructed pipeline plan with 1 root pipelines.
PipelinedQueryPlan for Query: 1715402820
Number of root pipelines: 1
------------------
Root Pipeline 0:
  Pipeline(ID(232), Provider(COMPILER))
  Operator chain:
    PhysicalOperator(NES::SourcePhysicalOperator)
  Successor Pipeline:
    Pipeline(ID(233), Provider(None))
      Operator chain:
        PhysicalOperator(NES::ScanPhysicalOperator)
          PhysicalOperator(NES::SelectionPhysicalOperator)
            PhysicalOperator(NES::MapPhysicalOperator)
              PhysicalOperator(NES::EmitPhysicalOperator)
      Successor Pipeline:
        Pipeline(ID(234), Provider(None))
          Operator chain:
            PhysicalOperator(NES::SinkPhysicalOperator)

[m
[36m[04:37:01.609403] [D] [Not A Worker] [unnamed] [] [SinkProvider.cpp:30] [lower] The sinkDescriptor is: SinkDescriptor: (name: variant("EXTRA_SINK"), type: Void, Config: )[m
[36m[04:37:01.609815] [D] [SingleNodeWorker] [WorkerThread-40] [Task:1715402820-234] [VoidSink.cpp:37] [start] Setting up void sink: VoidSink[m
[36m[04:37:01.684562] [D] [SingleNodeWorker] [WorkerThread-25] [] [SourceThread.cpp:186] [start] Starting source with originId: 2[m
[36m[04:37:01.686539] [D] [SingleNodeWorker] [WorkerThread-24] [Task:1715402820-233] [BufferManager.cpp:65] [~BufferManager] Calling BufferManager::destroy()[m
[36m[04:37:01.686623] [D] [SingleNodeWorker] [WorkerThread-24] [Task:1715402820-233] [BufferManager.cpp:93] [~BufferManager] Shutting down Buffer Manager completed[m
[36m[04:37:02.493261] [D] [SingleNodeWorker] [WorkerThread-9] [Task:1715402820] [SourceThread.cpp:232] [tryStop] SourceThread 2: attempting to stop source[m
[36m[04:37:02.493325] [D] [SingleNodeWorker] [WorkerThread-9] [Task:1715402820] [SourceThread.cpp:250] [tryStop] SourceThread 2: stopped[m
[32m[04:37:02.519007] [I] [SingleNodeWorker] [WorkerThread-63] [Task:1715402820-234] [VoidSink.cpp:42] [stop] Void Sink completed.[m
[36m[04:37:02.519160] [D] [SingleNodeWorker] [WorkerThread-63] [] [SourceThread.cpp:228] [tryStop] SourceThread 2: thread is not running[m
[32m[04:37:02.519168] [I] [SingleNodeWorker] [WorkerThread-62] [] [SequenceShredder.cpp:55] [~SequenceShredder] Successfully validated SequenceShredder[m
[36m[04:37:06.454799] [D] [Not A Worker] [unnamed] [queryId:1905445934] [BufferManager.cpp:110] [initialize] NES memory allocation requires 1 out of 540577120256 (so 1.8498748143954595e-10%) available bytes[m
[36m[04:37:06.454856] [D] [Not A Worker] [unnamed] [queryId:1905445934] [BufferManager.cpp:160] [initialize] BufferManager configuration bufferSize=1 numOfBuffers=1[m
[36m[04:37:06.455061] [D] [Not A Worker] [unnamed] [queryId:1905445934] [PipeliningPhase.cpp:404] [apply] Constructed pipeline plan with 1 root pipelines.
PipelinedQueryPlan for Query: 1905445934
Number of root pipelines: 1
------------------
Root Pipeline 0:
  Pipeline(ID(235), Provider(COMPILER))
  Operator chain:
    PhysicalOperator(NES::SourcePhysicalOperator)
  Successor Pipeline:
    Pipeline(ID(236), Provider(None))
      Operator chain:
        PhysicalOperator(NES::ScanPhysicalOperator)
          PhysicalOperator(NES::SelectionPhysicalOperator)
            PhysicalOperator(NES::MapPhysicalOperator)
              PhysicalOperator(NES::EmitPhysicalOperator)
      Successor Pipeline:
        Pipeline(ID(237), Provider(None))
          Operator chain:
            PhysicalOperator(NES::SinkPhysicalOperator)

[m
[36m[04:37:06.458567] [D] [Not A Worker] [unnamed] [] [SinkProvider.cpp:30] [lower] The sinkDescriptor is: SinkDescriptor: (name: variant("EXTRA_SINK"), type: Void, Config: )[m
[36m[04:37:06.459010] [D] [SingleNodeWorker] [WorkerThread-18] [Task:1905445934-237] [VoidSink.cpp:37] [start] Setting up void sink: VoidSink[m
[36m[04:37:06.536869] [D] [SingleNodeWorker] [WorkerThread-6] [] [SourceThread.cpp:186] [start] Starting source with originId: 2[m
[36m[04:37:06.538575] [D] [SingleNodeWorker] [WorkerThread-12] [Task:1905445934-236] [BufferManager.cpp:65] [~BufferManager] Calling BufferManager::destroy()[m
[36m[04:37:06.538649] [D] [SingleNodeWorker] [WorkerThread-12] [Task:1905445934-236] [BufferManager.cpp:93] [~BufferManager] Shutting down Buffer Manager completed[m
[36m[04:37:07.205999] [D] [SingleNodeWorker] [WorkerThread-3] [Task:1905445934-236] [InputFormatter.hpp:349] [indexTrailingSpanningTupleProxy] last offset: 262143, first offset: 99[m
[36m[04:37:07.349791] [D] [SingleNodeWorker] [WorkerThread-8] [Task:1905445934] [SourceThread.cpp:232] [tryStop] SourceThread 2: attempting to stop source[m
[36m[04:37:07.349841] [D] [SingleNodeWorker] [WorkerThread-8] [Task:1905445934] [SourceThread.cpp:250] [tryStop] SourceThread 2: stopped[m
[32m[04:37:07.375486] [I] [SingleNodeWorker] [WorkerThread-21] [Task:1905445934-237] [VoidSink.cpp:42] [stop] Void Sink completed.[m
[36m[04:37:07.375606] [D] [SingleNodeWorker] [WorkerThread-21] [] [SourceThread.cpp:228] [tryStop] SourceThread 2: thread is not running[m
[32m[04:37:07.375685] [I] [SingleNodeWorker] [WorkerThread-57] [] [SequenceShredder.cpp:55] [~SequenceShredder] Successfully validated SequenceShredder[m
[36m[04:37:11.358062] [D] [Not A Worker] [unnamed] [queryId:13063551] [BufferManager.cpp:110] [initialize] NES memory allocation requires 1 out of 540577120256 (so 1.8498748143954595e-10%) available bytes[m
[36m[04:37:11.358120] [D] [Not A Worker] [unnamed] [queryId:13063551] [BufferManager.cpp:160] [initialize] BufferManager configuration bufferSize=1 numOfBuffers=1[m
[36m[04:37:11.358319] [D] [Not A Worker] [unnamed] [queryId:13063551] [PipeliningPhase.cpp:404] [apply] Constructed pipeline plan with 1 root pipelines.
PipelinedQueryPlan for Query: 13063551
Number of root pipelines: 1
------------------
Root Pipeline 0:
  Pipeline(ID(238), Provider(COMPILER))
  Operator chain:
    PhysicalOperator(NES::SourcePhysicalOperator)
  Successor Pipeline:
    Pipeline(ID(239), Provider(None))
      Operator chain:
        PhysicalOperator(NES::ScanPhysicalOperator)
          PhysicalOperator(NES::SelectionPhysicalOperator)
            PhysicalOperator(NES::MapPhysicalOperator)
              PhysicalOperator(NES::EmitPhysicalOperator)
      Successor Pipeline:
        Pipeline(ID(240), Provider(None))
          Operator chain:
            PhysicalOperator(NES::SinkPhysicalOperator)

[m
[36m[04:37:11.361875] [D] [Not A Worker] [unnamed] [] [SinkProvider.cpp:30] [lower] The sinkDescriptor is: SinkDescriptor: (name: variant("EXTRA_SINK"), type: Void, Config: )[m
[36m[04:37:11.362257] [D] [SingleNodeWorker] [WorkerThread-60] [Task:13063551-240] [VoidSink.cpp:37] [start] Setting up void sink: VoidSink[m
[36m[04:37:11.445059] [D] [SingleNodeWorker] [WorkerThread-13] [] [SourceThread.cpp:186] [start] Starting source with originId: 2[m
[36m[04:37:11.447177] [D] [SingleNodeWorker] [WorkerThread-58] [Task:13063551-239] [BufferManager.cpp:65] [~BufferManager] Calling BufferManager::destroy()[m
[36m[04:37:11.447257] [D] [SingleNodeWorker] [WorkerThread-58] [Task:13063551-239] [BufferManager.cpp:93] [~BufferManager] Shutting down Buffer Manager completed[m
[36m[04:37:12.132921] [D] [SingleNodeWorker] [WorkerThread-12] [Task:13063551] [SourceThread.cpp:232] [tryStop] SourceThread 2: attempting to stop source[m
[36m[04:37:12.132973] [D] [SingleNodeWorker] [WorkerThread-12] [Task:13063551] [SourceThread.cpp:250] [tryStop] SourceThread 2: stopped[m
[32m[04:37:12.158510] [I] [SingleNodeWorker] [WorkerThread-19] [Task:13063551-240] [VoidSink.cpp:42] [stop] Void Sink completed.[m
[32m[04:37:12.158565] [I] [SingleNodeWorker] [WorkerThread-59] [] [SequenceShredder.cpp:55] [~SequenceShredder] Successfully validated SequenceShredder[m
[36m[04:37:12.158630] [D] [SingleNodeWorker] [WorkerThread-19] [] [SourceThread.cpp:228] [tryStop] SourceThread 2: thread is not running[m
